Datetime,Open,High,Low,Close,Volume
2026-07-31 06:25:00-07:00,7495.0,7495.75,7493.75,7495.25,1616
2026-07-31 06:26:00-07:00,7495.0,7496.25,7494.75,7495.25,1017
2026-07-31 06:27:00-07:00,7495.25,7496.5,7493.0,7496.25,1488
2026-07-31 06:28:00-07:00,7496.0,7497.75,7495.75,7497.0,2459
2026-07-31 06:29:00-07:00,7496.75,7499.5,7494.5,7498.75,2733
2026-07-31 06:30:00-07:00,7498.75,7505.5,7497.75,7502.0,13535
2026-07-31 06:31:00-07:00,7502.0,7507.75,7500.0,7506.75,7767
2026-07-31 06:32:00-07:00,7506.75,7511.25,7506.25,7510.75,6075
2026-07-31 06:33:00-07:00,7510.5,7513.5,7509.0,7510.0,6575
2026-07-31 06:34:00-07:00,7509.75,7515.5,7509.5,7512.0,6169
2026-07-31 06:35:00-07:00,7512.0,7514.5,7510.25,7512.5,5984
2026-07-31 06:36:00-07:00,7512.5,7514.75,7509.25,7512.0,5473
2026-07-31 06:37:00-07:00,7511.75,7512.5,7506.0,7508.5,5842
2026-07-31 06:38:00-07:00,7508.5,7509.25,7500.75,7504.0,5915
2026-07-31 06:39:00-07:00,7504.0,7504.5,7493.0,7493.0,7355
2026-07-31 06:40:00-07:00,7493.25,7494.0,7486.75,7488.0,7973
2026-07-31 06:41:00-07:00,7487.75,7493.5,7487.0,7488.75,5104
2026-07-31 06:42:00-07:00,7489.0,7489.5,7482.75,7485.25,5231
2026-07-31 06:43:00-07:00,7485.25,7488.0,7479.75,7487.0,6491
2026-07-31 06:44:00-07:00,7487.25,7489.5,7482.25,7482.75,5962
2026-07-31 06:45:00-07:00,7483.0,7487.75,7478.0,7481.25,8335
2026-07-31 06:46:00-07:00,7481.25,7481.75,7477.25,7480.25,7595
2026-07-31 06:47:00-07:00,7480.25,7482.5,7477.0,7478.0,6974
2026-07-31 06:48:00-07:00,7478.0,7479.0,7473.0,7476.5,7303
2026-07-31 06:49:00-07:00,7476.5,7477.75,7471.5,7474.25,8487
2026-07-31 06:50:00-07:00,7474.25,7476.0,7470.0,7471.75,10159
2026-07-31 06:51:00-07:00,7471.75,7478.0,7470.75,7477.5,8090
2026-07-31 06:52:00-07:00,7477.5,7478.25,7469.5,7471.5,8251
2026-07-31 06:53:00-07:00,7471.5,7473.5,7466.75,7471.0,9117
2026-07-31 06:54:00-07:00,7471.25,7472.25,7468.0,7471.5,6778
2026-07-31 06:55:00-07:00,7471.5,7475.0,7468.25,7474.0,7851
2026-07-31 06:56:00-07:00,7474.0,7479.75,7471.0,7479.5,8405
2026-07-31 06:57:00-07:00,7479.5,7479.75,7474.0,7474.75,6491
2026-07-31 06:58:00-07:00,7474.75,7476.0,7469.75,7470.25,3946
2026-07-31 06:59:00-07:00,7470.25,7473.5,7470.0,7470.75,2392
2026-07-31 07:00:00-07:00,7470.5,7475.25,7466.25,7469.5,5327
2026-07-31 07:01:00-07:00,7469.75,7470.5,7462.0,7466.5,6739
2026-07-31 07:02:00-07:00,7466.5,7467.25,7459.25,7462.0,7160
2026-07-31 07:03:00-07:00,7461.75,7462.75,7457.75,7460.75,7037
2026-07-31 07:04:00-07:00,7460.75,7461.0,7454.0,7454.25,6716
2026-07-31 07:05:00-07:00,7454.5,7457.25,7452.5,7456.5,7548
2026-07-31 07:06:00-07:00,7456.5,7459.0,7449.75,7450.0,7700
2026-07-31 07:07:00-07:00,7450.25,7450.5,7441.25,7445.25,8208
2026-07-31 07:08:00-07:00,7445.25,7445.75,7435.25,7440.0,14168
2026-07-31 07:09:00-07:00,7440.0,7443.25,7435.5,7442.75,11451
2026-07-31 07:10:00-07:00,7442.5,7445.25,7433.75,7435.75,11787
2026-07-31 07:11:00-07:00,7435.75,7440.5,7435.25,7440.25,7733
2026-07-31 07:12:00-07:00,7440.5,7443.0,7434.0,7434.5,9174
2026-07-31 07:13:00-07:00,7434.25,7436.5,7431.25,7433.25,7187
2026-07-31 07:14:00-07:00,7433.25,7437.5,7430.5,7435.75,8386
2026-07-31 07:15:00-07:00,7435.5,7440.25,7431.5,7434.0,11558
2026-07-31 07:16:00-07:00,7434.25,7434.25,7427.5,7432.0,10289
2026-07-31 07:17:00-07:00,7432.25,7440.75,7432.25,7436.25,8953
2026-07-31 07:18:00-07:00,7436.5,7445.0,7436.0,7444.75,7951
2026-07-31 07:19:00-07:00,7444.5,7446.0,7436.25,7436.75,9310
2026-07-31 07:20:00-07:00,7436.5,7445.75,7434.5,7443.5,6849
2026-07-31 07:21:00-07:00,7443.25,7445.0,7438.75,7444.0,6617
2026-07-31 07:22:00-07:00,7443.75,7451.25,7443.5,7450.75,6440
2026-07-31 07:23:00-07:00,7450.5,7452.0,7447.0,7450.25,6335
2026-07-31 07:24:00-07:00,7450.25,7450.25,7440.25,7446.0,6502
2026-07-31 07:25:00-07:00,7446.0,7450.25,7444.5,7447.75,5374
2026-07-31 07:26:00-07:00,7447.75,7450.0,7445.5,7448.5,4808
2026-07-31 07:27:00-07:00,7448.75,7452.75,7443.5,7452.5,4334
2026-07-31 07:28:00-07:00,7452.5,7456.25,7450.75,7455.75,5582
2026-07-31 07:29:00-07:00,7455.75,7456.5,7451.25,7456.0,4261
2026-07-31 07:30:00-07:00,7456.0,7457.5,7452.0,7454.5,4366
2026-07-31 07:31:00-07:00,7454.5,7460.25,7454.25,7458.25,4661
2026-07-31 07:32:00-07:00,7458.25,7459.75,7454.5,7459.75,3786
2026-07-31 07:33:00-07:00,7459.75,7462.0,7456.5,7456.75,4253
2026-07-31 07:34:00-07:00,7456.75,7458.5,7455.0,7456.0,4671
2026-07-31 07:35:00-07:00,7456.0,7463.25,7455.75,7463.0,4461
2026-07-31 07:36:00-07:00,7463.0,7464.0,7460.5,7463.0,3510
2026-07-31 07:37:00-07:00,7463.0,7465.5,7461.25,7463.5,5146
2026-07-31 07:38:00-07:00,7463.5,7465.0,7461.5,7462.0,3145
2026-07-31 07:39:00-07:00,7462.0,7465.25,7461.5,7463.75,2478
2026-07-31 07:40:00-07:00,7463.75,7467.75,7463.5,7466.5,3853
2026-07-31 07:41:00-07:00,7466.75,7467.5,7461.75,7462.25,4292
2026-07-31 07:42:00-07:00,7462.25,7462.25,7457.0,7461.0,6469
2026-07-31 07:43:00-07:00,7461.25,7465.5,7459.0,7465.0,4354
2026-07-31 07:44:00-07:00,7465.25,7468.25,7465.25,7467.5,3680
2026-07-31 07:45:00-07:00,7467.5,7471.75,7466.0,7467.25,8787
2026-07-31 07:46:00-07:00,7467.5,7474.25,7466.25,7470.0,5684
2026-07-31 07:47:00-07:00,7470.0,7471.0,7466.75,7469.75,3661
2026-07-31 07:48:00-07:00,7470.0,7473.75,7468.75,7473.75,3099
2026-07-31 07:49:00-07:00,7473.75,7476.5,7472.0,7475.75,4650
2026-07-31 07:50:00-07:00,7475.75,7477.5,7474.5,7475.75,3985
2026-07-31 07:51:00-07:00,7475.75,7479.25,7475.75,7478.5,3960
2026-07-31 07:52:00-07:00,7478.25,7480.0,7476.0,7479.0,3334
2026-07-31 07:53:00-07:00,7478.75,7481.25,7477.5,7480.0,3537
2026-07-31 07:54:00-07:00,7480.0,7480.5,7472.0,7473.5,4673
2026-07-31 07:55:00-07:00,7473.5,7474.0,7468.75,7470.0,4252
2026-07-31 07:56:00-07:00,7470.0,7477.25,7466.5,7476.0,5084
2026-07-31 07:57:00-07:00,7476.0,7478.5,7474.75,7475.5,3471
2026-07-31 07:58:00-07:00,7475.75,7478.25,7472.0,7478.0,4087
2026-07-31 07:59:00-07:00,7478.0,7478.25,7473.5,7477.0,3542
2026-07-31 08:00:00-07:00,7477.0,7478.75,7473.0,7473.5,3247
2026-07-31 08:01:00-07:00,7473.5,7475.75,7472.25,7473.0,3705
2026-07-31 08:02:00-07:00,7473.25,7476.5,7471.75,7474.0,3394
2026-07-31 08:03:00-07:00,7473.75,7475.5,7469.0,7471.25,3325
2026-07-31 08:04:00-07:00,7471.0,7477.5,7470.5,7476.75,3297
2026-07-31 08:05:00-07:00,7476.75,7479.75,7475.25,7475.5,2775
2026-07-31 08:06:00-07:00,7475.5,7478.5,7473.5,7473.75,2507
2026-07-31 08:07:00-07:00,7473.75,7474.75,7470.0,7473.25,3096
2026-07-31 08:08:00-07:00,7473.25,7474.25,7470.0,7470.25,3218
2026-07-31 08:09:00-07:00,7470.5,7471.5,7466.0,7470.0,4104
2026-07-31 08:10:00-07:00,7470.0,7472.25,7467.0,7470.0,3629
2026-07-31 08:11:00-07:00,7470.0,7470.75,7463.75,7465.25,4237
2026-07-31 08:12:00-07:00,7465.0,7471.25,7462.5,7470.25,5034
2026-07-31 08:13:00-07:00,7470.25,7473.75,7467.5,7473.5,3745
2026-07-31 08:14:00-07:00,7473.5,7476.75,7472.25,7473.25,3408
2026-07-31 08:15:00-07:00,7473.0,7482.5,7472.5,7476.25,10212
2026-07-31 08:16:00-07:00,7476.25,7477.0,7469.0,7471.0,5025
2026-07-31 08:17:00-07:00,7471.25,7471.75,7466.75,7468.5,2843
2026-07-31 08:18:00-07:00,7468.75,7470.75,7466.5,7470.0,2907
2026-07-31 08:19:00-07:00,7470.0,7472.5,7468.75,7471.0,2766
2026-07-31 08:20:00-07:00,7471.0,7473.5,7467.75,7468.5,2578
2026-07-31 08:21:00-07:00,7468.75,7471.75,7466.0,7466.5,2425
2026-07-31 08:22:00-07:00,7466.75,7468.75,7463.75,7465.25,2523
2026-07-31 08:23:00-07:00,7465.25,7467.0,7463.75,7465.25,2378
2026-07-31 08:24:00-07:00,7465.5,7465.75,7461.75,7462.0,2950
2026-07-31 08:25:00-07:00,7462.0,7464.0,7459.25,7459.75,3861
2026-07-31 08:26:00-07:00,7459.75,7461.25,7453.25,7455.0,4475
2026-07-31 08:27:00-07:00,7455.0,7456.75,7453.0,7453.5,3996
2026-07-31 08:28:00-07:00,7453.75,7457.5,7452.5,7456.75,3282
2026-07-31 08:29:00-07:00,7456.5,7458.0,7452.5,7454.5,4632
2026-07-31 08:30:00-07:00,7454.75,7457.0,7451.5,7453.5,4349
2026-07-31 08:31:00-07:00,7453.5,7458.25,7452.5,7454.75,4325
2026-07-31 08:32:00-07:00,7454.75,7455.5,7452.75,7455.25,3268
2026-07-31 08:33:00-07:00,7455.0,7456.5,7452.0,7454.5,4966
2026-07-31 08:34:00-07:00,7454.5,7459.0,7449.25,7459.0,5284
2026-07-31 08:35:00-07:00,7459.0,7463.75,7458.5,7461.75,5316
2026-07-31 08:36:00-07:00,7462.0,7466.5,7461.5,7464.25,3362
2026-07-31 08:37:00-07:00,7464.25,7469.25,7464.25,7469.0,2818
2026-07-31 08:38:00-07:00,7469.0,7475.25,7469.0,7473.25,3913
2026-07-31 08:39:00-07:00,7473.25,7475.25,7471.75,7472.25,3224
2026-07-31 08:40:00-07:00,7472.5,7475.25,7471.25,7472.5,2809
2026-07-31 08:41:00-07:00,7472.5,7472.75,7463.25,7463.75,5240
2026-07-31 08:42:00-07:00,7463.75,7465.5,7461.75,7463.5,3125
2026-07-31 08:43:00-07:00,7463.5,7467.25,7461.25,7467.0,2533
2026-07-31 08:44:00-07:00,7466.75,7470.25,7465.75,7470.0,2052
2026-07-31 08:45:00-07:00,7470.0,7471.5,7466.0,7469.0,2873
2026-07-31 08:46:00-07:00,7469.0,7471.25,7467.75,7468.0,2891
2026-07-31 08:47:00-07:00,7468.25,7470.25,7463.0,7464.75,4094
2026-07-31 08:48:00-07:00,7464.75,7468.0,7462.75,7467.5,2550
2026-07-31 08:49:00-07:00,7467.5,7468.75,7464.25,7466.0,2574
2026-07-31 08:50:00-07:00,7466.0,7472.25,7464.75,7471.25,3156
2026-07-31 08:51:00-07:00,7471.25,7476.75,7471.0,7476.5,4806
2026-07-31 08:52:00-07:00,7476.5,7480.0,7473.25,7479.0,3974
2026-07-31 08:53:00-07:00,7479.0,7479.75,7474.75,7476.75,2366
2026-07-31 08:54:00-07:00,7477.0,7481.0,7476.0,7479.5,2416
2026-07-31 08:55:00-07:00,7479.5,7480.5,7477.0,7478.25,2432
2026-07-31 08:56:00-07:00,7478.5,7480.25,7478.0,7479.25,1585
2026-07-31 08:57:00-07:00,7479.5,7482.75,7479.25,7481.75,2181
2026-07-31 08:58:00-07:00,7481.75,7485.0,7481.25,7481.75,3690
2026-07-31 08:59:00-07:00,7481.75,7483.25,7479.0,7482.5,2557
2026-07-31 09:00:00-07:00,7482.5,7485.5,7480.5,7485.25,2876
2026-07-31 09:01:00-07:00,7485.0,7487.0,7483.75,7483.75,3791
2026-07-31 09:02:00-07:00,7484.0,7485.5,7481.0,7482.75,2292
2026-07-31 09:03:00-07:00,7483.0,7484.0,7482.0,7483.25,1802
2026-07-31 09:04:00-07:00,7483.5,7486.0,7482.75,7483.75,2190
2026-07-31 09:05:00-07:00,7483.75,7485.25,7481.0,7481.0,2290
2026-07-31 09:06:00-07:00,7481.0,7481.75,7477.75,7479.75,3390
2026-07-31 09:07:00-07:00,7479.75,7480.25,7475.75,7477.75,2894
2026-07-31 09:08:00-07:00,7477.75,7482.0,7477.75,7481.75,2074
2026-07-31 09:09:00-07:00,7481.75,7482.75,7481.0,7481.75,1631
2026-07-31 09:10:00-07:00,7481.5,7483.5,7481.25,7483.25,1322
2026-07-31 09:11:00-07:00,7483.25,7487.25,7482.5,7486.25,3779
2026-07-31 09:12:00-07:00,7486.25,7487.25,7484.0,7485.0,2226
2026-07-31 09:13:00-07:00,7485.25,7487.75,7484.5,7487.5,1562
2026-07-31 09:14:00-07:00,7487.5,7488.0,7484.5,7486.75,1829
2026-07-31 09:15:00-07:00,7486.75,7487.5,7479.5,7480.25,3084
2026-07-31 09:16:00-07:00,7480.25,7483.5,7479.0,7483.0,2073
2026-07-31 09:17:00-07:00,7483.0,7485.25,7481.5,7484.5,1846
2026-07-31 09:18:00-07:00,7484.5,7485.25,7482.25,7485.0,1414
2026-07-31 09:19:00-07:00,7485.25,7486.0,7483.0,7484.5,1280
2026-07-31 09:20:00-07:00,7484.5,7488.0,7483.5,7488.0,1846
2026-07-31 09:21:00-07:00,7488.0,7489.25,7487.0,7488.75,2058
2026-07-31 09:22:00-07:00,7488.75,7490.75,7488.0,7490.0,2253
2026-07-31 09:23:00-07:00,7490.0,7492.25,7489.75,7491.75,2783
2026-07-31 09:24:00-07:00,7492.0,7496.0,7492.0,7494.5,3482
2026-07-31 09:25:00-07:00,7494.75,7495.0,7490.0,7491.25,3279
2026-07-31 09:26:00-07:00,7491.0,7492.5,7489.75,7491.75,2773
2026-07-31 09:27:00-07:00,7491.75,7493.5,7490.25,7490.25,1507
2026-07-31 09:28:00-07:00,7490.5,7493.5,7489.5,7492.75,1567
2026-07-31 09:29:00-07:00,7493.0,7496.0,7492.75,7496.0,1758
2026-07-31 09:30:00-07:00,7496.0,7499.0,7495.0,7495.5,3632
2026-07-31 09:31:00-07:00,7495.5,7499.25,7493.5,7499.25,3512
2026-07-31 09:32:00-07:00,7499.25,7499.75,7497.5,7498.0,2080
2026-07-31 09:33:00-07:00,7498.0,7499.75,7496.75,7499.5,2326
2026-07-31 09:34:00-07:00,7499.5,7499.5,7498.0,7499.5,1624
2026-07-31 09:35:00-07:00,7499.25,7501.0,7498.5,7500.5,2982
2026-07-31 09:36:00-07:00,7500.5,7500.75,7496.5,7496.75,2115
2026-07-31 09:37:00-07:00,7496.75,7498.5,7496.5,7497.5,1871
2026-07-31 09:38:00-07:00,7497.75,7497.75,7494.5,7495.75,2790
2026-07-31 09:39:00-07:00,7495.75,7497.75,7495.5,7497.0,1538
2026-07-31 09:40:00-07:00,7496.75,7499.25,7496.75,7498.5,1668
2026-07-31 09:41:00-07:00,7498.5,7498.75,7494.0,7494.0,2083
2026-07-31 09:42:00-07:00,7494.0,7496.0,7492.5,7495.25,3073
2026-07-31 09:43:00-07:00,7495.25,7496.25,7493.5,7494.25,2440
2026-07-31 09:44:00-07:00,7494.25,7495.0,7492.75,7493.5,1853
2026-07-31 09:45:00-07:00,7493.5,7495.5,7491.25,7494.0,2248
2026-07-31 09:46:00-07:00,7494.0,7497.5,7492.5,7497.5,1860
2026-07-31 09:47:00-07:00,7497.5,7497.75,7496.0,7496.75,1362
2026-07-31 09:48:00-07:00,7496.75,7497.0,7495.25,7496.5,2054
2026-07-31 09:49:00-07:00,7496.25,7497.25,7494.5,7497.0,2074
2026-07-31 09:50:00-07:00,7497.25,7499.25,7495.75,7498.25,2110
2026-07-31 09:51:00-07:00,7498.25,7503.0,7497.5,7499.5,2845
2026-07-31 09:52:00-07:00,7499.75,7500.0,7498.5,7499.0,1395
2026-07-31 09:53:00-07:00,7499.0,7500.0,7498.25,7499.75,1306
2026-07-31 09:54:00-07:00,7499.75,7501.0,7497.0,7497.5,1488
2026-07-31 09:55:00-07:00,7497.5,7499.25,7497.0,7498.25,1826
2026-07-31 09:56:00-07:00,7498.5,7499.75,7497.25,7498.25,1436
2026-07-31 09:57:00-07:00,7498.5,7500.5,7498.25,7500.0,1220
2026-07-31 09:58:00-07:00,7500.25,7500.25,7499.25,7499.25,1249
2026-07-31 09:59:00-07:00,7499.25,7499.5,7497.5,7497.5,1443
2026-07-31 10:00:00-07:00,7497.5,7500.0,7496.5,7500.0,2160
2026-07-31 10:01:00-07:00,7500.0,7503.75,7499.5,7503.25,2785
2026-07-31 10:02:00-07:00,7503.25,7503.75,7502.5,7503.0,1542
2026-07-31 10:03:00-07:00,7503.25,7505.0,7502.75,7504.25,1780
2026-07-31 10:04:00-07:00,7504.5,7504.5,7502.25,7502.25,1440
2026-07-31 10:05:00-07:00,7502.25,7504.5,7501.5,7503.25,1453
2026-07-31 10:06:00-07:00,7503.25,7503.5,7500.0,7500.5,2154
2026-07-31 10:07:00-07:00,7500.5,7500.75,7497.5,7497.5,2174
2026-07-31 10:08:00-07:00,7497.5,7499.5,7497.0,7499.0,1542
2026-07-31 10:09:00-07:00,7499.0,7500.5,7498.75,7499.75,1163
2026-07-31 10:10:00-07:00,7499.75,7502.0,7497.75,7500.75,1614
2026-07-31 10:11:00-07:00,7501.0,7503.75,7501.0,7503.5,1246
2026-07-31 10:12:00-07:00,7503.75,7504.5,7503.25,7503.5,1368
2026-07-31 10:13:00-07:00,7503.75,7504.25,7503.25,7503.5,759
2026-07-31 10:14:00-07:00,7503.25,7504.75,7502.25,7504.0,1323
2026-07-31 10:15:00-07:00,7504.0,7506.5,7503.25,7505.5,2305
2026-07-31 10:16:00-07:00,7505.75,7507.0,7504.25,7505.0,1492
2026-07-31 10:17:00-07:00,7505.0,7505.0,7502.75,7503.25,1345
2026-07-31 10:18:00-07:00,7503.25,7505.25,7502.75,7504.25,1164
2026-07-31 10:19:00-07:00,7504.5,7506.75,7504.25,7506.25,964
2026-07-31 10:20:00-07:00,7506.25,7508.0,7506.0,7507.25,1376
2026-07-31 10:21:00-07:00,7507.25,7507.5,7505.25,7505.5,1389
2026-07-31 10:22:00-07:00,7505.25,7505.75,7503.5,7505.75,1518
2026-07-31 10:23:00-07:00,7505.75,7508.25,7505.5,7508.25,1163
2026-07-31 10:24:00-07:00,7508.25,7513.0,7508.0,7512.25,4129
2026-07-31 10:25:00-07:00,7512.0,7513.0,7511.0,7512.5,3074
2026-07-31 10:26:00-07:00,7512.5,7513.5,7510.75,7513.5,2303
2026-07-31 10:27:00-07:00,7513.5,7516.0,7512.0,7512.25,5451
2026-07-31 10:28:00-07:00,7512.5,7515.0,7512.25,7513.5,2417
2026-07-31 10:29:00-07:00,7513.25,7515.75,7513.25,7514.75,2785
2026-07-31 10:30:00-07:00,7514.75,7515.0,7513.0,7513.75,2205
2026-07-31 10:31:00-07:00,7513.5,7515.0,7513.5,7514.0,2120
2026-07-31 10:32:00-07:00,7514.0,7514.75,7512.25,7513.5,1777
2026-07-31 10:33:00-07:00,7513.25,7516.0,7513.0,7516.0,1836
2026-07-31 10:34:00-07:00,7516.0,7516.25,7515.0,7515.5,2082
2026-07-31 10:35:00-07:00,7515.25,7516.5,7514.0,7515.75,1887
2026-07-31 10:36:00-07:00,7515.5,7517.0,7514.5,7515.25,2171
2026-07-31 10:37:00-07:00,7515.25,7516.75,7515.0,7516.0,1423
2026-07-31 10:38:00-07:00,7516.0,7516.5,7511.75,7512.25,2621
2026-07-31 10:39:00-07:00,7512.0,7512.0,7509.0,7509.5,3523
2026-07-31 10:40:00-07:00,7509.25,7512.0,7509.0,7510.75,2361
2026-07-31 10:41:00-07:00,7510.75,7511.0,7509.0,7510.0,1994
2026-07-31 10:42:00-07:00,7510.0,7510.0,7507.5,7508.5,2275
2026-07-31 10:43:00-07:00,7508.5,7510.0,7508.5,7510.0,1510
2026-07-31 10:44:00-07:00,7509.75,7511.0,7509.25,7510.0,1377
2026-07-31 10:45:00-07:00,7510.0,7511.5,7509.25,7509.5,1911
2026-07-31 10:46:00-07:00,7509.25,7513.0,7509.25,7511.5,1413
2026-07-31 10:47:00-07:00,7511.5,7512.0,7506.25,7506.5,2562
2026-07-31 10:48:00-07:00,7506.5,7507.0,7504.5,7505.75,2899
2026-07-31 10:49:00-07:00,7505.75,7506.25,7503.75,7504.5,1866
2026-07-31 10:50:00-07:00,7504.25,7505.75,7503.25,7505.25,2049
2026-07-31 10:51:00-07:00,7505.5,7507.25,7504.25,7507.25,2143
2026-07-31 10:52:00-07:00,7507.5,7510.0,7507.0,7507.5,2172
2026-07-31 10:53:00-07:00,7507.5,7508.75,7506.5,7506.75,1164
2026-07-31 10:54:00-07:00,7506.75,7508.25,7506.75,7507.25,1376
2026-07-31 10:55:00-07:00,7507.25,7508.5,7507.0,7507.25,1295
2026-07-31 10:56:00-07:00,7507.5,7509.25,7507.5,7508.25,1039
2026-07-31 10:57:00-07:00,7508.0,7508.75,7506.75,7508.75,1410
2026-07-31 10:58:00-07:00,7508.5,7509.0,7507.5,7508.0,1113
2026-07-31 10:59:00-07:00,7507.75,7507.75,7505.5,7506.0,1562
2026-07-31 11:00:00-07:00,7505.75,7509.5,7504.25,7509.0,3100
2026-07-31 11:01:00-07:00,7509.25,7512.0,7509.0,7510.5,2140
2026-07-31 11:02:00-07:00,7510.75,7511.0,7509.0,7509.75,1708
2026-07-31 11:03:00-07:00,7509.75,7510.75,7508.25,7508.75,1335
2026-07-31 11:04:00-07:00,7508.75,7510.0,7508.0,7508.0,1232
2026-07-31 11:05:00-07:00,7508.25,7508.5,7505.75,7507.75,1597
2026-07-31 11:06:00-07:00,7508.0,7512.0,7508.0,7511.0,2019
2026-07-31 11:07:00-07:00,7511.0,7511.5,7509.5,7510.25,1419
2026-07-31 11:08:00-07:00,7510.0,7511.5,7509.25,7510.75,1082
2026-07-31 11:09:00-07:00,7510.75,7511.0,7510.25,7510.5,921
2026-07-31 11:10:00-07:00,7510.5,7512.0,7509.75,7510.0,1241
2026-07-31 11:11:00-07:00,7509.75,7510.0,7507.0,7507.75,1640
2026-07-31 11:12:00-07:00,7507.75,7509.0,7506.75,7507.0,1614
2026-07-31 11:13:00-07:00,7507.25,7509.0,7506.5,7508.75,1349
2026-07-31 11:14:00-07:00,7508.5,7510.25,7507.5,7508.5,1464
2026-07-31 11:15:00-07:00,7508.5,7510.5,7508.0,7510.0,1513
2026-07-31 11:16:00-07:00,7510.0,7511.5,7509.5,7510.75,1399
2026-07-31 11:17:00-07:00,7511.0,7512.5,7510.0,7511.5,1282
2026-07-31 11:18:00-07:00,7511.5,7514.25,7511.25,7513.5,1709
2026-07-31 11:19:00-07:00,7513.5,7514.5,7512.25,7512.5,1311
2026-07-31 11:20:00-07:00,7512.5,7514.75,7512.0,7513.5,1874
2026-07-31 11:21:00-07:00,7513.25,7515.75,7512.75,7514.25,1520
2026-07-31 11:22:00-07:00,7514.25,7515.25,7513.25,7514.5,1622
2026-07-31 11:23:00-07:00,7514.5,7515.5,7514.0,7514.5,1557
2026-07-31 11:24:00-07:00,7514.5,7516.0,7514.25,7515.25,1586
2026-07-31 11:25:00-07:00,7515.25,7515.5,7512.0,7512.75,1920
2026-07-31 11:26:00-07:00,7512.5,7513.0,7511.5,7511.5,1280
2026-07-31 11:27:00-07:00,7511.5,7512.5,7510.75,7512.0,1369
2026-07-31 11:28:00-07:00,7512.0,7513.0,7511.25,7512.0,1131
2026-07-31 11:29:00-07:00,7511.75,7513.5,7511.75,7512.0,980
2026-07-31 11:30:00-07:00,7512.0,7514.25,7512.0,7514.0,1313
2026-07-31 11:31:00-07:00,7514.0,7514.0,7512.5,7514.0,1171
2026-07-31 11:32:00-07:00,7514.0,7514.5,7513.25,7514.0,1299
2026-07-31 11:33:00-07:00,7513.75,7513.75,7512.0,7512.75,906
2026-07-31 11:34:00-07:00,7512.75,7514.0,7512.25,7512.5,727
2026-07-31 11:35:00-07:00,7512.5,7512.5,7508.5,7511.25,2313
2026-07-31 11:36:00-07:00,7511.25,7512.75,7511.0,7511.5,1057
2026-07-31 11:37:00-07:00,7511.25,7511.25,7509.5,7510.5,1755
2026-07-31 11:38:00-07:00,7510.5,7511.25,7510.25,7510.75,1029
2026-07-31 11:39:00-07:00,7510.5,7511.0,7509.5,7509.75,891
2026-07-31 11:40:00-07:00,7509.75,7510.5,7508.0,7510.0,1779
2026-07-31 11:41:00-07:00,7510.0,7512.5,7509.75,7510.75,2328
2026-07-31 11:42:00-07:00,7511.0,7513.25,7510.25,7513.0,1116
2026-07-31 11:43:00-07:00,7513.0,7513.25,7512.25,7512.5,660
2026-07-31 11:44:00-07:00,7512.25,7513.0,7511.5,7512.0,814
2026-07-31 11:45:00-07:00,7512.25,7514.0,7511.75,7513.25,1157
2026-07-31 11:46:00-07:00,7513.5,7513.75,7511.0,7511.25,1221
2026-07-31 11:47:00-07:00,7511.0,7512.5,7510.5,7512.5,919
2026-07-31 11:48:00-07:00,7512.5,7513.5,7511.5,7513.5,1025
2026-07-31 11:49:00-07:00,7513.25,7515.0,7513.0,7514.5,1081
2026-07-31 11:50:00-07:00,7514.5,7516.75,7514.25,7516.25,1903
2026-07-31 11:51:00-07:00,7516.25,7516.5,7514.75,7515.5,1363
2026-07-31 11:52:00-07:00,7515.5,7516.0,7514.0,7514.5,1164
2026-07-31 11:53:00-07:00,7514.75,7515.25,7514.0,7514.75,994
2026-07-31 11:54:00-07:00,7514.5,7514.75,7513.25,7513.75,1081
2026-07-31 11:55:00-07:00,7514.0,7515.25,7512.0,7512.0,1330
2026-07-31 11:56:00-07:00,7512.0,7513.25,7511.5,7513.0,1726
2026-07-31 11:57:00-07:00,7512.75,7513.0,7510.0,7512.0,1772
2026-07-31 11:58:00-07:00,7512.0,7512.75,7511.5,7512.5,908
2026-07-31 11:59:00-07:00,7512.25,7513.5,7510.75,7513.0,1873
2026-07-31 12:00:00-07:00,7512.75,7517.25,7512.5,7515.5,3176
2026-07-31 12:01:00-07:00,7515.75,7516.0,7513.0,7514.0,2127
2026-07-31 12:02:00-07:00,7514.0,7515.0,7513.0,7513.25,1995
2026-07-31 12:03:00-07:00,7513.0,7513.75,7511.5,7511.5,1453
2026-07-31 12:04:00-07:00,7511.5,7511.75,7510.0,7510.5,1394
2026-07-31 12:05:00-07:00,7510.75,7512.25,7509.0,7511.75,2690
2026-07-31 12:06:00-07:00,7512.0,7512.0,7510.0,7510.75,974
2026-07-31 12:07:00-07:00,7510.5,7511.75,7509.5,7511.75,1467
2026-07-31 12:08:00-07:00,7511.75,7513.25,7511.25,7513.25,1746
2026-07-31 12:09:00-07:00,7513.0,7514.0,7512.5,7513.25,1577
2026-07-31 12:10:00-07:00,7513.0,7515.75,7512.75,7514.75,1677
2026-07-31 12:11:00-07:00,7514.75,7515.25,7513.25,7513.75,1051
2026-07-31 12:12:00-07:00,7513.75,7517.0,7512.5,7516.25,1750
2026-07-31 12:13:00-07:00,7516.25,7516.5,7515.25,7515.75,1437
2026-07-31 12:14:00-07:00,7516.0,7516.25,7514.5,7514.75,1002
2026-07-31 12:15:00-07:00,7514.75,7517.0,7514.25,7516.5,1745
2026-07-31 12:16:00-07:00,7516.75,7517.75,7515.75,7517.5,1837
2026-07-31 12:17:00-07:00,7517.25,7521.75,7517.0,7521.75,4967
2026-07-31 12:18:00-07:00,7521.5,7524.5,7521.5,7524.0,4540
2026-07-31 12:19:00-07:00,7524.0,7527.0,7524.0,7526.75,4228
2026-07-31 12:20:00-07:00,7526.75,7527.5,7525.5,7527.25,3507
2026-07-31 12:21:00-07:00,7527.25,7529.0,7527.0,7528.75,3464
2026-07-31 12:22:00-07:00,7528.75,7531.0,7528.5,7529.0,4381
2026-07-31 12:23:00-07:00,7529.0,7529.75,7527.25,7527.75,3171
2026-07-31 12:24:00-07:00,7527.75,7528.0,7525.75,7526.25,3963
2026-07-31 12:25:00-07:00,7526.25,7527.25,7525.0,7526.75,2762
2026-07-31 12:26:00-07:00,7526.75,7528.25,7526.25,7526.5,2034
2026-07-31 12:27:00-07:00,7526.5,7527.5,7526.25,7527.25,2278
2026-07-31 12:28:00-07:00,7527.25,7528.25,7526.75,7526.75,1655
2026-07-31 12:29:00-07:00,7526.75,7527.5,7525.5,7526.75,2081
2026-07-31 12:30:00-07:00,7526.75,7526.75,7520.75,7522.5,5435
2026-07-31 12:31:00-07:00,7522.5,7522.75,7520.0,7521.75,2645
2026-07-31 12:32:00-07:00,7522.0,7522.75,7520.75,7522.75,3014
2026-07-31 12:33:00-07:00,7522.75,7524.0,7521.5,7521.75,2546
2026-07-31 12:34:00-07:00,7521.75,7523.5,7521.0,7523.25,1741
2026-07-31 12:35:00-07:00,7523.25,7525.75,7523.0,7525.5,3037
2026-07-31 12:36:00-07:00,7525.75,7527.75,7524.75,7527.0,3035
2026-07-31 12:37:00-07:00,7526.75,7527.0,7525.5,7526.75,2347
2026-07-31 12:38:00-07:00,7526.5,7528.0,7525.75,7526.75,2473
2026-07-31 12:39:00-07:00,7526.75,7528.25,7526.0,7527.0,3211
2026-07-31 12:40:00-07:00,7527.0,7528.5,7525.25,7526.0,3137
2026-07-31 12:41:00-07:00,7526.25,7526.75,7524.5,7525.0,2612
2026-07-31 12:42:00-07:00,7525.25,7527.25,7524.75,7527.0,2076
2026-07-31 12:43:00-07:00,7527.0,7531.25,7527.0,7531.25,3300
2026-07-31 12:44:00-07:00,7531.25,7533.25,7530.25,7532.75,4318
2026-07-31 12:45:00-07:00,7532.75,7536.25,7532.5,7533.5,5983
2026-07-31 12:46:00-07:00,7533.5,7537.0,7533.5,7536.0,4317
2026-07-31 12:47:00-07:00,7536.0,7537.0,7532.5,7533.0,3650
2026-07-31 12:48:00-07:00,7533.0,7534.75,7532.75,7533.75,2659
2026-07-31 12:49:00-07:00,7533.75,7537.25,7533.5,7537.0,3296
2026-07-31 12:50:00-07:00,7536.75,7540.0,7534.75,7535.5,10024
2026-07-31 12:51:00-07:00,7535.5,7535.5,7530.25,7532.75,5894
2026-07-31 12:52:00-07:00,7532.75,7537.0,7532.5,7535.75,3751
2026-07-31 12:53:00-07:00,7535.75,7539.5,7534.75,7538.5,5248
2026-07-31 12:54:00-07:00,7538.75,7541.0,7536.0,7537.75,8429
2026-07-31 12:55:00-07:00,7537.75,7539.0,7531.0,7533.75,10609
2026-08-03 06:25:00-07:00,7563.75,7563.75,7558.0,7558.0,1779
2026-08-03 06:26:00-07:00,7558.25,7558.5,7556.25,7556.5,1569
2026-08-03 06:27:00-07:00,7556.75,7557.25,7554.0,7555.75,3103
2026-08-03 06:28:00-07:00,7555.5,7557.25,7551.5,7552.75,3151
2026-08-03 06:29:00-07:00,7553.0,7553.5,7544.75,7546.0,4161
2026-08-03 06:30:00-07:00,7546.25,7554.75,7542.75,7549.0,16172
2026-08-03 06:31:00-07:00,7549.0,7551.5,7547.25,7551.0,8461
2026-08-03 06:32:00-07:00,7551.0,7555.75,7548.5,7553.75,7589
2026-08-03 06:33:00-07:00,7554.0,7559.5,7552.25,7559.0,6460
2026-08-03 06:34:00-07:00,7559.0,7565.25,7557.75,7559.25,8067
2026-08-03 06:35:00-07:00,7559.25,7566.5,7558.75,7564.0,7403
2026-08-03 06:36:00-07:00,7564.0,7569.0,7564.0,7569.0,8134
2026-08-03 06:37:00-07:00,7569.0,7571.0,7566.5,7567.25,7459
2026-08-03 06:38:00-07:00,7567.5,7568.0,7564.5,7567.5,5739
2026-08-03 06:39:00-07:00,7567.25,7570.25,7566.25,7568.75,4750
2026-08-03 06:40:00-07:00,7568.75,7570.0,7562.0,7567.5,7404
2026-08-03 06:41:00-07:00,7567.5,7569.25,7563.5,7567.25,5612
2026-08-03 06:42:00-07:00,7567.0,7568.0,7562.0,7562.5,4603
2026-08-03 06:43:00-07:00,7562.5,7565.0,7561.0,7562.75,4135
2026-08-03 06:44:00-07:00,7562.75,7567.5,7562.75,7567.25,3707
2026-08-03 06:45:00-07:00,7567.5,7571.0,7566.25,7567.5,4793
2026-08-03 06:46:00-07:00,7567.5,7569.25,7565.0,7565.5,3473
2026-08-03 06:47:00-07:00,7565.75,7571.75,7565.75,7571.75,5111
2026-08-03 06:48:00-07:00,7571.75,7575.0,7567.75,7570.0,10319
2026-08-03 06:49:00-07:00,7570.0,7573.5,7569.25,7570.75,5573
2026-08-03 06:50:00-07:00,7570.75,7573.0,7567.0,7570.5,5095
2026-08-03 06:51:00-07:00,7570.75,7576.75,7570.0,7576.75,8168
2026-08-03 06:52:00-07:00,7576.5,7577.5,7574.25,7577.0,4832
2026-08-03 06:53:00-07:00,7577.25,7581.0,7577.0,7581.0,6063
2026-08-03 06:54:00-07:00,7580.75,7581.25,7577.75,7579.25,6049
2026-08-03 06:55:00-07:00,7579.5,7583.25,7578.5,7582.5,5203
2026-08-03 06:56:00-07:00,7582.5,7583.5,7581.0,7582.25,4471
2026-08-03 06:57:00-07:00,7582.25,7585.0,7581.25,7584.5,4653
2026-08-03 06:58:00-07:00,7584.25,7586.5,7582.0,7586.0,5048
2026-08-03 06:59:00-07:00,7586.0,7588.25,7583.75,7588.0,4080
2026-08-03 07:00:00-07:00,7587.75,7588.0,7583.5,7585.5,6478
2026-08-03 07:01:00-07:00,7585.75,7586.25,7584.5,7585.5,4818
2026-08-03 07:02:00-07:00,7585.75,7589.75,7585.5,7589.25,6570
2026-08-03 07:03:00-07:00,7589.25,7591.25,7587.25,7587.75,5648
2026-08-03 07:04:00-07:00,7587.75,7588.0,7582.75,7585.75,5201
2026-08-03 07:05:00-07:00,7586.0,7587.25,7584.25,7586.75,4307
2026-08-03 07:06:00-07:00,7587.0,7588.25,7586.0,7587.25,4615
2026-08-03 07:07:00-07:00,7587.0,7588.25,7584.5,7584.75,3274
2026-08-03 07:08:00-07:00,7584.75,7588.25,7583.5,7586.5,3265
2026-08-03 07:09:00-07:00,7586.75,7588.5,7586.5,7587.75,2977
2026-08-03 07:10:00-07:00,7587.75,7591.0,7587.25,7590.25,4478
2026-08-03 07:11:00-07:00,7590.25,7591.5,7588.75,7590.75,2776
2026-08-03 07:12:00-07:00,7591.0,7592.5,7590.0,7591.25,3385
2026-08-03 07:13:00-07:00,7591.0,7591.25,7589.0,7589.5,2988
2026-08-03 07:14:00-07:00,7589.5,7591.25,7587.5,7591.0,3519
2026-08-03 07:15:00-07:00,7591.0,7592.25,7590.0,7592.25,3807
2026-08-03 07:16:00-07:00,7592.25,7596.0,7592.25,7595.25,5626
2026-08-03 07:17:00-07:00,7595.25,7596.5,7594.5,7596.25,4480
2026-08-03 07:18:00-07:00,7596.0,7597.5,7595.5,7596.75,4513
2026-08-03 07:19:00-07:00,7596.75,7596.75,7593.75,7593.75,3826
2026-08-03 07:20:00-07:00,7594.0,7596.0,7593.5,7595.5,3768
2026-08-03 07:21:00-07:00,7595.25,7597.0,7595.0,7597.0,2845
2026-08-03 07:22:00-07:00,7596.75,7597.25,7595.75,7596.5,3488
2026-08-03 07:23:00-07:00,7596.75,7598.75,7596.5,7598.25,3434
2026-08-03 07:24:00-07:00,7598.25,7599.75,7597.75,7598.25,3875
2026-08-03 07:25:00-07:00,7598.25,7600.0,7597.5,7598.0,3831
2026-08-03 07:26:00-07:00,7597.75,7598.25,7596.25,7598.0,3258
2026-08-03 07:27:00-07:00,7598.0,7598.5,7595.5,7597.25,3614
2026-08-03 07:28:00-07:00,7597.25,7598.25,7596.25,7597.0,3235
2026-08-03 07:29:00-07:00,7597.0,7598.0,7596.5,7597.25,2377
2026-08-03 07:30:00-07:00,7597.0,7597.75,7595.75,7596.75,3900
2026-08-03 07:31:00-07:00,7596.75,7598.5,7596.25,7596.5,3392
2026-08-03 07:32:00-07:00,7596.5,7597.5,7595.5,7596.25,2338
2026-08-03 07:33:00-07:00,7596.0,7597.5,7595.0,7596.0,2785
2026-08-03 07:34:00-07:00,7596.0,7597.25,7595.0,7597.25,2272
2026-08-03 07:35:00-07:00,7597.25,7597.75,7596.25,7597.5,2087
2026-08-03 07:36:00-07:00,7597.5,7599.25,7596.75,7599.0,2779
2026-08-03 07:37:00-07:00,7599.0,7599.75,7598.75,7599.25,3141
2026-08-03 07:38:00-07:00,7599.25,7599.75,7598.75,7599.0,2427
2026-08-03 07:39:00-07:00,7599.25,7601.5,7599.0,7599.75,3557
2026-08-03 07:40:00-07:00,7600.0,7602.75,7599.5,7602.5,3625
2026-08-03 07:41:00-07:00,7602.75,7603.75,7601.0,7601.75,3577
2026-08-03 07:42:00-07:00,7601.75,7602.25,7600.25,7601.75,2308
2026-08-03 07:43:00-07:00,7601.75,7602.0,7599.75,7602.0,2385
2026-08-03 07:44:00-07:00,7601.75,7602.0,7600.5,7601.25,2456
2026-08-03 07:45:00-07:00,7601.25,7601.5,7598.75,7599.25,2405
2026-08-03 07:46:00-07:00,7599.0,7601.5,7599.0,7600.5,2435
2026-08-03 07:47:00-07:00,7600.5,7601.25,7599.5,7600.75,2218
2026-08-03 07:48:00-07:00,7600.75,7601.75,7600.0,7600.5,2012
2026-08-03 07:49:00-07:00,7600.5,7601.25,7600.0,7600.75,2100
2026-08-03 07:50:00-07:00,7600.75,7601.75,7600.0,7601.75,2595
2026-08-03 07:51:00-07:00,7601.75,7603.25,7601.25,7602.75,3088
2026-08-03 07:52:00-07:00,7602.75,7603.0,7601.0,7601.5,1965
2026-08-03 07:53:00-07:00,7601.75,7603.25,7601.0,7602.75,3975
2026-08-03 07:54:00-07:00,7602.75,7603.5,7600.75,7601.0,3129
2026-08-03 07:55:00-07:00,7601.0,7603.5,7601.0,7602.75,2397
2026-08-03 07:56:00-07:00,7602.75,7606.0,7602.75,7604.75,4065
2026-08-03 07:57:00-07:00,7604.75,7605.0,7603.75,7604.25,2085
2026-08-03 07:58:00-07:00,7604.0,7605.25,7603.5,7605.25,1908
2026-08-03 07:59:00-07:00,7605.0,7606.0,7604.0,7606.0,2258
2026-08-03 08:00:00-07:00,7606.0,7606.25,7605.0,7605.0,2612
2026-08-03 08:01:00-07:00,7605.25,7606.25,7604.5,7605.25,2454
2026-08-03 08:02:00-07:00,7605.5,7605.5,7604.75,7605.0,2100
2026-08-03 08:03:00-07:00,7605.0,7605.25,7603.5,7604.5,2780
2026-08-03 08:04:00-07:00,7604.5,7604.75,7603.0,7604.5,1952
2026-08-03 08:05:00-07:00,7604.5,7604.5,7602.0,7602.0,1932
2026-08-03 08:06:00-07:00,7602.25,7602.25,7599.75,7602.0,4039
2026-08-03 08:07:00-07:00,7602.25,7604.0,7600.5,7602.75,2638
2026-08-03 08:08:00-07:00,7602.75,7603.0,7601.0,7601.75,1902
2026-08-03 08:09:00-07:00,7601.75,7601.75,7600.5,7601.25,1573
2026-08-03 08:10:00-07:00,7601.25,7601.75,7600.0,7601.0,2436
2026-08-03 08:11:00-07:00,7601.0,7601.75,7600.25,7601.75,1999
2026-08-03 08:12:00-07:00,7602.0,7603.0,7600.0,7603.0,2375
2026-08-03 08:13:00-07:00,7603.0,7603.25,7602.0,7602.75,1742
2026-08-03 08:14:00-07:00,7602.5,7602.75,7601.25,7602.5,1796
2026-08-03 08:15:00-07:00,7602.5,7605.0,7602.5,7604.0,2223
2026-08-03 08:16:00-07:00,7604.25,7605.0,7603.5,7604.0,1985
2026-08-03 08:17:00-07:00,7604.25,7604.25,7603.0,7604.25,1851
2026-08-03 08:18:00-07:00,7604.25,7605.0,7604.0,7605.0,1624
2026-08-03 08:19:00-07:00,7605.0,7606.0,7604.75,7606.0,2007
2026-08-03 08:20:00-07:00,7606.0,7607.75,7605.75,7607.75,2823
2026-08-03 08:21:00-07:00,7607.75,7607.75,7605.75,7606.25,2875
2026-08-03 08:22:00-07:00,7606.25,7608.0,7605.75,7608.0,3058
2026-08-03 08:23:00-07:00,7608.0,7608.25,7606.75,7608.25,1913
2026-08-03 08:24:00-07:00,7608.25,7609.0,7607.25,7607.75,2680
2026-08-03 08:25:00-07:00,7607.75,7609.0,7604.5,7606.0,5453
2026-08-03 08:26:00-07:00,7606.25,7607.75,7604.25,7606.25,4452
2026-08-03 08:27:00-07:00,7606.25,7607.0,7605.5,7606.0,2570
2026-08-03 08:28:00-07:00,7606.0,7606.5,7602.0,7603.5,3602
2026-08-03 08:29:00-07:00,7603.75,7604.25,7602.0,7603.25,3332
2026-08-03 08:30:00-07:00,7603.0,7606.0,7602.5,7604.5,3194
2026-08-03 08:31:00-07:00,7604.25,7605.75,7604.0,7604.5,2025
2026-08-03 08:32:00-07:00,7604.25,7605.25,7603.75,7604.5,1553
2026-08-03 08:33:00-07:00,7604.5,7606.25,7603.75,7606.25,1991
2026-08-03 08:34:00-07:00,7606.25,7606.75,7604.75,7604.75,2272
2026-08-03 08:35:00-07:00,7605.0,7605.75,7603.75,7605.5,2849
2026-08-03 08:36:00-07:00,7605.75,7606.25,7604.5,7605.25,2555
2026-08-03 08:37:00-07:00,7605.25,7606.25,7605.0,7605.75,1913
2026-08-03 08:38:00-07:00,7605.75,7607.0,7605.0,7607.0,1947
2026-08-03 08:39:00-07:00,7607.0,7608.0,7606.25,7607.25,1834
2026-08-03 08:40:00-07:00,7607.5,7609.5,7607.0,7608.75,2310
2026-08-03 08:41:00-07:00,7608.75,7610.5,7608.75,7609.5,5241
2026-08-03 08:42:00-07:00,7609.5,7609.75,7608.75,7609.0,1677
2026-08-03 08:43:00-07:00,7608.75,7609.5,7607.75,7608.0,1774
2026-08-03 08:44:00-07:00,7608.25,7608.75,7607.75,7608.5,1321
2026-08-03 08:45:00-07:00,7608.5,7611.25,7608.5,7611.0,2959
2026-08-03 08:46:00-07:00,7611.0,7612.25,7611.0,7611.5,4679
2026-08-03 08:47:00-07:00,7611.5,7612.0,7610.5,7611.5,2024
2026-08-03 08:48:00-07:00,7611.75,7612.0,7610.75,7611.0,2220
2026-08-03 08:49:00-07:00,7611.0,7613.0,7610.75,7612.5,3066
2026-08-03 08:50:00-07:00,7612.5,7613.25,7612.0,7612.25,2733
2026-08-03 08:51:00-07:00,7612.5,7613.0,7611.75,7612.5,2792
2026-08-03 08:52:00-07:00,7612.5,7613.25,7612.0,7612.25,1518
2026-08-03 08:53:00-07:00,7612.25,7614.0,7612.0,7613.75,2093
2026-08-03 08:54:00-07:00,7613.75,7614.0,7613.25,7613.75,1252
2026-08-03 08:55:00-07:00,7613.5,7613.75,7611.5,7612.25,3058
2026-08-03 08:56:00-07:00,7612.25,7613.25,7611.25,7611.5,3160
2026-08-03 08:57:00-07:00,7611.75,7612.0,7610.0,7610.75,2450
2026-08-03 08:58:00-07:00,7610.75,7612.0,7610.0,7611.5,1908
2026-08-03 08:59:00-07:00,7611.25,7612.0,7610.25,7611.5,2239
2026-08-03 09:00:00-07:00,7611.5,7613.5,7611.5,7612.0,2465
2026-08-03 09:01:00-07:00,7612.0,7613.0,7611.0,7612.5,1950
2026-08-03 09:02:00-07:00,7612.5,7613.0,7611.5,7612.25,1553
2026-08-03 09:03:00-07:00,7612.25,7612.5,7611.5,7612.25,1645
2026-08-03 09:04:00-07:00,7612.25,7613.0,7611.5,7611.5,2022
2026-08-03 09:05:00-07:00,7611.75,7612.25,7611.5,7611.75,1437
2026-08-03 09:06:00-07:00,7612.0,7612.0,7611.0,7611.25,1531
2026-08-03 09:07:00-07:00,7611.25,7611.75,7611.0,7611.25,2178
2026-08-03 09:08:00-07:00,7611.5,7612.5,7610.25,7610.25,1817
2026-08-03 09:09:00-07:00,7610.5,7612.0,7610.0,7611.75,1496
2026-08-03 09:10:00-07:00,7611.75,7612.0,7610.25,7610.25,1238
2026-08-03 09:11:00-07:00,7610.25,7610.75,7609.25,7609.5,1930
2026-08-03 09:12:00-07:00,7609.5,7610.75,7609.5,7610.75,1750
2026-08-03 09:13:00-07:00,7610.75,7610.75,7609.25,7610.25,1262
2026-08-03 09:14:00-07:00,7610.25,7611.75,7610.0,7611.5,1418
2026-08-03 09:15:00-07:00,7611.25,7612.75,7611.0,7612.75,1590
2026-08-03 09:16:00-07:00,7612.75,7614.5,7612.5,7613.5,2268
2026-08-03 09:17:00-07:00,7613.5,7614.25,7613.25,7614.25,1691
2026-08-03 09:18:00-07:00,7614.25,7614.25,7613.0,7613.75,1280
2026-08-03 09:19:00-07:00,7613.75,7614.5,7613.5,7614.25,1257
2026-08-03 09:20:00-07:00,7614.25,7614.25,7612.25,7612.5,1594
2026-08-03 09:21:00-07:00,7612.5,7613.75,7612.25,7613.25,1619
2026-08-03 09:22:00-07:00,7613.25,7614.25,7613.0,7614.25,1338
2026-08-03 09:23:00-07:00,7614.0,7614.5,7613.5,7613.75,1232
2026-08-03 09:24:00-07:00,7613.5,7614.25,7613.5,7614.25,1123
2026-08-03 09:25:00-07:00,7614.25,7614.75,7613.75,7614.5,1508
2026-08-03 09:26:00-07:00,7614.25,7615.5,7613.5,7614.25,3414
2026-08-03 09:27:00-07:00,7614.25,7616.25,7613.75,7616.0,2326
2026-08-03 09:28:00-07:00,7616.0,7617.25,7615.5,7616.25,2559
2026-08-03 09:29:00-07:00,7616.5,7617.75,7616.0,7617.0,1673
2026-08-03 09:30:00-07:00,7617.25,7617.25,7616.0,7616.25,1931
2026-08-03 09:31:00-07:00,7616.5,7617.5,7616.0,7616.25,1833
2026-08-03 09:32:00-07:00,7616.25,7618.0,7614.75,7616.25,3473
2026-08-03 09:33:00-07:00,7616.0,7616.5,7615.5,7616.0,1537
2026-08-03 09:34:00-07:00,7616.0,7617.25,7615.75,7616.0,1562
2026-08-03 09:35:00-07:00,7616.0,7616.0,7614.0,7615.0,2152
2026-08-03 09:36:00-07:00,7615.0,7615.25,7614.0,7615.0,1331
2026-08-03 09:37:00-07:00,7614.75,7616.0,7614.5,7615.25,922
2026-08-03 09:38:00-07:00,7615.25,7615.75,7614.5,7615.5,1370
2026-08-03 09:39:00-07:00,7615.5,7615.75,7613.75,7614.5,948
2026-08-03 09:40:00-07:00,7614.5,7615.75,7614.5,7615.25,1250
2026-08-03 09:41:00-07:00,7615.25,7615.5,7614.5,7614.75,1067
2026-08-03 09:42:00-07:00,7614.75,7615.0,7613.75,7614.0,1302
2026-08-03 09:43:00-07:00,7614.0,7615.75,7613.75,7615.5,1306
2026-08-03 09:44:00-07:00,7615.75,7616.75,7615.5,7616.25,1678
2026-08-03 09:45:00-07:00,7616.5,7616.5,7615.5,7615.5,1508
2026-08-03 09:46:00-07:00,7615.5,7616.5,7615.25,7616.0,1035
2026-08-03 09:47:00-07:00,7616.0,7616.0,7615.0,7615.0,1140
2026-08-03 09:48:00-07:00,7615.25,7615.5,7614.5,7614.75,828
2026-08-03 09:49:00-07:00,7614.75,7615.25,7614.5,7614.75,697
2026-08-03 09:50:00-07:00,7614.75,7615.5,7614.5,7615.25,1343
2026-08-03 09:51:00-07:00,7615.0,7615.25,7613.0,7613.0,1851
2026-08-03 09:52:00-07:00,7613.0,7613.25,7612.0,7612.25,2570
2026-08-03 09:53:00-07:00,7612.25,7613.75,7612.25,7613.5,1753
2026-08-03 09:54:00-07:00,7613.25,7614.0,7612.0,7612.0,1266
2026-08-03 09:55:00-07:00,7612.25,7612.5,7611.75,7612.25,1796
2026-08-03 09:56:00-07:00,7612.0,7613.25,7612.0,7613.25,1176
2026-08-03 09:57:00-07:00,7613.25,7615.0,7613.0,7614.75,1467
2026-08-03 09:58:00-07:00,7615.0,7615.25,7613.75,7613.75,1469
2026-08-03 09:59:00-07:00,7613.75,7614.0,7613.25,7613.75,1228
2026-08-03 10:00:00-07:00,7614.0,7614.75,7612.5,7612.5,2568
2026-08-03 10:01:00-07:00,7612.5,7614.25,7612.5,7613.5,1426
2026-08-03 10:02:00-07:00,7613.75,7614.5,7613.0,7613.25,1232
2026-08-03 10:03:00-07:00,7613.5,7613.5,7611.75,7612.5,1828
2026-08-03 10:04:00-07:00,7612.75,7613.75,7612.25,7613.75,1357
2026-08-03 10:05:00-07:00,7613.75,7614.5,7612.25,7613.0,1507
2026-08-03 10:06:00-07:00,7613.0,7613.0,7611.5,7612.0,1473
2026-08-03 10:07:00-07:00,7612.0,7612.25,7611.0,7612.0,1710
2026-08-03 10:08:00-07:00,7611.75,7612.5,7611.5,7612.5,643
2026-08-03 10:09:00-07:00,7612.5,7614.25,7612.25,7613.75,1425
2026-08-03 10:10:00-07:00,7613.75,7616.0,7613.5,7616.0,1617
2026-08-03 10:11:00-07:00,7616.0,7617.75,7615.75,7616.75,2785
2026-08-03 10:12:00-07:00,7617.0,7617.5,7616.25,7616.75,1664
2026-08-03 10:13:00-07:00,7617.0,7617.25,7616.25,7617.0,854
2026-08-03 10:14:00-07:00,7617.0,7617.25,7616.25,7616.5,714
2026-08-03 10:15:00-07:00,7616.75,7618.5,7616.5,7617.0,1794
2026-08-03 10:16:00-07:00,7617.0,7617.75,7616.75,7617.5,1040
2026-08-03 10:17:00-07:00,7617.5,7618.0,7616.75,7618.0,1007
2026-08-03 10:18:00-07:00,7617.75,7618.75,7617.5,7618.5,1209
2026-08-03 10:19:00-07:00,7618.5,7619.5,7617.75,7619.5,1738
2026-08-03 10:20:00-07:00,7619.5,7619.5,7618.25,7618.5,1536
2026-08-03 10:21:00-07:00,7618.5,7620.0,7618.5,7619.75,1601
2026-08-03 10:22:00-07:00,7619.75,7621.5,7619.5,7621.25,2993
2026-08-03 10:23:00-07:00,7621.25,7621.25,7620.5,7621.0,1629
2026-08-03 10:24:00-07:00,7620.75,7622.0,7620.5,7621.5,2475
2026-08-03 10:25:00-07:00,7621.25,7622.0,7620.5,7620.75,1322
2026-08-03 10:26:00-07:00,7620.75,7621.5,7620.0,7621.25,918
2026-08-03 10:27:00-07:00,7621.25,7623.25,7621.25,7622.25,1874
2026-08-03 10:28:00-07:00,7622.0,7623.25,7621.5,7622.25,1812
2026-08-03 10:29:00-07:00,7622.0,7622.75,7621.75,7622.5,1203
2026-08-03 10:30:00-07:00,7622.5,7623.25,7622.0,7623.0,1357
2026-08-03 10:31:00-07:00,7623.0,7623.25,7621.75,7622.75,1311
2026-08-03 10:32:00-07:00,7622.75,7622.75,7621.75,7622.75,1015
2026-08-03 10:33:00-07:00,7622.75,7624.25,7622.25,7624.0,1812
2026-08-03 10:34:00-07:00,7623.75,7625.5,7623.25,7625.5,2099
2026-08-03 10:35:00-07:00,7625.5,7626.25,7624.5,7625.5,2546
2026-08-03 10:36:00-07:00,7625.25,7625.75,7624.5,7624.5,1478
2026-08-03 10:37:00-07:00,7624.75,7625.25,7624.0,7624.25,1451
2026-08-03 10:38:00-07:00,7624.5,7624.5,7623.0,7623.75,2325
2026-08-03 10:39:00-07:00,7623.75,7624.25,7623.0,7623.75,1175
2026-08-03 10:40:00-07:00,7624.0,7624.5,7623.25,7624.5,996
2026-08-03 10:41:00-07:00,7624.5,7624.5,7624.0,7624.0,1046
2026-08-03 10:42:00-07:00,7624.25,7624.75,7623.75,7624.5,1165
2026-08-03 10:43:00-07:00,7624.5,7624.75,7624.0,7624.25,1140
2026-08-03 10:44:00-07:00,7624.25,7625.25,7623.75,7625.0,1216
2026-08-03 10:45:00-07:00,7625.25,7626.5,7624.75,7626.0,2810
2026-08-03 10:46:00-07:00,7626.25,7627.25,7626.0,7626.75,1733
2026-08-03 10:47:00-07:00,7626.5,7627.0,7625.75,7626.5,1337
2026-08-03 10:48:00-07:00,7626.5,7626.5,7625.75,7626.0,1151
2026-08-03 10:49:00-07:00,7626.25,7626.5,7625.5,7626.5,2347
2026-08-03 10:50:00-07:00,7626.5,7627.5,7626.25,7626.25,1474
2026-08-03 10:51:00-07:00,7626.25,7627.25,7626.25,7627.0,1089
2026-08-03 10:52:00-07:00,7627.0,7627.25,7626.5,7627.0,840
2026-08-03 10:53:00-07:00,7627.0,7627.5,7626.5,7627.25,952
2026-08-03 10:54:00-07:00,7627.0,7628.25,7627.0,7628.25,1467
2026-08-03 10:55:00-07:00,7628.25,7629.5,7628.0,7628.25,3253
2026-08-03 10:56:00-07:00,7628.5,7629.0,7627.25,7628.0,2116
2026-08-03 10:57:00-07:00,7628.0,7629.25,7628.0,7629.25,1155
2026-08-03 10:58:00-07:00,7629.25,7629.75,7629.0,7629.25,1399
2026-08-03 10:59:00-07:00,7629.25,7629.5,7628.0,7628.0,1252
2026-08-03 11:00:00-07:00,7628.25,7630.0,7628.0,7629.0,3297
2026-08-03 11:01:00-07:00,7629.0,7630.0,7628.25,7628.5,2295
2026-08-03 11:02:00-07:00,7628.5,7629.75,7628.5,7629.75,3021
2026-08-03 11:03:00-07:00,7629.75,7631.25,7629.25,7631.0,3734
2026-08-03 11:04:00-07:00,7631.25,7633.25,7631.0,7633.0,3334
2026-08-03 11:05:00-07:00,7633.25,7634.5,7632.5,7634.5,2854
2026-08-03 11:06:00-07:00,7634.5,7634.75,7633.0,7634.0,2236
2026-08-03 11:07:00-07:00,7634.0,7634.75,7633.25,7633.5,2169
2026-08-03 11:08:00-07:00,7633.25,7634.25,7632.5,7634.25,1563
2026-08-03 11:09:00-07:00,7634.25,7635.0,7633.75,7635.0,1980
2026-08-03 11:10:00-07:00,7634.75,7635.0,7634.0,7634.75,2098
2026-08-03 11:11:00-07:00,7635.0,7635.0,7631.25,7631.25,3201
2026-08-03 11:12:00-07:00,7631.25,7632.25,7630.25,7631.75,2579
2026-08-03 11:13:00-07:00,7631.75,7633.0,7631.25,7632.25,1887
2026-08-03 11:14:00-07:00,7632.0,7632.5,7631.75,7631.75,1453
2026-08-03 11:15:00-07:00,7631.75,7634.0,7631.75,7633.75,1993
2026-08-03 11:16:00-07:00,7633.5,7634.5,7633.0,7634.0,1312
2026-08-03 11:17:00-07:00,7634.0,7634.75,7632.75,7633.0,1509
2026-08-03 11:18:00-07:00,7633.0,7633.25,7631.75,7632.0,1621
2026-08-03 11:19:00-07:00,7632.25,7632.25,7630.5,7631.25,1431
2026-08-03 11:20:00-07:00,7631.25,7631.5,7629.5,7630.75,2131
2026-08-03 11:21:00-07:00,7631.0,7632.5,7630.25,7632.25,1662
2026-08-03 11:22:00-07:00,7632.25,7633.25,7631.75,7633.0,1480
2026-08-03 11:23:00-07:00,7633.0,7633.25,7632.25,7633.25,2007
2026-08-03 11:24:00-07:00,7633.25,7633.25,7630.75,7631.25,1719
2026-08-03 11:25:00-07:00,7631.0,7632.0,7630.0,7630.5,1575
2026-08-03 11:26:00-07:00,7630.25,7630.5,7629.5,7629.75,1473
2026-08-03 11:27:00-07:00,7629.75,7629.75,7628.0,7628.5,3147
2026-08-03 11:28:00-07:00,7628.75,7628.75,7626.25,7626.75,4696
2026-08-03 11:29:00-07:00,7626.5,7628.0,7626.5,7627.5,1643
2026-08-03 11:30:00-07:00,7627.5,7630.0,7626.75,7627.0,2762
2026-08-03 11:31:00-07:00,7627.0,7627.5,7626.5,7627.5,1589
2026-08-03 11:32:00-07:00,7627.5,7628.75,7627.0,7628.0,1287
2026-08-03 11:33:00-07:00,7628.0,7628.5,7625.0,7625.5,3155
2026-08-03 11:34:00-07:00,7625.5,7627.5,7625.0,7626.5,2712
2026-08-03 11:35:00-07:00,7626.5,7628.5,7626.5,7628.25,1496
2026-08-03 11:36:00-07:00,7628.25,7628.75,7626.25,7627.25,1315
2026-08-03 11:37:00-07:00,7627.0,7628.25,7626.25,7628.25,1570
2026-08-03 11:38:00-07:00,7628.25,7629.5,7627.25,7629.5,1401
2026-08-03 11:39:00-07:00,7629.5,7629.5,7627.75,7628.25,1565
2026-08-03 11:40:00-07:00,7628.25,7628.5,7627.25,7628.5,1493
2026-08-03 11:41:00-07:00,7628.25,7630.0,7628.0,7630.0,1291
2026-08-03 11:42:00-07:00,7630.0,7631.25,7630.0,7630.75,1992
2026-08-03 11:43:00-07:00,7630.5,7631.75,7630.25,7631.5,1494
2026-08-03 11:44:00-07:00,7631.5,7632.75,7631.0,7632.5,1525
2026-08-03 11:45:00-07:00,7632.5,7633.5,7631.25,7631.25,3352
2026-08-03 11:46:00-07:00,7631.5,7631.5,7629.0,7631.25,1625
2026-08-03 11:47:00-07:00,7631.25,7631.25,7629.5,7630.5,1280
2026-08-03 11:48:00-07:00,7630.5,7631.25,7630.0,7631.25,1106
2026-08-03 11:49:00-07:00,7631.0,7632.75,7630.75,7632.5,1812
2026-08-03 11:50:00-07:00,7632.25,7633.25,7630.75,7631.0,3417
2026-08-03 11:51:00-07:00,7631.0,7632.0,7630.5,7631.75,1092
2026-08-03 11:52:00-07:00,7631.75,7633.0,7631.5,7632.25,1258
2026-08-03 11:53:00-07:00,7632.25,7634.25,7631.75,7634.0,2984
2026-08-03 11:54:00-07:00,7634.0,7634.25,7632.25,7632.5,2730
2026-08-03 11:55:00-07:00,7632.75,7633.25,7632.25,7632.75,1028
2026-08-03 11:56:00-07:00,7632.5,7633.0,7631.5,7631.75,1146
2026-08-03 11:57:00-07:00,7631.75,7633.0,7631.5,7633.0,1082
2026-08-03 11:58:00-07:00,7632.75,7634.0,7632.5,7633.0,1562
2026-08-03 11:59:00-07:00,7633.25,7633.25,7630.75,7631.25,1233
2026-08-03 12:00:00-07:00,7631.25,7634.75,7631.0,7633.75,3566
2026-08-03 12:01:00-07:00,7634.0,7636.75,7633.5,7635.75,3299
2026-08-03 12:02:00-07:00,7635.5,7637.75,7635.5,7637.25,2065
2026-08-03 12:03:00-07:00,7637.0,7637.5,7636.0,7636.75,2220
2026-08-03 12:04:00-07:00,7636.75,7637.25,7636.25,7636.75,993
2026-08-03 12:05:00-07:00,7637.0,7637.25,7634.75,7635.75,2286
2026-08-03 12:06:00-07:00,7635.75,7636.25,7634.25,7635.5,1491
2026-08-03 12:07:00-07:00,7635.75,7635.75,7634.0,7634.0,1374
2026-08-03 12:08:00-07:00,7634.0,7634.0,7632.25,7633.75,3525
2026-08-03 12:09:00-07:00,7633.75,7634.0,7633.25,7633.5,724
2026-08-03 12:10:00-07:00,7633.5,7635.25,7633.5,7634.75,1225
2026-08-03 12:11:00-07:00,7634.75,7636.0,7634.25,7635.5,1292
2026-08-03 12:12:00-07:00,7635.5,7635.75,7634.5,7635.0,1423
2026-08-03 12:13:00-07:00,7634.75,7634.75,7632.75,7633.5,1450
2026-08-03 12:14:00-07:00,7633.75,7634.5,7633.25,7633.5,1236
2026-08-03 12:15:00-07:00,7633.5,7635.0,7633.5,7635.0,2036
2026-08-03 12:16:00-07:00,7635.0,7636.0,7634.25,7634.75,2152
2026-08-03 12:17:00-07:00,7634.75,7636.0,7634.0,7636.0,1646
2026-08-03 12:18:00-07:00,7635.75,7636.25,7634.75,7635.0,1204
2026-08-03 12:19:00-07:00,7635.0,7636.25,7634.75,7635.25,2054
2026-08-03 12:20:00-07:00,7635.5,7636.0,7633.25,7634.25,3128
2026-08-03 12:21:00-07:00,7634.25,7635.25,7634.0,7635.25,1419
2026-08-03 12:22:00-07:00,7635.25,7635.75,7634.5,7634.75,1355
2026-08-03 12:23:00-07:00,7634.75,7635.25,7634.5,7635.25,676
2026-08-03 12:24:00-07:00,7635.25,7636.25,7635.25,7636.25,1559
2026-08-03 12:25:00-07:00,7636.0,7636.75,7635.25,7636.25,1551
2026-08-03 12:26:00-07:00,7636.0,7637.0,7635.75,7636.25,1941
2026-08-03 12:27:00-07:00,7636.25,7637.0,7635.75,7637.0,1903
2026-08-03 12:28:00-07:00,7637.0,7637.25,7634.75,7635.0,2162
2026-08-03 12:29:00-07:00,7634.75,7636.0,7634.25,7635.5,1814
2026-08-03 12:30:00-07:00,7635.5,7637.0,7635.25,7635.75,2519
2026-08-03 12:31:00-07:00,7635.75,7636.5,7635.5,7636.5,1819
2026-08-03 12:32:00-07:00,7636.25,7637.0,7635.5,7635.5,2191
2026-08-03 12:33:00-07:00,7635.5,7635.75,7634.5,7634.75,1914
2026-08-03 12:34:00-07:00,7634.75,7635.75,7633.75,7635.5,1835
2026-08-03 12:35:00-07:00,7635.25,7636.25,7635.25,7636.0,1209
2026-08-03 12:36:00-07:00,7636.0,7636.5,7633.0,7633.25,2438
2026-08-03 12:37:00-07:00,7633.25,7633.5,7631.5,7633.0,2338
2026-08-03 12:38:00-07:00,7633.0,7633.25,7631.5,7631.75,2259
2026-08-03 12:39:00-07:00,7631.75,7632.75,7631.25,7631.75,2086
2026-08-03 12:40:00-07:00,7632.0,7632.5,7630.25,7632.25,3080
2026-08-03 12:41:00-07:00,7632.25,7633.5,7630.75,7631.25,2289
2026-08-03 12:42:00-07:00,7631.0,7632.0,7630.75,7631.25,1748
2026-08-03 12:43:00-07:00,7631.25,7632.0,7630.75,7631.0,2864
2026-08-03 12:44:00-07:00,7631.0,7633.5,7631.0,7632.5,2884
2026-08-03 12:45:00-07:00,7632.5,7633.5,7632.0,7632.75,3094
2026-08-03 12:46:00-07:00,7632.75,7633.25,7631.0,7631.75,2586
2026-08-03 12:47:00-07:00,7631.75,7633.25,7631.0,7633.25,3149
2026-08-03 12:48:00-07:00,7633.0,7634.25,7632.5,7632.75,2885
2026-08-03 12:49:00-07:00,7632.75,7633.75,7632.5,7633.0,3118
2026-08-03 12:50:00-07:00,7633.0,7635.75,7631.0,7631.75,9156
2026-08-03 12:51:00-07:00,7632.0,7635.25,7631.5,7634.0,4275
2026-08-03 12:52:00-07:00,7634.25,7635.5,7633.75,7634.25,3982
2026-08-03 12:53:00-07:00,7634.0,7635.0,7631.25,7631.5,4807
2026-08-03 12:54:00-07:00,7631.25,7631.25,7627.75,7629.0,8988
2026-08-03 12:55:00-07:00,7629.0,7629.75,7626.75,7628.0,9339
2026-08-04 06:25:00-07:00,7657.5,7662.0,7656.75,7659.25,2949
2026-08-04 06:26:00-07:00,7659.5,7660.75,7659.0,7660.25,1072
2026-08-04 06:27:00-07:00,7660.5,7660.75,7659.0,7660.0,979
2026-08-04 06:28:00-07:00,7660.0,7660.75,7659.0,7660.25,1769
2026-08-04 06:29:00-07:00,7660.25,7660.5,7657.25,7657.5,1951
2026-08-04 06:30:00-07:00,7657.25,7666.25,7656.0,7664.75,18465
2026-08-04 06:31:00-07:00,7664.75,7667.0,7663.5,7666.5,8043
2026-08-04 06:32:00-07:00,7666.5,7670.0,7666.5,7669.75,8700
2026-08-04 06:33:00-07:00,7669.5,7670.25,7668.25,7668.75,4857
2026-08-04 06:34:00-07:00,7669.0,7670.0,7667.25,7669.5,4516
2026-08-04 06:35:00-07:00,7669.75,7672.0,7668.75,7671.75,6763
2026-08-04 06:36:00-07:00,7671.75,7673.0,7670.0,7670.0,5712
2026-08-04 06:37:00-07:00,7670.0,7671.0,7667.0,7669.5,8608
2026-08-04 06:38:00-07:00,7669.75,7671.75,7666.5,7667.0,5345
2026-08-04 06:39:00-07:00,7667.0,7670.75,7666.75,7670.25,4401
2026-08-04 06:40:00-07:00,7670.25,7671.5,7667.75,7670.0,5814
2026-08-04 06:41:00-07:00,7670.0,7673.0,7669.5,7672.0,4403
2026-08-04 06:42:00-07:00,7672.0,7673.5,7670.0,7672.5,4031
2026-08-04 06:43:00-07:00,7672.5,7673.5,7671.25,7671.75,3853
2026-08-04 06:44:00-07:00,7671.75,7671.75,7667.5,7670.0,4010
2026-08-04 06:45:00-07:00,7669.75,7676.0,7669.75,7675.75,7011
2026-08-04 06:46:00-07:00,7676.0,7676.5,7673.0,7673.0,5845
2026-08-04 06:47:00-07:00,7673.0,7675.0,7670.75,7671.25,5290
2026-08-04 06:48:00-07:00,7671.5,7675.5,7671.0,7674.5,4816
2026-08-04 06:49:00-07:00,7674.5,7677.0,7673.5,7677.0,4270
2026-08-04 06:50:00-07:00,7677.0,7682.25,7675.25,7681.0,8490
2026-08-04 06:51:00-07:00,7681.0,7682.75,7679.75,7680.75,4753
2026-08-04 06:52:00-07:00,7680.5,7682.75,7680.25,7682.0,5318
2026-08-04 06:53:00-07:00,7682.0,7684.0,7681.0,7683.75,4842
2026-08-04 06:54:00-07:00,7683.75,7686.5,7683.5,7686.0,4186
2026-08-04 06:55:00-07:00,7686.0,7686.25,7681.0,7681.0,6417
2026-08-04 06:56:00-07:00,7681.25,7681.5,7678.25,7680.5,5374
2026-08-04 06:57:00-07:00,7680.5,7682.5,7679.5,7680.25,4054
2026-08-04 06:58:00-07:00,7680.25,7684.0,7680.0,7683.75,3120
2026-08-04 06:59:00-07:00,7683.5,7685.5,7681.0,7685.5,3357
2026-08-04 07:00:00-07:00,7685.25,7686.5,7682.5,7686.5,4924
2026-08-04 07:01:00-07:00,7686.25,7689.75,7685.75,7689.75,5587
2026-08-04 07:02:00-07:00,7689.75,7693.0,7689.25,7691.75,8050
2026-08-04 07:03:00-07:00,7691.5,7693.0,7689.25,7692.75,5639
2026-08-04 07:04:00-07:00,7693.0,7693.25,7690.5,7690.5,4468
2026-08-04 07:05:00-07:00,7690.5,7696.5,7690.0,7695.0,5979
2026-08-04 07:06:00-07:00,7694.75,7696.75,7694.25,7695.5,4325
2026-08-04 07:07:00-07:00,7695.5,7697.25,7694.5,7697.25,5457
2026-08-04 07:08:00-07:00,7697.25,7697.75,7695.0,7697.0,4319
2026-08-04 07:09:00-07:00,7697.0,7697.5,7694.75,7695.25,3976
2026-08-04 07:10:00-07:00,7695.25,7697.0,7695.0,7696.5,3414
2026-08-04 07:11:00-07:00,7696.75,7697.0,7695.0,7696.25,3342
2026-08-04 07:12:00-07:00,7696.25,7698.25,7696.0,7698.0,4082
2026-08-04 07:13:00-07:00,7698.0,7699.25,7698.0,7698.75,2587
2026-08-04 07:14:00-07:00,7698.75,7700.75,7698.5,7700.5,4620
2026-08-04 07:15:00-07:00,7700.75,7702.75,7700.0,7702.25,4960
2026-08-04 07:16:00-07:00,7702.5,7702.5,7699.5,7701.0,4558
2026-08-04 07:17:00-07:00,7701.25,7705.25,7700.25,7705.25,5153
2026-08-04 07:18:00-07:00,7705.25,7705.75,7703.25,7704.5,4274
2026-08-04 07:19:00-07:00,7704.5,7706.25,7703.25,7704.5,4027
2026-08-04 07:20:00-07:00,7704.75,7705.0,7698.75,7700.5,5576
2026-08-04 07:21:00-07:00,7700.25,7700.75,7696.75,7698.0,5737
2026-08-04 07:22:00-07:00,7697.75,7699.75,7695.25,7696.75,4800
2026-08-04 07:23:00-07:00,7696.5,7697.75,7694.0,7697.75,4057
2026-08-04 07:24:00-07:00,7697.5,7698.25,7693.5,7695.5,4328
2026-08-04 07:25:00-07:00,7695.25,7699.25,7695.0,7699.25,4448
2026-08-04 07:26:00-07:00,7699.0,7700.5,7698.0,7698.75,3876
2026-08-04 07:27:00-07:00,7698.75,7700.0,7697.75,7699.5,2914
2026-08-04 07:28:00-07:00,7699.25,7700.75,7696.5,7697.0,4244
2026-08-04 07:29:00-07:00,7697.25,7698.75,7695.75,7697.0,3424
2026-08-04 07:30:00-07:00,7697.0,7697.0,7692.75,7693.5,5456
2026-08-04 07:31:00-07:00,7693.75,7697.0,7693.0,7695.25,4210
2026-08-04 07:32:00-07:00,7695.25,7700.0,7694.5,7700.0,3949
2026-08-04 07:33:00-07:00,7700.0,7701.75,7699.0,7701.25,3357
2026-08-04 07:34:00-07:00,7701.5,7702.75,7700.75,7701.5,2850
2026-08-04 07:35:00-07:00,7701.5,7703.25,7701.25,7703.0,3633
2026-08-04 07:36:00-07:00,7703.0,7703.25,7701.0,7701.25,2967
2026-08-04 07:37:00-07:00,7701.25,7703.75,7699.75,7703.0,2863
2026-08-04 07:38:00-07:00,7703.0,7709.5,7701.75,7702.5,12256
2026-08-04 07:39:00-07:00,7702.25,7704.0,7701.0,7704.0,3454
2026-08-04 07:40:00-07:00,7703.75,7705.5,7703.0,7704.5,3505
2026-08-04 07:41:00-07:00,7704.75,7705.5,7703.5,7704.75,2465
2026-08-04 07:42:00-07:00,7705.0,7707.25,7704.75,7706.75,2977
2026-08-04 07:43:00-07:00,7706.5,7709.25,7706.25,7708.75,4139
2026-08-04 07:44:00-07:00,7709.0,7711.75,7708.0,7710.0,3845
2026-08-04 07:45:00-07:00,7710.25,7710.25,7707.75,7709.0,3889
2026-08-04 07:46:00-07:00,7708.75,7710.0,7708.25,7708.75,3076
2026-08-04 07:47:00-07:00,7708.75,7710.25,7708.0,7710.25,4107
2026-08-04 07:48:00-07:00,7710.25,7710.25,7708.25,7710.25,2352
2026-08-04 07:49:00-07:00,7710.25,7711.75,7710.0,7711.0,3012
2026-08-04 07:50:00-07:00,7711.0,7712.5,7709.0,7709.5,3578
2026-08-04 07:51:00-07:00,7709.5,7710.5,7708.5,7709.75,2976
2026-08-04 07:52:00-07:00,7709.5,7711.5,7709.25,7711.25,2342
2026-08-04 07:53:00-07:00,7711.25,7711.25,7710.0,7710.5,1935
2026-08-04 07:54:00-07:00,7710.25,7712.0,7709.25,7711.25,2086
2026-08-04 07:55:00-07:00,7711.0,7711.75,7710.0,7711.5,1958
2026-08-04 07:56:00-07:00,7711.5,7712.75,7711.25,7712.0,2488
2026-08-04 07:57:00-07:00,7711.75,7713.75,7711.5,7712.0,3093
2026-08-04 07:58:00-07:00,7712.0,7714.5,7712.0,7714.25,2674
2026-08-04 07:59:00-07:00,7714.25,7716.5,7714.0,7715.25,4406
2026-08-04 08:00:00-07:00,7715.5,7716.25,7714.0,7714.0,3539
2026-08-04 08:01:00-07:00,7714.25,7718.5,7714.0,7717.75,4286
2026-08-04 08:02:00-07:00,7717.75,7719.5,7717.0,7719.0,3430
2026-08-04 08:03:00-07:00,7719.25,7720.75,7718.25,7719.5,4137
2026-08-04 08:04:00-07:00,7719.5,7721.25,7719.5,7720.75,2942
2026-08-04 08:05:00-07:00,7721.0,7721.0,7719.0,7719.5,3699
2026-08-04 08:06:00-07:00,7719.75,7719.75,7717.5,7719.25,3840
2026-08-04 08:07:00-07:00,7719.5,7720.0,7717.75,7717.75,2797
2026-08-04 08:08:00-07:00,7717.75,7718.0,7715.75,7717.25,4128
2026-08-04 08:09:00-07:00,7717.25,7720.75,7717.0,7720.75,2874
2026-08-04 08:10:00-07:00,7720.5,7721.0,7719.25,7720.25,2018
2026-08-04 08:11:00-07:00,7720.25,7721.0,7719.25,7720.75,2501
2026-08-04 08:12:00-07:00,7720.5,7722.5,7720.5,7722.0,2718
2026-08-04 08:13:00-07:00,7722.25,7724.0,7721.5,7723.25,3007
2026-08-04 08:14:00-07:00,7723.5,7723.75,7721.0,7721.25,4382
2026-08-04 08:15:00-07:00,7721.5,7724.5,7721.0,7724.5,3035
2026-08-04 08:16:00-07:00,7724.25,7725.25,7723.75,7724.5,2663
2026-08-04 08:17:00-07:00,7724.5,7725.0,7723.5,7724.0,1820
2026-08-04 08:18:00-07:00,7724.25,7726.0,7724.0,7725.0,2201
2026-08-04 08:19:00-07:00,7725.25,7726.0,7724.75,7725.75,2207
2026-08-04 08:20:00-07:00,7725.75,7726.5,7725.25,7726.5,2348
2026-08-04 08:21:00-07:00,7726.5,7726.5,7725.25,7726.0,1915
2026-08-04 08:22:00-07:00,7725.75,7727.25,7724.25,7725.25,4108
2026-08-04 08:23:00-07:00,7725.25,7728.75,7725.0,7728.75,2802
2026-08-04 08:24:00-07:00,7728.75,7730.25,7728.5,7730.0,3385
2026-08-04 08:25:00-07:00,7730.0,7731.0,7729.25,7730.0,3384
2026-08-04 08:26:00-07:00,7730.25,7731.0,7729.5,7729.5,2713
2026-08-04 08:27:00-07:00,7729.75,7730.0,7726.0,7726.75,4480
2026-08-04 08:28:00-07:00,7726.75,7727.25,7725.0,7727.0,2852
2026-08-04 08:29:00-07:00,7727.0,7727.25,7725.25,7726.0,2202
2026-08-04 08:30:00-07:00,7726.0,7728.25,7725.25,7727.25,3168
2026-08-04 08:31:00-07:00,7727.25,7728.0,7725.5,7728.0,1802
2026-08-04 08:32:00-07:00,7727.75,7728.0,7726.5,7726.75,1981
2026-08-04 08:33:00-07:00,7726.75,7727.25,7723.75,7724.25,2112
2026-08-04 08:34:00-07:00,7724.0,7725.25,7724.0,7725.0,2736
2026-08-04 08:35:00-07:00,7724.75,7727.75,7724.5,7726.75,2817
2026-08-04 08:36:00-07:00,7726.75,7727.5,7725.75,7726.75,2436
2026-08-04 08:37:00-07:00,7726.75,7727.5,7726.0,7727.0,2028
2026-08-04 08:38:00-07:00,7726.75,7732.75,7725.75,7731.5,12037
2026-08-04 08:39:00-07:00,7731.5,7733.5,7729.5,7730.5,6026
2026-08-04 08:40:00-07:00,7730.5,7732.25,7729.75,7730.25,2979
2026-08-04 08:41:00-07:00,7730.25,7733.0,7730.0,7731.0,2559
2026-08-04 08:42:00-07:00,7731.25,7732.5,7730.25,7732.25,2189
2026-08-04 08:43:00-07:00,7732.5,7734.0,7732.0,7733.75,2556
2026-08-04 08:44:00-07:00,7733.75,7735.75,7733.0,7735.25,3192
2026-08-04 08:45:00-07:00,7735.25,7737.5,7734.75,7737.0,3795
2026-08-04 08:46:00-07:00,7737.0,7738.25,7736.75,7738.0,2865
2026-08-04 08:47:00-07:00,7738.0,7739.0,7736.5,7738.25,3414
2026-08-04 08:48:00-07:00,7738.25,7739.5,7738.25,7739.5,2356
2026-08-04 08:49:00-07:00,7739.5,7739.5,7738.5,7738.75,2126
2026-08-04 08:50:00-07:00,7738.75,7741.25,7738.25,7740.75,4028
2026-08-04 08:51:00-07:00,7740.75,7741.0,7739.75,7740.5,2677
2026-08-04 08:52:00-07:00,7740.25,7741.25,7740.0,7740.5,2550
2026-08-04 08:53:00-07:00,7740.5,7740.75,7735.5,7735.5,6288
2026-08-04 08:54:00-07:00,7735.25,7736.0,7733.75,7734.75,4174
2026-08-04 08:55:00-07:00,7734.75,7737.0,7733.75,7736.75,2387
2026-08-04 08:56:00-07:00,7736.75,7737.75,7735.75,7736.25,2101
2026-08-04 08:57:00-07:00,7736.5,7738.0,7735.5,7738.0,1558
2026-08-04 08:58:00-07:00,7738.0,7738.5,7737.25,7737.5,1859
2026-08-04 08:59:00-07:00,7737.75,7737.75,7736.0,7736.5,1962
2026-08-04 09:00:00-07:00,7736.5,7739.5,7736.0,7739.5,2739
2026-08-04 09:01:00-07:00,7739.25,7740.5,7738.25,7740.5,2749
2026-08-04 09:02:00-07:00,7740.25,7741.0,7739.5,7740.0,2151
2026-08-04 09:03:00-07:00,7740.25,7740.75,7739.75,7740.25,1745
2026-08-04 09:04:00-07:00,7740.25,7740.75,7739.25,7739.5,1992
2026-08-04 09:05:00-07:00,7739.5,7741.75,7739.25,7740.5,3023
2026-08-04 09:06:00-07:00,7740.5,7740.75,7737.25,7737.75,2647
2026-08-04 09:07:00-07:00,7737.5,7739.0,7737.5,7737.75,1410
2026-08-04 09:08:00-07:00,7737.75,7739.0,7736.0,7736.5,2529
2026-08-04 09:09:00-07:00,7736.5,7736.5,7735.25,7736.0,1812
2026-08-04 09:10:00-07:00,7736.0,7737.25,7735.75,7737.25,1404
2026-08-04 09:11:00-07:00,7737.0,7737.0,7734.0,7734.0,2021
2026-08-04 09:12:00-07:00,7734.0,7735.5,7733.25,7735.0,2313
2026-08-04 09:13:00-07:00,7735.0,7737.0,7734.25,7736.25,2332
2026-08-04 09:14:00-07:00,7736.5,7736.5,7734.25,7734.75,1095
2026-08-04 09:15:00-07:00,7734.5,7736.25,7734.5,7736.25,2017
2026-08-04 09:16:00-07:00,7736.25,7738.0,7735.75,7737.5,2305
2026-08-04 09:17:00-07:00,7737.75,7738.25,7737.0,7737.75,1053
2026-08-04 09:18:00-07:00,7737.75,7739.0,7737.25,7738.25,1226
2026-08-04 09:19:00-07:00,7738.25,7739.75,7738.0,7739.5,2107
2026-08-04 09:20:00-07:00,7739.25,7741.0,7739.0,7740.5,2251
2026-08-04 09:21:00-07:00,7740.5,7743.5,7740.0,7742.5,3557
2026-08-04 09:22:00-07:00,7742.25,7743.75,7742.25,7743.75,1927
2026-08-04 09:23:00-07:00,7743.75,7744.5,7743.0,7744.25,2074
2026-08-04 09:24:00-07:00,7744.25,7745.25,7744.0,7744.5,1815
2026-08-04 09:25:00-07:00,7744.25,7744.75,7742.25,7744.25,2159
2026-08-04 09:26:00-07:00,7744.25,7744.75,7743.25,7744.5,1717
2026-08-04 09:27:00-07:00,7744.5,7744.75,7743.5,7744.5,1074
2026-08-04 09:28:00-07:00,7744.5,7745.75,7744.5,7745.25,1288
2026-08-04 09:29:00-07:00,7745.25,7745.25,7744.0,7744.5,1412
2026-08-04 09:30:00-07:00,7744.5,7745.0,7742.25,7744.5,2341
2026-08-04 09:31:00-07:00,7744.5,7745.75,7744.25,7745.25,1246
2026-08-04 09:32:00-07:00,7745.5,7747.5,7745.5,7747.0,2650
2026-08-04 09:33:00-07:00,7747.0,7748.5,7746.5,7748.25,2146
2026-08-04 09:34:00-07:00,7748.0,7748.5,7747.0,7747.25,1891
2026-08-04 09:35:00-07:00,7747.25,7748.5,7747.0,7747.75,1419
2026-08-04 09:36:00-07:00,7747.5,7748.5,7746.75,7748.5,1448
2026-08-04 09:37:00-07:00,7748.25,7749.25,7747.5,7747.5,1900
2026-08-04 09:38:00-07:00,7747.25,7747.25,7744.5,7746.0,3050
2026-08-04 09:39:00-07:00,7746.0,7747.75,7746.0,7747.25,1900
2026-08-04 09:40:00-07:00,7747.25,7748.0,7746.75,7747.25,1623
2026-08-04 09:41:00-07:00,7747.25,7747.25,7746.25,7747.0,1967
2026-08-04 09:42:00-07:00,7747.0,7748.5,7746.75,7748.25,1941
2026-08-04 09:43:00-07:00,7748.25,7749.5,7748.0,7749.25,1756
2026-08-04 09:44:00-07:00,7749.25,7752.75,7749.25,7752.25,5295
2026-08-04 09:45:00-07:00,7752.5,7754.25,7752.25,7753.75,3531
2026-08-04 09:46:00-07:00,7753.75,7754.5,7753.0,7753.0,1960
2026-08-04 09:47:00-07:00,7753.25,7754.0,7752.25,7753.75,2152
2026-08-04 09:48:00-07:00,7753.75,7754.25,7752.75,7752.75,2014
2026-08-04 09:49:00-07:00,7752.75,7754.75,7752.5,7754.25,2463
2026-08-04 09:50:00-07:00,7754.25,7754.75,7753.5,7754.0,1854
2026-08-04 09:51:00-07:00,7754.25,7755.25,7753.75,7754.0,2090
2026-08-04 09:52:00-07:00,7754.25,7755.25,7753.5,7753.75,1725
2026-08-04 09:53:00-07:00,7754.0,7755.25,7753.0,7755.0,2156
2026-08-04 09:54:00-07:00,7755.25,7755.75,7754.25,7754.25,1960
2026-08-04 09:55:00-07:00,7754.25,7755.25,7753.5,7753.5,1822
2026-08-04 09:56:00-07:00,7753.5,7754.0,7753.0,7754.0,1936
2026-08-04 09:57:00-07:00,7754.0,7755.0,7753.5,7754.75,1664
2026-08-04 09:58:00-07:00,7754.75,7755.25,7753.5,7753.75,1576
2026-08-04 09:59:00-07:00,7753.75,7755.25,7753.25,7755.25,1648
2026-08-04 10:00:00-07:00,7755.25,7758.25,7754.25,7758.25,4012
2026-08-04 10:01:00-07:00,7758.25,7761.0,7758.25,7760.5,4869
2026-08-04 10:02:00-07:00,7760.5,7761.0,7759.5,7759.75,3454
2026-08-04 10:03:00-07:00,7759.75,7762.0,7759.75,7761.75,2621
2026-08-04 10:04:00-07:00,7761.75,7763.25,7761.5,7763.0,3510
2026-08-04 10:05:00-07:00,7763.0,7765.75,7761.5,7761.5,5199
2026-08-04 10:06:00-07:00,7761.5,7761.75,7759.75,7760.75,4731
2026-08-04 10:07:00-07:00,7761.0,7764.25,7761.0,7764.25,2034
2026-08-04 10:08:00-07:00,7764.25,7764.75,7763.25,7764.25,1833
2026-08-04 10:09:00-07:00,7764.5,7764.75,7762.25,7763.0,1480
2026-08-04 10:10:00-07:00,7763.0,7764.0,7762.5,7762.75,1845
2026-08-04 10:11:00-07:00,7762.5,7764.5,7761.75,7763.75,1916
2026-08-04 10:12:00-07:00,7763.75,7764.75,7763.5,7764.75,1264
2026-08-04 10:13:00-07:00,7764.75,7764.75,7762.0,7763.75,3233
2026-08-04 10:14:00-07:00,7763.5,7765.0,7763.25,7764.75,1131
2026-08-04 10:15:00-07:00,7765.0,7766.75,7765.0,7766.75,3185
2026-08-04 10:16:00-07:00,7766.75,7766.75,7765.0,7765.5,2537
2026-08-04 10:17:00-07:00,7765.75,7769.0,7765.25,7767.5,3163
2026-08-04 10:18:00-07:00,7767.5,7768.0,7765.5,7766.0,2183
2026-08-04 10:19:00-07:00,7766.0,7767.0,7765.75,7766.25,1851
2026-08-04 10:20:00-07:00,7766.25,7766.75,7763.5,7763.75,2586
2026-08-04 10:21:00-07:00,7763.75,7764.5,7763.0,7764.0,2398
2026-08-04 10:22:00-07:00,7764.0,7764.0,7762.0,7762.75,2120
2026-08-04 10:23:00-07:00,7762.75,7765.0,7762.0,7764.5,2202
2026-08-04 10:24:00-07:00,7764.5,7765.25,7763.75,7764.75,1923
2026-08-04 10:25:00-07:00,7764.75,7765.25,7764.0,7765.25,1231
2026-08-04 10:26:00-07:00,7765.5,7767.25,7765.0,7765.5,2555
2026-08-04 10:27:00-07:00,7765.75,7766.75,7764.75,7766.75,1341
2026-08-04 10:28:00-07:00,7766.75,7767.5,7765.25,7765.25,1589
2026-08-04 10:29:00-07:00,7765.25,7765.5,7764.25,7765.5,1859
2026-08-04 10:30:00-07:00,7765.5,7765.5,7762.0,7763.75,2720
2026-08-04 10:31:00-07:00,7763.75,7764.0,7762.0,7763.75,1768
2026-08-04 10:32:00-07:00,7763.75,7766.5,7763.5,7766.25,1565
2026-08-04 10:33:00-07:00,7766.25,7766.5,7764.5,7765.0,1705
2026-08-04 10:34:00-07:00,7765.0,7766.25,7764.0,7766.0,1220
2026-08-04 10:35:00-07:00,7766.0,7767.25,7765.75,7767.25,1635
2026-08-04 10:36:00-07:00,7767.25,7769.5,7766.75,7769.5,1767
2026-08-04 10:37:00-07:00,7769.5,7770.5,7769.0,7769.5,2306
2026-08-04 10:38:00-07:00,7769.5,7771.0,7769.25,7770.25,2162
2026-08-04 10:39:00-07:00,7770.25,7771.75,7769.75,7771.25,1820
2026-08-04 10:40:00-07:00,7771.0,7773.75,7771.0,7773.25,2129
2026-08-04 10:41:00-07:00,7773.5,7774.25,7772.75,7773.75,2836
2026-08-04 10:42:00-07:00,7773.75,7774.75,7773.5,7774.5,2108
2026-08-04 10:43:00-07:00,7774.5,7774.5,7773.0,7773.75,2041
2026-08-04 10:44:00-07:00,7773.75,7776.0,7773.75,7775.75,1926
2026-08-04 10:45:00-07:00,7776.0,7777.5,7776.0,7777.25,2711
2026-08-04 10:46:00-07:00,7777.25,7778.75,7776.25,7778.25,2594
2026-08-04 10:47:00-07:00,7778.25,7780.25,7778.0,7779.75,3297
2026-08-04 10:48:00-07:00,7779.75,7783.25,7779.5,7783.0,3734
2026-08-04 10:49:00-07:00,7783.0,7783.75,7779.25,7779.75,4175
2026-08-04 10:50:00-07:00,7779.75,7780.0,7772.75,7773.25,6147
2026-08-04 10:51:00-07:00,7773.0,7773.5,7769.0,7769.75,5219
2026-08-04 10:52:00-07:00,7769.75,7772.0,7768.5,7771.75,3908
2026-08-04 10:53:00-07:00,7771.75,7774.25,7771.25,7773.75,2295
2026-08-04 10:54:00-07:00,7773.5,7774.0,7771.0,7771.0,1932
2026-08-04 10:55:00-07:00,7771.25,7773.0,7769.5,7772.5,3019
2026-08-04 10:56:00-07:00,7772.5,7774.0,7771.25,7772.25,2286
2026-08-04 10:57:00-07:00,7772.5,7772.75,7771.0,7772.5,1709
2026-08-04 10:58:00-07:00,7772.75,7773.5,7771.75,7772.0,1616
2026-08-04 10:59:00-07:00,7772.0,7772.25,7768.0,7768.25,2711
2026-08-04 11:00:00-07:00,7768.25,7769.75,7763.5,7765.0,6988
2026-08-04 11:01:00-07:00,7765.25,7769.75,7764.75,7769.5,4911
2026-08-04 11:02:00-07:00,7769.75,7772.5,7768.75,7770.5,4005
2026-08-04 11:03:00-07:00,7770.75,7770.75,7768.5,7769.75,4307
2026-08-04 11:04:00-07:00,7769.75,7769.75,7765.0,7765.5,3727
2026-08-04 11:05:00-07:00,7765.75,7771.0,7765.0,7770.75,3235
2026-08-04 11:06:00-07:00,7771.0,7771.25,7766.5,7769.25,2532
2026-08-04 11:07:00-07:00,7769.25,7772.25,7769.25,7770.0,1998
2026-08-04 11:08:00-07:00,7770.0,7770.5,7768.5,7769.75,1591
2026-08-04 11:09:00-07:00,7769.75,7772.0,7768.75,7770.75,1895
2026-08-04 11:10:00-07:00,7770.5,7773.25,7770.25,7771.25,2332
2026-08-04 11:11:00-07:00,7771.5,7772.5,7769.75,7770.5,1626
2026-08-04 11:12:00-07:00,7770.75,7771.5,7769.25,7770.75,1440
2026-08-04 11:13:00-07:00,7770.5,7772.25,7769.5,7772.0,1668
2026-08-04 11:14:00-07:00,7771.75,7774.75,7770.75,7774.25,2235
2026-08-04 11:15:00-07:00,7774.25,7776.25,7774.25,7775.25,2814
2026-08-04 11:16:00-07:00,7775.25,7775.25,7772.75,7773.75,1863
2026-08-04 11:17:00-07:00,7773.5,7774.5,7772.25,7772.25,1273
2026-08-04 11:18:00-07:00,7772.25,7774.5,7771.75,7774.0,1414
2026-08-04 11:19:00-07:00,7774.0,7774.5,7772.5,7773.0,1038
2026-08-04 11:20:00-07:00,7773.25,7775.5,7772.75,7775.5,2812
2026-08-04 11:21:00-07:00,7775.5,7775.75,7772.75,7773.5,3000
2026-08-04 11:22:00-07:00,7773.75,7777.0,7773.5,7775.0,2772
2026-08-04 11:23:00-07:00,7775.0,7776.5,7774.75,7775.25,1175
2026-08-04 11:24:00-07:00,7775.25,7775.5,7773.25,7773.75,1454
2026-08-04 11:25:00-07:00,7773.5,7775.25,7773.5,7774.0,1006
2026-08-04 11:26:00-07:00,7774.0,7774.75,7772.25,7773.5,1237
2026-08-04 11:27:00-07:00,7773.25,7774.5,7772.25,7773.0,1393
2026-08-04 11:28:00-07:00,7773.0,7774.75,7772.5,7774.5,1156
2026-08-04 11:29:00-07:00,7774.5,7776.0,7774.25,7776.0,1671
2026-08-04 11:30:00-07:00,7776.0,7776.75,7775.5,7776.75,1758
2026-08-04 11:31:00-07:00,7776.75,7777.25,7774.5,7774.75,1694
2026-08-04 11:32:00-07:00,7775.0,7776.75,7775.0,7776.0,982
2026-08-04 11:33:00-07:00,7776.0,7776.0,7773.75,7775.0,1297
2026-08-04 11:34:00-07:00,7774.75,7775.5,7773.0,7774.0,1838
2026-08-04 11:35:00-07:00,7773.75,7775.5,7773.25,7774.0,1748
2026-08-04 11:36:00-07:00,7774.0,7775.25,7773.75,7774.75,1207
2026-08-04 11:37:00-07:00,7774.75,7774.75,7770.5,7771.75,2745
2026-08-04 11:38:00-07:00,7771.75,7772.25,7770.0,7770.75,2505
2026-08-04 11:39:00-07:00,7771.0,7771.25,7769.75,7771.0,2202
2026-08-04 11:40:00-07:00,7770.75,7770.75,7767.5,7768.25,2933
2026-08-04 11:41:00-07:00,7768.5,7771.0,7768.0,7770.25,2485
2026-08-04 11:42:00-07:00,7770.5,7770.5,7767.0,7767.25,1956
2026-08-04 11:43:00-07:00,7767.5,7768.25,7766.0,7768.0,2330
2026-08-04 11:44:00-07:00,7768.0,7770.0,7767.75,7769.25,2080
2026-08-04 11:45:00-07:00,7769.5,7772.5,7769.25,7771.0,2863
2026-08-04 11:46:00-07:00,7771.0,7773.25,7771.0,7773.0,2323
2026-08-04 11:47:00-07:00,7773.0,7773.5,7771.75,7773.25,1987
2026-08-04 11:48:00-07:00,7773.5,7774.5,7772.75,7773.75,1842
2026-08-04 11:49:00-07:00,7773.75,7775.0,7772.5,7772.75,2293
2026-08-04 11:50:00-07:00,7772.75,7774.75,7772.5,7774.75,1451
2026-08-04 11:51:00-07:00,7774.75,7775.0,7773.25,7774.0,1605
2026-08-04 11:52:00-07:00,7773.75,7774.75,7773.0,7773.75,1712
2026-08-04 11:53:00-07:00,7773.75,7774.0,7772.25,7773.0,1675
2026-08-04 11:54:00-07:00,7773.0,7774.25,7771.25,7772.0,2318
2026-08-04 11:55:00-07:00,7772.0,7773.5,7771.25,7771.75,1856
2026-08-04 11:56:00-07:00,7772.0,7773.25,7771.75,7772.75,1606
2026-08-04 11:57:00-07:00,7772.75,7773.5,7772.25,7772.75,1835
2026-08-04 11:58:00-07:00,7772.75,7773.25,7772.5,7772.5,1106
2026-08-04 11:59:00-07:00,7772.75,7773.25,7771.5,7773.0,1835
2026-08-04 12:00:00-07:00,7773.0,7777.25,7772.75,7777.0,4198
2026-08-04 12:01:00-07:00,7777.25,7780.5,7777.0,7779.5,4674
2026-08-04 12:02:00-07:00,7779.5,7781.0,7778.75,7780.25,2861
2026-08-04 12:03:00-07:00,7780.25,7782.0,7780.0,7781.75,2817
2026-08-04 12:04:00-07:00,7781.75,7782.0,7779.5,7779.75,2534
2026-08-04 12:05:00-07:00,7780.0,7782.0,7778.75,7779.25,3111
2026-08-04 12:06:00-07:00,7779.0,7781.0,7777.5,7780.75,2496
2026-08-04 12:07:00-07:00,7780.5,7780.75,7779.0,7779.75,1895
2026-08-04 12:08:00-07:00,7779.75,7780.75,7778.25,7780.75,1998
2026-08-04 12:09:00-07:00,7781.0,7782.5,7780.5,7782.25,1674
2026-08-04 12:10:00-07:00,7782.0,7782.5,7781.25,7781.5,1806
2026-08-04 12:11:00-07:00,7781.25,7782.0,7780.75,7781.25,2026
2026-08-04 12:12:00-07:00,7781.25,7781.5,7779.5,7779.75,2175
2026-08-04 12:13:00-07:00,7779.5,7781.0,7779.25,7780.75,1619
2026-08-04 12:14:00-07:00,7780.75,7781.5,7780.5,7780.75,1991
2026-08-04 12:15:00-07:00,7780.75,7782.5,7780.0,7780.25,2761
2026-08-04 12:16:00-07:00,7780.0,7782.5,7779.5,7782.5,1710
2026-08-04 12:17:00-07:00,7782.5,7782.75,7781.25,7782.0,1363
2026-08-04 12:18:00-07:00,7782.0,7782.25,7781.0,7781.5,1292
2026-08-04 12:19:00-07:00,7781.25,7782.25,7780.25,7782.0,1557
2026-08-04 12:20:00-07:00,7782.0,7782.75,7781.75,7782.75,1652
2026-08-04 12:21:00-07:00,7782.75,7783.0,7781.5,7781.75,1779
2026-08-04 12:22:00-07:00,7781.75,7782.5,7781.0,7781.25,1278
2026-08-04 12:23:00-07:00,7781.0,7782.0,7779.0,7780.5,3001
2026-08-04 12:24:00-07:00,7780.5,7781.5,7780.0,7780.25,1325
2026-08-04 12:25:00-07:00,7780.25,7781.25,7777.25,7778.25,2991
2026-08-04 12:26:00-07:00,7778.25,7778.25,7776.25,7776.75,2560
2026-08-04 12:27:00-07:00,7776.5,7777.5,7776.0,7776.25,1943
2026-08-04 12:28:00-07:00,7776.25,7776.5,7774.25,7774.5,3420
2026-08-04 12:29:00-07:00,7774.5,7775.25,7773.0,7775.0,2952
2026-08-04 12:30:00-07:00,7775.0,7776.5,7773.0,7776.5,4160
2026-08-04 12:31:00-07:00,7776.25,7778.0,7774.75,7778.0,3221
2026-08-04 12:32:00-07:00,7778.0,7778.25,7775.25,7776.75,2143
2026-08-04 12:33:00-07:00,7776.75,7777.5,7776.25,7776.75,1734
2026-08-04 12:34:00-07:00,7776.5,7777.75,7776.0,7777.75,2283
2026-08-04 12:35:00-07:00,7777.5,7778.25,7774.75,7776.75,3749
2026-08-04 12:36:00-07:00,7776.75,7777.25,7775.0,7777.0,2157
2026-08-04 12:37:00-07:00,7777.0,7780.0,7777.0,7779.75,2723
2026-08-04 12:38:00-07:00,7779.75,7780.5,7779.25,7779.5,2134
2026-08-04 12:39:00-07:00,7779.25,7780.75,7778.75,7779.5,1955
2026-08-04 12:40:00-07:00,7779.25,7781.0,7779.25,7780.75,1875
2026-08-04 12:41:00-07:00,7781.0,7782.25,7780.75,7781.5,2024
2026-08-04 12:42:00-07:00,7781.5,7782.25,7780.75,7782.0,1727
2026-08-04 12:43:00-07:00,7782.25,7784.0,7780.0,7783.75,4537
2026-08-04 12:44:00-07:00,7783.5,7785.25,7783.0,7784.25,4266
2026-08-04 12:45:00-07:00,7784.25,7784.25,7782.5,7784.25,3098
2026-08-04 12:46:00-07:00,7784.25,7786.0,7783.5,7784.0,2856
2026-08-04 12:47:00-07:00,7783.75,7784.25,7781.25,7781.75,2331
2026-08-04 12:48:00-07:00,7781.75,7781.75,7779.25,7781.5,3418
2026-08-04 12:49:00-07:00,7781.25,7781.25,7779.5,7780.75,2547
2026-08-04 12:50:00-07:00,7780.75,7782.5,7775.0,7775.25,9856
2026-08-04 12:51:00-07:00,7775.25,7776.5,7773.75,7774.5,6693
2026-08-04 12:52:00-07:00,7774.5,7776.75,7773.75,7775.25,6517
2026-08-04 12:53:00-07:00,7775.25,7776.25,7772.0,7773.0,5962
2026-08-04 12:54:00-07:00,7773.0,7773.5,7769.0,7769.25,9183
2026-08-04 12:55:00-07:00,7769.25,7770.5,7765.5,7766.75,14337
2026-08-05 06:25:00-07:00,7803.75,7806.25,7803.75,7805.75,1059
2026-08-05 06:26:00-07:00,7805.75,7806.5,7805.75,7806.5,712
2026-08-05 06:27:00-07:00,7806.5,7808.5,7806.25,7807.75,1453
2026-08-05 06:28:00-07:00,7807.75,7810.25,7807.75,7808.25,1936
2026-08-05 06:29:00-07:00,7808.25,7809.75,7807.25,7809.5,2059
2026-08-05 06:30:00-07:00,7809.5,7815.5,7809.0,7814.25,14823
2026-08-05 06:31:00-07:00,7814.25,7819.5,7812.75,7813.75,9410
2026-08-05 06:32:00-07:00,7813.75,7814.0,7804.0,7808.25,8762
2026-08-05 06:33:00-07:00,7808.25,7812.0,7807.75,7809.5,5674
2026-08-05 06:34:00-07:00,7809.75,7813.75,7808.25,7813.75,5290
2026-08-05 06:35:00-07:00,7813.75,7816.75,7811.25,7814.75,6504
2026-08-05 06:36:00-07:00,7814.75,7815.25,7804.5,7807.5,8343
2026-08-05 06:37:00-07:00,7807.5,7810.25,7806.0,7807.5,5861
2026-08-05 06:38:00-07:00,7807.75,7813.25,7806.75,7811.0,5796
2026-08-05 06:39:00-07:00,7811.0,7820.25,7807.25,7817.25,8669
2026-08-05 06:40:00-07:00,7817.25,7820.25,7813.75,7815.0,8255
2026-08-05 06:41:00-07:00,7815.0,7817.0,7813.0,7816.25,4994
2026-08-05 06:42:00-07:00,7816.5,7816.5,7814.25,7815.25,3940
2026-08-05 06:43:00-07:00,7815.25,7816.25,7811.25,7814.25,4634
2026-08-05 06:44:00-07:00,7814.25,7817.25,7810.25,7817.0,3899
2026-08-05 06:45:00-07:00,7817.0,7818.5,7807.0,7807.0,8214
2026-08-05 06:46:00-07:00,7806.75,7810.25,7805.25,7806.5,5631
2026-08-05 06:47:00-07:00,7806.5,7810.5,7805.75,7810.0,4584
2026-08-05 06:48:00-07:00,7810.0,7813.75,7809.0,7809.75,5021
2026-08-05 06:49:00-07:00,7809.5,7810.25,7804.75,7805.75,4901
2026-08-05 06:50:00-07:00,7805.75,7805.75,7795.0,7798.5,9958
2026-08-05 06:51:00-07:00,7798.75,7801.75,7796.25,7800.75,4530
2026-08-05 06:52:00-07:00,7800.75,7806.0,7800.5,7803.5,4967
2026-08-05 06:53:00-07:00,7803.5,7809.25,7802.0,7805.75,4126
2026-08-05 06:54:00-07:00,7806.0,7811.0,7801.5,7811.0,4888
2026-08-05 06:55:00-07:00,7810.5,7811.75,7806.0,7808.5,5252
2026-08-05 06:56:00-07:00,7808.5,7810.5,7805.5,7808.0,6301
2026-08-05 06:57:00-07:00,7808.0,7813.75,7807.75,7813.5,3096
2026-08-05 06:58:00-07:00,7813.25,7818.25,7812.75,7818.0,3871
2026-08-05 06:59:00-07:00,7818.0,7819.5,7815.0,7819.25,2699
2026-08-05 07:00:00-07:00,7818.75,7818.75,7808.0,7812.0,6051
2026-08-05 07:01:00-07:00,7812.0,7812.5,7806.0,7807.75,4677
2026-08-05 07:02:00-07:00,7807.75,7807.75,7801.0,7804.5,5590
2026-08-05 07:03:00-07:00,7804.5,7811.5,7804.5,7810.0,6214
2026-08-05 07:04:00-07:00,7810.25,7811.75,7805.5,7810.0,4634
2026-08-05 07:05:00-07:00,7810.0,7817.75,7809.75,7812.0,6279
2026-08-05 07:06:00-07:00,7812.0,7814.5,7808.0,7812.0,6056
2026-08-05 07:07:00-07:00,7811.75,7814.5,7809.25,7810.5,4480
2026-08-05 07:08:00-07:00,7810.5,7814.25,7810.5,7810.75,2693
2026-08-05 07:09:00-07:00,7810.75,7815.5,7810.5,7812.5,3280
2026-08-05 07:10:00-07:00,7812.75,7815.25,7809.75,7815.0,2910
2026-08-05 07:11:00-07:00,7815.25,7815.75,7810.25,7811.5,3190
2026-08-05 07:12:00-07:00,7811.25,7813.5,7810.25,7810.5,2912
2026-08-05 07:13:00-07:00,7810.75,7814.5,7809.75,7813.75,3509
2026-08-05 07:14:00-07:00,7813.75,7817.25,7812.75,7814.0,3662
2026-08-05 07:15:00-07:00,7813.75,7816.75,7813.25,7814.5,2676
2026-08-05 07:16:00-07:00,7814.5,7815.75,7810.75,7810.75,3169
2026-08-05 07:17:00-07:00,7811.0,7814.25,7810.75,7814.25,2379
2026-08-05 07:18:00-07:00,7814.0,7815.0,7811.75,7815.0,3058
2026-08-05 07:19:00-07:00,7815.0,7815.0,7808.25,7808.75,3701
2026-08-05 07:20:00-07:00,7808.75,7809.25,7805.75,7808.5,3677
2026-08-05 07:21:00-07:00,7808.25,7810.25,7805.0,7806.25,3983
2026-08-05 07:22:00-07:00,7806.0,7807.0,7803.0,7805.0,4524
2026-08-05 07:23:00-07:00,7804.5,7804.75,7799.25,7801.75,5243
2026-08-05 07:24:00-07:00,7802.0,7810.0,7801.5,7809.5,4794
2026-08-05 07:25:00-07:00,7809.5,7814.25,7808.25,7808.5,4526
2026-08-05 07:26:00-07:00,7808.75,7810.0,7805.0,7806.0,4072
2026-08-05 07:27:00-07:00,7806.0,7808.0,7805.0,7807.75,3139
2026-08-05 07:28:00-07:00,7807.75,7807.75,7802.0,7803.0,3531
2026-08-05 07:29:00-07:00,7802.75,7804.25,7799.25,7799.75,3487
2026-08-05 07:30:00-07:00,7799.75,7800.5,7795.5,7799.25,6976
2026-08-05 07:31:00-07:00,7799.25,7801.25,7794.0,7794.75,6389
2026-08-05 07:32:00-07:00,7794.5,7798.75,7794.0,7798.5,6377
2026-08-05 07:33:00-07:00,7798.5,7802.25,7797.0,7800.75,4945
2026-08-05 07:34:00-07:00,7801.25,7802.5,7796.75,7798.25,3980
2026-08-05 07:35:00-07:00,7798.0,7800.75,7796.25,7798.0,3907
2026-08-05 07:36:00-07:00,7798.0,7798.0,7792.75,7795.0,4336
2026-08-05 07:37:00-07:00,7795.0,7797.5,7791.25,7791.5,4014
2026-08-05 07:38:00-07:00,7791.5,7795.5,7790.25,7794.75,4107
2026-08-05 07:39:00-07:00,7794.75,7797.0,7791.25,7791.25,3970
2026-08-05 07:40:00-07:00,7791.0,7794.0,7789.0,7789.75,7902
2026-08-05 07:41:00-07:00,7789.75,7792.75,7788.0,7792.5,6411
2026-08-05 07:42:00-07:00,7792.25,7796.25,7789.5,7794.5,4640
2026-08-05 07:43:00-07:00,7794.5,7795.75,7791.25,7794.0,3812
2026-08-05 07:44:00-07:00,7793.75,7795.0,7789.0,7792.25,3542
2026-08-05 07:45:00-07:00,7792.0,7794.75,7790.25,7791.75,2930
2026-08-05 07:46:00-07:00,7792.0,7798.0,7792.0,7796.5,4373
2026-08-05 07:47:00-07:00,7796.25,7797.5,7795.0,7795.25,2835
2026-08-05 07:48:00-07:00,7795.5,7796.0,7793.75,7795.0,2411
2026-08-05 07:49:00-07:00,7795.0,7799.25,7794.25,7798.0,3883
2026-08-05 07:50:00-07:00,7797.75,7800.5,7794.25,7795.0,3708
2026-08-05 07:51:00-07:00,7794.75,7795.75,7789.5,7790.75,4588
2026-08-05 07:52:00-07:00,7790.75,7791.5,7786.25,7788.0,6408
2026-08-05 07:53:00-07:00,7788.0,7788.25,7776.0,7780.5,12170
2026-08-05 07:54:00-07:00,7780.5,7783.25,7779.25,7783.25,6049
2026-08-05 07:55:00-07:00,7783.0,7783.75,7778.75,7782.5,5165
2026-08-05 07:56:00-07:00,7782.75,7783.5,7779.5,7783.25,3968
2026-08-05 07:57:00-07:00,7783.5,7789.25,7782.75,7787.0,4354
2026-08-05 07:58:00-07:00,7787.0,7788.75,7782.5,7783.0,3374
2026-08-05 07:59:00-07:00,7783.0,7788.25,7782.5,7786.25,2136
2026-08-05 08:00:00-07:00,7786.5,7791.25,7785.75,7790.25,4526
2026-08-05 08:01:00-07:00,7790.25,7791.0,7784.75,7787.0,4757
2026-08-05 08:02:00-07:00,7787.25,7791.5,7787.0,7788.75,3673
2026-08-05 08:03:00-07:00,7789.0,7789.5,7785.5,7786.75,2992
2026-08-05 08:04:00-07:00,7786.75,7788.25,7785.0,7787.75,2049
2026-08-05 08:05:00-07:00,7788.0,7789.25,7785.0,7785.25,2453
2026-08-05 08:06:00-07:00,7785.25,7788.0,7783.0,7787.0,3221
2026-08-05 08:07:00-07:00,7787.0,7789.25,7786.5,7787.25,3054
2026-08-05 08:08:00-07:00,7787.25,7787.5,7784.5,7784.5,2478
2026-08-05 08:09:00-07:00,7784.5,7790.5,7784.5,7788.0,4918
2026-08-05 08:10:00-07:00,7788.0,7789.5,7786.5,7789.5,2856
2026-08-05 08:11:00-07:00,7789.5,7791.25,7785.5,7786.25,3271
2026-08-05 08:12:00-07:00,7786.25,7789.0,7785.75,7785.75,2173
2026-08-05 08:13:00-07:00,7785.75,7785.75,7782.0,7782.25,3235
2026-08-05 08:14:00-07:00,7782.0,7784.0,7781.75,7782.5,2399
2026-08-05 08:15:00-07:00,7782.25,7783.5,7776.75,7777.0,4609
2026-08-05 08:16:00-07:00,7777.0,7778.5,7775.0,7778.25,4312
2026-08-05 08:17:00-07:00,7778.5,7778.5,7772.25,7772.25,4554
2026-08-05 08:18:00-07:00,7772.5,7772.75,7761.0,7769.75,8681
2026-08-05 08:19:00-07:00,7770.0,7776.75,7769.5,7775.75,7066
2026-08-05 08:20:00-07:00,7775.75,7776.75,7772.75,7776.5,3122
2026-08-05 08:21:00-07:00,7776.5,7778.5,7775.0,7777.75,3587
2026-08-05 08:22:00-07:00,7777.75,7778.0,7774.75,7774.75,2290
2026-08-05 08:23:00-07:00,7775.25,7777.25,7773.75,7773.75,2524
2026-08-05 08:24:00-07:00,7773.75,7777.75,7772.25,7773.25,2623
2026-08-05 08:25:00-07:00,7773.5,7774.25,7770.25,7771.25,3011
2026-08-05 08:26:00-07:00,7771.0,7773.25,7770.25,7771.5,2869
2026-08-05 08:27:00-07:00,7771.75,7773.75,7770.75,7771.75,3544
2026-08-05 08:28:00-07:00,7771.75,7771.75,7766.75,7767.25,3638
2026-08-05 08:29:00-07:00,7767.25,7771.0,7766.75,7768.75,4448
2026-08-05 08:30:00-07:00,7768.75,7772.75,7768.25,7772.5,3091
2026-08-05 08:31:00-07:00,7772.5,7777.25,7772.25,7774.75,3525
2026-08-05 08:32:00-07:00,7775.0,7776.5,7774.5,7775.5,2216
2026-08-05 08:33:00-07:00,7775.5,7776.25,7773.25,7774.75,1930
2026-08-05 08:34:00-07:00,7774.75,7775.5,7769.5,7770.25,2534
2026-08-05 08:35:00-07:00,7770.5,7772.75,7770.0,7772.0,1942
2026-08-05 08:36:00-07:00,7772.0,7772.25,7769.5,7772.0,2114
2026-08-05 08:37:00-07:00,7771.75,7773.75,7770.75,7772.5,1669
2026-08-05 08:38:00-07:00,7772.5,7772.75,7770.0,7770.5,1972
2026-08-05 08:39:00-07:00,7770.5,7774.5,7769.5,7772.75,2141
2026-08-05 08:40:00-07:00,7773.0,7774.0,7770.25,7771.25,2065
2026-08-05 08:41:00-07:00,7771.25,7771.5,7768.25,7771.5,2870
2026-08-05 08:42:00-07:00,7771.5,7773.5,7770.0,7773.5,1871
2026-08-05 08:43:00-07:00,7773.5,7773.5,7770.0,7771.25,1545
2026-08-05 08:44:00-07:00,7771.25,7771.75,7769.5,7771.5,1455
2026-08-05 08:45:00-07:00,7771.5,7771.5,7767.25,7769.5,3452
2026-08-05 08:46:00-07:00,7769.5,7770.0,7767.25,7769.0,2576
2026-08-05 08:47:00-07:00,7768.75,7769.25,7767.0,7767.5,2670
2026-08-05 08:48:00-07:00,7767.5,7769.0,7766.5,7768.5,2247
2026-08-05 08:49:00-07:00,7768.5,7769.0,7764.25,7764.75,3848
2026-08-05 08:50:00-07:00,7764.75,7767.0,7764.0,7765.5,3672
2026-08-05 08:51:00-07:00,7765.5,7766.0,7763.25,7763.75,2984
2026-08-05 08:52:00-07:00,7763.75,7765.0,7762.75,7763.5,3272
2026-08-05 08:53:00-07:00,7763.5,7767.5,7763.25,7766.25,2521
2026-08-05 08:54:00-07:00,7766.25,7767.0,7763.25,7764.0,2393
2026-08-05 08:55:00-07:00,7763.75,7764.25,7762.0,7762.75,2202
2026-08-05 08:56:00-07:00,7762.5,7763.0,7754.75,7760.25,5520
2026-08-05 08:57:00-07:00,7760.0,7760.0,7754.5,7758.0,4463
2026-08-05 08:58:00-07:00,7758.0,7762.0,7757.5,7761.0,3048
2026-08-05 08:59:00-07:00,7760.75,7763.0,7757.75,7758.0,2839
2026-08-05 09:00:00-07:00,7757.75,7759.5,7756.75,7758.25,4098
2026-08-05 09:01:00-07:00,7758.0,7758.75,7756.5,7756.75,2062
2026-08-05 09:02:00-07:00,7756.5,7757.0,7752.0,7754.25,5161
2026-08-05 09:03:00-07:00,7754.5,7757.0,7752.75,7756.75,3216
2026-08-05 09:04:00-07:00,7757.0,7762.0,7756.75,7760.0,2919
2026-08-05 09:05:00-07:00,7760.25,7760.25,7757.0,7759.25,3215
2026-08-05 09:06:00-07:00,7759.25,7760.0,7754.25,7756.0,2829
2026-08-05 09:07:00-07:00,7756.0,7758.25,7755.0,7755.75,3381
2026-08-05 09:08:00-07:00,7756.0,7756.5,7751.5,7751.75,2066
2026-08-05 09:09:00-07:00,7751.75,7755.0,7750.5,7754.0,3714
2026-08-05 09:10:00-07:00,7754.0,7755.5,7752.25,7753.0,2522
2026-08-05 09:11:00-07:00,7753.0,7755.25,7752.25,7754.25,1899
2026-08-05 09:12:00-07:00,7754.5,7755.0,7750.5,7753.5,1932
2026-08-05 09:13:00-07:00,7753.5,7754.75,7751.75,7753.25,1952
2026-08-05 09:14:00-07:00,7753.25,7756.25,7751.75,7756.0,1427
2026-08-05 09:15:00-07:00,7756.0,7757.5,7753.75,7756.5,2319
2026-08-05 09:16:00-07:00,7756.5,7763.0,7756.5,7761.25,3359
2026-08-05 09:17:00-07:00,7761.0,7762.0,7759.0,7760.25,2778
2026-08-05 09:18:00-07:00,7760.5,7760.5,7757.75,7759.0,2160
2026-08-05 09:19:00-07:00,7759.0,7759.75,7756.5,7757.75,2110
2026-08-05 09:20:00-07:00,7757.5,7765.25,7757.0,7764.75,3813
2026-08-05 09:21:00-07:00,7764.75,7770.0,7764.75,7767.5,5637
2026-08-05 09:22:00-07:00,7767.25,7768.75,7766.0,7767.5,4350
2026-08-05 09:23:00-07:00,7767.5,7768.0,7763.75,7763.75,3575
2026-08-05 09:24:00-07:00,7764.0,7765.25,7760.5,7762.0,3386
2026-08-05 09:25:00-07:00,7762.0,7766.25,7762.0,7766.0,2212
2026-08-05 09:26:00-07:00,7766.25,7769.5,7765.5,7769.25,2860
2026-08-05 09:27:00-07:00,7769.0,7772.5,7768.5,7768.5,4830
2026-08-05 09:28:00-07:00,7768.5,7769.75,7767.5,7769.5,2257
2026-08-05 09:29:00-07:00,7769.75,7772.5,7769.75,7772.25,2067
2026-08-05 09:30:00-07:00,7772.25,7773.75,7768.5,7768.5,3943
2026-08-05 09:31:00-07:00,7768.5,7769.25,7766.5,7767.0,2748
2026-08-05 09:32:00-07:00,7767.25,7769.75,7766.5,7769.25,2101
2026-08-05 09:33:00-07:00,7769.0,7769.25,7763.25,7764.25,2763
2026-08-05 09:34:00-07:00,7764.5,7768.5,7764.25,7768.25,1727
2026-08-05 09:35:00-07:00,7768.25,7768.25,7764.75,7766.5,2058
2026-08-05 09:36:00-07:00,7766.75,7767.5,7764.75,7767.0,1368
2026-08-05 09:37:00-07:00,7767.0,7767.75,7765.75,7767.0,1296
2026-08-05 09:38:00-07:00,7767.25,7769.25,7766.5,7769.25,1687
2026-08-05 09:39:00-07:00,7769.0,7769.75,7766.25,7766.75,1849
2026-08-05 09:40:00-07:00,7766.75,7769.5,7766.5,7769.5,1685
2026-08-05 09:41:00-07:00,7769.5,7771.25,7768.5,7768.75,1721
2026-08-05 09:42:00-07:00,7768.75,7769.0,7765.25,7765.5,2007
2026-08-05 09:43:00-07:00,7765.5,7768.5,7765.25,7768.25,1252
2026-08-05 09:44:00-07:00,7768.25,7769.75,7767.0,7767.25,1363
2026-08-05 09:45:00-07:00,7767.25,7768.75,7765.0,7767.75,1493
2026-08-05 09:46:00-07:00,7768.0,7768.25,7765.0,7766.0,1668
2026-08-05 09:47:00-07:00,7766.0,7767.5,7765.75,7765.75,1204
2026-08-05 09:48:00-07:00,7765.5,7766.75,7764.0,7766.0,2037
2026-08-05 09:49:00-07:00,7766.25,7766.5,7764.75,7765.5,1064
2026-08-05 09:50:00-07:00,7765.25,7770.0,7764.75,7770.0,2020
2026-08-05 09:51:00-07:00,7769.75,7770.75,7768.0,7768.5,1946
2026-08-05 09:52:00-07:00,7768.5,7770.75,7768.0,7768.75,1539
2026-08-05 09:53:00-07:00,7768.75,7771.75,7768.25,7771.75,2963
2026-08-05 09:54:00-07:00,7771.5,7772.0,7769.75,7771.25,2085
2026-08-05 09:55:00-07:00,7771.25,7771.5,7770.0,7770.25,1771
2026-08-05 09:56:00-07:00,7770.5,7772.0,7769.75,7770.0,1764
2026-08-05 09:57:00-07:00,7770.0,7772.5,7770.0,7771.75,1964
2026-08-05 09:58:00-07:00,7771.5,7773.0,7769.0,7769.75,3235
2026-08-05 09:59:00-07:00,7769.5,7770.75,7768.0,7769.5,1797
2026-08-05 10:00:00-07:00,7769.75,7771.75,7767.5,7769.75,2383
2026-08-05 10:01:00-07:00,7770.0,7773.0,7769.75,7772.0,1809
2026-08-05 10:02:00-07:00,7772.0,7772.0,7766.5,7767.0,1785
2026-08-05 10:03:00-07:00,7766.75,7768.25,7765.25,7767.5,1575
2026-08-05 10:04:00-07:00,7767.5,7767.75,7764.25,7765.5,1332
2026-08-05 10:05:00-07:00,7765.25,7767.0,7764.25,7766.5,1662
2026-08-05 10:06:00-07:00,7766.5,7767.5,7762.25,7763.0,2187
2026-08-05 10:07:00-07:00,7763.25,7766.5,7762.5,7764.75,2907
2026-08-05 10:08:00-07:00,7764.75,7766.75,7764.0,7765.75,1896
2026-08-05 10:09:00-07:00,7765.75,7766.25,7764.0,7764.75,1624
2026-08-05 10:10:00-07:00,7764.75,7765.5,7762.75,7762.75,1804
2026-08-05 10:11:00-07:00,7762.5,7767.5,7762.0,7767.5,1825
2026-08-05 10:12:00-07:00,7767.25,7769.25,7766.25,7768.0,1702
2026-08-05 10:13:00-07:00,7768.0,7768.0,7765.25,7766.0,1153
2026-08-05 10:14:00-07:00,7766.0,7767.5,7765.75,7766.5,1285
2026-08-05 10:15:00-07:00,7766.25,7769.25,7763.75,7768.75,2209
2026-08-05 10:16:00-07:00,7769.0,7769.5,7766.25,7766.5,1627
2026-08-05 10:17:00-07:00,7766.5,7767.0,7763.5,7765.25,1428
2026-08-05 10:18:00-07:00,7765.5,7766.75,7764.5,7766.5,1268
2026-08-05 10:19:00-07:00,7766.5,7767.25,7765.0,7765.0,916
2026-08-05 10:20:00-07:00,7765.0,7766.0,7764.5,7765.75,845
2026-08-05 10:21:00-07:00,7765.5,7766.0,7764.5,7765.5,843
2026-08-05 10:22:00-07:00,7765.5,7765.75,7762.0,7762.25,1545
2026-08-05 10:23:00-07:00,7762.5,7764.75,7761.75,7763.5,1367
2026-08-05 10:24:00-07:00,7763.75,7766.0,7763.25,7765.75,1061
2026-08-05 10:25:00-07:00,7765.75,7766.5,7764.25,7766.25,1293
2026-08-05 10:26:00-07:00,7766.5,7769.0,7766.5,7768.5,1470
2026-08-05 10:27:00-07:00,7768.5,7769.5,7767.25,7767.5,1280
2026-08-05 10:28:00-07:00,7767.5,7768.25,7766.25,7766.75,924
2026-08-05 10:29:00-07:00,7766.75,7766.75,7764.0,7764.75,1317
2026-08-05 10:30:00-07:00,7764.75,7765.0,7762.75,7763.75,1479
2026-08-05 10:31:00-07:00,7764.0,7764.5,7762.25,7764.5,1223
2026-08-05 10:32:00-07:00,7764.5,7766.5,7763.75,7766.0,1259
2026-08-05 10:33:00-07:00,7766.0,7767.75,7764.5,7767.0,1165
2026-08-05 10:34:00-07:00,7767.25,7768.75,7766.0,7767.5,1789
2026-08-05 10:35:00-07:00,7767.5,7769.5,7766.5,7768.75,1439
2026-08-05 10:36:00-07:00,7769.0,7769.25,7766.5,7767.5,1089
2026-08-05 10:37:00-07:00,7767.5,7769.25,7766.25,7768.25,1015
2026-08-05 10:38:00-07:00,7768.25,7768.5,7766.75,7767.75,699
2026-08-05 10:39:00-07:00,7768.0,7768.25,7767.25,7768.0,926
2026-08-05 10:40:00-07:00,7768.25,7771.75,7768.0,7771.25,1889
2026-08-05 10:41:00-07:00,7771.0,7771.0,7768.75,7769.0,1159
2026-08-05 10:42:00-07:00,7769.0,7770.5,7768.5,7769.75,1050
2026-08-05 10:43:00-07:00,7769.5,7770.5,7768.5,7770.25,1093
2026-08-05 10:44:00-07:00,7770.25,7770.25,7768.75,7768.75,993
2026-08-05 10:45:00-07:00,7768.75,7768.75,7765.0,7767.25,2183
2026-08-05 10:46:00-07:00,7767.25,7767.75,7765.75,7767.5,944
2026-08-05 10:47:00-07:00,7767.25,7769.0,7766.0,7768.75,1261
2026-08-05 10:48:00-07:00,7768.5,7769.25,7767.25,7769.25,887
2026-08-05 10:49:00-07:00,7769.0,7771.0,7769.0,7770.0,914
2026-08-05 10:50:00-07:00,7770.25,7771.25,7768.75,7768.75,1177
2026-08-05 10:51:00-07:00,7769.0,7771.75,7768.5,7771.0,1089
2026-08-05 10:52:00-07:00,7771.25,7771.25,7768.5,7769.75,1088
2026-08-05 10:53:00-07:00,7769.75,7769.75,7767.75,7769.0,1148
2026-08-05 10:54:00-07:00,7769.25,7769.5,7767.5,7768.0,793
2026-08-05 10:55:00-07:00,7768.0,7768.0,7766.0,7767.5,1375
2026-08-05 10:56:00-07:00,7767.75,7769.75,7767.25,7769.5,1043
2026-08-05 10:57:00-07:00,7769.5,7769.5,7767.75,7769.0,855
2026-08-05 10:58:00-07:00,7769.0,7769.75,7768.0,7768.25,834
2026-08-05 10:59:00-07:00,7768.5,7768.75,7766.75,7767.0,1362
2026-08-05 11:00:00-07:00,7767.0,7769.5,7766.75,7767.75,1634
2026-08-05 11:01:00-07:00,7767.75,7769.0,7767.25,7767.75,985
2026-08-05 11:02:00-07:00,7767.75,7770.0,7767.25,7769.75,1262
2026-08-05 11:03:00-07:00,7769.5,7771.5,7769.0,7771.0,1385
2026-08-05 11:04:00-07:00,7771.0,7773.75,7770.25,7773.0,2340
2026-08-05 11:05:00-07:00,7772.75,7774.0,7771.75,7773.5,2429
2026-08-05 11:06:00-07:00,7773.75,7774.5,7769.75,7771.25,2380
2026-08-05 11:07:00-07:00,7771.0,7771.25,7769.0,7769.5,1731
2026-08-05 11:08:00-07:00,7769.5,7770.75,7768.5,7770.5,1428
2026-08-05 11:09:00-07:00,7770.5,7771.5,7769.5,7770.75,1116
2026-08-05 11:10:00-07:00,7771.0,7772.0,7770.0,7770.5,1056
2026-08-05 11:11:00-07:00,7770.25,7773.0,7770.25,7772.25,1196
2026-08-05 11:12:00-07:00,7772.25,7772.5,7770.75,7771.5,843
2026-08-05 11:13:00-07:00,7771.5,7772.0,7770.5,7770.75,838
2026-08-05 11:14:00-07:00,7770.75,7771.5,7769.25,7769.5,1128
2026-08-05 11:15:00-07:00,7769.25,7772.25,7768.5,7772.25,1608
2026-08-05 11:16:00-07:00,7772.0,7772.5,7771.25,7772.0,932
2026-08-05 11:17:00-07:00,7771.75,7772.5,7769.75,7770.0,963
2026-08-05 11:18:00-07:00,7770.0,7771.25,7769.75,7771.25,719
2026-08-05 11:19:00-07:00,7771.0,7772.75,7771.0,7772.0,737
2026-08-05 11:20:00-07:00,7772.0,7772.25,7770.75,7772.0,776
2026-08-05 11:21:00-07:00,7772.0,7772.0,7770.75,7771.25,858
2026-08-05 11:22:00-07:00,7771.0,7771.25,7769.0,7770.25,983
2026-08-05 11:23:00-07:00,7770.25,7771.0,7769.5,7771.0,1291
2026-08-05 11:24:00-07:00,7770.75,7771.25,7770.0,7770.25,808
2026-08-05 11:25:00-07:00,7770.25,7772.5,7770.25,7772.25,1466
2026-08-05 11:26:00-07:00,7772.0,7772.75,7771.0,7771.5,1210
2026-08-05 11:27:00-07:00,7771.5,7771.75,7770.75,7770.75,753
2026-08-05 11:28:00-07:00,7770.75,7771.0,7769.5,7770.25,1024
2026-08-05 11:29:00-07:00,7770.25,7771.25,7770.0,7771.0,556
2026-08-05 11:30:00-07:00,7771.0,7771.0,7766.5,7767.25,3061
2026-08-05 11:31:00-07:00,7767.25,7767.25,7764.25,7764.75,2130
2026-08-05 11:32:00-07:00,7764.5,7765.5,7763.25,7764.25,1707
2026-08-05 11:33:00-07:00,7764.0,7765.75,7764.0,7765.0,1215
2026-08-05 11:34:00-07:00,7765.0,7766.5,7763.75,7765.5,1358
2026-08-05 11:35:00-07:00,7765.25,7767.25,7765.0,7767.25,1138
2026-08-05 11:36:00-07:00,7767.0,7768.5,7766.5,7767.5,1239
2026-08-05 11:37:00-07:00,7767.5,7768.25,7766.0,7767.75,843
2026-08-05 11:38:00-07:00,7767.5,7768.75,7766.5,7768.0,837
2026-08-05 11:39:00-07:00,7768.0,7768.5,7766.25,7766.5,821
2026-08-05 11:40:00-07:00,7766.5,7768.5,7766.0,7767.0,1165
2026-08-05 11:41:00-07:00,7766.75,7767.25,7765.5,7767.0,1113
2026-08-05 11:42:00-07:00,7767.0,7768.5,7766.0,7768.25,810
2026-08-05 11:43:00-07:00,7768.5,7768.5,7766.75,7767.25,767
2026-08-05 11:44:00-07:00,7767.25,7768.25,7766.75,7767.75,659
2026-08-05 11:45:00-07:00,7767.5,7770.0,7767.0,7769.5,2010
2026-08-05 11:46:00-07:00,7769.75,7770.0,7768.0,7769.75,992
2026-08-05 11:47:00-07:00,7769.75,7770.5,7769.0,7769.75,820
2026-08-05 11:48:00-07:00,7769.75,7771.5,7769.5,7770.0,1041
2026-08-05 11:49:00-07:00,7769.75,7770.25,7769.0,7770.0,473
2026-08-05 11:50:00-07:00,7770.0,7771.5,7769.5,7770.5,1038
2026-08-05 11:51:00-07:00,7770.75,7771.0,7769.0,7769.25,977
2026-08-05 11:52:00-07:00,7769.25,7769.5,7768.25,7768.5,987
2026-08-05 11:53:00-07:00,7768.5,7769.5,7768.25,7768.75,923
2026-08-05 11:54:00-07:00,7769.0,7770.25,7768.25,7769.25,928
2026-08-05 11:55:00-07:00,7769.25,7769.5,7767.25,7767.5,1370
2026-08-05 11:56:00-07:00,7767.25,7767.25,7765.75,7766.25,1477
2026-08-05 11:57:00-07:00,7766.25,7767.5,7765.0,7767.5,1475
2026-08-05 11:58:00-07:00,7767.5,7768.0,7766.5,7766.75,1055
2026-08-05 11:59:00-07:00,7766.75,7767.0,7765.0,7765.5,1239
2026-08-05 12:00:00-07:00,7765.5,7766.5,7764.0,7765.75,2708
2026-08-05 12:01:00-07:00,7765.75,7767.75,7765.25,7767.5,1680
2026-08-05 12:02:00-07:00,7767.5,7767.75,7766.0,7766.25,1761
2026-08-05 12:03:00-07:00,7766.5,7767.0,7765.25,7766.5,1234
2026-08-05 12:04:00-07:00,7766.75,7767.75,7766.5,7767.75,1392
2026-08-05 12:05:00-07:00,7767.75,7770.0,7767.0,7769.25,1995
2026-08-05 12:06:00-07:00,7769.0,7769.25,7767.25,7767.25,1122
2026-08-05 12:07:00-07:00,7767.25,7770.0,7766.75,7769.5,1553
2026-08-05 12:08:00-07:00,7769.25,7769.5,7768.0,7769.0,1188
2026-08-05 12:09:00-07:00,7769.0,7769.0,7767.75,7768.5,754
2026-08-05 12:10:00-07:00,7768.5,7768.5,7767.0,7768.25,2183
2026-08-05 12:11:00-07:00,7768.25,7768.25,7766.5,7767.75,1965
2026-08-05 12:12:00-07:00,7767.5,7768.25,7767.5,7768.0,1191
2026-08-05 12:13:00-07:00,7768.25,7769.5,7767.5,7768.25,1472
2026-08-05 12:14:00-07:00,7768.25,7769.25,7767.75,7768.75,1162
2026-08-05 12:15:00-07:00,7769.0,7770.0,7768.0,7769.5,1728
2026-08-05 12:16:00-07:00,7769.75,7770.5,7768.75,7770.0,1054
2026-08-05 12:17:00-07:00,7769.75,7770.0,7769.0,7769.75,1219
2026-08-05 12:18:00-07:00,7769.75,7770.5,7769.25,7770.5,1125
2026-08-05 12:19:00-07:00,7770.5,7770.75,7769.25,7770.0,1627
2026-08-05 12:20:00-07:00,7770.0,7771.5,7769.75,7770.5,1753
2026-08-05 12:21:00-07:00,7770.25,7770.25,7767.75,7769.0,1676
2026-08-05 12:22:00-07:00,7769.0,7770.0,7768.5,7769.0,1493
2026-08-05 12:23:00-07:00,7768.75,7771.25,7768.75,7770.5,1295
2026-08-05 12:24:00-07:00,7770.25,7770.75,7769.5,7770.0,1589
2026-08-05 12:25:00-07:00,7770.0,7770.5,7769.0,7769.5,1573
2026-08-05 12:26:00-07:00,7769.25,7771.0,7769.25,7770.75,1649
2026-08-05 12:27:00-07:00,7770.5,7771.0,7770.0,7770.5,1194
2026-08-05 12:28:00-07:00,7770.5,7770.75,7769.25,7770.0,1488
2026-08-05 12:29:00-07:00,7770.0,7770.5,7768.75,7769.25,1147
2026-08-05 12:30:00-07:00,7769.25,7770.0,7768.5,7769.5,2684
2026-08-05 12:31:00-07:00,7769.5,7769.5,7767.0,7767.5,2151
2026-08-05 12:32:00-07:00,7767.5,7768.75,7767.0,7768.0,1473
2026-08-05 12:33:00-07:00,7767.75,7768.0,7764.75,7766.0,2646
2026-08-05 12:34:00-07:00,7766.0,7767.25,7765.75,7766.75,1346
2026-08-05 12:35:00-07:00,7766.5,7766.5,7763.75,7764.5,2325
2026-08-05 12:36:00-07:00,7764.5,7765.25,7763.5,7765.0,1482
2026-08-05 12:37:00-07:00,7765.0,7766.25,7764.25,7765.0,1746
2026-08-05 12:38:00-07:00,7764.75,7766.0,7764.0,7764.25,1728
2026-08-05 12:39:00-07:00,7764.25,7764.75,7763.5,7764.25,1981
2026-08-05 12:40:00-07:00,7764.25,7766.5,7763.75,7766.5,1952
2026-08-05 12:41:00-07:00,7766.5,7766.75,7765.25,7766.0,1950
2026-08-05 12:42:00-07:00,7766.25,7767.5,7765.75,7766.75,1438
2026-08-05 12:43:00-07:00,7766.5,7767.0,7765.75,7766.0,1457
2026-08-05 12:44:00-07:00,7766.0,7766.5,7765.25,7766.25,2076
2026-08-05 12:45:00-07:00,7766.25,7767.75,7765.75,7766.75,2496
2026-08-05 12:46:00-07:00,7766.5,7766.75,7763.0,7763.75,2700
2026-08-05 12:47:00-07:00,7763.75,7766.0,7763.5,7765.75,1747
2026-08-05 12:48:00-07:00,7766.0,7766.0,7763.25,7763.5,2599
2026-08-05 12:49:00-07:00,7763.75,7766.25,7763.5,7766.25,2698
2026-08-05 12:50:00-07:00,7766.25,7768.5,7764.5,7765.0,4644
2026-08-05 12:51:00-07:00,7764.75,7766.75,7764.75,7766.0,2893
2026-08-05 12:52:00-07:00,7766.25,7767.0,7765.0,7765.5,2971
2026-08-05 12:53:00-07:00,7765.5,7767.25,7764.75,7767.0,2893
2026-08-05 12:54:00-07:00,7767.0,7767.0,7765.25,7766.0,3983
2026-08-05 12:55:00-07:00,7766.0,7767.25,7764.5,7764.75,6848
2026-08-06 06:25:00-07:00,7751.75,7752.5,7749.0,7749.75,1917
2026-08-06 06:26:00-07:00,7749.75,7750.5,7748.75,7750.0,762
2026-08-06 06:27:00-07:00,7749.75,7751.75,7749.5,7751.75,1294
2026-08-06 06:28:00-07:00,7751.5,7752.0,7750.0,7752.0,1479
2026-08-06 06:29:00-07:00,7752.0,7753.0,7751.25,7751.75,1847
2026-08-06 06:30:00-07:00,7751.75,7757.5,7750.5,7751.75,11570
2026-08-06 06:31:00-07:00,7752.0,7754.5,7749.5,7749.75,8116
2026-08-06 06:32:00-07:00,7749.75,7750.5,7743.5,7744.25,7325
2026-08-06 06:33:00-07:00,7744.5,7745.75,7740.25,7744.25,6686
2026-08-06 06:34:00-07:00,7744.5,7750.25,7742.5,7749.0,6989
2026-08-06 06:35:00-07:00,7749.25,7751.0,7746.0,7750.25,6901
2026-08-06 06:36:00-07:00,7750.25,7755.75,7750.25,7755.0,7451
2026-08-06 06:37:00-07:00,7755.0,7759.0,7754.25,7755.25,5991
2026-08-06 06:38:00-07:00,7755.25,7757.75,7751.75,7752.25,5163
2026-08-06 06:39:00-07:00,7752.25,7753.5,7746.75,7747.0,5520
2026-08-06 06:40:00-07:00,7747.0,7752.25,7745.0,7750.0,6811
2026-08-06 06:41:00-07:00,7750.25,7755.25,7750.25,7754.0,4388
2026-08-06 06:42:00-07:00,7754.0,7755.75,7751.5,7752.5,5350
2026-08-06 06:43:00-07:00,7752.75,7757.75,7752.5,7756.75,5620
2026-08-06 06:44:00-07:00,7757.0,7759.0,7753.5,7755.25,5310
2026-08-06 06:45:00-07:00,7755.25,7759.5,7755.0,7756.75,4559
2026-08-06 06:46:00-07:00,7756.75,7760.75,7755.75,7760.5,3491
2026-08-06 06:47:00-07:00,7760.5,7764.25,7760.25,7764.25,5166
2026-08-06 06:48:00-07:00,7764.25,7765.5,7763.0,7764.25,3523
2026-08-06 06:49:00-07:00,7764.25,7765.5,7762.5,7763.0,3186
2026-08-06 06:50:00-07:00,7763.0,7765.5,7761.25,7763.5,3413
2026-08-06 06:51:00-07:00,7763.25,7764.5,7760.25,7764.5,2581
2026-08-06 06:52:00-07:00,7764.5,7765.5,7762.25,7763.25,2791
2026-08-06 06:53:00-07:00,7763.25,7764.5,7760.0,7760.75,3154
2026-08-06 06:54:00-07:00,7761.0,7762.25,7758.0,7759.5,3215
2026-08-06 06:55:00-07:00,7759.25,7761.5,7758.0,7760.25,3021
2026-08-06 06:56:00-07:00,7760.0,7763.0,7756.75,7757.75,4077
2026-08-06 06:57:00-07:00,7758.25,7761.0,7757.5,7758.75,2780
2026-08-06 06:58:00-07:00,7758.75,7759.25,7757.5,7759.0,2515
2026-08-06 06:59:00-07:00,7759.25,7761.25,7755.5,7759.25,4004
2026-08-06 07:00:00-07:00,7759.25,7762.75,7756.25,7760.0,4906
2026-08-06 07:01:00-07:00,7760.0,7761.0,7756.0,7759.75,3891
2026-08-06 07:02:00-07:00,7759.75,7763.75,7759.25,7763.5,3314
2026-08-06 07:03:00-07:00,7763.5,7763.5,7756.75,7757.0,2847
2026-08-06 07:04:00-07:00,7757.0,7762.25,7756.75,7761.5,2661
2026-08-06 07:05:00-07:00,7761.75,7762.75,7759.25,7760.0,1946
2026-08-06 07:06:00-07:00,7760.0,7762.75,7759.0,7762.25,2660
2026-08-06 07:07:00-07:00,7762.25,7765.0,7762.0,7763.0,3230
2026-08-06 07:08:00-07:00,7763.0,7764.75,7761.75,7764.5,1959
2026-08-06 07:09:00-07:00,7764.5,7765.25,7762.25,7764.5,2459
2026-08-06 07:10:00-07:00,7764.5,7766.25,7764.0,7765.25,2958
2026-08-06 07:11:00-07:00,7765.25,7767.75,7764.5,7766.75,2971
2026-08-06 07:12:00-07:00,7767.0,7767.25,7764.0,7764.0,2504
2026-08-06 07:13:00-07:00,7764.0,7767.25,7764.0,7766.0,2030
2026-08-06 07:14:00-07:00,7766.0,7767.5,7764.5,7765.75,3043
2026-08-06 07:15:00-07:00,7765.75,7766.0,7761.25,7763.5,3154
2026-08-06 07:16:00-07:00,7763.5,7763.75,7761.25,7761.75,2100
2026-08-06 07:17:00-07:00,7761.75,7766.75,7761.75,7766.25,3151
2026-08-06 07:18:00-07:00,7766.25,7768.25,7764.5,7767.75,3233
2026-08-06 07:19:00-07:00,7767.75,7768.5,7766.25,7767.25,1862
2026-08-06 07:20:00-07:00,7767.5,7768.25,7765.25,7766.5,2804
2026-08-06 07:21:00-07:00,7766.75,7767.0,7765.0,7765.25,1468
2026-08-06 07:22:00-07:00,7765.25,7768.5,7765.25,7766.25,1994
2026-08-06 07:23:00-07:00,7766.25,7767.25,7763.5,7763.5,1844
2026-08-06 07:24:00-07:00,7763.5,7765.25,7761.75,7762.5,2048
2026-08-06 07:25:00-07:00,7762.5,7762.75,7757.25,7760.25,4235
2026-08-06 07:26:00-07:00,7760.5,7760.5,7753.25,7755.75,4628
2026-08-06 07:27:00-07:00,7755.75,7756.0,7752.75,7753.75,2986
2026-08-06 07:28:00-07:00,7754.0,7757.0,7752.25,7753.0,4042
2026-08-06 07:29:00-07:00,7753.0,7755.25,7750.75,7754.5,4314
2026-08-06 07:30:00-07:00,7754.75,7758.25,7754.25,7755.5,5067
2026-08-06 07:31:00-07:00,7755.5,7756.0,7752.5,7754.75,3641
2026-08-06 07:32:00-07:00,7754.75,7755.25,7751.75,7754.5,3325
2026-08-06 07:33:00-07:00,7754.5,7755.5,7753.0,7755.0,3588
2026-08-06 07:34:00-07:00,7755.25,7759.0,7754.25,7758.0,3663
2026-08-06 07:35:00-07:00,7758.0,7759.5,7757.0,7759.25,2813
2026-08-06 07:36:00-07:00,7759.25,7759.75,7753.75,7756.0,3287
2026-08-06 07:37:00-07:00,7756.25,7756.25,7752.0,7753.0,3115
2026-08-06 07:38:00-07:00,7753.0,7754.5,7750.25,7750.25,3710
2026-08-06 07:39:00-07:00,7750.5,7752.0,7747.5,7747.5,5170
2026-08-06 07:40:00-07:00,7747.5,7750.5,7746.25,7749.5,4316
2026-08-06 07:41:00-07:00,7749.5,7753.5,7749.0,7753.25,2812
2026-08-06 07:42:00-07:00,7753.5,7755.75,7752.75,7755.5,3371
2026-08-06 07:43:00-07:00,7755.5,7757.0,7754.25,7756.5,2738
2026-08-06 07:44:00-07:00,7756.5,7757.25,7751.25,7751.5,2612
2026-08-06 07:45:00-07:00,7751.5,7752.5,7747.5,7750.75,3664
2026-08-06 07:46:00-07:00,7750.75,7751.5,7747.75,7748.0,3128
2026-08-06 07:47:00-07:00,7747.75,7750.0,7747.5,7749.5,2739
2026-08-06 07:48:00-07:00,7749.75,7750.0,7747.5,7748.0,2216
2026-08-06 07:49:00-07:00,7748.0,7749.25,7746.5,7746.75,2101
2026-08-06 07:50:00-07:00,7746.75,7749.75,7745.25,7749.75,3197
2026-08-06 07:51:00-07:00,7749.5,7749.75,7747.5,7748.25,2133
2026-08-06 07:52:00-07:00,7748.25,7750.0,7747.5,7749.25,1829
2026-08-06 07:53:00-07:00,7749.25,7751.5,7748.0,7748.0,2213
2026-08-06 07:54:00-07:00,7748.25,7755.0,7748.0,7755.0,2841
2026-08-06 07:55:00-07:00,7755.0,7755.5,7753.0,7755.25,2401
2026-08-06 07:56:00-07:00,7755.0,7758.25,7754.0,7758.0,2836
2026-08-06 07:57:00-07:00,7758.0,7760.75,7756.5,7759.25,3454
2026-08-06 07:58:00-07:00,7759.25,7760.25,7757.25,7757.25,2318
2026-08-06 07:59:00-07:00,7757.25,7760.25,7756.5,7760.0,2032
2026-08-06 08:00:00-07:00,7759.75,7762.5,7759.5,7759.5,4056
2026-08-06 08:01:00-07:00,7759.75,7760.5,7757.5,7759.25,2419
2026-08-06 08:02:00-07:00,7759.0,7759.25,7754.75,7755.5,2810
2026-08-06 08:03:00-07:00,7755.25,7755.75,7751.0,7752.75,3398
2026-08-06 08:04:00-07:00,7752.5,7753.75,7751.75,7752.75,2240
2026-08-06 08:05:00-07:00,7752.75,7755.25,7752.5,7755.0,2178
2026-08-06 08:06:00-07:00,7755.0,7756.25,7753.0,7755.75,1764
2026-08-06 08:07:00-07:00,7755.75,7757.75,7754.5,7757.0,1751
2026-08-06 08:08:00-07:00,7757.0,7758.25,7756.0,7756.25,2304
2026-08-06 08:09:00-07:00,7756.0,7756.0,7754.25,7756.0,2242
2026-08-06 08:10:00-07:00,7755.75,7757.5,7755.0,7756.25,2240
2026-08-06 08:11:00-07:00,7756.5,7757.0,7754.5,7754.75,1929
2026-08-06 08:12:00-07:00,7754.75,7755.75,7752.75,7753.0,1842
2026-08-06 08:13:00-07:00,7753.0,7753.75,7751.25,7751.25,2433
2026-08-06 08:14:00-07:00,7751.5,7751.75,7749.0,7749.5,2317
2026-08-06 08:15:00-07:00,7749.5,7751.0,7748.5,7750.5,2326
2026-08-06 08:16:00-07:00,7750.5,7750.5,7748.0,7750.25,2473
2026-08-06 08:17:00-07:00,7750.25,7750.5,7745.0,7745.5,4199
2026-08-06 08:18:00-07:00,7745.5,7746.0,7741.75,7743.5,4768
2026-08-06 08:19:00-07:00,7743.25,7743.25,7739.0,7739.25,4225
2026-08-06 08:20:00-07:00,7739.5,7742.0,7738.5,7741.25,4765
2026-08-06 08:21:00-07:00,7741.25,7741.75,7737.75,7740.5,3808
2026-08-06 08:22:00-07:00,7740.5,7740.75,7737.75,7738.0,2884
2026-08-06 08:23:00-07:00,7738.25,7741.75,7736.0,7740.75,4459
2026-08-06 08:24:00-07:00,7740.75,7742.5,7738.75,7739.0,3150
2026-08-06 08:25:00-07:00,7739.0,7740.5,7736.25,7740.5,3426
2026-08-06 08:26:00-07:00,7740.25,7742.25,7738.5,7739.25,3014
2026-08-06 08:27:00-07:00,7739.25,7742.75,7738.5,7738.5,2302
2026-08-06 08:28:00-07:00,7738.75,7741.5,7738.25,7741.5,1742
2026-08-06 08:29:00-07:00,7741.25,7742.5,7740.25,7742.5,2145
2026-08-06 08:30:00-07:00,7742.25,7744.0,7740.5,7743.5,3208
2026-08-06 08:31:00-07:00,7743.5,7744.5,7739.5,7739.75,1981
2026-08-06 08:32:00-07:00,7739.5,7740.25,7737.0,7738.0,2307
2026-08-06 08:33:00-07:00,7737.75,7738.75,7736.25,7738.25,2364
2026-08-06 08:34:00-07:00,7738.25,7738.5,7734.75,7734.75,3225
2026-08-06 08:35:00-07:00,7734.75,7737.5,7734.0,7737.5,3842
2026-08-06 08:36:00-07:00,7737.5,7737.75,7733.75,7734.0,2925
2026-08-06 08:37:00-07:00,7734.0,7736.25,7732.75,7736.25,2788
2026-08-06 08:38:00-07:00,7736.0,7738.0,7734.75,7736.25,2198
2026-08-06 08:39:00-07:00,7736.25,7738.75,7735.5,7736.5,1645
2026-08-06 08:40:00-07:00,7736.5,7739.0,7735.5,7737.75,1750
2026-08-06 08:41:00-07:00,7738.0,7739.0,7735.5,7735.5,1889
2026-08-06 08:42:00-07:00,7735.75,7737.0,7734.5,7734.75,1742
2026-08-06 08:43:00-07:00,7734.75,7734.75,7732.75,7734.0,1984
2026-08-06 08:44:00-07:00,7734.0,7735.5,7732.75,7733.0,1923
2026-08-06 08:45:00-07:00,7732.75,7735.25,7732.5,7734.25,2523
2026-08-06 08:46:00-07:00,7734.25,7741.0,7734.0,7741.0,4459
2026-08-06 08:47:00-07:00,7740.75,7742.0,7740.0,7740.0,2268
2026-08-06 08:48:00-07:00,7740.0,7745.0,7739.75,7745.0,2801
2026-08-06 08:49:00-07:00,7745.0,7745.75,7741.25,7741.75,2961
2026-08-06 08:50:00-07:00,7741.75,7747.5,7741.75,7745.0,4105
2026-08-06 08:51:00-07:00,7745.25,7745.25,7739.75,7741.25,2745
2026-08-06 08:52:00-07:00,7741.25,7743.0,7737.75,7739.25,4593
2026-08-06 08:53:00-07:00,7739.5,7739.5,7733.25,7735.5,4891
2026-08-06 08:54:00-07:00,7735.25,7737.25,7730.25,7731.0,5047
2026-08-06 08:55:00-07:00,7730.75,7732.5,7729.25,7732.0,6836
2026-08-06 08:56:00-07:00,7732.0,7734.0,7730.75,7731.75,4290
2026-08-06 08:57:00-07:00,7732.0,7735.25,7731.0,7734.5,3979
2026-08-06 08:58:00-07:00,7734.5,7734.75,7732.25,7733.0,2450
2026-08-06 08:59:00-07:00,7732.75,7733.0,7729.75,7731.0,2576
2026-08-06 09:00:00-07:00,7731.0,7732.75,7729.0,7729.75,3511
2026-08-06 09:01:00-07:00,7729.75,7730.0,7727.25,7729.5,4126
2026-08-06 09:02:00-07:00,7729.5,7731.75,7729.0,7731.25,3002
2026-08-06 09:03:00-07:00,7731.0,7732.0,7729.25,7729.25,2502
2026-08-06 09:04:00-07:00,7729.5,7730.25,7727.25,7730.0,3096
2026-08-06 09:05:00-07:00,7730.0,7733.25,7729.0,7732.5,2735
2026-08-06 09:06:00-07:00,7732.5,7733.5,7728.75,7730.5,3275
2026-08-06 09:07:00-07:00,7730.5,7732.25,7730.25,7731.25,1503
2026-08-06 09:08:00-07:00,7731.25,7734.75,7731.0,7732.75,2181
2026-08-06 09:09:00-07:00,7732.75,7733.25,7731.5,7733.0,1412
2026-08-06 09:10:00-07:00,7732.75,7735.0,7732.75,7733.5,2088
2026-08-06 09:11:00-07:00,7733.5,7733.75,7729.0,7729.0,2330
2026-08-06 09:12:00-07:00,7729.25,7730.75,7728.5,7730.75,1612
2026-08-06 09:13:00-07:00,7731.0,7731.25,7728.0,7728.0,2407
2026-08-06 09:14:00-07:00,7728.25,7729.75,7728.0,7729.5,1809
2026-08-06 09:15:00-07:00,7729.5,7730.0,7727.5,7727.5,2384
2026-08-06 09:16:00-07:00,7727.5,7728.75,7724.25,7727.75,4914
2026-08-06 09:17:00-07:00,7728.0,7729.75,7727.75,7729.25,2902
2026-08-06 09:18:00-07:00,7729.5,7732.75,7728.0,7731.75,2435
2026-08-06 09:19:00-07:00,7732.0,7732.75,7730.5,7731.75,2095
2026-08-06 09:20:00-07:00,7732.0,7732.25,7728.5,7730.25,1704
2026-08-06 09:21:00-07:00,7730.5,7732.5,7729.0,7731.5,2128
2026-08-06 09:22:00-07:00,7731.5,7733.0,7730.25,7730.5,2674
2026-08-06 09:23:00-07:00,7730.25,7731.0,7729.5,7730.0,2237
2026-08-06 09:24:00-07:00,7730.0,7732.5,7728.25,7732.25,2431
2026-08-06 09:25:00-07:00,7732.5,7732.75,7729.5,7729.5,1701
2026-08-06 09:26:00-07:00,7729.5,7731.0,7729.5,7730.5,1667
2026-08-06 09:27:00-07:00,7730.75,7733.25,7730.0,7732.5,2244
2026-08-06 09:28:00-07:00,7732.5,7734.75,7731.75,7732.0,2472
2026-08-06 09:29:00-07:00,7732.0,7734.0,7731.5,7732.0,1739
2026-08-06 09:30:00-07:00,7732.25,7736.0,7732.0,7735.75,3020
2026-08-06 09:31:00-07:00,7735.75,7736.75,7735.0,7735.75,2472
2026-08-06 09:32:00-07:00,7736.0,7738.0,7734.0,7734.0,2849
2026-08-06 09:33:00-07:00,7734.0,7734.25,7731.5,7732.0,1684
2026-08-06 09:34:00-07:00,7732.0,7733.25,7730.75,7732.75,1747
2026-08-06 09:35:00-07:00,7733.0,7734.0,7731.5,7732.75,1386
2026-08-06 09:36:00-07:00,7733.0,7735.0,7732.0,7734.25,1428
2026-08-06 09:37:00-07:00,7734.5,7736.25,7733.5,7735.75,1460
2026-08-06 09:38:00-07:00,7735.75,7738.0,7735.75,7737.5,2323
2026-08-06 09:39:00-07:00,7737.5,7738.5,7737.0,7738.25,2137
2026-08-06 09:40:00-07:00,7738.5,7738.5,7734.5,7735.75,1923
2026-08-06 09:41:00-07:00,7735.5,7736.5,7731.0,7733.25,3445
2026-08-06 09:42:00-07:00,7733.5,7734.75,7732.75,7733.75,1961
2026-08-06 09:43:00-07:00,7733.75,7734.25,7730.75,7731.0,1710
2026-08-06 09:44:00-07:00,7731.25,7732.0,7730.0,7730.25,1559
2026-08-06 09:45:00-07:00,7730.25,7733.0,7730.25,7731.25,1924
2026-08-06 09:46:00-07:00,7731.5,7731.75,7729.0,7729.25,1594
2026-08-06 09:47:00-07:00,7729.25,7730.75,7728.75,7730.75,1957
2026-08-06 09:48:00-07:00,7730.5,7732.0,7729.75,7731.0,1739
2026-08-06 09:49:00-07:00,7731.0,7733.75,7730.25,7733.75,1641
2026-08-06 09:50:00-07:00,7733.75,7734.75,7732.0,7732.25,2200
2026-08-06 09:51:00-07:00,7732.25,7735.5,7732.0,7734.0,2656
2026-08-06 09:52:00-07:00,7734.0,7735.75,7733.25,7735.25,1770
2026-08-06 09:53:00-07:00,7735.0,7736.5,7734.25,7734.75,1503
2026-08-06 09:54:00-07:00,7734.75,7735.0,7732.25,7733.25,1207
2026-08-06 09:55:00-07:00,7733.25,7735.5,7733.0,7735.5,1104
2026-08-06 09:56:00-07:00,7735.5,7737.0,7734.75,7736.5,1298
2026-08-06 09:57:00-07:00,7736.25,7738.0,7735.0,7735.5,1265
2026-08-06 09:58:00-07:00,7735.75,7738.75,7735.5,7738.25,1194
2026-08-06 09:59:00-07:00,7738.5,7740.0,7738.5,7739.5,1905
2026-08-06 10:00:00-07:00,7739.5,7741.5,7738.5,7741.25,3047
2026-08-06 10:01:00-07:00,7741.0,7741.5,7738.25,7738.5,3981
2026-08-06 10:02:00-07:00,7738.25,7738.5,7736.5,7736.75,1495
2026-08-06 10:03:00-07:00,7736.75,7737.75,7736.5,7737.0,1166
2026-08-06 10:04:00-07:00,7736.75,7738.5,7736.5,7737.25,1189
2026-08-06 10:05:00-07:00,7737.25,7740.0,7736.75,7740.0,1043
2026-08-06 10:06:00-07:00,7739.75,7741.0,7738.5,7739.25,1390
2026-08-06 10:07:00-07:00,7739.0,7739.25,7733.75,7734.75,2673
2026-08-06 10:08:00-07:00,7734.5,7734.5,7732.25,7733.0,2528
2026-08-06 10:09:00-07:00,7733.0,7734.75,7732.5,7732.75,1505
2026-08-06 10:10:00-07:00,7733.0,7734.25,7732.75,7733.75,1285
2026-08-06 10:11:00-07:00,7733.75,7734.5,7732.0,7732.75,1693
2026-08-06 10:12:00-07:00,7732.75,7734.0,7732.0,7733.75,1257
2026-08-06 10:13:00-07:00,7734.0,7735.5,7733.5,7734.0,1383
2026-08-06 10:14:00-07:00,7734.0,7734.25,7730.5,7731.0,1278
2026-08-06 10:15:00-07:00,7731.0,7731.75,7729.75,7730.75,1823
2026-08-06 10:16:00-07:00,7730.75,7732.0,7730.75,7731.25,1810
2026-08-06 10:17:00-07:00,7731.5,7732.25,7730.75,7731.75,1397
2026-08-06 10:18:00-07:00,7731.75,7733.25,7731.0,7733.0,1180
2026-08-06 10:19:00-07:00,7733.0,7734.25,7732.0,7733.0,1138
2026-08-06 10:20:00-07:00,7733.25,7733.75,7732.0,7733.0,920
2026-08-06 10:21:00-07:00,7733.25,7733.25,7728.75,7729.5,1829
2026-08-06 10:22:00-07:00,7729.5,7730.75,7729.0,7729.75,866
2026-08-06 10:23:00-07:00,7729.75,7731.5,7729.0,7730.0,1297
2026-08-06 10:24:00-07:00,7730.0,7730.25,7728.75,7729.0,1128
2026-08-06 10:25:00-07:00,7729.0,7732.0,7729.0,7731.75,1437
2026-08-06 10:26:00-07:00,7731.75,7732.25,7730.25,7731.25,1133
2026-08-06 10:27:00-07:00,7731.25,7731.5,7730.25,7731.0,853
2026-08-06 10:28:00-07:00,7731.0,7731.5,7729.75,7730.75,1000
2026-08-06 10:29:00-07:00,7730.75,7730.75,7727.75,7727.75,1319
2026-08-06 10:30:00-07:00,7727.75,7730.5,7726.75,7729.5,1803
2026-08-06 10:31:00-07:00,7729.5,7731.25,7729.0,7729.25,1119
2026-08-06 10:32:00-07:00,7729.25,7731.75,7729.25,7731.0,924
2026-08-06 10:33:00-07:00,7731.0,7731.25,7729.25,7729.5,924
2026-08-06 10:34:00-07:00,7729.5,7731.0,7729.0,7730.5,1145
2026-08-06 10:35:00-07:00,7730.5,7732.5,7730.25,7730.75,1222
2026-08-06 10:36:00-07:00,7730.5,7731.75,7729.5,7730.75,840
2026-08-06 10:37:00-07:00,7730.5,7731.5,7730.0,7731.25,808
2026-08-06 10:38:00-07:00,7731.25,7732.0,7730.0,7730.25,798
2026-08-06 10:39:00-07:00,7730.5,7731.25,7729.25,7729.75,819
2026-08-06 10:40:00-07:00,7730.0,7730.5,7728.5,7728.5,1163
2026-08-06 10:41:00-07:00,7728.75,7729.25,7727.75,7728.5,1477
2026-08-06 10:42:00-07:00,7728.5,7730.5,7728.5,7729.75,1058
2026-08-06 10:43:00-07:00,7729.75,7730.0,7728.75,7729.5,790
2026-08-06 10:44:00-07:00,7729.25,7731.0,7728.75,7731.0,902
2026-08-06 10:45:00-07:00,7731.0,7732.75,7730.25,7732.25,1340
2026-08-06 10:46:00-07:00,7732.25,7733.5,7730.5,7732.75,1593
2026-08-06 10:47:00-07:00,7732.75,7733.0,7730.5,7731.25,1259
2026-08-06 10:48:00-07:00,7731.0,7731.25,7730.25,7730.75,1169
2026-08-06 10:49:00-07:00,7730.75,7731.0,7729.5,7729.5,998
2026-08-06 10:50:00-07:00,7729.5,7731.0,7729.25,7729.75,1336
2026-08-06 10:51:00-07:00,7730.0,7732.25,7729.75,7731.75,1342
2026-08-06 10:52:00-07:00,7731.5,7734.5,7731.5,7734.25,1512
2026-08-06 10:53:00-07:00,7734.25,7734.75,7733.0,7734.0,1478
2026-08-06 10:54:00-07:00,7734.0,7734.75,7733.5,7734.0,1249
2026-08-06 10:55:00-07:00,7734.0,7735.25,7733.25,7733.25,1461
2026-08-06 10:56:00-07:00,7733.5,7733.75,7732.5,7733.0,1224
2026-08-06 10:57:00-07:00,7733.0,7736.0,7733.0,7735.75,950
2026-08-06 10:58:00-07:00,7736.0,7736.0,7734.75,7735.0,1366
2026-08-06 10:59:00-07:00,7735.25,7736.25,7735.0,7736.25,1501
2026-08-06 11:00:00-07:00,7736.25,7737.75,7734.5,7736.75,2445
2026-08-06 11:01:00-07:00,7736.75,7737.0,7735.75,7736.0,1309
2026-08-06 11:02:00-07:00,7735.75,7736.5,7734.75,7736.25,1142
2026-08-06 11:03:00-07:00,7736.25,7737.5,7735.5,7737.25,1177
2026-08-06 11:04:00-07:00,7737.25,7738.75,7737.25,7738.75,1331
2026-08-06 11:05:00-07:00,7738.5,7739.5,7737.5,7738.25,2080
2026-08-06 11:06:00-07:00,7738.0,7738.5,7737.0,7737.25,1086
2026-08-06 11:07:00-07:00,7737.25,7739.5,7736.75,7739.5,1056
2026-08-06 11:08:00-07:00,7739.25,7739.5,7738.0,7738.5,924
2026-08-06 11:09:00-07:00,7738.5,7738.75,7736.25,7738.5,1499
2026-08-06 11:10:00-07:00,7738.25,7738.75,7736.75,7737.0,1177
2026-08-06 11:11:00-07:00,7737.0,7738.5,7736.75,7738.0,1282
2026-08-06 11:12:00-07:00,7738.0,7739.0,7737.75,7738.25,877
2026-08-06 11:13:00-07:00,7738.0,7739.5,7737.25,7739.25,961
2026-08-06 11:14:00-07:00,7739.25,7742.75,7739.0,7741.25,3625
2026-08-06 11:15:00-07:00,7741.5,7742.5,7741.0,7741.0,1664
2026-08-06 11:16:00-07:00,7741.0,7746.0,7735.75,7745.75,9595
2026-08-06 11:17:00-07:00,7745.75,7747.25,7742.25,7742.75,4796
2026-08-06 11:18:00-07:00,7742.75,7743.75,7742.5,7743.5,1513
2026-08-06 11:19:00-07:00,7743.5,7744.0,7742.5,7743.0,1390
2026-08-06 11:20:00-07:00,7743.0,7744.5,7743.0,7744.25,1592
2026-08-06 11:21:00-07:00,7744.25,7746.0,7744.25,7745.25,1416
2026-08-06 11:22:00-07:00,7745.5,7745.5,7744.0,7744.75,1883
2026-08-06 11:23:00-07:00,7745.0,7745.25,7744.0,7744.25,1281
2026-08-06 11:24:00-07:00,7744.5,7745.5,7744.0,7745.0,1148
2026-08-06 11:25:00-07:00,7745.25,7745.75,7743.25,7743.25,1450
2026-08-06 11:26:00-07:00,7743.25,7744.25,7741.5,7742.0,1501
2026-08-06 11:27:00-07:00,7742.0,7744.0,7741.75,7744.0,1486
2026-08-06 11:28:00-07:00,7743.75,7745.0,7743.25,7744.75,1143
2026-08-06 11:29:00-07:00,7744.75,7745.0,7743.0,7744.0,732
2026-08-06 11:30:00-07:00,7744.0,7744.25,7742.25,7742.75,1287
2026-08-06 11:31:00-07:00,7742.75,7744.0,7742.25,7743.0,1302
2026-08-06 11:32:00-07:00,7742.75,7744.25,7742.75,7743.5,744
2026-08-06 11:33:00-07:00,7743.5,7743.5,7741.25,7741.75,1259
2026-08-06 11:34:00-07:00,7741.75,7742.25,7740.25,7740.75,1397
2026-08-06 11:35:00-07:00,7740.5,7742.75,7740.25,7741.0,1455
2026-08-06 11:36:00-07:00,7741.25,7742.0,7741.0,7741.5,539
2026-08-06 11:37:00-07:00,7741.5,7741.75,7739.5,7739.75,890
2026-08-06 11:38:00-07:00,7739.75,7740.0,7737.75,7737.75,2762
2026-08-06 11:39:00-07:00,7738.0,7738.75,7737.5,7738.25,793
2026-08-06 11:40:00-07:00,7738.25,7739.0,7737.75,7738.75,1007
2026-08-06 11:41:00-07:00,7738.75,7739.0,7735.5,7735.75,1290
2026-08-06 11:42:00-07:00,7735.75,7736.25,7734.5,7735.75,1447
2026-08-06 11:43:00-07:00,7735.75,7737.75,7735.5,7737.0,1516
2026-08-06 11:44:00-07:00,7737.0,7737.5,7736.5,7737.25,1003
2026-08-06 11:45:00-07:00,7737.5,7739.75,7736.5,7739.25,1518
2026-08-06 11:46:00-07:00,7739.25,7740.25,7739.0,7739.25,1291
2026-08-06 11:47:00-07:00,7739.25,7740.0,7738.75,7739.75,1232
2026-08-06 11:48:00-07:00,7739.75,7741.25,7739.0,7739.0,1186
2026-08-06 11:49:00-07:00,7739.0,7740.0,7738.25,7738.75,1210
2026-08-06 11:50:00-07:00,7738.75,7739.75,7738.25,7739.5,1243
2026-08-06 11:51:00-07:00,7739.5,7740.0,7738.5,7739.0,854
2026-08-06 11:52:00-07:00,7738.75,7738.75,7737.75,7737.75,1171
2026-08-06 11:53:00-07:00,7737.75,7738.5,7737.25,7738.0,1004
2026-08-06 11:54:00-07:00,7738.25,7739.25,7737.5,7738.75,1187
2026-08-06 11:55:00-07:00,7738.5,7739.25,7738.0,7739.25,1096
2026-08-06 11:56:00-07:00,7739.25,7740.5,7739.25,7739.75,1265
2026-08-06 11:57:00-07:00,7739.5,7740.25,7738.75,7739.75,981
2026-08-06 11:58:00-07:00,7740.0,7740.75,7739.75,7739.75,1318
2026-08-06 11:59:00-07:00,7739.75,7740.0,7739.0,7739.5,1513
2026-08-06 12:00:00-07:00,7739.5,7741.75,7739.5,7741.25,2040
2026-08-06 12:01:00-07:00,7741.5,7744.5,7741.0,7744.25,2432
2026-08-06 12:02:00-07:00,7744.25,7745.75,7743.5,7744.25,2093
2026-08-06 12:03:00-07:00,7744.0,7744.5,7743.25,7743.75,1908
2026-08-06 12:04:00-07:00,7743.75,7745.75,7743.75,7745.75,1276
2026-08-06 12:05:00-07:00,7745.5,7745.75,7743.25,7744.0,1202
2026-08-06 12:06:00-07:00,7744.0,7744.75,7743.5,7743.75,744
2026-08-06 12:07:00-07:00,7743.75,7744.25,7742.75,7744.25,1805
2026-08-06 12:08:00-07:00,7744.0,7746.25,7743.75,7745.75,1547
2026-08-06 12:09:00-07:00,7745.75,7747.0,7745.25,7747.0,1080
2026-08-06 12:10:00-07:00,7747.25,7747.75,7746.5,7747.5,1474
2026-08-06 12:11:00-07:00,7747.5,7747.5,7746.5,7747.25,820
2026-08-06 12:12:00-07:00,7747.25,7747.75,7745.25,7745.5,1230
2026-08-06 12:13:00-07:00,7745.75,7745.75,7744.0,7744.25,1193
2026-08-06 12:14:00-07:00,7744.5,7744.5,7742.75,7743.25,1482
2026-08-06 12:15:00-07:00,7743.25,7743.5,7741.0,7741.5,1844
2026-08-06 12:16:00-07:00,7741.75,7742.75,7740.75,7742.5,1643
2026-08-06 12:17:00-07:00,7742.5,7742.75,7741.25,7742.25,992
2026-08-06 12:18:00-07:00,7742.25,7742.25,7740.5,7741.5,1022
2026-08-06 12:19:00-07:00,7741.25,7742.25,7741.25,7741.5,1102
2026-08-06 12:20:00-07:00,7741.5,7744.5,7741.25,7744.5,1497
2026-08-06 12:21:00-07:00,7744.5,7744.75,7742.25,7742.75,1447
2026-08-06 12:22:00-07:00,7742.75,7743.25,7742.0,7742.75,1531
2026-08-06 12:23:00-07:00,7742.5,7743.0,7741.0,7741.5,1272
2026-08-06 12:24:00-07:00,7741.5,7741.5,7737.75,7738.25,2585
2026-08-06 12:25:00-07:00,7738.0,7739.0,7735.25,7738.75,3841
2026-08-06 12:26:00-07:00,7738.75,7740.0,7736.75,7737.25,2841
2026-08-06 12:27:00-07:00,7737.25,7738.75,7736.75,7737.0,2459
2026-08-06 12:28:00-07:00,7737.0,7739.0,7736.75,7738.5,1980
2026-08-06 12:29:00-07:00,7738.25,7738.25,7736.0,7736.5,1757
2026-08-06 12:30:00-07:00,7736.5,7737.75,7734.0,7737.5,3701
2026-08-06 12:31:00-07:00,7737.5,7738.5,7736.75,7738.5,2031
2026-08-06 12:32:00-07:00,7738.5,7740.0,7737.75,7738.75,2187
2026-08-06 12:33:00-07:00,7738.75,7738.75,7736.75,7737.25,1370
2026-08-06 12:34:00-07:00,7737.25,7739.5,7737.0,7739.5,1548
2026-08-06 12:35:00-07:00,7739.25,7739.75,7738.25,7739.25,1849
2026-08-06 12:36:00-07:00,7739.25,7739.5,7737.0,7738.25,1613
2026-08-06 12:37:00-07:00,7738.25,7738.25,7737.25,7737.75,1122
2026-08-06 12:38:00-07:00,7737.5,7737.5,7735.5,7735.75,1497
2026-08-06 12:39:00-07:00,7735.5,7736.5,7735.0,7735.25,1347
2026-08-06 12:40:00-07:00,7735.0,7735.75,7734.25,7735.0,2046
2026-08-06 12:41:00-07:00,7735.0,7735.25,7732.25,7732.25,2313
2026-08-06 12:42:00-07:00,7732.25,7733.0,7730.5,7731.25,2650
2026-08-06 12:43:00-07:00,7731.25,7732.5,7730.75,7731.5,2426
2026-08-06 12:44:00-07:00,7731.5,7733.0,7730.75,7732.75,2259
2026-08-06 12:45:00-07:00,7733.0,7735.0,7732.25,7733.25,2554
2026-08-06 12:46:00-07:00,7733.25,7734.5,7730.5,7731.0,2245
2026-08-06 12:47:00-07:00,7731.0,7732.25,7729.5,7729.5,2629
2026-08-06 12:48:00-07:00,7729.75,7732.0,7729.25,7731.25,1847
2026-08-06 12:49:00-07:00,7731.0,7734.5,7731.0,7734.25,1891
2026-08-06 12:50:00-07:00,7734.0,7734.0,7727.0,7727.75,6354
2026-08-06 12:51:00-07:00,7728.0,7729.25,7727.25,7728.0,3657
2026-08-06 12:52:00-07:00,7728.0,7729.25,7727.75,7729.0,3008
2026-08-06 12:53:00-07:00,7729.0,7735.75,7727.25,7734.0,6964
2026-08-06 12:54:00-07:00,7734.25,7738.25,7733.25,7736.5,5606
2026-08-06 12:55:00-07:00,7736.75,7737.25,7734.0,7735.75,6124
2026-08-07 06:25:00-07:00,7760.75,7762.0,7758.25,7758.75,1631
2026-08-07 06:26:00-07:00,7758.75,7759.75,7758.25,7759.5,959
2026-08-07 06:27:00-07:00,7759.25,7760.75,7756.0,7756.75,2002
2026-08-07 06:28:00-07:00,7756.75,7758.0,7756.0,7757.25,1067
2026-08-07 06:29:00-07:00,7757.25,7757.5,7753.25,7757.0,3838
2026-08-07 06:30:00-07:00,7757.0,7758.5,7753.25,7757.25,14362
2026-08-07 06:31:00-07:00,7757.25,7760.0,7754.5,7759.75,7439
2026-08-07 06:32:00-07:00,7759.75,7761.5,7758.25,7760.5,7595
2026-08-07 06:33:00-07:00,7760.5,7763.5,7758.0,7760.5,7894
2026-08-07 06:34:00-07:00,7760.5,7762.25,7759.25,7762.0,4902
2026-08-07 06:35:00-07:00,7762.0,7762.75,7756.5,7760.0,5558
2026-08-07 06:36:00-07:00,7760.0,7760.75,7753.75,7756.0,5345
2026-08-07 06:37:00-07:00,7755.75,7759.5,7753.75,7759.5,5047
2026-08-07 06:38:00-07:00,7759.75,7761.75,7759.0,7761.75,5063
2026-08-07 06:39:00-07:00,7761.75,7762.0,7756.75,7758.25,4450
2026-08-07 06:40:00-07:00,7758.5,7761.75,7756.0,7760.75,4980
2026-08-07 06:41:00-07:00,7760.75,7764.0,7758.0,7759.25,5013
2026-08-07 06:42:00-07:00,7759.0,7760.75,7757.0,7760.75,3279
2026-08-07 06:43:00-07:00,7760.75,7766.5,7759.5,7766.25,5861
2026-08-07 06:44:00-07:00,7766.0,7768.5,7764.75,7767.0,4671
2026-08-07 06:45:00-07:00,7767.25,7770.75,7762.75,7763.0,6267
2026-08-07 06:46:00-07:00,7762.75,7764.5,7758.25,7761.5,5216
2026-08-07 06:47:00-07:00,7761.5,7762.75,7759.0,7761.25,3098
2026-08-07 06:48:00-07:00,7761.25,7764.0,7758.5,7759.75,3681
2026-08-07 06:49:00-07:00,7759.75,7765.0,7758.75,7764.75,3198
2026-08-07 06:50:00-07:00,7764.75,7767.75,7763.0,7766.75,3371
2026-08-07 06:51:00-07:00,7766.5,7767.25,7763.5,7766.5,2602
2026-08-07 06:52:00-07:00,7766.75,7769.5,7766.25,7769.0,2846
2026-08-07 06:53:00-07:00,7769.0,7769.5,7766.0,7767.0,3360
2026-08-07 06:54:00-07:00,7767.0,7768.25,7765.25,7767.0,2944
2026-08-07 06:55:00-07:00,7767.25,7769.0,7764.0,7765.5,3514
2026-08-07 06:56:00-07:00,7765.75,7765.75,7756.75,7757.5,5977
2026-08-07 06:57:00-07:00,7757.5,7757.75,7752.0,7753.5,7156
2026-08-07 06:58:00-07:00,7753.5,7756.25,7751.75,7754.25,4663
2026-08-07 06:59:00-07:00,7754.25,7759.75,7753.5,7758.0,5776
2026-08-07 07:00:00-07:00,7758.0,7763.5,7755.25,7762.75,7401
2026-08-07 07:01:00-07:00,7762.75,7762.75,7756.5,7757.5,4782
2026-08-07 07:02:00-07:00,7757.5,7760.5,7754.75,7760.5,4403
2026-08-07 07:03:00-07:00,7760.5,7760.75,7755.25,7755.75,3874
2026-08-07 07:04:00-07:00,7756.0,7756.25,7751.25,7751.5,5450
2026-08-07 07:05:00-07:00,7751.75,7756.0,7751.25,7754.0,5063
2026-08-07 07:06:00-07:00,7754.0,7757.25,7752.5,7757.0,4311
2026-08-07 07:07:00-07:00,7757.25,7757.5,7753.25,7756.75,3702
2026-08-07 07:08:00-07:00,7756.75,7758.25,7752.5,7755.25,3673
2026-08-07 07:09:00-07:00,7755.25,7755.25,7751.25,7752.5,3720
2026-08-07 07:10:00-07:00,7752.5,7754.75,7750.0,7754.5,5289
2026-08-07 07:11:00-07:00,7754.5,7755.5,7748.0,7748.5,4498
2026-08-07 07:12:00-07:00,7748.5,7748.5,7743.5,7747.25,6833
2026-08-07 07:13:00-07:00,7747.25,7750.0,7745.0,7748.25,4504
2026-08-07 07:14:00-07:00,7748.5,7749.5,7745.25,7745.75,3224
2026-08-07 07:15:00-07:00,7746.0,7751.5,7744.0,7751.0,4562
2026-08-07 07:16:00-07:00,7750.75,7755.25,7750.25,7754.5,3914
2026-08-07 07:17:00-07:00,7754.5,7759.25,7753.5,7756.25,5626
2026-08-07 07:18:00-07:00,7756.25,7761.5,7754.75,7761.5,4188
2026-08-07 07:19:00-07:00,7761.5,7766.0,7761.0,7765.75,3631
2026-08-07 07:20:00-07:00,7765.75,7767.5,7762.5,7764.75,4512
2026-08-07 07:21:00-07:00,7764.75,7766.25,7763.25,7765.75,3427
2026-08-07 07:22:00-07:00,7765.75,7766.25,7762.75,7763.75,2888
2026-08-07 07:23:00-07:00,7763.75,7770.0,7763.5,7770.0,3426
2026-08-07 07:24:00-07:00,7770.0,7770.25,7767.0,7767.75,3481
2026-08-07 07:25:00-07:00,7768.0,7774.5,7767.75,7774.5,4307
2026-08-07 07:26:00-07:00,7774.5,7776.25,7773.75,7774.75,3455
2026-08-07 07:27:00-07:00,7774.75,7777.5,7773.5,7776.0,3647
2026-08-07 07:28:00-07:00,7776.0,7780.5,7775.25,7780.0,3481
2026-08-07 07:29:00-07:00,7780.0,7780.5,7777.5,7779.5,3482
2026-08-07 07:30:00-07:00,7779.25,7781.25,7773.75,7774.75,5062
2026-08-07 07:31:00-07:00,7774.5,7776.25,7771.75,7775.5,3660
2026-08-07 07:32:00-07:00,7775.5,7776.0,7773.75,7775.25,2313
2026-08-07 07:33:00-07:00,7775.25,7775.25,7771.75,7773.25,2642
2026-08-07 07:34:00-07:00,7773.25,7773.75,7771.5,7773.75,2415
2026-08-07 07:35:00-07:00,7773.75,7775.75,7768.75,7770.5,3848
2026-08-07 07:36:00-07:00,7770.25,7771.75,7768.0,7769.75,5607
2026-08-07 07:37:00-07:00,7769.75,7773.5,7769.5,7772.0,3361
2026-08-07 07:38:00-07:00,7772.25,7775.0,7770.25,7770.5,2828
2026-08-07 07:39:00-07:00,7770.5,7770.75,7764.5,7766.5,5089
2026-08-07 07:40:00-07:00,7766.5,7770.75,7765.5,7769.75,4454
2026-08-07 07:41:00-07:00,7769.75,7770.25,7766.75,7769.25,2702
2026-08-07 07:42:00-07:00,7769.0,7772.25,7767.25,7769.0,3119
2026-08-07 07:43:00-07:00,7769.0,7769.75,7765.75,7767.5,2812
2026-08-07 07:44:00-07:00,7767.25,7768.25,7764.5,7767.25,2924
2026-08-07 07:45:00-07:00,7767.25,7773.25,7767.0,7771.75,4074
2026-08-07 07:46:00-07:00,7772.0,7773.75,7769.75,7772.75,2776
2026-08-07 07:47:00-07:00,7772.75,7774.25,7772.0,7774.25,2179
2026-08-07 07:48:00-07:00,7774.25,7774.75,7770.75,7771.75,1931
2026-08-07 07:49:00-07:00,7772.0,7772.75,7770.0,7771.5,2116
2026-08-07 07:50:00-07:00,7771.75,7772.75,7770.75,7771.75,2252
2026-08-07 07:51:00-07:00,7772.0,7772.5,7766.75,7768.5,2480
2026-08-07 07:52:00-07:00,7768.5,7770.25,7766.25,7769.0,2110
2026-08-07 07:53:00-07:00,7769.0,7770.75,7768.5,7769.75,1697
2026-08-07 07:54:00-07:00,7769.75,7771.5,7768.5,7769.75,2030
2026-08-07 07:55:00-07:00,7769.75,7773.25,7769.25,7773.0,2239
2026-08-07 07:56:00-07:00,7773.0,7774.25,7771.5,7772.0,2307
2026-08-07 07:57:00-07:00,7772.0,7775.0,7771.75,7774.0,2047
2026-08-07 07:58:00-07:00,7774.25,7777.5,7774.25,7776.75,2260
2026-08-07 07:59:00-07:00,7776.75,7777.0,7773.25,7776.25,1517
2026-08-07 08:00:00-07:00,7776.25,7776.75,7774.0,7775.0,3392
2026-08-07 08:01:00-07:00,7775.25,7775.75,7772.0,7772.75,2525
2026-08-07 08:02:00-07:00,7773.0,7774.25,7771.25,7773.75,2678
2026-08-07 08:03:00-07:00,7773.75,7776.0,7772.5,7775.5,1561
2026-08-07 08:04:00-07:00,7775.5,7776.0,7774.5,7775.0,1471
2026-08-07 08:05:00-07:00,7775.25,7777.0,7774.75,7776.0,2347
2026-08-07 08:06:00-07:00,7776.0,7777.25,7775.5,7777.0,1722
2026-08-07 08:07:00-07:00,7777.0,7778.0,7775.25,7775.25,1901
2026-08-07 08:08:00-07:00,7775.25,7777.75,7774.75,7777.5,1436
2026-08-07 08:09:00-07:00,7777.75,7778.0,7776.0,7777.0,1496
2026-08-07 08:10:00-07:00,7777.25,7780.75,7777.25,7780.0,2899
2026-08-07 08:11:00-07:00,7780.25,7781.75,7777.0,7777.25,2534
2026-08-07 08:12:00-07:00,7777.25,7779.0,7775.0,7775.25,1910
2026-08-07 08:13:00-07:00,7775.5,7777.0,7774.0,7776.5,2112
2026-08-07 08:14:00-07:00,7776.5,7778.75,7776.0,7778.75,1824
2026-08-07 08:15:00-07:00,7778.75,7778.75,7776.5,7777.0,1796
2026-08-07 08:16:00-07:00,7777.0,7779.25,7776.75,7778.25,1739
2026-08-07 08:17:00-07:00,7778.25,7778.25,7775.25,7776.0,2016
2026-08-07 08:18:00-07:00,7776.0,7777.25,7775.5,7777.0,1068
2026-08-07 08:19:00-07:00,7777.0,7777.0,7775.5,7776.25,1948
2026-08-07 08:20:00-07:00,7776.25,7778.75,7775.75,7778.5,1315
2026-08-07 08:21:00-07:00,7778.25,7778.75,7776.0,7778.75,1105
2026-08-07 08:22:00-07:00,7778.5,7781.0,7778.25,7780.75,1760
2026-08-07 08:23:00-07:00,7780.75,7783.75,7779.5,7781.75,3303
2026-08-07 08:24:00-07:00,7781.75,7784.0,7781.5,7783.25,2707
2026-08-07 08:25:00-07:00,7783.25,7785.5,7782.25,7785.25,2439
2026-08-07 08:26:00-07:00,7785.25,7786.75,7784.25,7785.25,2682
2026-08-07 08:27:00-07:00,7785.25,7786.25,7784.75,7786.25,2067
2026-08-07 08:28:00-07:00,7786.25,7786.25,7784.25,7785.0,1708
2026-08-07 08:29:00-07:00,7784.75,7785.5,7783.75,7784.25,1579
2026-08-07 08:30:00-07:00,7784.0,7786.25,7784.0,7785.75,3302
2026-08-07 08:31:00-07:00,7785.75,7786.25,7784.25,7784.75,2298
2026-08-07 08:32:00-07:00,7784.75,7786.75,7784.5,7786.75,2381
2026-08-07 08:33:00-07:00,7786.5,7786.75,7782.5,7782.75,2306
2026-08-07 08:34:00-07:00,7782.5,7783.5,7781.5,7782.0,3046
2026-08-07 08:35:00-07:00,7782.0,7782.75,7779.5,7780.25,3728
2026-08-07 08:36:00-07:00,7780.0,7782.5,7779.75,7781.5,2315
2026-08-07 08:37:00-07:00,7781.5,7783.25,7780.75,7783.0,1772
2026-08-07 08:38:00-07:00,7783.0,7783.25,7781.25,7781.75,1414
2026-08-07 08:39:00-07:00,7781.75,7783.0,7781.25,7781.5,1436
2026-08-07 08:40:00-07:00,7781.75,7784.0,7781.75,7782.0,1588
2026-08-07 08:41:00-07:00,7782.0,7782.5,7777.5,7777.75,2503
2026-08-07 08:42:00-07:00,7778.0,7778.75,7776.75,7777.5,2242
2026-08-07 08:43:00-07:00,7777.5,7779.0,7776.5,7778.5,1505
2026-08-07 08:44:00-07:00,7778.25,7781.0,7778.0,7779.5,1770
2026-08-07 08:45:00-07:00,7779.5,7780.25,7778.0,7779.5,1631
2026-08-07 08:46:00-07:00,7779.5,7781.5,7778.75,7780.0,1727
2026-08-07 08:47:00-07:00,7780.25,7780.75,7778.75,7780.0,1109
2026-08-07 08:48:00-07:00,7780.0,7781.5,7779.75,7780.5,1168
2026-08-07 08:49:00-07:00,7780.5,7783.75,7780.0,7783.0,1431
2026-08-07 08:50:00-07:00,7783.25,7784.0,7782.0,7784.0,1429
2026-08-07 08:51:00-07:00,7783.75,7784.0,7782.25,7782.5,1138
2026-08-07 08:52:00-07:00,7782.5,7783.25,7780.5,7781.25,2096
2026-08-07 08:53:00-07:00,7781.5,7781.5,7778.0,7779.75,1722
2026-08-07 08:54:00-07:00,7780.0,7781.0,7778.75,7780.75,1658
2026-08-07 08:55:00-07:00,7780.5,7781.0,7779.25,7779.5,1008
2026-08-07 08:56:00-07:00,7779.5,7779.75,7778.0,7779.25,1680
2026-08-07 08:57:00-07:00,7779.25,7779.25,7776.75,7776.75,1378
2026-08-07 08:58:00-07:00,7777.0,7777.5,7775.5,7777.25,1955
2026-08-07 08:59:00-07:00,7777.0,7778.25,7776.75,7778.0,1493
2026-08-07 09:00:00-07:00,7778.0,7778.75,7775.5,7776.0,1877
2026-08-07 09:01:00-07:00,7776.0,7776.25,7774.75,7776.0,1715
2026-08-07 09:02:00-07:00,7776.0,7778.25,7776.0,7776.75,1397
2026-08-07 09:03:00-07:00,7776.75,7777.5,7775.5,7777.0,992
2026-08-07 09:04:00-07:00,7776.75,7779.25,7776.25,7779.0,1627
2026-08-07 09:05:00-07:00,7779.25,7781.25,7778.75,7779.75,2459
2026-08-07 09:06:00-07:00,7779.75,7780.5,7779.25,7780.5,1810
2026-08-07 09:07:00-07:00,7780.75,7781.25,7779.5,7780.25,1127
2026-08-07 09:08:00-07:00,7780.5,7780.5,7778.75,7779.25,979
2026-08-07 09:09:00-07:00,7779.25,7779.5,7777.75,7779.25,805
2026-08-07 09:10:00-07:00,7779.25,7780.5,7779.0,7780.25,790
2026-08-07 09:11:00-07:00,7780.25,7781.0,7779.75,7780.75,955
2026-08-07 09:12:00-07:00,7781.0,7781.0,7779.0,7779.75,1096
2026-08-07 09:13:00-07:00,7780.0,7780.25,7778.5,7778.5,1105
2026-08-07 09:14:00-07:00,7778.75,7779.25,7777.5,7777.5,1041
2026-08-07 09:15:00-07:00,7777.5,7778.75,7777.0,7778.75,1521
2026-08-07 09:16:00-07:00,7778.75,7779.75,7778.25,7778.75,1026
2026-08-07 09:17:00-07:00,7778.75,7779.5,7777.75,7778.0,692
2026-08-07 09:18:00-07:00,7778.0,7779.5,7777.5,7778.25,670
2026-08-07 09:19:00-07:00,7778.25,7778.5,7776.25,7777.25,2101
2026-08-07 09:20:00-07:00,7777.25,7781.25,7775.5,7777.5,5616
2026-08-07 09:21:00-07:00,7777.25,7777.5,7774.0,7775.0,1500
2026-08-07 09:22:00-07:00,7774.75,7775.5,7772.75,7774.0,2259
2026-08-07 09:23:00-07:00,7774.0,7775.0,7771.5,7772.0,1659
2026-08-07 09:24:00-07:00,7771.75,7772.5,7769.75,7769.75,2600
2026-08-07 09:25:00-07:00,7770.0,7770.75,7762.75,7765.0,6222
2026-08-07 09:26:00-07:00,7765.25,7766.0,7760.75,7762.5,4437
2026-08-07 09:27:00-07:00,7762.25,7764.5,7760.75,7764.25,2272
2026-08-07 09:28:00-07:00,7764.25,7765.25,7760.75,7764.0,2754
2026-08-07 09:29:00-07:00,7764.0,7765.0,7762.0,7764.75,2420
2026-08-07 09:30:00-07:00,7764.75,7765.75,7759.25,7759.75,3697
2026-08-07 09:31:00-07:00,7759.5,7761.0,7758.0,7758.75,3450
2026-08-07 09:32:00-07:00,7758.75,7762.75,7757.75,7762.75,2697
2026-08-07 09:33:00-07:00,7762.5,7763.25,7761.5,7762.75,2376
2026-08-07 09:34:00-07:00,7762.5,7767.25,7762.5,7766.75,3053
2026-08-07 09:35:00-07:00,7766.75,7767.0,7764.25,7765.5,1914
2026-08-07 09:36:00-07:00,7765.75,7767.75,7765.25,7766.25,2447
2026-08-07 09:37:00-07:00,7766.25,7766.75,7765.25,7766.0,1231
2026-08-07 09:38:00-07:00,7766.0,7766.5,7764.75,7765.75,1972
2026-08-07 09:39:00-07:00,7765.5,7771.25,7765.5,7770.5,3107
2026-08-07 09:40:00-07:00,7770.5,7772.25,7769.75,7770.75,2387
2026-08-07 09:41:00-07:00,7771.0,7773.25,7770.5,7772.25,1880
2026-08-07 09:42:00-07:00,7772.5,7772.5,7770.0,7770.0,1869
2026-08-07 09:43:00-07:00,7770.25,7772.5,7770.25,7772.25,1522
2026-08-07 09:44:00-07:00,7772.5,7774.0,7771.5,7773.25,1616
2026-08-07 09:45:00-07:00,7773.25,7775.0,7773.25,7774.5,2002
2026-08-07 09:46:00-07:00,7774.5,7775.0,7772.5,7773.0,1264
2026-08-07 09:47:00-07:00,7773.0,7773.75,7772.25,7773.25,1279
2026-08-07 09:48:00-07:00,7773.25,7774.0,7771.75,7772.75,1123
2026-08-07 09:49:00-07:00,7772.75,7774.5,7772.5,7774.0,920
2026-08-07 09:50:00-07:00,7774.0,7776.25,7773.75,7776.0,1508
2026-08-07 09:51:00-07:00,7775.75,7775.75,7771.5,7771.5,1682
2026-08-07 09:52:00-07:00,7771.5,7771.75,7768.5,7769.0,1945
2026-08-07 09:53:00-07:00,7769.0,7770.25,7768.25,7770.25,1286
2026-08-07 09:54:00-07:00,7770.5,7770.5,7769.0,7769.5,918
2026-08-07 09:55:00-07:00,7769.5,7770.5,7768.5,7769.5,1063
2026-08-07 09:56:00-07:00,7769.5,7771.25,7769.0,7769.25,1232
2026-08-07 09:57:00-07:00,7769.25,7770.0,7768.25,7768.5,1071
2026-08-07 09:58:00-07:00,7768.5,7769.25,7768.0,7768.25,1009
2026-08-07 09:59:00-07:00,7768.75,7769.0,7766.75,7767.0,1222
2026-08-07 10:00:00-07:00,7767.0,7767.5,7765.0,7765.75,2354
2026-08-07 10:01:00-07:00,7766.0,7768.5,7765.75,7767.5,1688
2026-08-07 10:02:00-07:00,7767.75,7769.75,7767.5,7768.75,1380
2026-08-07 10:03:00-07:00,7769.0,7770.25,7768.5,7769.0,1030
2026-08-07 10:04:00-07:00,7769.25,7769.25,7767.5,7767.75,723
2026-08-07 10:05:00-07:00,7768.0,7770.0,7767.75,7769.75,1044
2026-08-07 10:06:00-07:00,7769.75,7770.5,7769.0,7769.5,1035
2026-08-07 10:07:00-07:00,7769.75,7770.0,7768.5,7769.5,670
2026-08-07 10:08:00-07:00,7769.5,7770.0,7768.5,7769.5,838
2026-08-07 10:09:00-07:00,7769.75,7770.5,7768.5,7770.0,981
2026-08-07 10:10:00-07:00,7770.0,7771.0,7768.75,7769.25,1165
2026-08-07 10:11:00-07:00,7769.25,7770.5,7769.0,7769.25,586
2026-08-07 10:12:00-07:00,7769.25,7769.25,7767.25,7767.5,967
2026-08-07 10:13:00-07:00,7767.5,7769.0,7767.25,7768.5,1032
2026-08-07 10:14:00-07:00,7768.25,7768.75,7767.75,7768.0,620
2026-08-07 10:15:00-07:00,7767.75,7769.5,7767.5,7768.0,776
2026-08-07 10:16:00-07:00,7768.0,7770.5,7767.25,7769.5,720
2026-08-07 10:17:00-07:00,7769.75,7769.75,7768.5,7769.25,486
2026-08-07 10:18:00-07:00,7769.5,7770.75,7768.75,7770.0,617
2026-08-07 10:19:00-07:00,7770.25,7771.25,7769.5,7770.25,854
2026-08-07 10:20:00-07:00,7770.5,7771.75,7770.25,7770.75,1084
2026-08-07 10:21:00-07:00,7770.5,7770.5,7768.75,7769.25,678
2026-08-07 10:22:00-07:00,7769.25,7771.25,7769.25,7770.0,750
2026-08-07 10:23:00-07:00,7770.0,7770.0,7767.75,7768.25,784
2026-08-07 10:24:00-07:00,7768.5,7768.75,7766.25,7766.25,844
2026-08-07 10:25:00-07:00,7766.5,7767.5,7764.25,7766.75,2653
2026-08-07 10:26:00-07:00,7767.0,7767.25,7766.5,7766.75,801
2026-08-07 10:27:00-07:00,7767.0,7767.5,7766.5,7766.75,516
2026-08-07 10:28:00-07:00,7767.0,7768.25,7766.5,7767.75,511
2026-08-07 10:29:00-07:00,7767.75,7769.75,7767.75,7768.25,888
2026-08-07 10:30:00-07:00,7768.25,7769.75,7768.25,7768.5,951
2026-08-07 10:31:00-07:00,7768.5,7768.5,7767.25,7768.0,821
2026-08-07 10:32:00-07:00,7768.0,7768.25,7766.5,7766.5,986
2026-08-07 10:33:00-07:00,7766.5,7769.25,7764.5,7767.5,3316
2026-08-07 10:34:00-07:00,7767.75,7768.25,7766.0,7766.75,923
2026-08-07 10:35:00-07:00,7766.5,7768.5,7766.25,7768.0,627
2026-08-07 10:36:00-07:00,7768.0,7768.75,7767.5,7768.5,596
2026-08-07 10:37:00-07:00,7768.5,7768.5,7767.0,7767.25,511
2026-08-07 10:38:00-07:00,7767.25,7768.75,7767.25,7768.5,520
2026-08-07 10:39:00-07:00,7768.75,7771.5,7768.0,7771.0,1162
2026-08-07 10:40:00-07:00,7771.25,7771.5,7769.0,7769.5,1071
2026-08-07 10:41:00-07:00,7769.25,7769.75,7768.75,7769.25,645
2026-08-07 10:42:00-07:00,7769.0,7769.75,7768.5,7769.0,706
2026-08-07 10:43:00-07:00,7769.0,7770.25,7768.5,7770.25,930
2026-08-07 10:44:00-07:00,7770.0,7770.25,7769.0,7769.0,501
2026-08-07 10:45:00-07:00,7769.0,7770.25,7768.25,7770.0,933
2026-08-07 10:46:00-07:00,7770.0,7771.5,7769.75,7771.25,867
2026-08-07 10:47:00-07:00,7771.25,7771.75,7770.5,7770.75,780
2026-08-07 10:48:00-07:00,7770.75,7771.0,7770.25,7770.5,663
2026-08-07 10:49:00-07:00,7770.5,7771.0,7770.0,7770.0,488
2026-08-07 10:50:00-07:00,7770.0,7772.25,7770.0,7770.75,995
2026-08-07 10:51:00-07:00,7771.0,7771.0,7768.25,7769.0,1124
2026-08-07 10:52:00-07:00,7769.25,7769.25,7767.0,7768.0,1343
2026-08-07 10:53:00-07:00,7768.0,7768.5,7767.25,7768.0,860
2026-08-07 10:54:00-07:00,7768.25,7770.5,7768.0,7770.5,858
2026-08-07 10:55:00-07:00,7770.5,7770.75,7769.25,7769.25,621
2026-08-07 10:56:00-07:00,7769.25,7770.75,7769.0,7769.75,548
2026-08-07 10:57:00-07:00,7769.5,7771.5,7769.5,7771.25,554
2026-08-07 10:58:00-07:00,7771.25,7771.5,7770.0,7770.25,576
2026-08-07 10:59:00-07:00,7770.25,7770.5,7768.75,7768.75,558
2026-08-07 11:00:00-07:00,7768.75,7770.25,7768.25,7769.5,1452
2026-08-07 11:01:00-07:00,7769.5,7770.0,7769.0,7769.5,643
2026-08-07 11:02:00-07:00,7769.75,7770.25,7768.5,7769.25,907
2026-08-07 11:03:00-07:00,7769.25,7770.0,7768.75,7769.25,861
2026-08-07 11:04:00-07:00,7769.25,7769.25,7768.25,7768.75,885
2026-08-07 11:05:00-07:00,7768.75,7769.25,7766.75,7767.5,1702
2026-08-07 11:06:00-07:00,7767.5,7768.0,7766.25,7767.25,1149
2026-08-07 11:07:00-07:00,7767.25,7768.0,7765.5,7767.75,949
2026-08-07 11:08:00-07:00,7767.75,7768.75,7767.5,7768.0,912
2026-08-07 11:09:00-07:00,7768.0,7768.5,7767.25,7767.75,513
2026-08-07 11:10:00-07:00,7768.0,7768.75,7767.5,7768.0,786
2026-08-07 11:11:00-07:00,7767.75,7767.75,7766.5,7767.0,536
2026-08-07 11:12:00-07:00,7767.0,7767.0,7763.5,7765.5,1789
2026-08-07 11:13:00-07:00,7765.5,7765.5,7763.5,7763.75,1097
2026-08-07 11:14:00-07:00,7764.0,7764.0,7761.75,7763.0,1815
2026-08-07 11:15:00-07:00,7763.0,7763.5,7762.0,7762.75,1398
2026-08-07 11:16:00-07:00,7762.75,7764.25,7762.25,7763.25,1082
2026-08-07 11:17:00-07:00,7763.5,7764.0,7762.5,7763.5,765
2026-08-07 11:18:00-07:00,7763.75,7765.5,7763.75,7765.0,1331
2026-08-07 11:19:00-07:00,7765.25,7765.25,7763.75,7764.5,676
2026-08-07 11:20:00-07:00,7764.75,7765.25,7763.75,7764.0,651
2026-08-07 11:21:00-07:00,7764.0,7765.25,7763.5,7763.5,653
2026-08-07 11:22:00-07:00,7763.25,7765.25,7762.75,7764.5,1034
2026-08-07 11:23:00-07:00,7764.5,7765.25,7763.75,7764.0,774
2026-08-07 11:24:00-07:00,7764.25,7764.5,7762.75,7763.75,806
2026-08-07 11:25:00-07:00,7763.75,7765.0,7762.75,7762.75,1469
2026-08-07 11:26:00-07:00,7763.0,7763.5,7762.5,7762.5,860
2026-08-07 11:27:00-07:00,7763.0,7765.0,7762.75,7764.0,862
2026-08-07 11:28:00-07:00,7764.0,7764.25,7762.25,7762.5,718
2026-08-07 11:29:00-07:00,7762.25,7763.0,7761.75,7762.0,1036
2026-08-07 11:30:00-07:00,7762.25,7762.25,7761.0,7761.25,1358
2026-08-07 11:31:00-07:00,7761.25,7761.75,7760.5,7761.5,1247
2026-08-07 11:32:00-07:00,7761.5,7763.25,7761.0,7763.0,1232
2026-08-07 11:33:00-07:00,7763.0,7764.0,7762.0,7763.5,1104
2026-08-07 11:34:00-07:00,7763.5,7763.75,7761.0,7761.25,771
2026-08-07 11:35:00-07:00,7761.25,7762.5,7759.0,7759.25,1570
2026-08-07 11:36:00-07:00,7759.5,7761.0,7759.25,7760.0,1002
2026-08-07 11:37:00-07:00,7760.25,7761.25,7760.25,7760.5,794
2026-08-07 11:38:00-07:00,7760.75,7761.25,7760.0,7760.5,680
2026-08-07 11:39:00-07:00,7760.25,7761.0,7759.25,7760.25,1050
2026-08-07 11:40:00-07:00,7760.25,7760.75,7760.0,7760.75,540
2026-08-07 11:41:00-07:00,7760.5,7761.25,7760.0,7761.0,720
2026-08-07 11:42:00-07:00,7760.75,7761.0,7760.25,7760.5,683
2026-08-07 11:43:00-07:00,7760.5,7760.75,7759.75,7759.75,459
2026-08-07 11:44:00-07:00,7759.5,7759.75,7756.0,7757.0,2998
2026-08-07 11:45:00-07:00,7757.25,7758.25,7756.75,7758.0,1462
2026-08-07 11:46:00-07:00,7758.0,7758.5,7756.25,7756.75,1226
2026-08-07 11:47:00-07:00,7756.75,7757.5,7756.5,7757.0,944
2026-08-07 11:48:00-07:00,7756.75,7759.75,7756.75,7759.25,1262
2026-08-07 11:49:00-07:00,7759.25,7760.25,7759.0,7759.75,1032
2026-08-07 11:50:00-07:00,7759.75,7761.5,7759.5,7761.5,1307
2026-08-07 11:51:00-07:00,7761.25,7762.5,7760.75,7762.25,1118
2026-08-07 11:52:00-07:00,7762.25,7762.25,7761.0,7761.75,771
2026-08-07 11:53:00-07:00,7762.0,7762.0,7760.5,7761.5,715
2026-08-07 11:54:00-07:00,7761.5,7762.0,7760.25,7760.5,753
2026-08-07 11:55:00-07:00,7760.75,7761.25,7759.75,7760.25,818
2026-08-07 11:56:00-07:00,7760.25,7760.75,7759.5,7760.0,765
2026-08-07 11:57:00-07:00,7760.0,7762.0,7759.75,7761.75,755
2026-08-07 11:58:00-07:00,7762.0,7763.75,7761.75,7762.25,2434
2026-08-07 11:59:00-07:00,7762.5,7765.5,7762.25,7764.5,3501
2026-08-07 12:00:00-07:00,7764.5,7767.5,7763.75,7766.5,4106
2026-08-07 12:01:00-07:00,7766.5,7772.25,7766.25,7768.5,6358
2026-08-07 12:02:00-07:00,7768.75,7769.0,7767.5,7767.75,2215
2026-08-07 12:03:00-07:00,7767.75,7768.25,7766.75,7767.5,1686
2026-08-07 12:04:00-07:00,7767.75,7768.25,7767.25,7768.0,1095
2026-08-07 12:05:00-07:00,7768.0,7770.75,7767.75,7770.75,1978
2026-08-07 12:06:00-07:00,7770.5,7772.75,7770.5,7772.0,2451
2026-08-07 12:07:00-07:00,7772.0,7773.25,7771.5,7773.0,1825
2026-08-07 12:08:00-07:00,7772.75,7773.0,7772.0,7772.0,1546
2026-08-07 12:09:00-07:00,7772.25,7774.5,7771.5,7774.25,2291
2026-08-07 12:10:00-07:00,7774.25,7778.25,7774.25,7778.0,3454
2026-08-07 12:11:00-07:00,7778.0,7778.0,7776.5,7777.5,2118
2026-08-07 12:12:00-07:00,7777.25,7777.5,7775.75,7776.25,2211
2026-08-07 12:13:00-07:00,7776.25,7777.5,7776.25,7776.5,1446
2026-08-07 12:14:00-07:00,7776.75,7777.25,7776.0,7776.5,2010
2026-08-07 12:15:00-07:00,7776.75,7780.75,7776.5,7780.75,3036
2026-08-07 12:16:00-07:00,7780.75,7781.75,7778.0,7781.5,3576
2026-08-07 12:17:00-07:00,7781.5,7782.5,7778.25,7778.5,2858
2026-08-07 12:18:00-07:00,7778.5,7779.0,7776.5,7777.25,2608
2026-08-07 12:19:00-07:00,7777.5,7777.5,7775.5,7776.0,2146
2026-08-07 12:20:00-07:00,7776.25,7779.25,7776.0,7778.25,2228
2026-08-07 12:21:00-07:00,7778.5,7779.5,7777.75,7777.75,1789
2026-08-07 12:22:00-07:00,7777.75,7778.75,7777.25,7778.25,1426
2026-08-07 12:23:00-07:00,7778.5,7780.0,7778.0,7779.25,1603
2026-08-07 12:24:00-07:00,7779.5,7779.75,7776.0,7776.5,1817
2026-08-07 12:25:00-07:00,7776.75,7777.5,7776.0,7776.75,1469
2026-08-07 12:26:00-07:00,7777.0,7778.75,7776.75,7778.25,1370
2026-08-07 12:27:00-07:00,7778.25,7778.5,7776.25,7777.5,2856
2026-08-07 12:28:00-07:00,7777.5,7777.75,7777.0,7777.25,1091
2026-08-07 12:29:00-07:00,7777.25,7778.75,7776.25,7778.25,1313
2026-08-07 12:30:00-07:00,7778.5,7778.5,7774.0,7775.0,3133
2026-08-07 12:31:00-07:00,7775.0,7777.25,7775.0,7776.5,2009
2026-08-07 12:32:00-07:00,7776.5,7777.25,7775.75,7776.25,1244
2026-08-07 12:33:00-07:00,7776.25,7777.5,7776.0,7776.25,1322
2026-08-07 12:34:00-07:00,7776.25,7776.75,7775.0,7775.25,1162
2026-08-07 12:35:00-07:00,7775.25,7775.75,7774.0,7774.25,2070
2026-08-07 12:36:00-07:00,7774.25,7776.5,7773.75,7776.25,1851
2026-08-07 12:37:00-07:00,7776.5,7777.0,7775.75,7776.25,1023
2026-08-07 12:38:00-07:00,7776.25,7779.0,7776.25,7777.25,1818
2026-08-07 12:39:00-07:00,7777.25,7778.0,7776.25,7777.0,1015
2026-08-07 12:40:00-07:00,7777.25,7777.25,7774.25,7774.5,1726
2026-08-07 12:41:00-07:00,7774.75,7774.75,7772.75,7774.0,1510
2026-08-07 12:42:00-07:00,7774.25,7776.0,7774.0,7775.75,1829
2026-08-07 12:43:00-07:00,7776.0,7776.0,7774.0,7774.0,1129
2026-08-07 12:44:00-07:00,7774.0,7775.5,7773.25,7773.25,1805
2026-08-07 12:45:00-07:00,7773.25,7775.75,7773.0,7775.25,2783
2026-08-07 12:46:00-07:00,7775.25,7776.5,7774.5,7775.5,2170
2026-08-07 12:47:00-07:00,7775.5,7776.0,7773.75,7776.0,2029
2026-08-07 12:48:00-07:00,7775.75,7777.0,7775.0,7776.75,1331
2026-08-07 12:49:00-07:00,7776.75,7777.5,7776.0,7776.25,1786
2026-08-07 12:50:00-07:00,7776.25,7778.5,7775.25,7777.25,3695
2026-08-07 12:51:00-07:00,7777.0,7777.5,7774.5,7774.75,3329
2026-08-07 12:52:00-07:00,7774.75,7776.0,7774.0,7775.0,2318
2026-08-07 12:53:00-07:00,7775.0,7777.5,7774.5,7777.25,2389
2026-08-07 12:54:00-07:00,7777.5,7778.75,7775.75,7775.75,3888
2026-08-07 12:55:00-07:00,7775.75,7780.5,7775.5,7776.75,6929
2026-08-10 06:25:00-07:00,7773.5,7774.25,7771.75,7772.5,859
2026-08-10 06:26:00-07:00,7772.75,7772.75,7771.0,7772.0,699
2026-08-10 06:27:00-07:00,7771.75,7772.0,7770.25,7770.5,1031
2026-08-10 06:28:00-07:00,7770.25,7771.5,7769.75,7770.75,1049
2026-08-10 06:29:00-07:00,7770.75,7773.0,7770.75,7772.75,1897
2026-08-10 06:30:00-07:00,7773.0,7780.75,7772.25,7780.25,11509
2026-08-10 06:31:00-07:00,7780.0,7782.0,7778.0,7781.25,4900
2026-08-10 06:32:00-07:00,7781.0,7782.75,7779.75,7781.0,4054
2026-08-10 06:33:00-07:00,7780.75,7783.5,7779.5,7779.5,3150
2026-08-10 06:34:00-07:00,7779.5,7779.5,7772.0,7772.75,5358
2026-08-10 06:35:00-07:00,7772.75,7775.75,7771.25,7774.75,6693
2026-08-10 06:36:00-07:00,7774.75,7777.75,7773.75,7774.5,3797
2026-08-10 06:37:00-07:00,7774.5,7776.75,7773.25,7774.25,3720
2026-08-10 06:38:00-07:00,7774.5,7775.0,7772.0,7774.0,3087
2026-08-10 06:39:00-07:00,7773.75,7774.75,7771.25,7774.5,3319
2026-08-10 06:40:00-07:00,7774.75,7775.25,7771.75,7773.25,4111
2026-08-10 06:41:00-07:00,7773.25,7776.75,7771.5,7776.25,3491
2026-08-10 06:42:00-07:00,7776.5,7777.5,7775.0,7775.75,3112
2026-08-10 06:43:00-07:00,7775.75,7777.0,7773.25,7776.5,2885
2026-08-10 06:44:00-07:00,7776.5,7776.5,7772.75,7773.0,3726
2026-08-10 06:45:00-07:00,7773.0,7777.5,7772.5,7774.75,3512
2026-08-10 06:46:00-07:00,7774.5,7776.25,7773.75,7776.0,2881
2026-08-10 06:47:00-07:00,7775.75,7776.5,7774.0,7776.5,2224
2026-08-10 06:48:00-07:00,7776.75,7777.0,7774.25,7776.5,1900
2026-08-10 06:49:00-07:00,7776.5,7779.25,7776.25,7777.5,3384
2026-08-10 06:50:00-07:00,7777.75,7781.0,7774.75,7775.5,6533
2026-08-10 06:51:00-07:00,7775.75,7776.75,7773.25,7774.0,2927
2026-08-10 06:52:00-07:00,7774.0,7776.5,7771.25,7776.25,4192
2026-08-10 06:53:00-07:00,7776.25,7778.5,7774.25,7778.5,2958
2026-08-10 06:54:00-07:00,7778.5,7778.75,7776.5,7777.75,2266
2026-08-10 06:55:00-07:00,7777.75,7779.75,7776.5,7777.0,2336
2026-08-10 06:56:00-07:00,7776.75,7778.25,7776.5,7778.25,1838
2026-08-10 06:57:00-07:00,7778.25,7781.0,7778.0,7779.75,2311
2026-08-10 06:58:00-07:00,7779.75,7781.25,7779.25,7780.75,2349
2026-08-10 06:59:00-07:00,7780.5,7781.75,7779.0,7780.75,2052
2026-08-10 07:00:00-07:00,7780.75,7784.0,7780.25,7781.5,6398
2026-08-10 07:01:00-07:00,7781.5,7783.75,7780.25,7783.75,2792
2026-08-10 07:02:00-07:00,7783.75,7784.25,7782.75,7783.5,2370
2026-08-10 07:03:00-07:00,7783.5,7783.75,7782.0,7782.25,1898
2026-08-10 07:04:00-07:00,7782.25,7785.0,7782.0,7783.25,2560
2026-08-10 07:05:00-07:00,7783.5,7784.25,7782.25,7783.5,2503
2026-08-10 07:06:00-07:00,7783.5,7785.25,7783.25,7784.25,1641
2026-08-10 07:07:00-07:00,7784.25,7785.75,7783.5,7785.0,1616
2026-08-10 07:08:00-07:00,7784.75,7785.75,7784.25,7784.75,1466
2026-08-10 07:09:00-07:00,7784.75,7787.0,7784.25,7787.0,1708
2026-08-10 07:10:00-07:00,7787.0,7788.75,7786.5,7788.0,2111
2026-08-10 07:11:00-07:00,7788.0,7788.5,7785.5,7786.0,1980
2026-08-10 07:12:00-07:00,7786.0,7788.25,7785.75,7787.75,1507
2026-08-10 07:13:00-07:00,7787.75,7789.5,7787.5,7788.5,1846
2026-08-10 07:14:00-07:00,7788.75,7789.0,7787.5,7789.0,1525
2026-08-10 07:15:00-07:00,7788.75,7790.25,7787.75,7788.75,2109
2026-08-10 07:16:00-07:00,7788.75,7789.25,7787.75,7789.0,1458
2026-08-10 07:17:00-07:00,7788.75,7788.75,7787.75,7788.0,1402
2026-08-10 07:18:00-07:00,7788.0,7788.25,7786.25,7787.25,2098
2026-08-10 07:19:00-07:00,7787.5,7790.0,7787.0,7789.5,1930
2026-08-10 07:20:00-07:00,7789.5,7790.5,7789.25,7789.75,1820
2026-08-10 07:21:00-07:00,7789.75,7791.0,7789.0,7789.75,2328
2026-08-10 07:22:00-07:00,7789.75,7789.75,7787.25,7787.75,2273
2026-08-10 07:23:00-07:00,7787.75,7788.5,7786.0,7786.75,1619
2026-08-10 07:24:00-07:00,7786.5,7787.0,7784.75,7786.25,2226
2026-08-10 07:25:00-07:00,7786.0,7789.0,7784.0,7788.75,2718
2026-08-10 07:26:00-07:00,7788.75,7789.5,7787.0,7788.25,2006
2026-08-10 07:27:00-07:00,7788.0,7789.5,7787.25,7788.5,1549
2026-08-10 07:28:00-07:00,7788.25,7789.25,7787.75,7789.25,1260
2026-08-10 07:29:00-07:00,7789.25,7791.25,7788.5,7790.25,2264
2026-08-10 07:30:00-07:00,7790.0,7791.5,7789.25,7791.0,2639
2026-08-10 07:31:00-07:00,7791.25,7793.5,7791.0,7792.5,3128
2026-08-10 07:32:00-07:00,7792.5,7793.0,7791.75,7792.75,1871
2026-08-10 07:33:00-07:00,7792.75,7792.75,7790.5,7791.25,1598
2026-08-10 07:34:00-07:00,7791.25,7791.25,7789.5,7790.0,2121
2026-08-10 07:35:00-07:00,7790.0,7792.75,7790.0,7791.25,1523
2026-08-10 07:36:00-07:00,7791.5,7792.0,7790.5,7790.75,1015
2026-08-10 07:37:00-07:00,7790.75,7792.75,7790.5,7792.5,1167
2026-08-10 07:38:00-07:00,7792.5,7792.75,7789.75,7789.75,1761
2026-08-10 07:39:00-07:00,7790.0,7790.75,7788.25,7790.0,2281
2026-08-10 07:40:00-07:00,7789.75,7792.0,7789.5,7791.0,1595
2026-08-10 07:41:00-07:00,7791.25,7792.0,7790.25,7790.75,1119
2026-08-10 07:42:00-07:00,7791.0,7792.75,7790.0,7792.5,1314
2026-08-10 07:43:00-07:00,7792.25,7792.75,7791.25,7792.25,927
2026-08-10 07:44:00-07:00,7792.5,7793.0,7791.25,7792.5,942
2026-08-10 07:45:00-07:00,7792.5,7796.0,7792.5,7796.0,2443
2026-08-10 07:46:00-07:00,7796.0,7796.0,7794.25,7795.25,2926
2026-08-10 07:47:00-07:00,7795.25,7798.0,7795.25,7796.0,2910
2026-08-10 07:48:00-07:00,7796.25,7797.0,7795.25,7795.75,1704
2026-08-10 07:49:00-07:00,7795.75,7796.75,7795.5,7795.5,1064
2026-08-10 07:50:00-07:00,7795.75,7796.25,7794.5,7794.75,1531
2026-08-10 07:51:00-07:00,7794.5,7795.0,7792.25,7792.5,1885
2026-08-10 07:52:00-07:00,7792.75,7793.0,7789.5,7789.75,2766
2026-08-10 07:53:00-07:00,7790.0,7790.0,7785.5,7785.5,3815
2026-08-10 07:54:00-07:00,7785.75,7786.75,7784.5,7785.25,4122
2026-08-10 07:55:00-07:00,7785.0,7786.5,7784.0,7785.25,3524
2026-08-10 07:56:00-07:00,7785.25,7787.5,7785.25,7786.5,3164
2026-08-10 07:57:00-07:00,7786.5,7786.5,7784.25,7785.25,2665
2026-08-10 07:58:00-07:00,7785.25,7786.0,7784.0,7784.5,2402
2026-08-10 07:59:00-07:00,7784.5,7785.0,7781.25,7781.5,3536
2026-08-10 08:00:00-07:00,7781.75,7783.0,7779.25,7779.75,4580
2026-08-10 08:01:00-07:00,7779.75,7784.0,7779.5,7783.75,3287
2026-08-10 08:02:00-07:00,7783.5,7784.75,7781.75,7783.25,2871
2026-08-10 08:03:00-07:00,7783.0,7786.0,7782.75,7784.75,2933
2026-08-10 08:04:00-07:00,7784.75,7786.0,7783.0,7783.75,1932
2026-08-10 08:05:00-07:00,7783.5,7786.25,7783.5,7786.0,2124
2026-08-10 08:06:00-07:00,7786.0,7786.5,7784.0,7785.25,1903
2026-08-10 08:07:00-07:00,7785.5,7786.75,7785.0,7785.75,1294
2026-08-10 08:08:00-07:00,7785.75,7786.5,7783.75,7783.75,1239
2026-08-10 08:09:00-07:00,7784.0,7784.0,7782.0,7782.0,2131
2026-08-10 08:10:00-07:00,7782.0,7783.25,7780.75,7782.75,2035
2026-08-10 08:11:00-07:00,7782.75,7785.75,7782.5,7783.25,1811
2026-08-10 08:12:00-07:00,7783.25,7784.0,7781.5,7781.75,1521
2026-08-10 08:13:00-07:00,7781.75,7784.75,7781.5,7784.25,1105
2026-08-10 08:14:00-07:00,7784.25,7785.0,7783.5,7784.75,1237
2026-08-10 08:15:00-07:00,7784.75,7788.25,7784.25,7788.25,2462
2026-08-10 08:16:00-07:00,7788.25,7788.5,7786.0,7786.5,2277
2026-08-10 08:17:00-07:00,7786.5,7787.0,7784.25,7786.0,1791
2026-08-10 08:18:00-07:00,7786.0,7786.5,7784.75,7785.25,1389
2026-08-10 08:19:00-07:00,7785.25,7786.75,7784.75,7785.75,1774
2026-08-10 08:20:00-07:00,7786.0,7787.5,7786.0,7786.75,1786
2026-08-10 08:21:00-07:00,7786.75,7787.0,7785.25,7786.5,1231
2026-08-10 08:22:00-07:00,7786.5,7786.75,7784.75,7785.75,1457
2026-08-10 08:23:00-07:00,7785.5,7787.25,7784.5,7786.5,1009
2026-08-10 08:24:00-07:00,7786.25,7786.25,7784.75,7785.75,932
2026-08-10 08:25:00-07:00,7785.75,7786.0,7781.75,7782.25,1850
2026-08-10 08:26:00-07:00,7782.25,7783.0,7780.75,7782.0,1836
2026-08-10 08:27:00-07:00,7782.0,7784.5,7781.5,7784.0,1700
2026-08-10 08:28:00-07:00,7783.75,7784.75,7782.75,7783.75,1388
2026-08-10 08:29:00-07:00,7783.75,7785.0,7783.5,7784.25,1048
2026-08-10 08:30:00-07:00,7784.25,7785.5,7783.25,7784.25,1884
2026-08-10 08:31:00-07:00,7784.25,7784.5,7781.75,7783.0,2033
2026-08-10 08:32:00-07:00,7782.75,7782.75,7780.75,7782.5,1497
2026-08-10 08:33:00-07:00,7782.5,7782.75,7781.5,7782.0,1871
2026-08-10 08:34:00-07:00,7782.0,7782.25,7780.0,7780.75,2064
2026-08-10 08:35:00-07:00,7780.75,7782.5,7778.5,7781.25,2521
2026-08-10 08:36:00-07:00,7781.0,7781.75,7779.0,7779.25,1388
2026-08-10 08:37:00-07:00,7779.0,7780.0,7778.5,7780.0,1568
2026-08-10 08:38:00-07:00,7780.0,7780.5,7779.0,7780.0,1002
2026-08-10 08:39:00-07:00,7779.75,7780.5,7779.0,7779.0,1204
2026-08-10 08:40:00-07:00,7779.25,7782.0,7778.0,7781.25,2024
2026-08-10 08:41:00-07:00,7781.5,7782.5,7780.75,7782.25,1221
2026-08-10 08:42:00-07:00,7782.5,7783.0,7780.75,7780.75,1065
2026-08-10 08:43:00-07:00,7780.75,7783.0,7780.25,7783.0,1027
2026-08-10 08:44:00-07:00,7783.0,7784.75,7782.5,7784.5,1534
2026-08-10 08:45:00-07:00,7784.5,7785.25,7783.75,7784.25,1488
2026-08-10 08:46:00-07:00,7784.25,7784.25,7782.75,7782.75,1531
2026-08-10 08:47:00-07:00,7782.75,7784.0,7782.0,7782.25,802
2026-08-10 08:48:00-07:00,7782.5,7783.0,7781.5,7782.25,987
2026-08-10 08:49:00-07:00,7782.25,7783.75,7781.75,7782.0,921
2026-08-10 08:50:00-07:00,7782.0,7784.25,7781.5,7783.5,1085
2026-08-10 08:51:00-07:00,7783.75,7786.75,7783.5,7786.75,1504
2026-08-10 08:52:00-07:00,7786.75,7788.0,7786.5,7788.0,1611
2026-08-10 08:53:00-07:00,7788.0,7788.5,7787.5,7788.0,1685
2026-08-10 08:54:00-07:00,7788.25,7790.25,7787.75,7788.5,2073
2026-08-10 08:55:00-07:00,7788.75,7788.75,7787.25,7788.0,2341
2026-08-10 08:56:00-07:00,7788.0,7788.5,7787.0,7788.25,896
2026-08-10 08:57:00-07:00,7788.25,7789.75,7788.0,7789.5,1871
2026-08-10 08:58:00-07:00,7789.5,7790.0,7789.25,7790.0,1164
2026-08-10 08:59:00-07:00,7790.0,7790.75,7789.5,7790.0,1521
2026-08-10 09:00:00-07:00,7790.0,7791.25,7789.25,7790.5,2087
2026-08-10 09:01:00-07:00,7790.5,7790.5,7788.75,7789.0,1076
2026-08-10 09:02:00-07:00,7789.25,7790.0,7789.0,7789.25,973
2026-08-10 09:03:00-07:00,7789.25,7789.25,7788.0,7788.25,877
2026-08-10 09:04:00-07:00,7788.25,7788.75,7787.0,7788.25,1433
2026-08-10 09:05:00-07:00,7788.25,7788.75,7787.25,7787.5,843
2026-08-10 09:06:00-07:00,7787.5,7787.75,7786.5,7786.5,1529
2026-08-10 09:07:00-07:00,7786.75,7788.0,7786.75,7787.25,775
2026-08-10 09:08:00-07:00,7787.0,7788.0,7785.75,7785.75,1091
2026-08-10 09:09:00-07:00,7785.75,7787.0,7785.25,7786.5,1363
2026-08-10 09:10:00-07:00,7786.5,7787.0,7785.75,7786.5,947
2026-08-10 09:11:00-07:00,7786.5,7788.0,7786.0,7786.0,1124
2026-08-10 09:12:00-07:00,7786.25,7786.5,7784.5,7785.0,1474
2026-08-10 09:13:00-07:00,7785.25,7785.75,7784.75,7785.75,652
2026-08-10 09:14:00-07:00,7785.75,7786.0,7784.25,7784.5,1188
2026-08-10 09:15:00-07:00,7784.25,7784.5,7781.0,7781.75,2552
2026-08-10 09:16:00-07:00,7781.75,7784.0,7781.75,7783.25,1625
2026-08-10 09:17:00-07:00,7783.25,7783.75,7782.75,7783.0,906
2026-08-10 09:18:00-07:00,7783.0,7784.25,7782.75,7783.0,872
2026-08-10 09:19:00-07:00,7783.25,7784.0,7782.75,7783.25,1208
2026-08-10 09:20:00-07:00,7783.25,7785.25,7783.0,7783.75,1118
2026-08-10 09:21:00-07:00,7783.75,7783.75,7781.5,7781.75,1053
2026-08-10 09:22:00-07:00,7781.75,7782.75,7781.25,7782.25,708
2026-08-10 09:23:00-07:00,7782.25,7783.5,7782.25,7783.0,917
2026-08-10 09:24:00-07:00,7783.25,7784.25,7782.5,7784.0,1001
2026-08-10 09:25:00-07:00,7784.0,7785.75,7783.0,7784.5,1262
2026-08-10 09:26:00-07:00,7784.75,7784.75,7782.0,7782.0,1011
2026-08-10 09:27:00-07:00,7782.25,7782.75,7780.5,7780.5,1557
2026-08-10 09:28:00-07:00,7780.5,7782.25,7780.0,7782.0,1895
2026-08-10 09:29:00-07:00,7782.0,7782.25,7780.0,7780.25,950
2026-08-10 09:30:00-07:00,7780.25,7781.0,7779.5,7779.5,1379
2026-08-10 09:31:00-07:00,7779.5,7781.25,7764.5,7765.0,5499
2026-08-10 09:32:00-07:00,7765.25,7775.75,7765.0,7775.25,7330
2026-08-10 09:33:00-07:00,7775.5,7775.5,7772.5,7774.25,3162
2026-08-10 09:34:00-07:00,7774.0,7774.75,7772.5,7773.75,2100
2026-08-10 09:35:00-07:00,7773.75,7776.0,7773.25,7775.25,2114
2026-08-10 09:36:00-07:00,7775.5,7777.25,7774.5,7775.25,1863
2026-08-10 09:37:00-07:00,7775.5,7775.75,7773.5,7773.75,1281
2026-08-10 09:38:00-07:00,7773.75,7774.0,7771.0,7772.25,3340
2026-08-10 09:39:00-07:00,7772.5,7773.25,7771.75,7772.0,1124
2026-08-10 09:40:00-07:00,7772.0,7773.0,7771.25,7772.5,1195
2026-08-10 09:41:00-07:00,7772.25,7772.25,7768.5,7769.75,3194
2026-08-10 09:42:00-07:00,7769.75,7771.5,7769.25,7769.75,3225
2026-08-10 09:43:00-07:00,7769.75,7770.0,7767.25,7767.25,1531
2026-08-10 09:44:00-07:00,7767.25,7768.0,7766.0,7767.75,2536
2026-08-10 09:45:00-07:00,7768.0,7768.25,7765.75,7767.25,2863
2026-08-10 09:46:00-07:00,7767.5,7770.5,7766.75,7770.25,2306
2026-08-10 09:47:00-07:00,7770.25,7771.5,7769.25,7771.25,1506
2026-08-10 09:48:00-07:00,7771.0,7771.5,7770.25,7770.5,1291
2026-08-10 09:49:00-07:00,7770.75,7772.75,7770.5,7772.75,1669
2026-08-10 09:50:00-07:00,7772.75,7773.0,7770.75,7771.25,1681
2026-08-10 09:51:00-07:00,7771.0,7771.5,7770.0,7770.75,1563
2026-08-10 09:52:00-07:00,7770.75,7771.25,7770.0,7771.0,1137
2026-08-10 09:53:00-07:00,7771.0,7771.0,7769.25,7769.75,1126
2026-08-10 09:54:00-07:00,7769.75,7771.75,7769.75,7771.75,938
2026-08-10 09:55:00-07:00,7772.0,7774.25,7771.75,7772.75,1689
2026-08-10 09:56:00-07:00,7772.5,7774.25,7772.0,7774.0,1060
2026-08-10 09:57:00-07:00,7774.0,7774.75,7773.75,7774.5,1187
2026-08-10 09:58:00-07:00,7774.5,7775.75,7773.75,7774.0,1686
2026-08-10 09:59:00-07:00,7774.25,7776.25,7774.0,7776.25,1369
2026-08-10 10:00:00-07:00,7776.0,7776.75,7775.0,7776.5,1521
2026-08-10 10:01:00-07:00,7776.25,7777.0,7773.75,7773.75,1373
2026-08-10 10:02:00-07:00,7774.0,7775.0,7773.75,7774.0,981
2026-08-10 10:03:00-07:00,7774.25,7774.25,7772.0,7772.0,1607
2026-08-10 10:04:00-07:00,7772.0,7773.5,7771.5,7773.5,852
2026-08-10 10:05:00-07:00,7773.5,7773.75,7772.5,7772.75,1106
2026-08-10 10:06:00-07:00,7773.0,7774.5,7772.75,7773.0,887
2026-08-10 10:07:00-07:00,7773.0,7775.0,7772.5,7774.75,843
2026-08-10 10:08:00-07:00,7774.75,7777.0,7774.5,7776.0,1197
2026-08-10 10:09:00-07:00,7776.0,7777.75,7776.0,7777.25,1335
2026-08-10 10:10:00-07:00,7777.5,7779.0,7776.75,7777.0,1848
2026-08-10 10:11:00-07:00,7777.0,7777.0,7775.75,7776.5,879
2026-08-10 10:12:00-07:00,7776.5,7776.75,7775.75,7776.0,641
2026-08-10 10:13:00-07:00,7776.0,7777.75,7776.0,7777.5,739
2026-08-10 10:14:00-07:00,7777.5,7778.0,7777.25,7777.5,688
2026-08-10 10:15:00-07:00,7777.5,7779.0,7777.5,7778.5,1016
2026-08-10 10:16:00-07:00,7778.5,7779.5,7777.75,7778.75,1186
2026-08-10 10:17:00-07:00,7778.75,7779.25,7778.0,7779.0,811
2026-08-10 10:18:00-07:00,7779.0,7779.25,7776.5,7776.75,1192
2026-08-10 10:19:00-07:00,7776.75,7778.0,7776.75,7777.75,715
2026-08-10 10:20:00-07:00,7778.0,7778.75,7777.75,7777.75,841
2026-08-10 10:21:00-07:00,7778.0,7778.25,7776.75,7776.75,1050
2026-08-10 10:22:00-07:00,7776.5,7778.0,7776.5,7777.5,751
2026-08-10 10:23:00-07:00,7777.5,7778.5,7777.25,7777.5,849
2026-08-10 10:24:00-07:00,7777.5,7778.25,7777.25,7778.0,597
2026-08-10 10:25:00-07:00,7778.0,7778.5,7776.75,7776.75,907
2026-08-10 10:26:00-07:00,7776.75,7777.25,7776.25,7776.25,844
2026-08-10 10:27:00-07:00,7776.5,7777.5,7775.75,7775.75,848
2026-08-10 10:28:00-07:00,7775.75,7777.0,7775.0,7776.5,1531
2026-08-10 10:29:00-07:00,7776.75,7778.25,7776.75,7777.5,941
2026-08-10 10:30:00-07:00,7777.5,7779.0,7777.5,7778.5,1333
2026-08-10 10:31:00-07:00,7778.5,7779.25,7778.25,7778.5,887
2026-08-10 10:32:00-07:00,7778.5,7779.25,7778.25,7778.75,803
2026-08-10 10:33:00-07:00,7778.75,7779.25,7777.5,7777.5,756
2026-08-10 10:34:00-07:00,7777.5,7778.0,7777.25,7777.75,912
2026-08-10 10:35:00-07:00,7777.75,7778.25,7776.75,7776.75,852
2026-08-10 10:36:00-07:00,7777.0,7777.75,7776.75,7776.75,951
2026-08-10 10:37:00-07:00,7776.5,7776.5,7774.25,7774.25,1083
2026-08-10 10:38:00-07:00,7774.25,7775.25,7774.0,7775.0,861
2026-08-10 10:39:00-07:00,7775.0,7775.25,7774.5,7774.75,693
2026-08-10 10:40:00-07:00,7775.0,7775.75,7774.25,7775.0,746
2026-08-10 10:41:00-07:00,7775.0,7775.5,7774.5,7775.25,680
2026-08-10 10:42:00-07:00,7775.5,7776.25,7774.5,7774.5,819
2026-08-10 10:43:00-07:00,7774.75,7774.75,7773.75,7774.25,815
2026-08-10 10:44:00-07:00,7774.25,7775.0,7772.5,7773.0,1519
2026-08-10 10:45:00-07:00,7773.0,7773.5,7772.0,7772.75,1496
2026-08-10 10:46:00-07:00,7773.0,7773.5,7772.0,7773.5,868
2026-08-10 10:47:00-07:00,7773.25,7774.25,7773.0,7773.25,1102
2026-08-10 10:48:00-07:00,7773.25,7774.0,7772.75,7774.0,954
2026-08-10 10:49:00-07:00,7774.0,7774.25,7773.25,7773.25,544
2026-08-10 10:50:00-07:00,7773.5,7774.0,7772.0,7772.5,1251
2026-08-10 10:51:00-07:00,7772.25,7772.5,7771.25,7771.75,1455
2026-08-10 10:52:00-07:00,7772.0,7773.25,7771.5,7773.25,1295
2026-08-10 10:53:00-07:00,7773.25,7773.25,7772.0,7772.5,665
2026-08-10 10:54:00-07:00,7772.25,7773.25,7772.0,7772.75,749
2026-08-10 10:55:00-07:00,7772.75,7774.5,7772.0,7772.75,1117
2026-08-10 10:56:00-07:00,7772.75,7772.75,7771.75,7772.5,695
2026-08-10 10:57:00-07:00,7772.5,7774.0,7772.0,7774.0,836
2026-08-10 10:58:00-07:00,7774.0,7774.75,7773.75,7774.75,867
2026-08-10 10:59:00-07:00,7774.5,7774.75,7773.75,7773.75,781
2026-08-10 11:00:00-07:00,7773.75,7775.25,7773.75,7774.75,1471
2026-08-10 11:01:00-07:00,7775.0,7775.25,7773.25,7773.25,1356
2026-08-10 11:02:00-07:00,7773.25,7774.25,7773.0,7773.75,919
2026-08-10 11:03:00-07:00,7773.75,7774.25,7773.0,7774.0,802
2026-08-10 11:04:00-07:00,7774.0,7774.25,7773.5,7773.75,396
2026-08-10 11:05:00-07:00,7774.0,7774.75,7773.0,7774.25,646
2026-08-10 11:06:00-07:00,7774.5,7775.0,7773.75,7774.75,565
2026-08-10 11:07:00-07:00,7774.5,7775.25,7774.5,7774.75,521
2026-08-10 11:08:00-07:00,7774.75,7776.75,7774.75,7776.0,1215
2026-08-10 11:09:00-07:00,7776.25,7776.25,7775.5,7776.0,1144
2026-08-10 11:10:00-07:00,7775.75,7777.25,7775.5,7776.75,708
2026-08-10 11:11:00-07:00,7777.0,7777.25,7775.75,7776.25,1250
2026-08-10 11:12:00-07:00,7776.25,7776.5,7774.75,7774.75,706
2026-08-10 11:13:00-07:00,7774.75,7775.0,7773.5,7774.0,963
2026-08-10 11:14:00-07:00,7774.25,7774.25,7772.75,7773.25,672
2026-08-10 11:15:00-07:00,7773.5,7773.75,7772.5,7773.0,1385
2026-08-10 11:16:00-07:00,7773.0,7773.75,7772.75,7773.5,784
2026-08-10 11:17:00-07:00,7773.5,7774.0,7773.0,7773.5,452
2026-08-10 11:18:00-07:00,7773.5,7773.75,7772.25,7772.25,422
2026-08-10 11:19:00-07:00,7772.25,7772.75,7771.75,7772.25,1340
2026-08-10 11:20:00-07:00,7772.25,7772.75,7771.25,7772.0,1166
2026-08-10 11:21:00-07:00,7772.0,7772.75,7772.0,7772.75,679
2026-08-10 11:22:00-07:00,7773.0,7774.0,7772.5,7773.0,908
2026-08-10 11:23:00-07:00,7773.0,7773.0,7772.25,7772.5,422
2026-08-10 11:24:00-07:00,7772.5,7772.75,7772.0,7772.0,803
2026-08-10 11:25:00-07:00,7772.0,7773.25,7772.0,7773.0,694
2026-08-10 11:26:00-07:00,7773.0,7773.5,7772.0,7772.25,605
2026-08-10 11:27:00-07:00,7772.0,7772.25,7771.5,7772.0,677
2026-08-10 11:28:00-07:00,7772.0,7772.5,7771.75,7772.25,485
2026-08-10 11:29:00-07:00,7772.5,7772.5,7771.5,7771.5,584
2026-08-10 11:30:00-07:00,7771.5,7771.75,7769.25,7771.0,2597
2026-08-10 11:31:00-07:00,7770.75,7772.5,7770.75,7772.5,1200
2026-08-10 11:32:00-07:00,7772.25,7773.25,7771.75,7772.75,872
2026-08-10 11:33:00-07:00,7773.0,7773.0,7771.25,7772.25,1317
2026-08-10 11:34:00-07:00,7772.25,7772.25,7771.5,7771.75,682
2026-08-10 11:35:00-07:00,7772.0,7773.5,7772.0,7772.25,807
2026-08-10 11:36:00-07:00,7772.5,7772.75,7771.0,7771.0,643
2026-08-10 11:37:00-07:00,7771.25,7771.25,7769.5,7769.75,1051
2026-08-10 11:38:00-07:00,7770.0,7770.75,7769.75,7770.5,465
2026-08-10 11:39:00-07:00,7770.5,7772.25,7770.25,7772.0,1067
2026-08-10 11:40:00-07:00,7772.0,7773.25,7772.0,7773.0,831
2026-08-10 11:41:00-07:00,7773.0,7774.25,7773.0,7774.0,998
2026-08-10 11:42:00-07:00,7774.25,7775.75,7773.5,7775.5,1259
2026-08-10 11:43:00-07:00,7775.75,7775.75,7774.0,7774.0,1214
2026-08-10 11:44:00-07:00,7774.0,7775.5,7774.0,7775.25,638
2026-08-10 11:45:00-07:00,7775.25,7775.75,7774.5,7775.5,1377
2026-08-10 11:46:00-07:00,7775.5,7775.75,7774.75,7775.0,1189
2026-08-10 11:47:00-07:00,7775.0,7775.75,7775.0,7775.75,766
2026-08-10 11:48:00-07:00,7775.5,7776.0,7774.75,7775.75,745
2026-08-10 11:49:00-07:00,7775.5,7775.75,7774.0,7775.25,848
2026-08-10 11:50:00-07:00,7775.0,7776.25,7775.0,7776.25,784
2026-08-10 11:51:00-07:00,7776.25,7777.5,7775.75,7776.0,1593
2026-08-10 11:52:00-07:00,7776.25,7777.0,7776.25,7777.0,453
2026-08-10 11:53:00-07:00,7777.0,7777.75,7776.5,7777.25,697
2026-08-10 11:54:00-07:00,7777.25,7778.25,7777.25,7777.75,1140
2026-08-10 11:55:00-07:00,7777.75,7777.75,7776.5,7776.5,874
2026-08-10 11:56:00-07:00,7776.75,7778.0,7776.5,7777.75,863
2026-08-10 11:57:00-07:00,7778.0,7779.5,7778.0,7779.0,1237
2026-08-10 11:58:00-07:00,7779.25,7779.75,7778.25,7778.5,1181
2026-08-10 11:59:00-07:00,7778.5,7779.25,7778.25,7778.5,1087
2026-08-10 12:00:00-07:00,7778.75,7779.0,7777.25,7777.25,1815
2026-08-10 12:01:00-07:00,7777.25,7778.75,7777.25,7778.0,1002
2026-08-10 12:02:00-07:00,7778.0,7779.25,7777.75,7778.5,1154
2026-08-10 12:03:00-07:00,7778.25,7780.0,7778.0,7779.5,1117
2026-08-10 12:04:00-07:00,7779.5,7779.75,7778.5,7778.5,954
2026-08-10 12:05:00-07:00,7778.75,7779.25,7777.75,7778.5,1302
2026-08-10 12:06:00-07:00,7778.75,7779.75,7778.0,7779.0,1267
2026-08-10 12:07:00-07:00,7779.0,7779.75,7779.0,7779.5,732
2026-08-10 12:08:00-07:00,7779.75,7780.5,7779.5,7780.5,1751
2026-08-10 12:09:00-07:00,7780.5,7780.75,7779.75,7780.75,1151
2026-08-10 12:10:00-07:00,7780.75,7780.75,7779.5,7780.0,921
2026-08-10 12:11:00-07:00,7780.0,7780.5,7779.25,7779.5,925
2026-08-10 12:12:00-07:00,7779.25,7780.0,7778.75,7779.75,1121
2026-08-10 12:13:00-07:00,7779.75,7780.75,7779.75,7780.0,865
2026-08-10 12:14:00-07:00,7780.0,7780.0,7779.25,7779.75,1436
2026-08-10 12:15:00-07:00,7779.75,7780.25,7779.25,7779.5,751
2026-08-10 12:16:00-07:00,7779.5,7779.75,7778.75,7779.0,1316
2026-08-10 12:17:00-07:00,7779.25,7780.5,7779.0,7780.5,990
2026-08-10 12:18:00-07:00,7780.5,7781.25,7780.0,7780.5,1197
2026-08-10 12:19:00-07:00,7780.5,7780.5,7779.5,7779.75,688
2026-08-10 12:20:00-07:00,7779.75,7780.5,7779.0,7779.0,865
2026-08-10 12:21:00-07:00,7779.25,7779.75,7778.5,7779.25,1214
2026-08-10 12:22:00-07:00,7779.25,7779.75,7778.75,7778.75,540
2026-08-10 12:23:00-07:00,7779.0,7780.0,7778.75,7779.75,1185
2026-08-10 12:24:00-07:00,7780.0,7780.75,7779.0,7780.5,1280
2026-08-10 12:25:00-07:00,7780.5,7780.5,7778.0,7778.25,1659
2026-08-10 12:26:00-07:00,7778.25,7779.25,7777.75,7778.25,986
2026-08-10 12:27:00-07:00,7778.0,7778.0,7776.5,7776.75,1825
2026-08-10 12:28:00-07:00,7777.0,7777.5,7776.25,7776.5,1491
2026-08-10 12:29:00-07:00,7776.75,7776.75,7775.25,7775.75,1512
2026-08-10 12:30:00-07:00,7776.0,7776.75,7775.0,7775.25,2153
2026-08-10 12:31:00-07:00,7775.25,7776.25,7775.0,7775.5,1380
2026-08-10 12:32:00-07:00,7775.5,7776.0,7773.75,7774.5,2147
2026-08-10 12:33:00-07:00,7774.5,7775.25,7774.25,7775.0,1275
2026-08-10 12:34:00-07:00,7774.75,7776.25,7774.5,7775.25,1456
2026-08-10 12:35:00-07:00,7775.25,7776.25,7774.5,7774.75,1135
2026-08-10 12:36:00-07:00,7775.0,7776.5,7774.75,7776.25,1398
2026-08-10 12:37:00-07:00,7776.25,7777.0,7776.0,7776.75,1101
2026-08-10 12:38:00-07:00,7776.75,7777.5,7776.25,7777.5,1322
2026-08-10 12:39:00-07:00,7777.5,7779.5,7777.25,7778.5,1675
2026-08-10 12:40:00-07:00,7778.5,7778.75,7777.5,7777.5,1186
2026-08-10 12:41:00-07:00,7777.5,7778.0,7776.25,7776.5,1198
2026-08-10 12:42:00-07:00,7776.75,7778.5,7776.0,7778.0,1447
2026-08-10 12:43:00-07:00,7778.0,7778.5,7777.5,7778.0,660
2026-08-10 12:44:00-07:00,7778.25,7778.25,7777.5,7777.5,838
2026-08-10 12:45:00-07:00,7777.5,7778.5,7775.25,7776.0,2086
2026-08-10 12:46:00-07:00,7776.0,7776.75,7775.75,7775.75,859
2026-08-10 12:47:00-07:00,7776.0,7777.5,7775.75,7777.0,1060
2026-08-10 12:48:00-07:00,7777.25,7777.5,7776.0,7776.5,1116
2026-08-10 12:49:00-07:00,7776.25,7778.75,7776.25,7778.25,1363
2026-08-10 12:50:00-07:00,7778.0,7778.0,7772.0,7772.25,5953
2026-08-10 12:51:00-07:00,7772.5,7773.5,7771.25,7771.75,3204
2026-08-10 12:52:00-07:00,7771.75,7773.0,7771.0,7771.5,2824
2026-08-10 12:53:00-07:00,7771.5,7772.75,7770.5,7771.75,2600
2026-08-10 12:54:00-07:00,7772.0,7774.25,7771.0,7771.25,4053
2026-08-10 12:55:00-07:00,7771.25,7775.25,7771.25,7772.75,5310
2026-08-11 06:25:00-07:00,7791.5,7792.25,7790.75,7791.75,456
2026-08-11 06:26:00-07:00,7791.5,7791.75,7790.0,7790.75,763
2026-08-11 06:27:00-07:00,7790.75,7793.5,7790.75,7793.5,1529
2026-08-11 06:28:00-07:00,7793.5,7793.5,7792.25,7793.0,1554
2026-08-11 06:29:00-07:00,7792.75,7792.75,7791.25,7791.5,1456
2026-08-11 06:30:00-07:00,7791.75,7792.5,7785.0,7785.75,11763
2026-08-11 06:31:00-07:00,7785.75,7786.5,7781.5,7782.0,7470
2026-08-11 06:32:00-07:00,7782.0,7783.0,7779.5,7781.25,4183
2026-08-11 06:33:00-07:00,7781.25,7782.75,7778.5,7779.25,4069
2026-08-11 06:34:00-07:00,7779.25,7781.5,7779.25,7780.75,3591
2026-08-11 06:35:00-07:00,7780.75,7780.75,7776.25,7776.5,5591
2026-08-11 06:36:00-07:00,7776.5,7780.0,7775.5,7778.5,3676
2026-08-11 06:37:00-07:00,7778.5,7781.75,7778.0,7779.0,3472
2026-08-11 06:38:00-07:00,7779.25,7779.25,7774.75,7776.75,4292
2026-08-11 06:39:00-07:00,7776.5,7777.5,7774.75,7777.5,2723
2026-08-11 06:40:00-07:00,7777.5,7780.5,7777.0,7780.5,3719
2026-08-11 06:41:00-07:00,7780.5,7782.75,7779.25,7782.25,3273
2026-08-11 06:42:00-07:00,7782.0,7783.5,7779.25,7782.0,3091
2026-08-11 06:43:00-07:00,7782.0,7782.25,7779.5,7780.0,2118
2026-08-11 06:44:00-07:00,7780.0,7781.0,7778.25,7778.75,3201
2026-08-11 06:45:00-07:00,7778.75,7781.0,7775.5,7775.75,3575
2026-08-11 06:46:00-07:00,7775.75,7777.0,7771.75,7775.0,6941
2026-08-11 06:47:00-07:00,7775.25,7776.0,7772.25,7773.75,4098
2026-08-11 06:48:00-07:00,7773.75,7775.0,7771.75,7774.25,3348
2026-08-11 06:49:00-07:00,7774.0,7776.25,7772.5,7774.5,2667
2026-08-11 06:50:00-07:00,7774.5,7776.5,7772.0,7772.0,2830
2026-08-11 06:51:00-07:00,7772.25,7773.75,7771.75,7773.75,2412
2026-08-11 06:52:00-07:00,7773.5,7776.75,7772.75,7776.75,2524
2026-08-11 06:53:00-07:00,7776.75,7777.5,7774.5,7776.25,2301
2026-08-11 06:54:00-07:00,7776.5,7776.75,7774.5,7775.0,1978
2026-08-11 06:55:00-07:00,7775.0,7777.0,7774.0,7776.5,2023
2026-08-11 06:56:00-07:00,7776.5,7779.25,7776.0,7779.25,2536
2026-08-11 06:57:00-07:00,7779.25,7780.5,7778.25,7779.75,2424
2026-08-11 06:58:00-07:00,7779.75,7780.5,7777.5,7779.0,1576
2026-08-11 06:59:00-07:00,7778.75,7782.5,7778.75,7782.0,2276
2026-08-11 07:00:00-07:00,7782.25,7786.5,7780.75,7786.25,4995
2026-08-11 07:01:00-07:00,7786.0,7787.0,7784.5,7786.0,2866
2026-08-11 07:02:00-07:00,7786.0,7786.25,7784.25,7785.0,2931
2026-08-11 07:03:00-07:00,7785.25,7786.0,7783.25,7784.75,2240
2026-08-11 07:04:00-07:00,7785.0,7785.75,7784.0,7785.0,1592
2026-08-11 07:05:00-07:00,7784.75,7785.75,7782.75,7785.5,2470
2026-08-11 07:06:00-07:00,7785.5,7786.0,7784.25,7784.5,1999
2026-08-11 07:07:00-07:00,7784.5,7784.5,7781.5,7783.25,2683
2026-08-11 07:08:00-07:00,7783.25,7784.0,7781.25,7783.0,2200
2026-08-11 07:09:00-07:00,7783.25,7784.5,7782.25,7784.0,1824
2026-08-11 07:10:00-07:00,7784.0,7785.75,7783.75,7784.25,2331
2026-08-11 07:11:00-07:00,7784.25,7784.5,7782.75,7783.25,2107
2026-08-11 07:12:00-07:00,7783.25,7783.75,7782.5,7783.0,2155
2026-08-11 07:13:00-07:00,7783.0,7783.75,7781.75,7782.75,1359
2026-08-11 07:14:00-07:00,7782.75,7784.0,7782.0,7784.0,1365
2026-08-11 07:15:00-07:00,7784.0,7785.25,7782.0,7785.0,1974
2026-08-11 07:16:00-07:00,7785.0,7785.75,7783.75,7784.0,1937
2026-08-11 07:17:00-07:00,7784.25,7784.5,7780.5,7780.75,1959
2026-08-11 07:18:00-07:00,7780.5,7782.25,7779.75,7781.25,2695
2026-08-11 07:19:00-07:00,7781.25,7783.5,7781.0,7782.25,1550
2026-08-11 07:20:00-07:00,7782.5,7784.75,7782.25,7784.0,1543
2026-08-11 07:21:00-07:00,7784.0,7784.0,7781.75,7783.0,1286
2026-08-11 07:22:00-07:00,7783.0,7783.75,7780.75,7780.75,1929
2026-08-11 07:23:00-07:00,7781.0,7783.0,7781.0,7781.25,1306
2026-08-11 07:24:00-07:00,7781.25,7782.0,7779.75,7780.0,1592
2026-08-11 07:25:00-07:00,7780.0,7781.75,7779.25,7781.75,1997
2026-08-11 07:26:00-07:00,7781.5,7782.25,7780.25,7781.5,1470
2026-08-11 07:27:00-07:00,7781.25,7782.75,7780.0,7781.0,1439
2026-08-11 07:28:00-07:00,7781.0,7784.0,7780.5,7784.0,1430
2026-08-11 07:29:00-07:00,7784.0,7785.5,7782.75,7784.75,2703
2026-08-11 07:30:00-07:00,7784.75,7785.25,7781.25,7781.5,2439
2026-08-11 07:31:00-07:00,7781.25,7782.75,7780.5,7781.5,1521
2026-08-11 07:32:00-07:00,7781.5,7782.5,7781.25,7782.0,971
2026-08-11 07:33:00-07:00,7781.75,7783.0,7781.75,7782.0,1098
2026-08-11 07:34:00-07:00,7782.0,7782.75,7780.75,7782.75,1200
2026-08-11 07:35:00-07:00,7782.75,7783.75,7781.75,7783.0,1483
2026-08-11 07:36:00-07:00,7783.0,7783.25,7782.25,7783.0,1102
2026-08-11 07:37:00-07:00,7782.75,7783.25,7779.75,7780.25,1858
2026-08-11 07:38:00-07:00,7780.0,7780.25,7778.0,7779.5,2489
2026-08-11 07:39:00-07:00,7779.25,7780.75,7779.25,7779.5,2000
2026-08-11 07:40:00-07:00,7779.5,7781.5,7779.25,7781.0,2707
2026-08-11 07:41:00-07:00,7781.0,7782.0,7780.25,7782.0,1984
2026-08-11 07:42:00-07:00,7782.0,7782.25,7778.75,7781.25,3327
2026-08-11 07:43:00-07:00,7781.5,7782.75,7779.5,7780.0,2436
2026-08-11 07:44:00-07:00,7780.25,7780.25,7778.75,7779.5,2499
2026-08-11 07:45:00-07:00,7779.75,7781.75,7779.5,7781.5,2709
2026-08-11 07:46:00-07:00,7781.75,7784.25,7781.75,7783.25,2699
2026-08-11 07:47:00-07:00,7783.5,7783.75,7782.25,7783.75,2639
2026-08-11 07:48:00-07:00,7783.5,7785.5,7783.5,7784.75,2502
2026-08-11 07:49:00-07:00,7785.0,7785.25,7783.75,7784.75,2785
2026-08-11 07:50:00-07:00,7784.75,7785.0,7780.75,7781.25,3365
2026-08-11 07:51:00-07:00,7781.25,7785.0,7780.25,7784.5,3222
2026-08-11 07:52:00-07:00,7784.5,7786.25,7783.75,7785.75,3492
2026-08-11 07:53:00-07:00,7785.5,7785.75,7782.5,7782.75,2830
2026-08-11 07:54:00-07:00,7782.5,7785.5,7782.5,7784.75,2330
2026-08-11 07:55:00-07:00,7784.75,7786.25,7783.5,7783.5,2991
2026-08-11 07:56:00-07:00,7783.75,7784.75,7782.5,7783.0,1675
2026-08-11 07:57:00-07:00,7783.0,7783.5,7782.5,7783.0,770
2026-08-11 07:58:00-07:00,7783.0,7784.25,7782.5,7783.0,949
2026-08-11 07:59:00-07:00,7783.25,7783.25,7781.25,7782.0,1194
2026-08-11 08:00:00-07:00,7782.0,7784.0,7782.0,7783.5,1723
2026-08-11 08:01:00-07:00,7783.25,7784.0,7782.75,7783.5,1074
2026-08-11 08:02:00-07:00,7783.75,7783.75,7780.75,7781.0,1274
2026-08-11 08:03:00-07:00,7781.0,7781.75,7780.25,7780.75,1209
2026-08-11 08:04:00-07:00,7780.75,7781.25,7779.5,7780.75,1815
2026-08-11 08:05:00-07:00,7780.75,7780.75,7778.0,7778.25,2157
2026-08-11 08:06:00-07:00,7778.5,7778.75,7776.0,7776.75,2822
2026-08-11 08:07:00-07:00,7776.75,7777.5,7775.75,7776.0,2092
2026-08-11 08:08:00-07:00,7776.0,7776.5,7773.25,7774.5,3057
2026-08-11 08:09:00-07:00,7774.5,7774.75,7772.75,7773.5,2572
2026-08-11 08:10:00-07:00,7773.5,7774.25,7773.0,7773.5,2259
2026-08-11 08:11:00-07:00,7773.5,7773.75,7771.0,7773.25,3175
2026-08-11 08:12:00-07:00,7773.0,7775.0,7772.5,7773.75,2586
2026-08-11 08:13:00-07:00,7773.75,7774.75,7771.5,7771.75,1862
2026-08-11 08:14:00-07:00,7771.5,7773.25,7771.5,7772.25,1982
2026-08-11 08:15:00-07:00,7772.0,7772.25,7770.75,7771.75,2247
2026-08-11 08:16:00-07:00,7772.0,7772.25,7770.75,7771.0,1589
2026-08-11 08:17:00-07:00,7771.0,7772.25,7770.25,7770.5,2219
2026-08-11 08:18:00-07:00,7770.25,7770.25,7767.5,7767.75,3091
2026-08-11 08:19:00-07:00,7767.5,7770.5,7767.5,7769.75,2887
2026-08-11 08:20:00-07:00,7769.75,7771.25,7769.25,7770.75,2723
2026-08-11 08:21:00-07:00,7770.75,7773.5,7770.75,7773.5,2651
2026-08-11 08:22:00-07:00,7773.25,7774.0,7772.5,7773.0,1813
2026-08-11 08:23:00-07:00,7772.75,7773.0,7771.75,7772.0,1412
2026-08-11 08:24:00-07:00,7771.75,7772.25,7770.25,7771.0,1337
2026-08-11 08:25:00-07:00,7770.75,7771.75,7769.5,7771.75,1937
2026-08-11 08:26:00-07:00,7771.5,7772.5,7771.25,7771.75,1497
2026-08-11 08:27:00-07:00,7771.75,7771.75,7770.0,7770.0,1289
2026-08-11 08:28:00-07:00,7770.0,7770.75,7769.75,7769.75,1255
2026-08-11 08:29:00-07:00,7770.0,7770.75,7769.5,7769.5,1557
2026-08-11 08:30:00-07:00,7769.75,7770.75,7769.5,7770.75,2280
2026-08-11 08:31:00-07:00,7770.75,7771.25,7769.0,7769.5,1546
2026-08-11 08:32:00-07:00,7769.5,7770.5,7768.0,7770.5,2117
2026-08-11 08:33:00-07:00,7770.5,7771.25,7769.0,7769.25,1852
2026-08-11 08:34:00-07:00,7769.25,7769.5,7763.25,7765.0,8373
2026-08-11 08:35:00-07:00,7764.75,7766.75,7764.0,7765.5,3951
2026-08-11 08:36:00-07:00,7765.5,7766.5,7764.75,7766.0,2423
2026-08-11 08:37:00-07:00,7766.0,7766.75,7764.25,7765.25,2127
2026-08-11 08:38:00-07:00,7765.25,7766.0,7764.25,7765.25,1710
2026-08-11 08:39:00-07:00,7765.5,7766.75,7762.25,7764.25,3024
2026-08-11 08:40:00-07:00,7764.0,7766.0,7763.25,7765.5,2273
2026-08-11 08:41:00-07:00,7765.5,7766.25,7764.25,7765.25,2014
2026-08-11 08:42:00-07:00,7765.5,7766.75,7764.25,7766.5,1633
2026-08-11 08:43:00-07:00,7766.75,7767.5,7766.25,7767.25,2171
2026-08-11 08:44:00-07:00,7767.25,7767.25,7765.5,7767.25,1596
2026-08-11 08:45:00-07:00,7767.25,7767.25,7765.5,7766.25,2202
2026-08-11 08:46:00-07:00,7766.25,7766.75,7765.0,7765.0,1668
2026-08-11 08:47:00-07:00,7765.25,7766.0,7764.5,7764.5,1209
2026-08-11 08:48:00-07:00,7764.5,7765.75,7764.25,7765.5,1033
2026-08-11 08:49:00-07:00,7765.5,7766.75,7764.5,7765.5,1443
2026-08-11 08:50:00-07:00,7765.25,7768.0,7765.25,7767.75,1550
2026-08-11 08:51:00-07:00,7767.75,7768.0,7764.5,7764.5,1456
2026-08-11 08:52:00-07:00,7764.5,7765.0,7763.75,7763.75,1437
2026-08-11 08:53:00-07:00,7764.0,7764.5,7763.0,7763.25,1752
2026-08-11 08:54:00-07:00,7763.25,7764.25,7763.0,7763.75,960
2026-08-11 08:55:00-07:00,7763.75,7765.0,7763.25,7763.5,1962
2026-08-11 08:56:00-07:00,7763.5,7764.75,7763.25,7764.5,777
2026-08-11 08:57:00-07:00,7764.25,7765.0,7763.75,7763.75,819
2026-08-11 08:58:00-07:00,7763.75,7765.5,7763.75,7765.25,873
2026-08-11 08:59:00-07:00,7765.5,7767.0,7765.25,7765.5,1309
2026-08-11 09:00:00-07:00,7765.5,7768.75,7765.5,7768.5,2130
2026-08-11 09:01:00-07:00,7768.25,7768.5,7765.75,7766.25,1431
2026-08-11 09:02:00-07:00,7766.5,7767.25,7766.25,7767.0,1007
2026-08-11 09:03:00-07:00,7767.25,7767.25,7765.5,7765.5,841
2026-08-11 09:04:00-07:00,7765.5,7766.75,7765.5,7765.75,720
2026-08-11 09:05:00-07:00,7765.75,7769.0,7765.0,7768.75,1366
2026-08-11 09:06:00-07:00,7768.75,7769.5,7768.5,7768.75,1561
2026-08-11 09:07:00-07:00,7768.75,7769.25,7767.75,7768.0,1105
2026-08-11 09:08:00-07:00,7767.75,7768.75,7767.0,7768.25,933
2026-08-11 09:09:00-07:00,7768.25,7768.75,7767.5,7768.5,921
2026-08-11 09:10:00-07:00,7768.5,7768.75,7767.5,7768.25,1186
2026-08-11 09:11:00-07:00,7768.25,7768.5,7765.75,7766.5,1273
2026-08-11 09:12:00-07:00,7766.5,7767.25,7765.75,7767.0,853
2026-08-11 09:13:00-07:00,7766.75,7766.75,7766.0,7766.25,613
2026-08-11 09:14:00-07:00,7766.5,7767.75,7764.75,7765.25,1388
2026-08-11 09:15:00-07:00,7765.25,7767.0,7765.0,7767.0,823
2026-08-11 09:16:00-07:00,7766.75,7769.0,7766.25,7769.0,1070
2026-08-11 09:17:00-07:00,7769.0,7769.75,7768.5,7769.0,1055
2026-08-11 09:18:00-07:00,7768.75,7769.0,7767.0,7767.75,825
2026-08-11 09:19:00-07:00,7767.5,7768.0,7765.75,7766.25,896
2026-08-11 09:20:00-07:00,7766.0,7767.0,7765.5,7765.75,945
2026-08-11 09:21:00-07:00,7765.75,7766.75,7765.5,7766.5,870
2026-08-11 09:22:00-07:00,7766.75,7767.5,7766.25,7767.0,882
2026-08-11 09:23:00-07:00,7767.0,7767.25,7765.5,7765.75,2281
2026-08-11 09:24:00-07:00,7765.75,7766.0,7761.5,7762.5,3876
2026-08-11 09:25:00-07:00,7762.25,7762.5,7759.25,7761.5,4566
2026-08-11 09:26:00-07:00,7761.5,7762.75,7760.25,7762.0,2330
2026-08-11 09:27:00-07:00,7762.0,7764.25,7761.75,7764.25,1368
2026-08-11 09:28:00-07:00,7764.25,7764.25,7760.75,7762.0,1978
2026-08-11 09:29:00-07:00,7762.25,7763.5,7761.75,7763.5,901
2026-08-11 09:30:00-07:00,7763.25,7764.5,7762.75,7763.75,1299
2026-08-11 09:31:00-07:00,7763.5,7763.5,7760.5,7760.75,1480
2026-08-11 09:32:00-07:00,7760.75,7761.75,7760.0,7760.25,1488
2026-08-11 09:33:00-07:00,7760.25,7761.25,7760.25,7761.0,857
2026-08-11 09:34:00-07:00,7760.75,7761.75,7760.75,7761.0,660
2026-08-11 09:35:00-07:00,7760.75,7763.0,7760.5,7762.5,661
2026-08-11 09:36:00-07:00,7762.75,7764.25,7762.5,7763.5,915
2026-08-11 09:37:00-07:00,7763.5,7765.25,7763.5,7764.5,1638
2026-08-11 09:38:00-07:00,7764.25,7764.5,7763.0,7764.0,1429
2026-08-11 09:39:00-07:00,7763.75,7764.5,7763.5,7764.0,629
2026-08-11 09:40:00-07:00,7764.0,7764.0,7761.5,7762.75,1425
2026-08-11 09:41:00-07:00,7762.75,7763.75,7762.5,7762.75,866
2026-08-11 09:42:00-07:00,7762.5,7763.0,7762.25,7762.25,451
2026-08-11 09:43:00-07:00,7762.5,7762.75,7761.25,7761.25,1051
2026-08-11 09:44:00-07:00,7761.25,7762.0,7760.75,7761.5,853
2026-08-11 09:45:00-07:00,7761.25,7761.5,7759.75,7760.0,1056
2026-08-11 09:46:00-07:00,7760.0,7760.5,7758.25,7759.0,2599
2026-08-11 09:47:00-07:00,7758.75,7759.5,7758.25,7758.75,1634
2026-08-11 09:48:00-07:00,7758.75,7759.25,7758.0,7759.0,1357
2026-08-11 09:49:00-07:00,7759.0,7760.25,7758.5,7759.75,1133
2026-08-11 09:50:00-07:00,7759.5,7761.0,7758.75,7759.0,1360
2026-08-11 09:51:00-07:00,7759.0,7760.25,7758.75,7759.75,839
2026-08-11 09:52:00-07:00,7759.5,7760.25,7759.0,7759.0,1113
2026-08-11 09:53:00-07:00,7759.0,7759.5,7758.25,7758.5,1076
2026-08-11 09:54:00-07:00,7758.5,7759.5,7758.5,7759.0,763
2026-08-11 09:55:00-07:00,7759.25,7759.25,7758.0,7758.0,890
2026-08-11 09:56:00-07:00,7758.25,7758.25,7756.25,7757.0,2073
2026-08-11 09:57:00-07:00,7757.0,7757.5,7756.25,7756.75,1332
2026-08-11 09:58:00-07:00,7756.75,7757.25,7755.75,7756.0,2383
2026-08-11 09:59:00-07:00,7755.75,7757.5,7755.75,7756.75,1849
2026-08-11 10:00:00-07:00,7756.75,7758.0,7754.75,7755.5,2115
2026-08-11 10:01:00-07:00,7755.5,7756.0,7755.0,7755.75,1230
2026-08-11 10:02:00-07:00,7755.75,7755.75,7753.5,7753.75,1614
2026-08-11 10:03:00-07:00,7753.75,7755.25,7753.5,7755.0,1120
2026-08-11 10:04:00-07:00,7755.0,7755.75,7753.0,7753.0,1311
2026-08-11 10:05:00-07:00,7753.0,7754.75,7753.0,7753.5,1268
2026-08-11 10:06:00-07:00,7753.5,7756.25,7753.5,7755.75,1225
2026-08-11 10:07:00-07:00,7755.5,7755.75,7754.75,7755.0,809
2026-08-11 10:08:00-07:00,7755.0,7755.75,7754.0,7754.25,1096
2026-08-11 10:09:00-07:00,7754.5,7754.75,7753.75,7754.25,890
2026-08-11 10:10:00-07:00,7754.0,7754.0,7752.5,7753.0,1118
2026-08-11 10:11:00-07:00,7753.25,7753.25,7750.25,7750.75,2016
2026-08-11 10:12:00-07:00,7750.75,7751.0,7749.25,7750.0,2112
2026-08-11 10:13:00-07:00,7749.75,7750.25,7748.5,7750.0,1863
2026-08-11 10:14:00-07:00,7750.0,7750.75,7748.25,7748.5,1344
2026-08-11 10:15:00-07:00,7748.5,7750.0,7747.75,7749.5,1771
2026-08-11 10:16:00-07:00,7749.5,7750.0,7748.5,7749.0,994
2026-08-11 10:17:00-07:00,7749.25,7751.75,7749.25,7751.5,1844
2026-08-11 10:18:00-07:00,7751.5,7753.0,7751.25,7751.75,1456
2026-08-11 10:19:00-07:00,7751.75,7753.75,7751.5,7752.75,2145
2026-08-11 10:20:00-07:00,7752.75,7753.75,7751.75,7752.75,2284
2026-08-11 10:21:00-07:00,7752.75,7755.5,7751.25,7754.5,2100
2026-08-11 10:22:00-07:00,7754.75,7755.0,7752.25,7752.75,1352
2026-08-11 10:23:00-07:00,7752.5,7753.75,7751.75,7752.75,1114
2026-08-11 10:24:00-07:00,7752.75,7754.25,7752.5,7754.25,1455
2026-08-11 10:25:00-07:00,7754.25,7755.5,7752.5,7753.0,1461
2026-08-11 10:26:00-07:00,7753.0,7753.5,7752.25,7753.0,807
2026-08-11 10:27:00-07:00,7753.25,7753.25,7752.0,7752.75,1054
2026-08-11 10:28:00-07:00,7752.5,7754.75,7752.25,7754.0,1485
2026-08-11 10:29:00-07:00,7754.0,7755.25,7753.5,7753.5,1142
2026-08-11 10:30:00-07:00,7753.75,7754.25,7752.5,7753.25,1342
2026-08-11 10:31:00-07:00,7753.5,7753.75,7752.5,7753.0,1102
2026-08-11 10:32:00-07:00,7753.0,7753.25,7752.5,7752.5,709
2026-08-11 10:33:00-07:00,7752.75,7754.25,7752.5,7753.25,760
2026-08-11 10:34:00-07:00,7753.25,7754.75,7752.5,7754.75,915
2026-08-11 10:35:00-07:00,7754.5,7756.75,7754.5,7755.5,1873
2026-08-11 10:36:00-07:00,7755.75,7756.0,7755.0,7755.25,1159
2026-08-11 10:37:00-07:00,7755.5,7755.5,7754.25,7754.5,870
2026-08-11 10:38:00-07:00,7754.5,7754.75,7753.0,7753.25,999
2026-08-11 10:39:00-07:00,7753.0,7754.5,7753.0,7754.25,1026
2026-08-11 10:40:00-07:00,7754.0,7755.5,7753.75,7755.25,818
2026-08-11 10:41:00-07:00,7755.5,7757.0,7754.5,7756.5,1039
2026-08-11 10:42:00-07:00,7756.75,7758.25,7756.5,7757.75,2266
2026-08-11 10:43:00-07:00,7758.0,7758.5,7757.25,7757.25,1075
2026-08-11 10:44:00-07:00,7757.5,7758.25,7757.25,7757.75,960
2026-08-11 10:45:00-07:00,7758.0,7758.0,7756.5,7757.5,1253
2026-08-11 10:46:00-07:00,7757.25,7758.0,7756.75,7757.75,1024
2026-08-11 10:47:00-07:00,7757.5,7758.0,7756.75,7757.75,971
2026-08-11 10:48:00-07:00,7757.75,7759.0,7757.5,7758.25,1169
2026-08-11 10:49:00-07:00,7758.5,7758.5,7756.75,7757.0,1060
2026-08-11 10:50:00-07:00,7757.25,7758.5,7757.25,7757.75,1052
2026-08-11 10:51:00-07:00,7757.75,7758.25,7756.75,7757.25,853
2026-08-11 10:52:00-07:00,7757.25,7758.0,7757.0,7757.75,594
2026-08-11 10:53:00-07:00,7757.75,7757.75,7756.75,7757.5,652
2026-08-11 10:54:00-07:00,7757.5,7758.5,7757.5,7758.0,743
2026-08-11 10:55:00-07:00,7758.25,7758.25,7757.0,7757.5,856
2026-08-11 10:56:00-07:00,7757.5,7758.0,7756.5,7756.75,906
2026-08-11 10:57:00-07:00,7756.75,7757.75,7756.5,7756.5,1203
2026-08-11 10:58:00-07:00,7756.5,7758.25,7756.25,7757.75,742
2026-08-11 10:59:00-07:00,7758.0,7758.25,7757.25,7757.5,828
2026-08-11 11:00:00-07:00,7757.75,7757.75,7756.25,7756.75,1333
2026-08-11 11:01:00-07:00,7756.75,7757.25,7755.75,7755.75,1247
2026-08-11 11:02:00-07:00,7755.75,7755.75,7754.5,7755.5,1385
2026-08-11 11:03:00-07:00,7755.5,7757.0,7755.25,7756.75,967
2026-08-11 11:04:00-07:00,7756.5,7757.0,7755.25,7756.25,1531
2026-08-11 11:05:00-07:00,7756.0,7757.0,7755.0,7755.5,1035
2026-08-11 11:06:00-07:00,7755.5,7756.25,7753.0,7753.25,1268
2026-08-11 11:07:00-07:00,7753.25,7754.25,7752.5,7754.0,1153
2026-08-11 11:08:00-07:00,7754.0,7754.5,7752.75,7752.75,756
2026-08-11 11:09:00-07:00,7753.0,7753.75,7752.0,7752.5,1201
2026-08-11 11:10:00-07:00,7752.5,7753.5,7752.0,7753.25,948
2026-08-11 11:11:00-07:00,7753.0,7754.5,7753.0,7754.0,1163
2026-08-11 11:12:00-07:00,7754.0,7754.5,7753.0,7753.25,765
2026-08-11 11:13:00-07:00,7753.5,7754.75,7753.0,7753.5,749
2026-08-11 11:14:00-07:00,7753.25,7754.0,7753.25,7753.75,476
2026-08-11 11:15:00-07:00,7753.75,7755.0,7753.25,7753.5,733
2026-08-11 11:16:00-07:00,7753.75,7754.0,7752.75,7752.75,882
2026-08-11 11:17:00-07:00,7752.75,7753.25,7752.25,7752.25,867
2026-08-11 11:18:00-07:00,7752.25,7753.25,7752.0,7752.75,671
2026-08-11 11:19:00-07:00,7753.0,7754.0,7752.75,7753.0,613
2026-08-11 11:20:00-07:00,7753.0,7753.0,7750.5,7750.75,1250
2026-08-11 11:21:00-07:00,7750.75,7751.0,7748.75,7749.5,2499
2026-08-11 11:22:00-07:00,7749.5,7750.0,7749.0,7749.5,1180
2026-08-11 11:23:00-07:00,7749.75,7750.0,7748.0,7748.75,1552
2026-08-11 11:24:00-07:00,7748.75,7750.75,7748.75,7750.25,1313
2026-08-11 11:25:00-07:00,7750.25,7751.0,7750.25,7750.75,1001
2026-08-11 11:26:00-07:00,7751.0,7751.0,7749.25,7749.25,949
2026-08-11 11:27:00-07:00,7749.5,7749.75,7746.0,7746.5,2452
2026-08-11 11:28:00-07:00,7746.5,7746.75,7744.25,7744.25,3568
2026-08-11 11:29:00-07:00,7744.5,7744.75,7738.0,7740.25,6967
2026-08-11 11:30:00-07:00,7740.5,7744.0,7740.5,7743.25,4341
2026-08-11 11:31:00-07:00,7743.25,7745.25,7743.0,7745.0,2508
2026-08-11 11:32:00-07:00,7745.25,7746.0,7743.5,7745.5,2095
2026-08-11 11:33:00-07:00,7745.5,7746.0,7744.0,7744.25,2309
2026-08-11 11:34:00-07:00,7744.25,7745.75,7744.25,7745.25,971
2026-08-11 11:35:00-07:00,7745.5,7747.25,7744.75,7746.25,1953
2026-08-11 11:36:00-07:00,7746.5,7747.0,7746.0,7746.5,1477
2026-08-11 11:37:00-07:00,7746.5,7747.75,7745.25,7745.5,1970
2026-08-11 11:38:00-07:00,7745.5,7746.0,7744.75,7745.25,1086
2026-08-11 11:39:00-07:00,7745.25,7745.75,7744.75,7745.5,717
2026-08-11 11:40:00-07:00,7745.5,7745.5,7743.75,7743.75,1414
2026-08-11 11:41:00-07:00,7743.75,7744.5,7742.25,7742.25,1673
2026-08-11 11:42:00-07:00,7742.5,7744.0,7742.0,7743.75,1633
2026-08-11 11:43:00-07:00,7744.0,7744.0,7742.75,7743.5,1271
2026-08-11 11:44:00-07:00,7743.75,7744.75,7743.25,7743.25,1004
2026-08-11 11:45:00-07:00,7743.25,7745.25,7743.25,7744.75,1398
2026-08-11 11:46:00-07:00,7744.75,7745.75,7744.5,7745.25,1150
2026-08-11 11:47:00-07:00,7745.25,7746.25,7744.75,7745.5,823
2026-08-11 11:48:00-07:00,7745.5,7747.25,7745.25,7747.25,1448
2026-08-11 11:49:00-07:00,7747.25,7749.0,7746.75,7748.75,1861
2026-08-11 11:50:00-07:00,7748.75,7749.25,7747.75,7747.75,1699
2026-08-11 11:51:00-07:00,7748.0,7748.25,7747.0,7748.25,946
2026-08-11 11:52:00-07:00,7748.25,7749.25,7748.0,7749.0,798
2026-08-11 11:53:00-07:00,7749.25,7750.25,7748.0,7748.75,1669
2026-08-11 11:54:00-07:00,7748.5,7749.75,7748.5,7749.0,936
2026-08-11 11:55:00-07:00,7749.0,7749.25,7748.25,7748.25,975
2026-08-11 11:56:00-07:00,7748.25,7748.5,7747.25,7747.5,1118
2026-08-11 11:57:00-07:00,7747.25,7749.25,7747.0,7748.75,1410
2026-08-11 11:58:00-07:00,7748.5,7748.75,7746.25,7746.5,1491
2026-08-11 11:59:00-07:00,7746.75,7747.0,7746.0,7746.25,1543
2026-08-11 12:00:00-07:00,7746.0,7747.5,7744.0,7745.25,3051
2026-08-11 12:01:00-07:00,7745.0,7747.0,7745.0,7745.5,1640
2026-08-11 12:02:00-07:00,7745.5,7746.5,7745.5,7746.0,646
2026-08-11 12:03:00-07:00,7746.25,7747.0,7745.75,7746.5,1169
2026-08-11 12:04:00-07:00,7746.25,7747.0,7745.5,7746.5,1142
2026-08-11 12:05:00-07:00,7746.25,7746.5,7745.5,7746.0,919
2026-08-11 12:06:00-07:00,7746.0,7746.75,7745.25,7745.5,1065
2026-08-11 12:07:00-07:00,7745.5,7745.5,7743.75,7744.0,1466
2026-08-11 12:08:00-07:00,7744.0,7745.5,7744.0,7745.0,869
2026-08-11 12:09:00-07:00,7745.0,7746.25,7744.0,7746.25,1021
2026-08-11 12:10:00-07:00,7746.25,7748.25,7745.5,7747.25,1601
2026-08-11 12:11:00-07:00,7747.25,7748.0,7747.25,7747.75,935
2026-08-11 12:12:00-07:00,7747.75,7748.0,7747.0,7747.25,843
2026-08-11 12:13:00-07:00,7747.25,7749.0,7747.0,7749.0,1322
2026-08-11 12:14:00-07:00,7749.0,7749.0,7747.25,7747.75,971
2026-08-11 12:15:00-07:00,7747.75,7748.5,7747.25,7747.75,1091
2026-08-11 12:16:00-07:00,7747.5,7748.75,7747.0,7748.75,997
2026-08-11 12:17:00-07:00,7748.5,7749.25,7747.75,7748.0,1416
2026-08-11 12:18:00-07:00,7748.0,7749.5,7748.0,7749.25,845
2026-08-11 12:19:00-07:00,7749.25,7750.5,7749.0,7749.75,1682
2026-08-11 12:20:00-07:00,7750.0,7750.25,7749.25,7749.75,1192
2026-08-11 12:21:00-07:00,7749.75,7751.0,7749.5,7750.5,1542
2026-08-11 12:22:00-07:00,7750.5,7750.75,7749.5,7750.5,1102
2026-08-11 12:23:00-07:00,7750.25,7751.5,7750.25,7750.75,1331
2026-08-11 12:24:00-07:00,7750.5,7752.0,7750.5,7751.75,1413
2026-08-11 12:25:00-07:00,7751.75,7751.75,7750.75,7751.5,1412
2026-08-11 12:26:00-07:00,7751.5,7751.75,7750.75,7751.25,1452
2026-08-11 12:27:00-07:00,7751.0,7751.25,7749.75,7750.5,971
2026-08-11 12:28:00-07:00,7750.5,7752.0,7750.0,7752.0,1531
2026-08-11 12:29:00-07:00,7752.0,7752.25,7751.25,7751.75,1413
2026-08-11 12:30:00-07:00,7751.75,7753.75,7751.25,7752.25,2994
2026-08-11 12:31:00-07:00,7752.5,7753.75,7752.25,7753.25,1517
2026-08-11 12:32:00-07:00,7753.25,7753.5,7751.5,7751.5,1392
2026-08-11 12:33:00-07:00,7751.5,7752.75,7751.25,7752.25,1021
2026-08-11 12:34:00-07:00,7752.5,7753.75,7752.25,7753.5,1509
2026-08-11 12:35:00-07:00,7753.5,7754.25,7753.25,7753.5,1420
2026-08-11 12:36:00-07:00,7753.5,7755.25,7752.5,7755.25,1642
2026-08-11 12:37:00-07:00,7755.0,7756.0,7754.75,7755.0,2104
2026-08-11 12:38:00-07:00,7754.75,7756.5,7754.75,7756.25,1819
2026-08-11 12:39:00-07:00,7756.5,7756.5,7755.25,7756.25,1497
2026-08-11 12:40:00-07:00,7756.5,7756.5,7754.25,7755.0,2079
2026-08-11 12:41:00-07:00,7755.0,7755.5,7754.0,7754.5,1555
2026-08-11 12:42:00-07:00,7754.75,7755.0,7753.25,7753.5,1270
2026-08-11 12:43:00-07:00,7753.5,7754.5,7753.0,7753.75,1736
2026-08-11 12:44:00-07:00,7753.75,7754.0,7752.5,7752.75,1598
2026-08-11 12:45:00-07:00,7752.75,7753.0,7749.75,7750.25,3050
2026-08-11 12:46:00-07:00,7750.5,7751.5,7750.0,7750.75,1876
2026-08-11 12:47:00-07:00,7750.75,7751.25,7749.75,7750.5,2045
2026-08-11 12:48:00-07:00,7750.5,7750.5,7748.5,7748.75,1815
2026-08-11 12:49:00-07:00,7748.75,7750.25,7748.5,7749.25,2639
2026-08-11 12:50:00-07:00,7749.25,7750.0,7745.0,7746.0,6357
2026-08-11 12:51:00-07:00,7746.0,7748.0,7745.75,7747.0,3480
2026-08-11 12:52:00-07:00,7747.0,7747.25,7744.25,7744.5,2098
2026-08-11 12:53:00-07:00,7744.5,7745.5,7743.5,7745.0,3043
2026-08-11 12:54:00-07:00,7745.25,7749.75,7744.0,7749.5,6620
2026-08-11 12:55:00-07:00,7749.5,7750.5,7746.75,7747.75,5734
2026-08-12 06:25:00-07:00,7788.75,7789.0,7787.25,7788.0,1055
2026-08-12 06:26:00-07:00,7788.0,7788.75,7787.5,7788.75,630
2026-08-12 06:27:00-07:00,7788.75,7792.25,7788.25,7792.0,1424
2026-08-12 06:28:00-07:00,7792.0,7793.75,7790.5,7791.75,1956
2026-08-12 06:29:00-07:00,7791.75,7792.25,7791.0,7791.75,1405
2026-08-12 06:30:00-07:00,7791.5,7794.0,7782.0,7783.5,11749
2026-08-12 06:31:00-07:00,7783.25,7783.25,7775.5,7776.25,8673
2026-08-12 06:32:00-07:00,7776.25,7777.25,7772.75,7772.75,7105
2026-08-12 06:33:00-07:00,7772.5,7777.5,7771.75,7775.0,6897
2026-08-12 06:34:00-07:00,7774.75,7777.75,7774.0,7775.0,5924
2026-08-12 06:35:00-07:00,7775.0,7777.25,7773.25,7776.25,6027
2026-08-12 06:36:00-07:00,7776.0,7779.25,7775.0,7778.5,4718
2026-08-12 06:37:00-07:00,7778.5,7780.5,7775.0,7775.25,4385
2026-08-12 06:38:00-07:00,7775.0,7777.75,7773.75,7775.0,3191
2026-08-12 06:39:00-07:00,7775.0,7776.0,7772.5,7773.5,3913
2026-08-12 06:40:00-07:00,7773.5,7773.75,7769.25,7771.75,7240
2026-08-12 06:41:00-07:00,7771.75,7774.75,7771.5,7774.5,3328
2026-08-12 06:42:00-07:00,7774.75,7775.75,7772.75,7774.0,3306
2026-08-12 06:43:00-07:00,7774.0,7775.0,7772.5,7773.75,2836
2026-08-12 06:44:00-07:00,7773.75,7774.25,7771.0,7772.75,2902
2026-08-12 06:45:00-07:00,7772.75,7775.0,7771.5,7772.0,4290
2026-08-12 06:46:00-07:00,7772.0,7772.25,7768.25,7770.5,4148
2026-08-12 06:47:00-07:00,7770.5,7772.5,7770.0,7771.75,3318
2026-08-12 06:48:00-07:00,7771.5,7780.75,7771.5,7780.0,6523
2026-08-12 06:49:00-07:00,7780.0,7781.25,7778.25,7780.0,4295
2026-08-12 06:50:00-07:00,7780.0,7780.0,7777.5,7778.75,3555
2026-08-12 06:51:00-07:00,7778.5,7779.25,7774.25,7776.0,3423
2026-08-12 06:52:00-07:00,7775.75,7775.75,7770.75,7771.75,3462
2026-08-12 06:53:00-07:00,7771.75,7774.0,7770.5,7773.75,2699
2026-08-12 06:54:00-07:00,7773.75,7774.5,7770.25,7771.0,2661
2026-08-12 06:55:00-07:00,7771.0,7771.5,7769.0,7770.25,2763
2026-08-12 06:56:00-07:00,7770.5,7771.25,7765.5,7766.25,3392
2026-08-12 06:57:00-07:00,7766.25,7769.0,7766.0,7768.0,2931
2026-08-12 06:58:00-07:00,7768.0,7771.75,7768.0,7771.0,2645
2026-08-12 06:59:00-07:00,7771.0,7772.5,7770.25,7770.5,2619
2026-08-12 07:00:00-07:00,7770.5,7771.0,7767.25,7770.25,4390
2026-08-12 07:01:00-07:00,7770.25,7772.75,7769.25,7770.75,3216
2026-08-12 07:02:00-07:00,7770.5,7770.75,7766.75,7767.5,3170
2026-08-12 07:03:00-07:00,7767.5,7768.5,7766.0,7766.25,3754
2026-08-12 07:04:00-07:00,7766.25,7766.25,7763.75,7764.0,3746
2026-08-12 07:05:00-07:00,7764.0,7768.25,7763.5,7767.5,3296
2026-08-12 07:06:00-07:00,7767.75,7769.0,7766.75,7768.0,1788
2026-08-12 07:07:00-07:00,7767.75,7768.25,7766.25,7767.0,1307
2026-08-12 07:08:00-07:00,7767.0,7768.25,7766.25,7768.25,1745
2026-08-12 07:09:00-07:00,7768.0,7770.0,7766.75,7768.5,2655
2026-08-12 07:10:00-07:00,7768.5,7771.25,7768.25,7771.25,2546
2026-08-12 07:11:00-07:00,7771.25,7772.75,7769.0,7769.5,3121
2026-08-12 07:12:00-07:00,7769.5,7769.75,7768.25,7769.0,1775
2026-08-12 07:13:00-07:00,7768.75,7769.25,7766.0,7768.5,3298
2026-08-12 07:14:00-07:00,7768.25,7770.0,7768.0,7768.25,2038
2026-08-12 07:15:00-07:00,7768.5,7771.0,7767.0,7770.0,2402
2026-08-12 07:16:00-07:00,7770.0,7771.0,7769.5,7769.75,1477
2026-08-12 07:17:00-07:00,7769.75,7772.0,7769.0,7771.5,2810
2026-08-12 07:18:00-07:00,7771.5,7775.0,7771.5,7774.25,3110
2026-08-12 07:19:00-07:00,7774.25,7775.0,7769.0,7769.75,2898
2026-08-12 07:20:00-07:00,7769.5,7770.25,7766.5,7769.25,3979
2026-08-12 07:21:00-07:00,7769.0,7770.25,7768.0,7770.0,2551
2026-08-12 07:22:00-07:00,7769.75,7772.75,7769.25,7770.5,3028
2026-08-12 07:23:00-07:00,7770.5,7773.25,7770.0,7773.25,1703
2026-08-12 07:24:00-07:00,7773.25,7775.0,7773.0,7774.0,2257
2026-08-12 07:25:00-07:00,7774.0,7774.5,7772.0,7772.75,2009
2026-08-12 07:26:00-07:00,7772.75,7777.5,7772.25,7777.25,2966
2026-08-12 07:27:00-07:00,7777.5,7777.75,7775.75,7776.5,2154
2026-08-12 07:28:00-07:00,7776.5,7777.75,7774.75,7775.25,2893
2026-08-12 07:29:00-07:00,7775.5,7776.0,7770.25,7772.5,2583
2026-08-12 07:30:00-07:00,7772.25,7774.75,7771.0,7772.0,5231
2026-08-12 07:31:00-07:00,7772.0,7772.75,7756.5,7769.25,12378
2026-08-12 07:32:00-07:00,7769.25,7770.5,7766.25,7767.25,3171
2026-08-12 07:33:00-07:00,7767.25,7770.0,7767.0,7769.0,1987
2026-08-12 07:34:00-07:00,7768.75,7769.0,7764.0,7765.25,2362
2026-08-12 07:35:00-07:00,7765.25,7768.25,7763.75,7767.25,2569
2026-08-12 07:36:00-07:00,7767.25,7769.5,7765.75,7768.5,2199
2026-08-12 07:37:00-07:00,7768.25,7771.75,7768.25,7770.75,2501
2026-08-12 07:38:00-07:00,7770.75,7772.5,7769.5,7770.0,2953
2026-08-12 07:39:00-07:00,7770.0,7772.5,7769.0,7772.5,1947
2026-08-12 07:40:00-07:00,7772.5,7773.75,7771.5,7773.25,2360
2026-08-12 07:41:00-07:00,7773.5,7774.75,7773.0,7773.75,1841
2026-08-12 07:42:00-07:00,7774.0,7774.25,7771.5,7772.75,2122
2026-08-12 07:43:00-07:00,7773.0,7775.0,7772.5,7774.5,1706
2026-08-12 07:44:00-07:00,7774.75,7775.5,7773.75,7775.0,1418
2026-08-12 07:45:00-07:00,7775.25,7776.25,7774.0,7775.75,1665
2026-08-12 07:46:00-07:00,7775.5,7776.75,7774.5,7774.75,1943
2026-08-12 07:47:00-07:00,7774.75,7775.0,7769.25,7770.25,2819
2026-08-12 07:48:00-07:00,7770.25,7770.75,7768.5,7769.75,1747
2026-08-12 07:49:00-07:00,7769.75,7771.75,7769.0,7771.5,1792
2026-08-12 07:50:00-07:00,7771.25,7771.75,7767.25,7767.75,2525
2026-08-12 07:51:00-07:00,7767.75,7768.5,7766.0,7767.75,2286
2026-08-12 07:52:00-07:00,7767.75,7769.25,7766.75,7769.25,2038
2026-08-12 07:53:00-07:00,7769.0,7769.25,7766.75,7769.0,1781
2026-08-12 07:54:00-07:00,7769.0,7770.25,7764.5,7765.0,2727
2026-08-12 07:55:00-07:00,7765.0,7765.5,7762.75,7763.75,2729
2026-08-12 07:56:00-07:00,7763.5,7767.0,7763.25,7765.0,2954
2026-08-12 07:57:00-07:00,7765.25,7767.5,7765.0,7766.0,2065
2026-08-12 07:58:00-07:00,7766.25,7768.0,7766.0,7766.5,2161
2026-08-12 07:59:00-07:00,7766.5,7767.75,7765.75,7766.75,1746
2026-08-12 08:00:00-07:00,7766.75,7767.5,7763.5,7765.75,3345
2026-08-12 08:01:00-07:00,7765.75,7766.75,7765.25,7766.75,1966
2026-08-12 08:02:00-07:00,7766.75,7767.0,7764.25,7765.5,1623
2026-08-12 08:03:00-07:00,7765.5,7766.0,7762.25,7762.5,2251
2026-08-12 08:04:00-07:00,7762.5,7763.75,7762.0,7763.25,2314
2026-08-12 08:05:00-07:00,7763.0,7763.75,7761.75,7763.25,2383
2026-08-12 08:06:00-07:00,7763.25,7766.75,7761.75,7766.5,2658
2026-08-12 08:07:00-07:00,7766.25,7766.5,7764.5,7765.5,2083
2026-08-12 08:08:00-07:00,7765.5,7766.0,7764.25,7765.5,1721
2026-08-12 08:09:00-07:00,7765.25,7766.5,7764.75,7765.75,1868
2026-08-12 08:10:00-07:00,7765.75,7766.0,7763.25,7763.5,2182
2026-08-12 08:11:00-07:00,7763.5,7764.5,7762.25,7764.5,2408
2026-08-12 08:12:00-07:00,7764.5,7768.0,7764.0,7768.0,2287
2026-08-12 08:13:00-07:00,7768.0,7768.75,7766.5,7767.5,2059
2026-08-12 08:14:00-07:00,7767.25,7768.0,7766.0,7766.25,1639
2026-08-12 08:15:00-07:00,7766.25,7766.25,7764.5,7765.25,1714
2026-08-12 08:16:00-07:00,7765.5,7767.75,7765.5,7766.75,1958
2026-08-12 08:17:00-07:00,7766.5,7767.5,7765.75,7767.25,1178
2026-08-12 08:18:00-07:00,7767.25,7767.25,7764.5,7764.5,1174
2026-08-12 08:19:00-07:00,7764.5,7766.0,7764.0,7765.75,1106
2026-08-12 08:20:00-07:00,7765.75,7766.5,7764.75,7765.25,1290
2026-08-12 08:21:00-07:00,7765.25,7766.25,7764.5,7765.5,1496
2026-08-12 08:22:00-07:00,7765.5,7765.75,7762.75,7763.25,1365
2026-08-12 08:23:00-07:00,7763.25,7763.5,7761.5,7763.25,1576
2026-08-12 08:24:00-07:00,7763.25,7764.5,7762.5,7763.75,993
2026-08-12 08:25:00-07:00,7763.75,7764.75,7763.0,7763.75,1162
2026-08-12 08:26:00-07:00,7764.0,7765.0,7763.0,7764.25,1275
2026-08-12 08:27:00-07:00,7764.5,7764.75,7763.0,7764.25,1516
2026-08-12 08:28:00-07:00,7764.5,7766.25,7763.25,7766.0,2080
2026-08-12 08:29:00-07:00,7766.25,7768.25,7765.25,7768.25,1499
2026-08-12 08:30:00-07:00,7768.25,7769.5,7766.5,7767.75,2112
2026-08-12 08:31:00-07:00,7767.75,7768.0,7765.75,7766.0,1167
2026-08-12 08:32:00-07:00,7766.25,7767.0,7763.5,7764.5,1610
2026-08-12 08:33:00-07:00,7764.75,7765.0,7762.0,7762.25,1466
2026-08-12 08:34:00-07:00,7762.25,7764.0,7761.25,7763.5,2298
2026-08-12 08:35:00-07:00,7763.5,7765.5,7763.25,7763.5,2255
2026-08-12 08:36:00-07:00,7763.5,7766.75,7763.25,7766.0,1497
2026-08-12 08:37:00-07:00,7766.0,7766.25,7764.0,7764.0,1125
2026-08-12 08:38:00-07:00,7764.25,7765.5,7763.75,7764.0,1111
2026-08-12 08:39:00-07:00,7764.0,7764.75,7761.0,7761.5,1430
2026-08-12 08:40:00-07:00,7761.25,7761.75,7760.25,7760.25,1299
2026-08-12 08:41:00-07:00,7760.5,7762.75,7760.25,7762.75,1672
2026-08-12 08:42:00-07:00,7763.0,7763.75,7762.25,7762.5,1103
2026-08-12 08:43:00-07:00,7762.5,7764.0,7762.5,7763.5,1138
2026-08-12 08:44:00-07:00,7763.75,7764.25,7762.25,7762.5,1020
2026-08-12 08:45:00-07:00,7762.5,7764.0,7762.25,7762.75,1379
2026-08-12 08:46:00-07:00,7762.75,7763.75,7762.0,7763.5,1122
2026-08-12 08:47:00-07:00,7763.5,7765.0,7762.75,7765.0,989
2026-08-12 08:48:00-07:00,7764.75,7765.0,7762.75,7763.25,1118
2026-08-12 08:49:00-07:00,7763.25,7766.5,7763.25,7766.5,1280
2026-08-12 08:50:00-07:00,7766.5,7766.5,7763.0,7763.5,1295
2026-08-12 08:51:00-07:00,7763.5,7764.0,7763.0,7763.75,601
2026-08-12 08:52:00-07:00,7763.5,7764.75,7763.25,7764.75,592
2026-08-12 08:53:00-07:00,7764.75,7765.75,7764.25,7765.5,657
2026-08-12 08:54:00-07:00,7765.5,7765.75,7764.25,7764.25,589
2026-08-12 08:55:00-07:00,7764.25,7765.0,7763.25,7763.5,1482
2026-08-12 08:56:00-07:00,7763.25,7765.5,7763.25,7764.25,1163
2026-08-12 08:57:00-07:00,7764.5,7765.5,7764.5,7764.75,1186
2026-08-12 08:58:00-07:00,7764.5,7765.0,7764.25,7764.5,1134
2026-08-12 08:59:00-07:00,7764.5,7765.5,7764.0,7764.75,1095
2026-08-12 09:00:00-07:00,7764.75,7767.75,7764.25,7767.75,2189
2026-08-12 09:01:00-07:00,7767.5,7769.0,7767.25,7768.25,1508
2026-08-12 09:02:00-07:00,7768.5,7768.75,7767.5,7768.0,823
2026-08-12 09:03:00-07:00,7768.25,7768.5,7766.5,7766.75,1042
2026-08-12 09:04:00-07:00,7766.75,7767.75,7766.5,7767.0,734
2026-08-12 09:05:00-07:00,7767.0,7767.5,7766.5,7767.5,755
2026-08-12 09:06:00-07:00,7767.5,7767.75,7765.75,7766.0,907
2026-08-12 09:07:00-07:00,7766.0,7766.25,7764.75,7764.75,936
2026-08-12 09:08:00-07:00,7765.0,7767.0,7764.25,7767.0,1223
2026-08-12 09:09:00-07:00,7767.0,7768.25,7766.75,7768.0,799
2026-08-12 09:10:00-07:00,7768.25,7768.25,7766.5,7767.5,773
2026-08-12 09:11:00-07:00,7767.5,7769.0,7767.25,7768.75,838
2026-08-12 09:12:00-07:00,7768.75,7769.25,7767.5,7768.5,1315
2026-08-12 09:13:00-07:00,7768.5,7770.0,7768.25,7769.5,1422
2026-08-12 09:14:00-07:00,7769.5,7770.75,7769.25,7769.75,1871
2026-08-12 09:15:00-07:00,7769.75,7770.25,7768.75,7769.5,1565
2026-08-12 09:16:00-07:00,7769.5,7770.75,7768.75,7769.75,1472
2026-08-12 09:17:00-07:00,7769.75,7770.0,7768.5,7769.25,1135
2026-08-12 09:18:00-07:00,7769.5,7770.25,7769.25,7769.25,1053
2026-08-12 09:19:00-07:00,7769.25,7769.75,7768.25,7768.5,1233
2026-08-12 09:20:00-07:00,7768.75,7769.5,7768.0,7768.0,1189
2026-08-12 09:21:00-07:00,7768.25,7769.75,7767.75,7769.0,1226
2026-08-12 09:22:00-07:00,7769.0,7770.25,7768.75,7770.25,1097
2026-08-12 09:23:00-07:00,7770.5,7770.75,7769.75,7770.0,1650
2026-08-12 09:24:00-07:00,7770.0,7770.25,7769.0,7770.25,1124
2026-08-12 09:25:00-07:00,7770.25,7771.25,7769.5,7770.75,1369
2026-08-12 09:26:00-07:00,7770.75,7770.75,7769.5,7769.5,800
2026-08-12 09:27:00-07:00,7769.5,7769.75,7768.5,7769.0,768
2026-08-12 09:28:00-07:00,7769.0,7769.75,7768.75,7769.0,670
2026-08-12 09:29:00-07:00,7769.0,7769.25,7768.5,7768.75,416
2026-08-12 09:30:00-07:00,7769.0,7769.75,7768.75,7769.0,1481
2026-08-12 09:31:00-07:00,7769.0,7769.0,7766.5,7767.0,2107
2026-08-12 09:32:00-07:00,7767.25,7768.75,7767.25,7768.5,1206
2026-08-12 09:33:00-07:00,7768.5,7768.75,7767.25,7767.5,926
2026-08-12 09:34:00-07:00,7767.75,7768.0,7766.25,7766.5,900
2026-08-12 09:35:00-07:00,7766.25,7768.0,7766.25,7767.0,826
2026-08-12 09:36:00-07:00,7767.0,7769.0,7767.0,7767.5,1191
2026-08-12 09:37:00-07:00,7767.75,7770.5,7767.5,7770.25,841
2026-08-12 09:38:00-07:00,7770.25,7771.25,7770.25,7770.25,1053
2026-08-12 09:39:00-07:00,7770.5,7772.25,7770.5,7771.75,1690
2026-08-12 09:40:00-07:00,7772.0,7772.75,7771.5,7772.25,2005
2026-08-12 09:41:00-07:00,7772.25,7773.5,7772.25,7772.5,1715
2026-08-12 09:42:00-07:00,7772.25,7772.75,7771.75,7772.25,1174
2026-08-12 09:43:00-07:00,7772.25,7773.0,7771.25,7771.5,876
2026-08-12 09:44:00-07:00,7771.5,7772.25,7771.0,7772.0,907
2026-08-12 09:45:00-07:00,7772.0,7772.0,7770.5,7770.75,1166
2026-08-12 09:46:00-07:00,7770.75,7771.25,7770.0,7771.0,1263
2026-08-12 09:47:00-07:00,7771.0,7771.75,7770.75,7771.0,948
2026-08-12 09:48:00-07:00,7771.0,7772.5,7770.75,7772.0,1226
2026-08-12 09:49:00-07:00,7772.0,7773.25,7772.0,7772.75,981
2026-08-12 09:50:00-07:00,7772.75,7775.5,7772.75,7775.0,1988
2026-08-12 09:51:00-07:00,7775.25,7776.0,7775.0,7775.25,1666
2026-08-12 09:52:00-07:00,7775.25,7776.25,7774.5,7776.0,1475
2026-08-12 09:53:00-07:00,7776.25,7776.25,7775.25,7775.75,1230
2026-08-12 09:54:00-07:00,7775.75,7776.0,7775.0,7775.0,1254
2026-08-12 09:55:00-07:00,7775.0,7775.0,7773.75,7774.0,1429
2026-08-12 09:56:00-07:00,7774.0,7774.5,7773.5,7774.0,1143
2026-08-12 09:57:00-07:00,7774.0,7774.5,7773.5,7773.5,769
2026-08-12 09:58:00-07:00,7773.5,7773.75,7772.5,7772.5,1315
2026-08-12 09:59:00-07:00,7772.75,7774.0,7772.5,7773.25,1300
2026-08-12 10:00:00-07:00,7773.25,7774.0,7772.75,7773.75,1678
2026-08-12 10:01:00-07:00,7773.5,7775.25,7773.5,7774.75,1729
2026-08-12 10:02:00-07:00,7774.5,7774.75,7773.75,7774.0,804
2026-08-12 10:03:00-07:00,7774.0,7774.5,7773.5,7774.5,691
2026-08-12 10:04:00-07:00,7774.5,7775.25,7774.25,7774.75,1024
2026-08-12 10:05:00-07:00,7774.75,7775.25,7774.25,7775.25,590
2026-08-12 10:06:00-07:00,7775.5,7776.25,7774.75,7776.25,791
2026-08-12 10:07:00-07:00,7776.0,7777.25,7776.0,7776.75,1372
2026-08-12 10:08:00-07:00,7776.75,7777.5,7776.25,7776.25,1558
2026-08-12 10:09:00-07:00,7776.0,7776.25,7774.25,7774.25,1045
2026-08-12 10:10:00-07:00,7774.25,7775.0,7773.5,7774.25,1086
2026-08-12 10:11:00-07:00,7774.5,7774.75,7773.0,7773.0,980
2026-08-12 10:12:00-07:00,7773.0,7773.75,7772.0,7773.75,1434
2026-08-12 10:13:00-07:00,7773.75,7774.25,7773.25,7774.0,681
2026-08-12 10:14:00-07:00,7774.0,7774.75,7773.5,7774.75,691
2026-08-12 10:15:00-07:00,7774.75,7774.75,7771.75,7771.75,1248
2026-08-12 10:16:00-07:00,7771.75,7772.25,7771.0,7771.75,1690
2026-08-12 10:17:00-07:00,7771.75,7772.0,7771.0,7771.5,634
2026-08-12 10:18:00-07:00,7771.25,7772.0,7771.0,7771.75,633
2026-08-12 10:19:00-07:00,7771.5,7772.25,7770.25,7772.25,1110
2026-08-12 10:20:00-07:00,7772.0,7773.0,7771.75,7772.75,1070
2026-08-12 10:21:00-07:00,7772.5,7773.5,7771.75,7773.0,1105
2026-08-12 10:22:00-07:00,7773.0,7773.0,7771.75,7771.75,822
2026-08-12 10:23:00-07:00,7771.75,7772.5,7771.0,7771.5,932
2026-08-12 10:24:00-07:00,7771.75,7772.75,7771.5,7772.25,482
2026-08-12 10:25:00-07:00,7772.0,7773.75,7772.0,7773.75,629
2026-08-12 10:26:00-07:00,7773.75,7774.5,7773.5,7774.5,1326
2026-08-12 10:27:00-07:00,7774.5,7774.75,7773.5,7774.0,771
2026-08-12 10:28:00-07:00,7774.0,7774.0,7772.75,7773.25,679
2026-08-12 10:29:00-07:00,7773.25,7773.25,7771.75,7772.5,1148
2026-08-12 10:30:00-07:00,7772.5,7773.0,7771.25,7772.25,1805
2026-08-12 10:31:00-07:00,7772.25,7772.75,7771.75,7772.25,854
2026-08-12 10:32:00-07:00,7772.25,7773.5,7772.25,7772.75,872
2026-08-12 10:33:00-07:00,7773.0,7774.5,7773.0,7773.5,1469
2026-08-12 10:34:00-07:00,7773.5,7773.75,7772.75,7773.5,591
2026-08-12 10:35:00-07:00,7773.25,7773.5,7772.25,7772.5,584
2026-08-12 10:36:00-07:00,7772.5,7773.75,7772.25,7773.75,801
2026-08-12 10:37:00-07:00,7773.5,7774.0,7773.25,7773.25,532
2026-08-12 10:38:00-07:00,7773.5,7773.5,7772.75,7773.0,632
2026-08-12 10:39:00-07:00,7773.0,7773.25,7771.75,7773.0,942
2026-08-12 10:40:00-07:00,7773.0,7773.75,7771.25,7773.5,3308
2026-08-12 10:41:00-07:00,7773.75,7773.75,7773.0,7773.75,652
2026-08-12 10:42:00-07:00,7774.0,7774.25,7773.5,7773.75,559
2026-08-12 10:43:00-07:00,7773.75,7774.25,7773.5,7773.75,553
2026-08-12 10:44:00-07:00,7773.75,7774.0,7772.5,7773.0,758
2026-08-12 10:45:00-07:00,7773.0,7773.5,7772.25,7772.5,515
2026-08-12 10:46:00-07:00,7772.75,7773.25,7772.5,7773.0,396
2026-08-12 10:47:00-07:00,7773.25,7774.25,7773.0,7773.5,1063
2026-08-12 10:48:00-07:00,7773.5,7773.5,7772.25,7772.75,862
2026-08-12 10:49:00-07:00,7772.5,7773.25,7772.0,7772.5,464
2026-08-12 10:50:00-07:00,7772.25,7773.5,7771.75,7773.25,842
2026-08-12 10:51:00-07:00,7773.5,7774.0,7773.0,7773.5,1224
2026-08-12 10:52:00-07:00,7773.25,7774.0,7773.0,7773.5,849
2026-08-12 10:53:00-07:00,7773.5,7774.25,7772.75,7772.75,1295
2026-08-12 10:54:00-07:00,7772.5,7772.75,7771.75,7772.0,941
2026-08-12 10:55:00-07:00,7771.75,7772.5,7770.75,7771.5,1164
2026-08-12 10:56:00-07:00,7771.5,7772.5,7771.0,7772.25,934
2026-08-12 10:57:00-07:00,7772.25,7772.75,7772.0,7772.75,374
2026-08-12 10:58:00-07:00,7772.75,7773.25,7772.25,7773.0,468
2026-08-12 10:59:00-07:00,7773.0,7773.5,7772.5,7772.5,554
2026-08-12 11:00:00-07:00,7772.5,7773.75,7772.5,7772.5,1151
2026-08-12 11:01:00-07:00,7772.5,7773.25,7772.25,7773.25,859
2026-08-12 11:02:00-07:00,7773.25,7773.25,7772.75,7773.0,710
2026-08-12 11:03:00-07:00,7773.25,7774.0,7773.0,7773.5,826
2026-08-12 11:04:00-07:00,7773.5,7774.25,7773.25,7773.5,960
2026-08-12 11:05:00-07:00,7773.5,7774.25,7772.75,7774.0,778
2026-08-12 11:06:00-07:00,7774.0,7774.0,7772.75,7773.0,887
2026-08-12 11:07:00-07:00,7773.25,7773.25,7772.75,7773.25,466
2026-08-12 11:08:00-07:00,7773.0,7773.75,7772.75,7773.25,525
2026-08-12 11:09:00-07:00,7773.25,7773.5,7773.0,7773.5,385
2026-08-12 11:10:00-07:00,7773.5,7774.5,7773.25,7773.75,679
2026-08-12 11:11:00-07:00,7773.75,7776.5,7773.75,7776.25,1442
2026-08-12 11:12:00-07:00,7776.25,7776.75,7775.5,7775.75,1179
2026-08-12 11:13:00-07:00,7775.75,7776.5,7775.5,7776.0,599
2026-08-12 11:14:00-07:00,7776.0,7776.25,7775.5,7775.5,495
2026-08-12 11:15:00-07:00,7775.5,7776.0,7774.75,7775.5,1323
2026-08-12 11:16:00-07:00,7775.5,7775.75,7775.0,7775.5,615
2026-08-12 11:17:00-07:00,7775.5,7775.5,7774.5,7774.5,962
2026-08-12 11:18:00-07:00,7774.5,7775.0,7774.5,7775.0,710
2026-08-12 11:19:00-07:00,7775.0,7776.0,7775.0,7776.0,624
2026-08-12 11:20:00-07:00,7776.0,7776.25,7774.25,7774.5,1005
2026-08-12 11:21:00-07:00,7774.75,7776.0,7774.25,7776.0,892
2026-08-12 11:22:00-07:00,7775.75,7776.0,7775.25,7775.5,1153
2026-08-12 11:23:00-07:00,7775.75,7775.75,7775.25,7775.75,1069
2026-08-12 11:24:00-07:00,7775.75,7777.0,7775.25,7776.75,1134
2026-08-12 11:25:00-07:00,7776.75,7777.5,7776.0,7776.25,1360
2026-08-12 11:26:00-07:00,7776.25,7776.75,7775.75,7776.5,594
2026-08-12 11:27:00-07:00,7776.5,7776.75,7776.0,7776.5,531
2026-08-12 11:28:00-07:00,7776.25,7776.5,7775.75,7775.75,650
2026-08-12 11:29:00-07:00,7776.0,7776.25,7775.25,7775.5,1162
2026-08-12 11:30:00-07:00,7775.25,7776.75,7775.25,7776.5,761
2026-08-12 11:31:00-07:00,7776.75,7777.75,7776.0,7777.75,891
2026-08-12 11:32:00-07:00,7777.5,7779.0,7777.5,7778.75,1876
2026-08-12 11:33:00-07:00,7778.75,7779.25,7778.25,7778.25,1267
2026-08-12 11:34:00-07:00,7778.5,7778.75,7777.75,7778.25,1086
2026-08-12 11:35:00-07:00,7778.0,7778.75,7777.75,7778.75,709
2026-08-12 11:36:00-07:00,7778.75,7779.75,7778.75,7779.25,1181
2026-08-12 11:37:00-07:00,7779.25,7779.25,7778.5,7778.5,618
2026-08-12 11:38:00-07:00,7778.5,7779.25,7778.25,7779.0,1141
2026-08-12 11:39:00-07:00,7779.25,7779.25,7778.25,7778.75,475
2026-08-12 11:40:00-07:00,7778.75,7780.0,7778.5,7780.0,1123
2026-08-12 11:41:00-07:00,7780.0,7780.75,7780.0,7780.5,1657
2026-08-12 11:42:00-07:00,7780.5,7781.0,7779.75,7780.0,1246
2026-08-12 11:43:00-07:00,7780.0,7780.75,7780.0,7780.0,814
2026-08-12 11:44:00-07:00,7780.0,7780.25,7779.5,7779.5,622
2026-08-12 11:45:00-07:00,7779.75,7780.0,7778.5,7778.75,1275
2026-08-12 11:46:00-07:00,7778.75,7779.75,7778.75,7779.75,445
2026-08-12 11:47:00-07:00,7779.75,7779.75,7778.25,7779.0,1146
2026-08-12 11:48:00-07:00,7779.25,7780.0,7779.0,7780.0,843
2026-08-12 11:49:00-07:00,7780.0,7780.25,7779.5,7780.25,621
2026-08-12 11:50:00-07:00,7780.0,7780.75,7779.75,7780.0,1157
2026-08-12 11:51:00-07:00,7780.0,7780.75,7779.75,7780.75,523
2026-08-12 11:52:00-07:00,7780.5,7781.0,7779.75,7780.0,1052
2026-08-12 11:53:00-07:00,7780.0,7780.0,7779.5,7779.5,632
2026-08-12 11:54:00-07:00,7779.5,7779.75,7779.0,7779.25,820
2026-08-12 11:55:00-07:00,7779.25,7779.25,7778.0,7778.0,1387
2026-08-12 11:56:00-07:00,7778.0,7778.5,7777.5,7777.75,1628
2026-08-12 11:57:00-07:00,7777.75,7777.75,7775.0,7775.25,2727
2026-08-12 11:58:00-07:00,7775.5,7776.5,7775.25,7776.0,1727
2026-08-12 11:59:00-07:00,7776.0,7776.5,7774.75,7775.0,1211
2026-08-12 12:00:00-07:00,7775.0,7777.75,7774.75,7777.75,1798
2026-08-12 12:01:00-07:00,7777.75,7777.75,7776.75,7777.75,908
2026-08-12 12:02:00-07:00,7777.75,7777.75,7776.75,7777.5,740
2026-08-12 12:03:00-07:00,7777.75,7777.75,7777.0,7777.25,637
2026-08-12 12:04:00-07:00,7777.25,7777.75,7777.0,7777.25,579
2026-08-12 12:05:00-07:00,7777.5,7778.25,7777.0,7778.25,720
2026-08-12 12:06:00-07:00,7778.25,7778.5,7778.0,7778.25,1199
2026-08-12 12:07:00-07:00,7778.0,7778.75,7777.75,7778.0,734
2026-08-12 12:08:00-07:00,7777.75,7778.0,7777.0,7777.75,993
2026-08-12 12:09:00-07:00,7777.75,7778.0,7777.0,7777.0,640
2026-08-12 12:10:00-07:00,7777.0,7777.75,7776.25,7776.25,889
2026-08-12 12:11:00-07:00,7776.25,7777.0,7776.0,7776.25,1638
2026-08-12 12:12:00-07:00,7776.25,7776.5,7775.5,7776.0,1010
2026-08-12 12:13:00-07:00,7776.25,7776.75,7775.75,7776.5,803
2026-08-12 12:14:00-07:00,7776.5,7776.5,7774.75,7775.75,986
2026-08-12 12:15:00-07:00,7775.75,7776.25,7775.25,7775.25,1136
2026-08-12 12:16:00-07:00,7775.5,7776.5,7775.5,7776.5,765
2026-08-12 12:17:00-07:00,7776.25,7777.0,7776.0,7776.25,725
2026-08-12 12:18:00-07:00,7776.5,7777.0,7776.25,7776.25,681
2026-08-12 12:19:00-07:00,7776.25,7776.5,7775.5,7776.0,1012
2026-08-12 12:20:00-07:00,7776.0,7776.25,7774.25,7774.25,1641
2026-08-12 12:21:00-07:00,7774.5,7774.75,7772.75,7773.0,3177
2026-08-12 12:22:00-07:00,7773.25,7774.0,7773.25,7774.0,1005
2026-08-12 12:23:00-07:00,7773.75,7773.75,7773.0,7773.5,1249
2026-08-12 12:24:00-07:00,7773.75,7774.25,7773.25,7773.5,715
2026-08-12 12:25:00-07:00,7773.25,7774.25,7773.0,7774.0,869
2026-08-12 12:26:00-07:00,7773.75,7774.75,7773.75,7774.5,909
2026-08-12 12:27:00-07:00,7774.25,7774.5,7773.0,7773.0,792
2026-08-12 12:28:00-07:00,7773.25,7773.75,7772.75,7773.75,977
2026-08-12 12:29:00-07:00,7773.75,7774.75,7773.25,7774.5,955
2026-08-12 12:30:00-07:00,7774.5,7774.75,7772.75,7773.75,1616
2026-08-12 12:31:00-07:00,7773.75,7774.75,7773.5,7774.25,1407
2026-08-12 12:32:00-07:00,7774.5,7775.0,7774.0,7774.5,1263
2026-08-12 12:33:00-07:00,7774.5,7774.5,7772.75,7772.75,1405
2026-08-12 12:34:00-07:00,7772.75,7773.75,7772.5,7773.5,960
2026-08-12 12:35:00-07:00,7773.25,7774.25,7773.25,7774.0,1055
2026-08-12 12:36:00-07:00,7774.0,7774.5,7773.75,7774.5,1044
2026-08-12 12:37:00-07:00,7774.5,7774.5,7773.75,7773.75,792
2026-08-12 12:38:00-07:00,7773.75,7774.75,7773.75,7774.5,830
2026-08-12 12:39:00-07:00,7774.25,7774.5,7773.25,7773.75,674
2026-08-12 12:40:00-07:00,7773.5,7774.0,7771.75,7773.0,2560
2026-08-12 12:41:00-07:00,7773.0,7773.25,7772.0,7772.25,895
2026-08-12 12:42:00-07:00,7772.25,7772.5,7770.5,7770.75,1703
2026-08-12 12:43:00-07:00,7771.0,7772.25,7770.25,7772.0,1989
2026-08-12 12:44:00-07:00,7772.0,7773.5,7771.75,7773.5,1921
2026-08-12 12:45:00-07:00,7773.25,7774.75,7772.25,7772.5,2795
2026-08-12 12:46:00-07:00,7772.25,7772.75,7771.5,7772.0,1354
2026-08-12 12:47:00-07:00,7772.0,7774.0,7771.75,7773.75,1312
2026-08-12 12:48:00-07:00,7773.5,7774.75,7773.0,7774.5,1001
2026-08-12 12:49:00-07:00,7774.5,7774.5,7773.25,7773.5,1221
2026-08-12 12:50:00-07:00,7773.75,7774.25,7769.75,7769.75,4888
2026-08-12 12:51:00-07:00,7769.75,7770.0,7767.75,7768.5,2976
2026-08-12 12:52:00-07:00,7768.5,7769.25,7768.25,7768.5,2262
2026-08-12 12:53:00-07:00,7768.75,7769.0,7767.75,7769.0,2878
2026-08-12 12:54:00-07:00,7768.75,7769.75,7766.25,7767.0,8429
2026-08-12 12:55:00-07:00,7767.0,7767.75,7764.5,7765.0,5486
2026-08-13 06:25:00-07:00,7791.0,7792.5,7790.5,7792.25,988
2026-08-13 06:26:00-07:00,7792.0,7792.5,7791.5,7792.0,365
2026-08-13 06:27:00-07:00,7791.75,7792.25,7791.25,7791.5,497
2026-08-13 06:28:00-07:00,7791.5,7792.75,7791.25,7792.75,573
2026-08-13 06:29:00-07:00,7792.5,7793.5,7792.25,7793.0,1471
2026-08-13 06:30:00-07:00,7793.25,7794.0,7785.5,7787.75,12142
2026-08-13 06:31:00-07:00,7787.75,7791.75,7787.25,7789.0,4920
2026-08-13 06:32:00-07:00,7789.0,7792.25,7788.75,7791.0,3659
2026-08-13 06:33:00-07:00,7791.0,7795.5,7791.0,7794.75,4589
2026-08-13 06:34:00-07:00,7794.5,7799.5,7794.0,7798.25,5104
2026-08-13 06:35:00-07:00,7798.25,7802.75,7798.0,7802.0,5738
2026-08-13 06:36:00-07:00,7801.75,7805.25,7801.75,7805.25,4307
2026-08-13 06:37:00-07:00,7805.5,7807.0,7805.0,7806.25,4769
2026-08-13 06:38:00-07:00,7806.5,7806.75,7805.0,7806.0,4112
2026-08-13 06:39:00-07:00,7806.25,7809.25,7805.5,7809.0,3831
2026-08-13 06:40:00-07:00,7809.0,7809.0,7806.75,7806.75,3531
2026-08-13 06:41:00-07:00,7806.75,7808.5,7805.5,7805.5,2972
2026-08-13 06:42:00-07:00,7805.5,7806.75,7805.0,7805.75,3113
2026-08-13 06:43:00-07:00,7805.5,7806.25,7801.75,7802.0,3571
2026-08-13 06:44:00-07:00,7801.75,7802.75,7800.0,7801.5,3837
2026-08-13 06:45:00-07:00,7801.5,7807.25,7800.5,7806.75,5842
2026-08-13 06:46:00-07:00,7806.75,7810.75,7806.25,7810.5,5439
2026-08-13 06:47:00-07:00,7810.25,7813.25,7809.5,7813.0,3562
2026-08-13 06:48:00-07:00,7813.0,7814.0,7812.0,7812.25,2833
2026-08-13 06:49:00-07:00,7812.25,7814.25,7811.5,7812.75,3282
2026-08-13 06:50:00-07:00,7813.0,7814.25,7810.75,7813.25,3510
2026-08-13 06:51:00-07:00,7813.25,7814.75,7812.25,7814.75,2993
2026-08-13 06:52:00-07:00,7814.75,7815.25,7812.0,7814.0,3518
2026-08-13 06:53:00-07:00,7814.25,7814.25,7812.75,7813.25,1974
2026-08-13 06:54:00-07:00,7813.5,7816.25,7813.25,7816.0,4035
2026-08-13 06:55:00-07:00,7816.0,7816.0,7813.5,7814.75,2586
2026-08-13 06:56:00-07:00,7814.5,7818.25,7813.75,7818.0,3591
2026-08-13 06:57:00-07:00,7818.0,7819.0,7817.5,7818.75,3649
2026-08-13 06:58:00-07:00,7818.5,7821.5,7818.0,7821.0,4056
2026-08-13 06:59:00-07:00,7821.0,7821.5,7820.25,7820.75,3275
2026-08-13 07:00:00-07:00,7820.75,7824.5,7819.75,7824.25,5944
2026-08-13 07:01:00-07:00,7824.25,7824.75,7823.0,7824.75,4128
2026-08-13 07:02:00-07:00,7824.75,7827.25,7824.75,7827.25,4779
2026-08-13 07:03:00-07:00,7827.25,7827.25,7824.25,7825.0,4652
2026-08-13 07:04:00-07:00,7825.0,7827.5,7824.25,7826.75,4282
2026-08-13 07:05:00-07:00,7827.0,7828.75,7826.5,7827.0,3721
2026-08-13 07:06:00-07:00,7827.0,7827.0,7825.0,7825.75,2694
2026-08-13 07:07:00-07:00,7825.75,7826.5,7823.75,7825.25,3882
2026-08-13 07:08:00-07:00,7825.5,7825.5,7823.75,7825.5,4141
2026-08-13 07:09:00-07:00,7825.5,7827.0,7825.5,7826.0,2287
2026-08-13 07:10:00-07:00,7826.0,7826.75,7825.75,7826.25,2181
2026-08-13 07:11:00-07:00,7826.25,7829.75,7825.75,7829.25,3272
2026-08-13 07:12:00-07:00,7829.25,7830.25,7828.25,7829.25,3165
2026-08-13 07:13:00-07:00,7829.0,7830.0,7828.5,7829.25,2416
2026-08-13 07:14:00-07:00,7829.25,7830.0,7828.25,7829.75,2410
2026-08-13 07:15:00-07:00,7829.75,7830.0,7828.25,7829.0,3007
2026-08-13 07:16:00-07:00,7829.0,7829.0,7826.5,7827.0,3792
2026-08-13 07:17:00-07:00,7827.0,7828.0,7824.5,7828.0,6381
2026-08-13 07:18:00-07:00,7828.0,7830.75,7827.75,7830.5,2893
2026-08-13 07:19:00-07:00,7830.25,7831.25,7829.25,7830.0,2773
2026-08-13 07:20:00-07:00,7830.0,7830.25,7828.25,7830.25,2473
2026-08-13 07:21:00-07:00,7830.25,7833.25,7829.75,7833.0,2775
2026-08-13 07:22:00-07:00,7832.75,7834.5,7832.5,7834.25,3686
2026-08-13 07:23:00-07:00,7834.0,7836.75,7834.0,7835.75,4024
2026-08-13 07:24:00-07:00,7835.75,7836.25,7834.5,7835.0,3012
2026-08-13 07:25:00-07:00,7834.75,7836.0,7834.0,7836.0,3357
2026-08-13 07:26:00-07:00,7835.75,7836.0,7834.25,7835.25,2338
2026-08-13 07:27:00-07:00,7835.25,7836.25,7833.5,7835.0,2123
2026-08-13 07:28:00-07:00,7834.75,7837.0,7834.5,7836.75,2311
2026-08-13 07:29:00-07:00,7836.75,7837.0,7835.75,7836.5,2144
2026-08-13 07:30:00-07:00,7836.5,7836.75,7834.25,7834.5,3555
2026-08-13 07:31:00-07:00,7834.5,7837.0,7834.25,7837.0,2651
2026-08-13 07:32:00-07:00,7836.75,7838.25,7836.75,7837.5,2983
2026-08-13 07:33:00-07:00,7837.25,7837.5,7835.0,7835.5,2353
2026-08-13 07:34:00-07:00,7835.75,7837.25,7835.5,7836.75,1578
2026-08-13 07:35:00-07:00,7836.75,7838.5,7835.75,7837.75,1605
2026-08-13 07:36:00-07:00,7837.75,7837.75,7836.5,7837.0,1723
2026-08-13 07:37:00-07:00,7837.25,7837.25,7835.25,7835.75,1725
2026-08-13 07:38:00-07:00,7835.75,7835.75,7832.5,7833.75,3478
2026-08-13 07:39:00-07:00,7833.75,7835.75,7833.25,7835.0,2639
2026-08-13 07:40:00-07:00,7835.0,7835.75,7834.0,7835.0,2371
2026-08-13 07:41:00-07:00,7835.0,7835.0,7832.5,7832.5,2189
2026-08-13 07:42:00-07:00,7832.5,7833.5,7831.75,7833.0,3998
2026-08-13 07:43:00-07:00,7833.0,7833.25,7830.25,7831.75,2816
2026-08-13 07:44:00-07:00,7831.5,7832.5,7830.25,7830.25,2058
2026-08-13 07:45:00-07:00,7830.25,7830.5,7826.25,7826.25,4762
2026-08-13 07:46:00-07:00,7826.25,7828.5,7825.5,7828.0,3579
2026-08-13 07:47:00-07:00,7828.0,7828.5,7825.5,7826.25,2675
2026-08-13 07:48:00-07:00,7826.0,7826.5,7822.75,7823.5,4190
2026-08-13 07:49:00-07:00,7823.25,7823.5,7819.5,7821.25,5763
2026-08-13 07:50:00-07:00,7821.0,7823.75,7820.0,7820.25,4890
2026-08-13 07:51:00-07:00,7820.25,7823.25,7820.0,7822.75,2287
2026-08-13 07:52:00-07:00,7822.5,7823.25,7820.75,7822.25,2953
2026-08-13 07:53:00-07:00,7822.5,7822.5,7820.25,7821.75,2566
2026-08-13 07:54:00-07:00,7821.75,7823.0,7820.5,7823.0,2824
2026-08-13 07:55:00-07:00,7822.75,7822.75,7818.0,7818.5,3320
2026-08-13 07:56:00-07:00,7818.5,7821.25,7818.25,7820.0,2402
2026-08-13 07:57:00-07:00,7820.0,7822.75,7820.0,7822.5,2359
2026-08-13 07:58:00-07:00,7822.5,7824.25,7821.75,7824.0,3576
2026-08-13 07:59:00-07:00,7824.0,7824.0,7821.5,7822.25,3213
2026-08-13 08:00:00-07:00,7822.0,7826.25,7821.5,7825.75,5112
2026-08-13 08:01:00-07:00,7825.75,7826.75,7825.5,7826.25,2240
2026-08-13 08:02:00-07:00,7826.25,7826.5,7822.75,7823.0,4441
2026-08-13 08:03:00-07:00,7823.25,7823.5,7819.25,7820.0,5094
2026-08-13 08:04:00-07:00,7819.75,7820.0,7817.5,7818.0,4127
2026-08-13 08:05:00-07:00,7818.25,7820.5,7817.75,7820.0,3665
2026-08-13 08:06:00-07:00,7820.25,7820.25,7817.0,7817.5,2777
2026-08-13 08:07:00-07:00,7817.5,7818.5,7815.0,7815.25,3466
2026-08-13 08:08:00-07:00,7815.0,7816.5,7813.75,7814.5,4271
2026-08-13 08:09:00-07:00,7814.25,7816.75,7814.0,7816.75,3233
2026-08-13 08:10:00-07:00,7816.75,7818.0,7815.25,7817.0,2494
2026-08-13 08:11:00-07:00,7816.75,7817.75,7816.0,7816.75,2263
2026-08-13 08:12:00-07:00,7817.0,7817.75,7814.75,7814.75,2056
2026-08-13 08:13:00-07:00,7814.5,7816.5,7814.5,7816.25,3327
2026-08-13 08:14:00-07:00,7816.25,7816.75,7814.75,7815.5,3461
2026-08-13 08:15:00-07:00,7815.75,7816.25,7814.5,7815.75,2142
2026-08-13 08:16:00-07:00,7815.75,7815.75,7814.0,7814.75,2046
2026-08-13 08:17:00-07:00,7814.75,7816.75,7814.0,7814.75,2219
2026-08-13 08:18:00-07:00,7814.5,7814.75,7811.25,7812.75,3226
2026-08-13 08:19:00-07:00,7812.5,7816.25,7812.25,7816.25,2334
2026-08-13 08:20:00-07:00,7816.0,7816.5,7815.0,7816.0,2500
2026-08-13 08:21:00-07:00,7815.75,7817.0,7814.25,7816.0,2461
2026-08-13 08:22:00-07:00,7816.0,7816.25,7812.75,7814.25,2659
2026-08-13 08:23:00-07:00,7814.0,7814.0,7812.5,7814.0,1834
2026-08-13 08:24:00-07:00,7814.0,7814.25,7813.25,7813.5,1763
2026-08-13 08:25:00-07:00,7813.5,7813.5,7810.25,7810.5,2384
2026-08-13 08:26:00-07:00,7810.25,7811.5,7809.25,7811.25,3137
2026-08-13 08:27:00-07:00,7811.0,7812.25,7806.5,7808.75,7218
2026-08-13 08:28:00-07:00,7808.75,7809.25,7803.5,7803.75,6017
2026-08-13 08:29:00-07:00,7804.0,7806.75,7803.5,7806.0,4621
2026-08-13 08:30:00-07:00,7806.0,7807.25,7804.25,7805.5,5492
2026-08-13 08:31:00-07:00,7805.5,7807.5,7805.25,7805.5,3231
2026-08-13 08:32:00-07:00,7805.5,7806.75,7804.5,7804.75,2352
2026-08-13 08:33:00-07:00,7804.75,7805.75,7804.0,7804.0,3026
2026-08-13 08:34:00-07:00,7804.0,7805.25,7801.25,7801.5,4735
2026-08-13 08:35:00-07:00,7801.5,7805.75,7801.5,7804.75,3766
2026-08-13 08:36:00-07:00,7804.5,7805.0,7801.75,7804.0,3190
2026-08-13 08:37:00-07:00,7804.0,7804.25,7801.75,7802.75,2175
2026-08-13 08:38:00-07:00,7802.5,7802.5,7800.0,7802.25,2815
2026-08-13 08:39:00-07:00,7802.0,7804.25,7801.25,7803.75,2890
2026-08-13 08:40:00-07:00,7803.5,7803.75,7801.0,7801.75,2664
2026-08-13 08:41:00-07:00,7802.0,7805.75,7802.0,7805.5,3648
2026-08-13 08:42:00-07:00,7805.5,7808.0,7805.5,7807.0,3022
2026-08-13 08:43:00-07:00,7807.25,7807.25,7805.5,7805.5,2115
2026-08-13 08:44:00-07:00,7805.5,7806.0,7803.5,7803.75,2225
2026-08-13 08:45:00-07:00,7803.5,7803.5,7802.25,7803.25,1808
2026-08-13 08:46:00-07:00,7803.25,7805.25,7803.0,7805.0,2010
2026-08-13 08:47:00-07:00,7805.25,7805.5,7803.5,7804.25,1682
2026-08-13 08:48:00-07:00,7804.25,7804.5,7802.5,7802.75,1093
2026-08-13 08:49:00-07:00,7802.75,7803.5,7801.0,7803.25,2432
2026-08-13 08:50:00-07:00,7803.25,7803.5,7801.75,7803.25,1594
2026-08-13 08:51:00-07:00,7803.0,7803.0,7800.5,7801.75,2064
2026-08-13 08:52:00-07:00,7801.5,7801.75,7799.25,7801.25,2817
2026-08-13 08:53:00-07:00,7801.25,7802.25,7800.25,7802.25,1748
2026-08-13 08:54:00-07:00,7802.25,7802.5,7800.25,7800.75,1493
2026-08-13 08:55:00-07:00,7800.75,7802.25,7800.0,7801.25,2251
2026-08-13 08:56:00-07:00,7801.0,7802.5,7800.75,7802.5,1201
2026-08-13 08:57:00-07:00,7802.25,7803.75,7800.5,7800.75,1924
2026-08-13 08:58:00-07:00,7800.75,7801.0,7798.5,7799.0,1958
2026-08-13 08:59:00-07:00,7799.0,7799.25,7797.75,7799.0,2919
2026-08-13 09:00:00-07:00,7798.75,7801.5,7798.5,7801.5,2362
2026-08-13 09:01:00-07:00,7801.5,7802.25,7800.0,7802.0,1776
2026-08-13 09:02:00-07:00,7802.0,7804.5,7801.75,7804.25,1846
2026-08-13 09:03:00-07:00,7804.0,7804.75,7802.5,7804.5,1827
2026-08-13 09:04:00-07:00,7804.5,7804.5,7802.5,7803.0,1302
2026-08-13 09:05:00-07:00,7803.25,7806.0,7802.75,7806.0,1637
2026-08-13 09:06:00-07:00,7806.0,7807.0,7805.0,7805.25,2179
2026-08-13 09:07:00-07:00,7805.25,7806.0,7804.0,7804.5,1194
2026-08-13 09:08:00-07:00,7804.5,7805.25,7804.25,7805.0,1002
2026-08-13 09:09:00-07:00,7805.0,7805.0,7803.25,7803.75,1612
2026-08-13 09:10:00-07:00,7803.5,7804.75,7803.25,7804.0,1127
2026-08-13 09:11:00-07:00,7804.0,7805.25,7803.25,7803.5,1141
2026-08-13 09:12:00-07:00,7803.5,7804.75,7802.25,7802.5,1605
2026-08-13 09:13:00-07:00,7802.25,7803.0,7801.25,7801.5,2160
2026-08-13 09:14:00-07:00,7801.5,7802.0,7800.75,7801.0,1331
2026-08-13 09:15:00-07:00,7801.0,7802.75,7800.75,7801.0,2136
2026-08-13 09:16:00-07:00,7801.0,7801.75,7800.25,7800.25,1271
2026-08-13 09:17:00-07:00,7800.25,7801.75,7800.0,7801.25,1250
2026-08-13 09:18:00-07:00,7801.5,7802.25,7800.75,7801.25,916
2026-08-13 09:19:00-07:00,7801.25,7803.0,7800.75,7802.5,1042
2026-08-13 09:20:00-07:00,7802.5,7804.0,7801.5,7803.75,1386
2026-08-13 09:21:00-07:00,7803.75,7804.0,7802.5,7803.75,1162
2026-08-13 09:22:00-07:00,7803.75,7805.0,7803.25,7804.0,1066
2026-08-13 09:23:00-07:00,7804.0,7804.25,7803.25,7804.0,843
2026-08-13 09:24:00-07:00,7804.0,7805.0,7803.75,7804.5,875
2026-08-13 09:25:00-07:00,7804.5,7808.0,7804.25,7807.5,2135
2026-08-13 09:26:00-07:00,7807.75,7808.0,7806.75,7807.25,1184
2026-08-13 09:27:00-07:00,7807.25,7809.0,7807.25,7807.5,1596
2026-08-13 09:28:00-07:00,7807.5,7808.5,7807.25,7808.0,1186
2026-08-13 09:29:00-07:00,7808.25,7809.5,7807.75,7809.5,1381
2026-08-13 09:30:00-07:00,7809.5,7810.5,7808.75,7810.25,1953
2026-08-13 09:31:00-07:00,7810.5,7810.75,7808.5,7809.25,1656
2026-08-13 09:32:00-07:00,7809.0,7810.5,7808.0,7809.0,1543
2026-08-13 09:33:00-07:00,7809.0,7811.25,7809.0,7810.75,1578
2026-08-13 09:34:00-07:00,7811.0,7811.25,7810.5,7810.5,1247
2026-08-13 09:35:00-07:00,7810.5,7811.25,7810.0,7810.25,1248
2026-08-13 09:36:00-07:00,7810.25,7810.5,7808.5,7809.0,1307
2026-08-13 09:37:00-07:00,7809.25,7809.75,7808.5,7808.75,798
2026-08-13 09:38:00-07:00,7808.75,7810.0,7808.25,7809.5,929
2026-08-13 09:39:00-07:00,7809.75,7810.5,7806.0,7807.0,1983
2026-08-13 09:40:00-07:00,7807.0,7807.25,7806.0,7806.5,1044
2026-08-13 09:41:00-07:00,7806.5,7808.0,7806.25,7807.75,956
2026-08-13 09:42:00-07:00,7808.0,7809.25,7807.25,7809.0,1122
2026-08-13 09:43:00-07:00,7809.0,7809.0,7808.0,7808.5,934
2026-08-13 09:44:00-07:00,7808.5,7808.75,7808.25,7808.25,879
2026-08-13 09:45:00-07:00,7808.5,7809.75,7808.5,7809.0,868
2026-08-13 09:46:00-07:00,7809.25,7809.5,7808.25,7809.25,685
2026-08-13 09:47:00-07:00,7809.25,7810.5,7809.0,7810.5,719
2026-08-13 09:48:00-07:00,7810.25,7811.0,7810.25,7810.5,962
2026-08-13 09:49:00-07:00,7810.5,7810.75,7809.5,7810.0,1167
2026-08-13 09:50:00-07:00,7810.0,7811.25,7810.0,7811.25,758
2026-08-13 09:51:00-07:00,7811.25,7812.25,7811.0,7811.25,2336
2026-08-13 09:52:00-07:00,7811.25,7812.25,7811.0,7811.0,1455
2026-08-13 09:53:00-07:00,7811.25,7811.75,7811.0,7811.0,1294
2026-08-13 09:54:00-07:00,7810.75,7811.5,7810.25,7811.0,1297
2026-08-13 09:55:00-07:00,7811.0,7811.75,7810.0,7811.25,1099
2026-08-13 09:56:00-07:00,7811.5,7811.5,7810.0,7810.25,868
2026-08-13 09:57:00-07:00,7810.25,7811.5,7810.25,7811.0,702
2026-08-13 09:58:00-07:00,7811.0,7811.5,7810.75,7811.0,723
2026-08-13 09:59:00-07:00,7811.0,7811.75,7810.75,7811.5,754
2026-08-13 10:00:00-07:00,7811.5,7814.0,7811.5,7813.5,2189
2026-08-13 10:01:00-07:00,7813.5,7814.75,7813.25,7814.0,1197
2026-08-13 10:02:00-07:00,7814.25,7814.25,7813.25,7813.5,999
2026-08-13 10:03:00-07:00,7813.5,7814.5,7812.5,7814.5,945
2026-08-13 10:04:00-07:00,7814.5,7814.5,7813.75,7814.0,1156
2026-08-13 10:05:00-07:00,7814.25,7816.0,7813.5,7815.5,1452
2026-08-13 10:06:00-07:00,7815.25,7816.0,7814.75,7815.0,1331
2026-08-13 10:07:00-07:00,7815.0,7816.25,7815.0,7815.75,957
2026-08-13 10:08:00-07:00,7815.5,7818.25,7815.5,7816.75,2473
2026-08-13 10:09:00-07:00,7816.75,7816.75,7815.5,7816.75,1012
2026-08-13 10:10:00-07:00,7816.75,7817.0,7816.0,7816.75,754
2026-08-13 10:11:00-07:00,7816.75,7817.5,7816.5,7817.0,1033
2026-08-13 10:12:00-07:00,7817.0,7817.0,7815.5,7815.75,889
2026-08-13 10:13:00-07:00,7815.5,7816.25,7815.0,7816.25,1079
2026-08-13 10:14:00-07:00,7816.0,7816.25,7815.5,7816.0,706
2026-08-13 10:15:00-07:00,7816.25,7817.5,7816.0,7816.5,1662
2026-08-13 10:16:00-07:00,7816.75,7817.75,7816.5,7817.5,1733
2026-08-13 10:17:00-07:00,7817.5,7817.75,7816.5,7816.5,1058
2026-08-13 10:18:00-07:00,7816.5,7817.75,7816.0,7817.0,988
2026-08-13 10:19:00-07:00,7817.25,7818.5,7816.75,7818.5,939
2026-08-13 10:20:00-07:00,7818.5,7819.25,7817.5,7817.5,1303
2026-08-13 10:21:00-07:00,7817.5,7818.5,7817.25,7818.0,949
2026-08-13 10:22:00-07:00,7818.0,7818.0,7816.5,7817.0,1879
2026-08-13 10:23:00-07:00,7817.0,7817.25,7816.0,7816.0,1295
2026-08-13 10:24:00-07:00,7816.0,7817.25,7816.0,7817.0,1216
2026-08-13 10:25:00-07:00,7817.25,7817.5,7816.5,7817.0,758
2026-08-13 10:26:00-07:00,7817.0,7817.0,7815.25,7815.5,1514
2026-08-13 10:27:00-07:00,7815.5,7816.75,7815.25,7816.25,912
2026-08-13 10:28:00-07:00,7816.25,7817.0,7816.25,7816.5,737
2026-08-13 10:29:00-07:00,7816.5,7816.5,7815.0,7815.5,1353
2026-08-13 10:30:00-07:00,7815.5,7816.75,7815.0,7816.0,1169
2026-08-13 10:31:00-07:00,7816.0,7816.25,7815.0,7815.25,886
2026-08-13 10:32:00-07:00,7815.25,7815.5,7814.5,7814.75,1575
2026-08-13 10:33:00-07:00,7815.0,7815.25,7812.5,7813.0,2107
2026-08-13 10:34:00-07:00,7812.75,7814.0,7812.75,7813.5,1175
2026-08-13 10:35:00-07:00,7813.5,7813.75,7812.5,7813.25,1406
2026-08-13 10:36:00-07:00,7813.0,7813.5,7812.25,7812.75,1255
2026-08-13 10:37:00-07:00,7812.5,7813.0,7811.25,7811.25,1978
2026-08-13 10:38:00-07:00,7811.0,7812.25,7811.0,7812.25,1155
2026-08-13 10:39:00-07:00,7812.0,7812.5,7811.0,7812.25,1354
2026-08-13 10:40:00-07:00,7812.5,7813.5,7811.75,7813.25,1464
2026-08-13 10:41:00-07:00,7813.0,7813.0,7811.75,7812.5,1636
2026-08-13 10:42:00-07:00,7812.25,7812.75,7811.5,7811.75,987
2026-08-13 10:43:00-07:00,7811.75,7812.75,7811.5,7812.0,793
2026-08-13 10:44:00-07:00,7812.25,7812.25,7810.5,7810.5,1126
2026-08-13 10:45:00-07:00,7810.5,7813.5,7810.5,7812.5,1512
2026-08-13 10:46:00-07:00,7812.75,7813.0,7812.25,7812.5,742
2026-08-13 10:47:00-07:00,7812.5,7812.75,7812.0,7812.5,615
2026-08-13 10:48:00-07:00,7812.75,7813.5,7812.25,7812.75,1023
2026-08-13 10:49:00-07:00,7813.0,7813.0,7811.75,7812.5,1189
2026-08-13 10:50:00-07:00,7812.5,7813.5,7812.5,7813.25,824
2026-08-13 10:51:00-07:00,7813.0,7813.75,7811.75,7812.25,946
2026-08-13 10:52:00-07:00,7812.5,7812.75,7811.75,7812.5,1405
2026-08-13 10:53:00-07:00,7812.5,7813.25,7812.0,7813.25,516
2026-08-13 10:54:00-07:00,7813.25,7813.5,7811.75,7812.0,1478
2026-08-13 10:55:00-07:00,7812.0,7812.5,7811.25,7812.0,773
2026-08-13 10:56:00-07:00,7812.0,7812.25,7810.75,7810.75,751
2026-08-13 10:57:00-07:00,7811.0,7813.0,7811.0,7813.0,684
2026-08-13 10:58:00-07:00,7813.0,7813.75,7812.5,7813.25,1004
2026-08-13 10:59:00-07:00,7813.0,7813.0,7811.5,7811.75,1121
2026-08-13 11:00:00-07:00,7811.75,7813.75,7811.75,7812.75,1551
2026-08-13 11:01:00-07:00,7812.75,7813.25,7812.25,7812.25,1230
2026-08-13 11:02:00-07:00,7812.25,7813.25,7812.0,7812.0,1161
2026-08-13 11:03:00-07:00,7812.0,7813.25,7812.0,7813.25,780
2026-08-13 11:04:00-07:00,7813.5,7813.75,7812.5,7813.5,1023
2026-08-13 11:05:00-07:00,7813.75,7815.0,7813.5,7814.75,1728
2026-08-13 11:06:00-07:00,7814.75,7815.0,7812.75,7813.0,1327
2026-08-13 11:07:00-07:00,7813.0,7813.75,7812.5,7813.0,733
2026-08-13 11:08:00-07:00,7813.0,7813.25,7812.25,7812.75,727
2026-08-13 11:09:00-07:00,7812.75,7813.0,7812.5,7812.5,522
2026-08-13 11:10:00-07:00,7812.75,7813.75,7811.0,7813.25,1599
2026-08-13 11:11:00-07:00,7813.5,7814.25,7812.75,7814.25,1140
2026-08-13 11:12:00-07:00,7814.25,7815.75,7814.0,7814.75,1539
2026-08-13 11:13:00-07:00,7814.75,7815.5,7814.5,7815.25,504
2026-08-13 11:14:00-07:00,7815.0,7815.5,7814.5,7815.25,792
2026-08-13 11:15:00-07:00,7815.5,7816.25,7815.25,7815.25,1500
2026-08-13 11:16:00-07:00,7815.25,7815.25,7814.0,7814.25,1062
2026-08-13 11:17:00-07:00,7814.25,7815.0,7813.75,7814.5,1215
2026-08-13 11:18:00-07:00,7814.5,7814.75,7813.75,7814.0,686
2026-08-13 11:19:00-07:00,7813.75,7814.0,7813.25,7813.75,983
2026-08-13 11:20:00-07:00,7813.75,7814.25,7812.75,7814.25,1380
2026-08-13 11:21:00-07:00,7814.0,7814.0,7813.0,7813.75,1453
2026-08-13 11:22:00-07:00,7813.75,7814.0,7813.25,7814.0,1137
2026-08-13 11:23:00-07:00,7813.75,7814.25,7812.0,7812.5,1190
2026-08-13 11:24:00-07:00,7812.5,7812.5,7811.0,7811.5,1390
2026-08-13 11:25:00-07:00,7811.75,7813.5,7811.5,7812.25,1263
2026-08-13 11:26:00-07:00,7812.25,7813.5,7812.25,7813.25,810
2026-08-13 11:27:00-07:00,7813.5,7813.5,7812.75,7813.0,683
2026-08-13 11:28:00-07:00,7813.25,7814.75,7813.0,7814.75,943
2026-08-13 11:29:00-07:00,7814.5,7814.5,7814.0,7814.5,791
2026-08-13 11:30:00-07:00,7814.5,7816.25,7814.5,7815.75,1340
2026-08-13 11:31:00-07:00,7815.75,7816.5,7815.5,7815.75,1159
2026-08-13 11:32:00-07:00,7815.75,7816.0,7815.25,7815.5,921
2026-08-13 11:33:00-07:00,7815.5,7817.0,7815.5,7817.0,1074
2026-08-13 11:34:00-07:00,7817.0,7817.0,7816.0,7816.75,1155
2026-08-13 11:35:00-07:00,7816.75,7817.75,7816.25,7817.75,1223
2026-08-13 11:36:00-07:00,7817.5,7818.25,7817.0,7817.0,1194
2026-08-13 11:37:00-07:00,7817.0,7818.0,7817.0,7817.5,1660
2026-08-13 11:38:00-07:00,7817.5,7818.25,7817.25,7818.25,1232
2026-08-13 11:39:00-07:00,7818.5,7818.5,7817.5,7818.25,2003
2026-08-13 11:40:00-07:00,7818.5,7819.0,7818.0,7818.25,1676
2026-08-13 11:41:00-07:00,7818.25,7821.25,7818.25,7821.0,2700
2026-08-13 11:42:00-07:00,7821.0,7821.5,7820.5,7820.75,1842
2026-08-13 11:43:00-07:00,7820.75,7820.75,7820.0,7820.5,1195
2026-08-13 11:44:00-07:00,7820.5,7821.25,7820.25,7820.5,1191
2026-08-13 11:45:00-07:00,7820.5,7821.75,7820.5,7821.0,1593
2026-08-13 11:46:00-07:00,7821.0,7821.5,7820.25,7821.5,1160
2026-08-13 11:47:00-07:00,7821.75,7822.0,7821.25,7821.75,1540
2026-08-13 11:48:00-07:00,7821.75,7822.0,7820.75,7821.0,1263
2026-08-13 11:49:00-07:00,7821.0,7822.0,7820.75,7822.0,830
2026-08-13 11:50:00-07:00,7822.0,7822.75,7821.25,7822.0,4079
2026-08-13 11:51:00-07:00,7822.0,7822.5,7821.5,7821.75,922
2026-08-13 11:52:00-07:00,7821.75,7822.25,7820.5,7822.25,1722
2026-08-13 11:53:00-07:00,7822.25,7823.25,7822.0,7823.0,1783
2026-08-13 11:54:00-07:00,7823.0,7823.75,7823.0,7823.0,2044
2026-08-13 11:55:00-07:00,7823.25,7823.75,7822.75,7823.0,1441
2026-08-13 11:56:00-07:00,7823.0,7823.75,7822.75,7822.75,895
2026-08-13 11:57:00-07:00,7822.75,7823.25,7821.75,7822.0,1202
2026-08-13 11:58:00-07:00,7821.75,7822.25,7821.25,7821.5,1344
2026-08-13 11:59:00-07:00,7821.5,7822.0,7821.25,7822.0,1018
2026-08-13 12:00:00-07:00,7822.0,7823.25,7821.75,7823.0,2454
2026-08-13 12:01:00-07:00,7823.0,7823.75,7822.75,7823.5,1861
2026-08-13 12:02:00-07:00,7823.5,7823.75,7823.0,7823.5,1155
2026-08-13 12:03:00-07:00,7823.5,7824.0,7823.0,7824.0,1339
2026-08-13 12:04:00-07:00,7824.0,7824.0,7823.0,7823.5,917
2026-08-13 12:05:00-07:00,7823.5,7824.25,7822.5,7823.75,1716
2026-08-13 12:06:00-07:00,7824.0,7826.25,7823.75,7826.0,4040
2026-08-13 12:07:00-07:00,7826.25,7827.0,7826.0,7826.25,1782
2026-08-13 12:08:00-07:00,7826.5,7828.25,7826.25,7827.75,2713
2026-08-13 12:09:00-07:00,7827.5,7828.75,7827.25,7828.25,1973
2026-08-13 12:10:00-07:00,7828.25,7828.25,7826.75,7826.75,2087
2026-08-13 12:11:00-07:00,7826.75,7827.25,7826.25,7827.0,1979
2026-08-13 12:12:00-07:00,7827.0,7827.0,7825.0,7825.0,1669
2026-08-13 12:13:00-07:00,7825.0,7825.25,7822.75,7822.75,2902
2026-08-13 12:14:00-07:00,7823.0,7824.25,7823.0,7824.0,1585
2026-08-13 12:15:00-07:00,7824.0,7824.5,7822.5,7824.5,2084
2026-08-13 12:16:00-07:00,7824.5,7824.75,7822.5,7823.0,2111
2026-08-13 12:17:00-07:00,7823.25,7824.5,7822.75,7824.25,1456
2026-08-13 12:18:00-07:00,7824.25,7825.5,7824.0,7825.25,1418
2026-08-13 12:19:00-07:00,7825.25,7826.25,7824.75,7826.0,1575
2026-08-13 12:20:00-07:00,7826.25,7827.5,7826.0,7827.25,1537
2026-08-13 12:21:00-07:00,7827.25,7827.5,7826.0,7826.5,1273
2026-08-13 12:22:00-07:00,7826.75,7827.75,7826.75,7827.5,1263
2026-08-13 12:23:00-07:00,7827.75,7827.75,7827.0,7827.25,1034
2026-08-13 12:24:00-07:00,7827.25,7828.25,7826.75,7827.75,1777
2026-08-13 12:25:00-07:00,7827.75,7828.5,7826.25,7826.25,1893
2026-08-13 12:26:00-07:00,7826.25,7826.5,7825.0,7825.5,2412
2026-08-13 12:27:00-07:00,7825.25,7826.25,7824.5,7826.25,1729
2026-08-13 12:28:00-07:00,7826.25,7826.75,7826.0,7826.0,1113
2026-08-13 12:29:00-07:00,7826.0,7826.25,7824.5,7825.0,1671
2026-08-13 12:30:00-07:00,7825.0,7827.25,7824.25,7827.25,3061
2026-08-13 12:31:00-07:00,7827.25,7827.25,7825.75,7825.75,1424
2026-08-13 12:32:00-07:00,7825.75,7826.75,7825.25,7825.25,2703
2026-08-13 12:33:00-07:00,7825.25,7826.5,7825.0,7825.0,1339
2026-08-13 12:34:00-07:00,7825.0,7825.75,7824.75,7825.25,1464
2026-08-13 12:35:00-07:00,7825.25,7825.5,7823.25,7823.25,2212
2026-08-13 12:36:00-07:00,7823.0,7823.75,7822.75,7822.75,2268
2026-08-13 12:37:00-07:00,7823.0,7823.75,7822.0,7823.25,1530
2026-08-13 12:38:00-07:00,7823.0,7824.25,7823.0,7823.25,1037
2026-08-13 12:39:00-07:00,7823.5,7824.5,7823.0,7824.25,1142
2026-08-13 12:40:00-07:00,7824.5,7825.25,7823.75,7824.0,1648
2026-08-13 12:41:00-07:00,7824.25,7824.5,7823.25,7824.5,1323
2026-08-13 12:42:00-07:00,7824.5,7825.25,7823.5,7823.5,1099
2026-08-13 12:43:00-07:00,7823.5,7823.75,7822.5,7823.25,1654
2026-08-13 12:44:00-07:00,7823.5,7823.75,7821.75,7821.75,1559
2026-08-13 12:45:00-07:00,7821.75,7822.75,7821.5,7821.75,2745
2026-08-13 12:46:00-07:00,7822.0,7823.0,7821.75,7823.0,1589
2026-08-13 12:47:00-07:00,7823.0,7823.0,7821.5,7821.5,1413
2026-08-13 12:48:00-07:00,7821.5,7822.0,7820.75,7822.0,1976
2026-08-13 12:49:00-07:00,7822.0,7822.5,7821.0,7822.25,2025
2026-08-13 12:50:00-07:00,7822.0,7822.0,7819.0,7819.25,5603
2026-08-13 12:51:00-07:00,7819.5,7819.75,7818.0,7819.0,3025
2026-08-13 12:52:00-07:00,7819.0,7820.25,7818.75,7819.25,3045
2026-08-13 12:53:00-07:00,7819.5,7820.5,7819.0,7820.5,2726
2026-08-13 12:54:00-07:00,7820.5,7822.25,7819.75,7820.25,7977
2026-08-13 12:55:00-07:00,7820.25,7821.0,7818.5,7820.25,5607
2026-08-14 06:25:00-07:00,7828.5,7829.5,7828.0,7828.5,729
2026-08-14 06:26:00-07:00,7828.25,7829.0,7828.0,7828.75,252
2026-08-14 06:27:00-07:00,7828.75,7829.5,7828.0,7828.5,681
2026-08-14 06:28:00-07:00,7828.25,7828.25,7825.75,7827.25,1089
2026-08-14 06:29:00-07:00,7827.25,7829.25,7827.25,7827.5,2234
2026-08-14 06:30:00-07:00,7827.5,7828.0,7821.25,7822.5,13051
2026-08-14 06:31:00-07:00,7822.25,7826.75,7821.5,7826.25,5687
2026-08-14 06:32:00-07:00,7826.0,7827.75,7824.25,7825.5,3802
2026-08-14 06:33:00-07:00,7825.25,7825.5,7822.5,7823.75,3202
2026-08-14 06:34:00-07:00,7823.75,7825.0,7822.75,7824.0,2658
2026-08-14 06:35:00-07:00,7824.25,7825.25,7823.25,7824.0,3370
2026-08-14 06:36:00-07:00,7824.0,7824.5,7820.0,7820.25,3641
2026-08-14 06:37:00-07:00,7820.5,7821.5,7819.25,7820.75,3438
2026-08-14 06:38:00-07:00,7821.0,7822.5,7820.5,7821.25,3308
2026-08-14 06:39:00-07:00,7821.5,7822.75,7820.5,7822.5,2336
2026-08-14 06:40:00-07:00,7822.75,7823.0,7820.75,7822.0,4520
2026-08-14 06:41:00-07:00,7822.0,7824.5,7821.0,7823.25,3798
2026-08-14 06:42:00-07:00,7823.25,7826.25,7822.75,7825.75,2574
2026-08-14 06:43:00-07:00,7826.0,7827.0,7825.25,7826.25,3115
2026-08-14 06:44:00-07:00,7826.25,7827.5,7825.75,7826.25,2447
2026-08-14 06:45:00-07:00,7826.5,7828.5,7825.5,7827.25,3250
2026-08-14 06:46:00-07:00,7827.25,7827.5,7822.5,7823.0,4022
2026-08-14 06:47:00-07:00,7823.0,7823.75,7821.25,7823.5,3143
2026-08-14 06:48:00-07:00,7823.5,7824.75,7822.25,7823.5,2367
2026-08-14 06:49:00-07:00,7823.5,7824.0,7821.75,7821.75,2191
2026-08-14 06:50:00-07:00,7822.0,7823.25,7821.25,7823.0,3367
2026-08-14 06:51:00-07:00,7823.25,7827.25,7820.25,7826.5,7101
2026-08-14 06:52:00-07:00,7826.75,7828.5,7826.5,7827.0,2868
2026-08-14 06:53:00-07:00,7827.0,7827.25,7825.25,7827.0,2122
2026-08-14 06:54:00-07:00,7827.25,7828.5,7826.75,7827.0,1459
2026-08-14 06:55:00-07:00,7827.25,7827.25,7825.0,7826.5,2115
2026-08-14 06:56:00-07:00,7826.25,7826.5,7825.0,7826.25,1918
2026-08-14 06:57:00-07:00,7826.5,7826.75,7823.75,7824.5,1688
2026-08-14 06:58:00-07:00,7824.5,7825.5,7823.25,7825.25,1623
2026-08-14 06:59:00-07:00,7825.5,7828.75,7824.5,7826.25,2023
2026-08-14 07:00:00-07:00,7825.75,7827.75,7823.25,7826.25,2340
2026-08-14 07:01:00-07:00,7826.25,7827.0,7825.25,7825.25,1726
2026-08-14 07:02:00-07:00,7825.25,7827.25,7824.75,7827.0,1869
2026-08-14 07:03:00-07:00,7826.75,7827.25,7825.25,7826.5,1477
2026-08-14 07:04:00-07:00,7826.5,7828.5,7825.75,7828.25,2009
2026-08-14 07:05:00-07:00,7828.25,7830.5,7827.5,7830.0,3128
2026-08-14 07:06:00-07:00,7830.0,7830.25,7829.0,7829.5,1829
2026-08-14 07:07:00-07:00,7829.25,7829.75,7828.75,7829.75,1439
2026-08-14 07:08:00-07:00,7829.75,7830.75,7828.25,7828.25,2131
2026-08-14 07:09:00-07:00,7828.25,7830.0,7827.25,7828.0,2707
2026-08-14 07:10:00-07:00,7828.0,7829.25,7826.5,7826.5,2401
2026-08-14 07:11:00-07:00,7826.75,7827.75,7825.75,7827.75,2223
2026-08-14 07:12:00-07:00,7827.5,7829.0,7827.0,7828.5,2351
2026-08-14 07:13:00-07:00,7828.5,7829.5,7827.25,7827.5,2004
2026-08-14 07:14:00-07:00,7827.75,7828.5,7825.25,7825.25,2036
2026-08-14 07:15:00-07:00,7825.5,7826.0,7823.5,7824.75,3404
2026-08-14 07:16:00-07:00,7825.0,7825.25,7822.5,7824.5,3429
2026-08-14 07:17:00-07:00,7824.25,7825.5,7823.75,7824.0,2461
2026-08-14 07:18:00-07:00,7824.0,7824.25,7821.25,7822.5,2612
2026-08-14 07:19:00-07:00,7822.75,7823.25,7820.25,7820.5,2679
2026-08-14 07:20:00-07:00,7820.5,7821.75,7818.75,7820.75,3634
2026-08-14 07:21:00-07:00,7820.5,7821.0,7816.25,7819.0,4316
2026-08-14 07:22:00-07:00,7819.0,7819.0,7816.75,7818.25,2121
2026-08-14 07:23:00-07:00,7818.25,7819.75,7817.25,7817.5,2430
2026-08-14 07:24:00-07:00,7817.5,7819.0,7816.5,7817.75,2706
2026-08-14 07:25:00-07:00,7817.75,7818.75,7816.75,7817.5,2344
2026-08-14 07:26:00-07:00,7817.5,7818.0,7815.5,7816.0,2743
2026-08-14 07:27:00-07:00,7816.0,7817.25,7815.0,7815.5,2995
2026-08-14 07:28:00-07:00,7815.75,7816.0,7813.75,7815.0,3159
2026-08-14 07:29:00-07:00,7815.25,7817.0,7814.0,7816.75,2908
2026-08-14 07:30:00-07:00,7816.75,7817.5,7812.0,7812.0,5320
2026-08-14 07:31:00-07:00,7812.0,7814.0,7811.0,7813.5,4057
2026-08-14 07:32:00-07:00,7813.25,7814.0,7810.75,7812.25,2780
2026-08-14 07:33:00-07:00,7812.25,7812.5,7810.5,7811.25,1917
2026-08-14 07:34:00-07:00,7811.0,7812.5,7810.5,7811.25,2474
2026-08-14 07:35:00-07:00,7811.0,7813.25,7810.5,7812.75,2576
2026-08-14 07:36:00-07:00,7812.5,7815.5,7812.25,7815.5,2819
2026-08-14 07:37:00-07:00,7815.5,7816.5,7813.5,7813.5,2839
2026-08-14 07:38:00-07:00,7813.25,7815.25,7813.0,7814.5,2162
2026-08-14 07:39:00-07:00,7814.75,7817.0,7814.25,7816.5,2433
2026-08-14 07:40:00-07:00,7816.5,7816.5,7812.75,7813.25,2708
2026-08-14 07:41:00-07:00,7813.5,7813.75,7812.5,7813.5,1781
2026-08-14 07:42:00-07:00,7813.75,7814.75,7812.75,7814.0,2006
2026-08-14 07:43:00-07:00,7814.25,7815.0,7813.0,7813.25,1414
2026-08-14 07:44:00-07:00,7813.5,7814.25,7812.75,7813.75,983
2026-08-14 07:45:00-07:00,7813.75,7814.75,7812.75,7813.75,2067
2026-08-14 07:46:00-07:00,7813.75,7816.0,7813.5,7815.5,1990
2026-08-14 07:47:00-07:00,7815.5,7816.75,7815.0,7815.5,1432
2026-08-14 07:48:00-07:00,7815.5,7816.5,7815.0,7815.75,1641
2026-08-14 07:49:00-07:00,7815.75,7815.75,7814.25,7815.0,1522
2026-08-14 07:50:00-07:00,7815.0,7815.5,7813.75,7814.75,1328
2026-08-14 07:51:00-07:00,7814.75,7815.5,7814.0,7815.0,1298
2026-08-14 07:52:00-07:00,7814.75,7815.75,7814.0,7815.5,1062
2026-08-14 07:53:00-07:00,7815.5,7816.75,7812.75,7812.75,1979
2026-08-14 07:54:00-07:00,7812.75,7814.0,7812.0,7812.5,2158
2026-08-14 07:55:00-07:00,7812.25,7814.0,7812.25,7813.25,1962
2026-08-14 07:56:00-07:00,7813.5,7813.75,7811.75,7811.75,2248
2026-08-14 07:57:00-07:00,7811.75,7813.5,7811.5,7812.25,1684
2026-08-14 07:58:00-07:00,7812.0,7812.5,7811.25,7811.75,1234
2026-08-14 07:59:00-07:00,7811.75,7811.75,7809.5,7809.5,3233
2026-08-14 08:00:00-07:00,7809.75,7813.0,7809.5,7813.0,3020
2026-08-14 08:01:00-07:00,7812.75,7813.75,7810.75,7812.5,3099
2026-08-14 08:02:00-07:00,7812.75,7813.0,7810.5,7811.0,2234
2026-08-14 08:03:00-07:00,7811.0,7812.0,7810.5,7811.5,1555
2026-08-14 08:04:00-07:00,7811.25,7812.75,7810.5,7812.0,1350
2026-08-14 08:05:00-07:00,7812.0,7813.0,7811.75,7812.75,1418
2026-08-14 08:06:00-07:00,7812.5,7813.0,7811.0,7811.25,1657
2026-08-14 08:07:00-07:00,7811.25,7812.25,7810.25,7810.5,1279
2026-08-14 08:08:00-07:00,7810.75,7810.75,7808.5,7808.75,2140
2026-08-14 08:09:00-07:00,7808.75,7809.75,7808.0,7809.0,2384
2026-08-14 08:10:00-07:00,7809.0,7809.75,7808.25,7809.0,1519
2026-08-14 08:11:00-07:00,7808.75,7810.0,7808.5,7809.0,1638
2026-08-14 08:12:00-07:00,7809.0,7810.0,7808.25,7810.0,2101
2026-08-14 08:13:00-07:00,7810.25,7810.5,7808.5,7809.0,1228
2026-08-14 08:14:00-07:00,7808.75,7809.0,7806.5,7806.75,3274
2026-08-14 08:15:00-07:00,7806.75,7808.5,7806.75,7807.25,2476
2026-08-14 08:16:00-07:00,7807.25,7807.75,7806.5,7807.75,1221
2026-08-14 08:17:00-07:00,7807.75,7808.75,7807.25,7808.25,1927
2026-08-14 08:18:00-07:00,7808.25,7809.5,7808.0,7809.0,1561
2026-08-14 08:19:00-07:00,7809.0,7809.0,7807.25,7808.25,1768
2026-08-14 08:20:00-07:00,7808.25,7808.75,7807.5,7807.75,908
2026-08-14 08:21:00-07:00,7807.75,7808.0,7805.25,7805.25,2929
2026-08-14 08:22:00-07:00,7805.25,7806.0,7803.75,7804.0,2851
2026-08-14 08:23:00-07:00,7803.75,7805.0,7803.75,7804.5,2072
2026-08-14 08:24:00-07:00,7804.5,7804.5,7802.25,7802.5,3824
2026-08-14 08:25:00-07:00,7802.5,7803.75,7802.25,7802.75,2853
2026-08-14 08:26:00-07:00,7802.5,7803.0,7801.0,7802.75,3984
2026-08-14 08:27:00-07:00,7802.75,7803.75,7802.25,7803.0,2270
2026-08-14 08:28:00-07:00,7803.0,7804.0,7802.25,7802.5,2606
2026-08-14 08:29:00-07:00,7802.75,7805.25,7802.5,7805.0,2817
2026-08-14 08:30:00-07:00,7805.0,7806.5,7803.75,7804.25,3279
2026-08-14 08:31:00-07:00,7804.5,7804.75,7802.25,7802.75,2435
2026-08-14 08:32:00-07:00,7802.75,7804.5,7802.25,7803.75,2069
2026-08-14 08:33:00-07:00,7803.5,7804.75,7802.75,7803.25,1312
2026-08-14 08:34:00-07:00,7803.25,7804.25,7803.25,7804.25,1542
2026-08-14 08:35:00-07:00,7804.25,7805.5,7804.0,7805.25,1976
2026-08-14 08:36:00-07:00,7805.5,7807.0,7804.5,7804.5,3133
2026-08-14 08:37:00-07:00,7804.5,7804.5,7802.75,7803.5,1657
2026-08-14 08:38:00-07:00,7803.5,7805.25,7803.0,7805.0,1820
2026-08-14 08:39:00-07:00,7805.0,7805.75,7802.75,7803.25,2754
2026-08-14 08:40:00-07:00,7803.25,7803.5,7801.5,7801.75,1960
2026-08-14 08:41:00-07:00,7801.75,7802.25,7800.75,7801.25,2377
2026-08-14 08:42:00-07:00,7801.25,7802.0,7800.5,7801.0,2152
2026-08-14 08:43:00-07:00,7801.25,7801.75,7800.75,7801.0,1690
2026-08-14 08:44:00-07:00,7801.0,7803.25,7801.0,7802.5,1865
2026-08-14 08:45:00-07:00,7802.5,7805.25,7802.5,7805.0,2070
2026-08-14 08:46:00-07:00,7805.25,7805.75,7804.75,7805.5,1725
2026-08-14 08:47:00-07:00,7805.5,7805.5,7802.75,7802.75,1466
2026-08-14 08:48:00-07:00,7802.75,7803.75,7800.5,7801.0,2379
2026-08-14 08:49:00-07:00,7801.0,7801.5,7800.5,7801.0,1534
2026-08-14 08:50:00-07:00,7801.0,7801.75,7800.25,7801.5,1846
2026-08-14 08:51:00-07:00,7801.5,7802.0,7800.0,7801.75,1943
2026-08-14 08:52:00-07:00,7801.75,7803.75,7801.5,7803.5,2142
2026-08-14 08:53:00-07:00,7803.5,7803.75,7802.25,7803.5,1247
2026-08-14 08:54:00-07:00,7803.5,7804.25,7803.25,7803.25,1554
2026-08-14 08:55:00-07:00,7803.5,7804.5,7803.25,7803.5,1380
2026-08-14 08:56:00-07:00,7803.75,7804.0,7802.5,7803.25,1424
2026-08-14 08:57:00-07:00,7803.25,7804.5,7802.25,7804.5,1228
2026-08-14 08:58:00-07:00,7804.5,7805.75,7804.0,7804.0,1928
2026-08-14 08:59:00-07:00,7804.0,7804.75,7804.0,7804.25,991
2026-08-14 09:00:00-07:00,7804.5,7807.5,7804.5,7807.5,1911
2026-08-14 09:01:00-07:00,7807.5,7807.75,7806.25,7806.5,1903
2026-08-14 09:02:00-07:00,7806.5,7806.75,7805.25,7805.5,962
2026-08-14 09:03:00-07:00,7805.5,7807.25,7804.75,7807.0,2168
2026-08-14 09:04:00-07:00,7807.25,7808.0,7806.25,7806.5,2072
2026-08-14 09:05:00-07:00,7806.5,7807.25,7805.75,7806.75,1132
2026-08-14 09:06:00-07:00,7806.5,7806.5,7805.25,7806.0,1146
2026-08-14 09:07:00-07:00,7806.0,7807.25,7805.75,7806.0,1040
2026-08-14 09:08:00-07:00,7806.0,7806.5,7805.0,7805.0,790
2026-08-14 09:09:00-07:00,7805.0,7805.5,7803.0,7804.25,1930
2026-08-14 09:10:00-07:00,7804.25,7805.5,7803.75,7805.25,1518
2026-08-14 09:11:00-07:00,7805.25,7805.25,7803.75,7805.0,1394
2026-08-14 09:12:00-07:00,7804.75,7806.25,7804.25,7806.25,1036
2026-08-14 09:13:00-07:00,7806.25,7806.75,7805.0,7806.5,1436
2026-08-14 09:14:00-07:00,7806.5,7807.5,7806.25,7807.5,1197
2026-08-14 09:15:00-07:00,7807.5,7808.75,7807.25,7807.75,1961
2026-08-14 09:16:00-07:00,7808.0,7808.5,7807.5,7808.5,1194
2026-08-14 09:17:00-07:00,7808.5,7809.25,7807.25,7809.0,1225
2026-08-14 09:18:00-07:00,7809.25,7809.5,7808.5,7808.75,1470
2026-08-14 09:19:00-07:00,7809.0,7809.5,7807.25,7807.75,1414
2026-08-14 09:20:00-07:00,7808.0,7808.0,7806.5,7807.25,1069
2026-08-14 09:21:00-07:00,7807.25,7809.25,7807.25,7808.75,884
2026-08-14 09:22:00-07:00,7808.75,7808.75,7807.75,7807.75,635
2026-08-14 09:23:00-07:00,7807.75,7808.25,7807.25,7807.5,812
2026-08-14 09:24:00-07:00,7807.75,7808.75,7807.5,7808.5,527
2026-08-14 09:25:00-07:00,7808.75,7808.75,7808.25,7808.75,488
2026-08-14 09:26:00-07:00,7809.0,7810.25,7808.75,7809.25,1324
2026-08-14 09:27:00-07:00,7809.5,7809.75,7808.5,7809.0,789
2026-08-14 09:28:00-07:00,7809.0,7809.25,7808.0,7808.5,908
2026-08-14 09:29:00-07:00,7808.5,7809.75,7808.5,7808.75,741
2026-08-14 09:30:00-07:00,7808.75,7809.5,7808.0,7809.0,1914
2026-08-14 09:31:00-07:00,7809.0,7809.0,7806.75,7806.75,1774
2026-08-14 09:32:00-07:00,7806.75,7807.0,7805.5,7805.5,1602
2026-08-14 09:33:00-07:00,7805.75,7806.0,7805.0,7805.75,1676
2026-08-14 09:34:00-07:00,7806.0,7806.25,7805.0,7805.75,1002
2026-08-14 09:35:00-07:00,7805.75,7806.75,7805.25,7806.25,864
2026-08-14 09:36:00-07:00,7806.25,7807.75,7805.75,7807.5,984
2026-08-14 09:37:00-07:00,7807.75,7808.25,7807.25,7808.0,1641
2026-08-14 09:38:00-07:00,7808.25,7808.25,7806.5,7807.25,786
2026-08-14 09:39:00-07:00,7807.25,7807.25,7806.25,7806.75,1225
2026-08-14 09:40:00-07:00,7806.75,7806.75,7806.0,7806.25,1100
2026-08-14 09:41:00-07:00,7806.25,7806.25,7804.25,7805.75,1938
2026-08-14 09:42:00-07:00,7805.5,7805.75,7804.75,7805.25,816
2026-08-14 09:43:00-07:00,7805.25,7806.25,7805.25,7805.25,990
2026-08-14 09:44:00-07:00,7805.25,7805.5,7803.25,7803.25,1534
2026-08-14 09:45:00-07:00,7803.25,7804.0,7802.5,7803.0,1382
2026-08-14 09:46:00-07:00,7803.0,7803.0,7802.0,7802.5,1145
2026-08-14 09:47:00-07:00,7802.5,7803.25,7802.25,7802.5,1158
2026-08-14 09:48:00-07:00,7802.5,7803.75,7802.25,7803.5,959
2026-08-14 09:49:00-07:00,7803.5,7804.25,7803.25,7803.25,1067
2026-08-14 09:50:00-07:00,7803.25,7803.5,7800.5,7801.0,1745
2026-08-14 09:51:00-07:00,7801.0,7801.75,7800.5,7801.0,1086
2026-08-14 09:52:00-07:00,7801.0,7801.75,7800.5,7800.75,1034
2026-08-14 09:53:00-07:00,7800.75,7802.25,7800.25,7800.25,1699
2026-08-14 09:54:00-07:00,7800.25,7801.5,7800.25,7801.5,1788
2026-08-14 09:55:00-07:00,7801.25,7802.0,7801.25,7801.75,821
2026-08-14 09:56:00-07:00,7801.5,7802.25,7800.75,7802.0,942
2026-08-14 09:57:00-07:00,7802.0,7802.0,7800.75,7801.0,620
2026-08-14 09:58:00-07:00,7800.75,7801.0,7798.5,7799.0,2343
2026-08-14 09:59:00-07:00,7799.0,7799.75,7798.75,7799.25,2005
2026-08-14 10:00:00-07:00,7799.25,7800.75,7799.0,7800.25,1638
2026-08-14 10:01:00-07:00,7800.25,7800.75,7799.5,7800.25,1639
2026-08-14 10:02:00-07:00,7800.25,7800.25,7798.25,7798.75,1952
2026-08-14 10:03:00-07:00,7799.0,7800.5,7798.75,7800.5,1428
2026-08-14 10:04:00-07:00,7800.5,7801.0,7800.0,7800.25,845
2026-08-14 10:05:00-07:00,7800.0,7801.75,7800.0,7800.25,1237
2026-08-14 10:06:00-07:00,7800.25,7801.25,7800.25,7800.25,1000
2026-08-14 10:07:00-07:00,7800.5,7802.0,7800.5,7801.5,1303
2026-08-14 10:08:00-07:00,7801.5,7801.5,7800.25,7801.5,879
2026-08-14 10:09:00-07:00,7801.5,7801.5,7800.5,7801.0,786
2026-08-14 10:10:00-07:00,7801.25,7801.75,7800.75,7801.25,873
2026-08-14 10:11:00-07:00,7801.0,7803.5,7800.5,7802.5,1842
2026-08-14 10:12:00-07:00,7802.25,7803.0,7800.5,7802.5,2744
2026-08-14 10:13:00-07:00,7802.75,7803.25,7801.75,7802.0,1099
2026-08-14 10:14:00-07:00,7801.75,7802.75,7801.75,7802.75,653
2026-08-14 10:15:00-07:00,7802.75,7803.25,7802.5,7802.5,893
2026-08-14 10:16:00-07:00,7802.5,7803.0,7800.0,7800.25,1417
2026-08-14 10:17:00-07:00,7800.25,7801.5,7800.25,7801.5,779
2026-08-14 10:18:00-07:00,7801.75,7802.5,7801.5,7802.0,670
2026-08-14 10:19:00-07:00,7802.0,7802.5,7801.25,7802.0,532
2026-08-14 10:20:00-07:00,7802.0,7802.5,7801.25,7802.25,744
2026-08-14 10:21:00-07:00,7802.5,7802.75,7801.25,7801.75,655
2026-08-14 10:22:00-07:00,7801.75,7803.75,7801.75,7802.75,821
2026-08-14 10:23:00-07:00,7802.5,7803.0,7802.0,7802.0,565
2026-08-14 10:24:00-07:00,7802.0,7802.5,7799.75,7800.75,1329
2026-08-14 10:25:00-07:00,7800.5,7800.5,7799.0,7799.75,1339
2026-08-14 10:26:00-07:00,7799.75,7800.25,7798.75,7800.0,1616
2026-08-14 10:27:00-07:00,7800.25,7800.25,7799.5,7800.25,1040
2026-08-14 10:28:00-07:00,7800.25,7800.75,7799.75,7800.25,862
2026-08-14 10:29:00-07:00,7800.25,7800.5,7799.25,7799.75,943
2026-08-14 10:30:00-07:00,7800.0,7801.0,7799.75,7799.75,1491
2026-08-14 10:31:00-07:00,7800.0,7800.75,7799.5,7800.75,1528
2026-08-14 10:32:00-07:00,7800.5,7802.0,7800.25,7801.5,1364
2026-08-14 10:33:00-07:00,7801.5,7801.5,7800.25,7800.5,791
2026-08-14 10:34:00-07:00,7800.25,7800.75,7799.5,7800.5,650
2026-08-14 10:35:00-07:00,7800.25,7800.5,7799.5,7800.25,725
2026-08-14 10:36:00-07:00,7800.25,7800.5,7798.75,7799.25,724
2026-08-14 10:37:00-07:00,7799.25,7799.25,7796.5,7797.25,2826
2026-08-14 10:38:00-07:00,7797.0,7797.5,7796.5,7797.25,2546
2026-08-14 10:39:00-07:00,7797.0,7798.25,7796.5,7797.75,1025
2026-08-14 10:40:00-07:00,7797.5,7798.75,7796.75,7798.25,1093
2026-08-14 10:41:00-07:00,7798.5,7798.75,7797.0,7797.75,993
2026-08-14 10:42:00-07:00,7797.5,7798.0,7797.0,7797.25,960
2026-08-14 10:43:00-07:00,7797.25,7798.0,7797.0,7797.25,612
2026-08-14 10:44:00-07:00,7797.25,7798.5,7797.25,7798.25,732
2026-08-14 10:45:00-07:00,7798.25,7799.5,7797.75,7798.25,1699
2026-08-14 10:46:00-07:00,7798.0,7799.5,7798.0,7799.25,992
2026-08-14 10:47:00-07:00,7799.25,7799.5,7798.5,7799.5,545
2026-08-14 10:48:00-07:00,7799.25,7799.25,7798.25,7798.5,1206
2026-08-14 10:49:00-07:00,7798.5,7798.75,7797.5,7798.25,1361
2026-08-14 10:50:00-07:00,7798.25,7798.5,7796.75,7797.5,1318
2026-08-14 10:51:00-07:00,7797.5,7798.75,7797.25,7798.5,729
2026-08-14 10:52:00-07:00,7798.5,7799.5,7798.25,7799.0,764
2026-08-14 10:53:00-07:00,7799.0,7800.25,7799.0,7800.25,1137
2026-08-14 10:54:00-07:00,7800.25,7800.5,7799.5,7800.0,683
2026-08-14 10:55:00-07:00,7799.75,7800.0,7798.75,7799.25,964
2026-08-14 10:56:00-07:00,7799.25,7800.5,7799.25,7800.25,558
2026-08-14 10:57:00-07:00,7800.5,7801.5,7800.0,7800.75,1063
2026-08-14 10:58:00-07:00,7800.75,7801.25,7800.5,7800.5,544
2026-08-14 10:59:00-07:00,7800.5,7801.0,7800.25,7800.5,668
2026-08-14 11:00:00-07:00,7800.5,7801.0,7799.5,7800.0,1333
2026-08-14 11:01:00-07:00,7800.0,7801.0,7800.0,7800.5,1006
2026-08-14 11:02:00-07:00,7800.5,7803.25,7800.5,7802.75,1947
2026-08-14 11:03:00-07:00,7803.0,7803.5,7802.25,7802.5,1197
2026-08-14 11:04:00-07:00,7802.5,7803.0,7802.25,7802.5,609
2026-08-14 11:05:00-07:00,7802.5,7803.0,7802.0,7802.75,798
2026-08-14 11:06:00-07:00,7802.5,7803.75,7801.75,7801.75,1741
2026-08-14 11:07:00-07:00,7801.75,7803.0,7801.75,7802.25,1247
2026-08-14 11:08:00-07:00,7802.5,7804.25,7802.5,7803.0,1310
2026-08-14 11:09:00-07:00,7803.0,7804.25,7802.75,7804.0,1227
2026-08-14 11:10:00-07:00,7804.0,7805.0,7803.25,7804.5,1012
2026-08-14 11:11:00-07:00,7804.5,7805.0,7803.75,7804.25,832
2026-08-14 11:12:00-07:00,7804.25,7804.75,7803.75,7804.75,950
2026-08-14 11:13:00-07:00,7804.75,7805.5,7804.5,7805.25,1236
2026-08-14 11:14:00-07:00,7805.0,7805.25,7803.75,7804.0,967
2026-08-14 11:15:00-07:00,7804.25,7805.5,7804.0,7805.25,972
2026-08-14 11:16:00-07:00,7805.5,7805.75,7805.0,7805.5,863
2026-08-14 11:17:00-07:00,7805.75,7805.75,7804.75,7805.0,862
2026-08-14 11:18:00-07:00,7805.0,7805.75,7804.75,7805.25,574
2026-08-14 11:19:00-07:00,7805.25,7805.25,7803.75,7804.5,891
2026-08-14 11:20:00-07:00,7804.75,7804.75,7803.25,7804.0,911
2026-08-14 11:21:00-07:00,7804.25,7805.75,7804.25,7805.25,839
2026-08-14 11:22:00-07:00,7805.25,7805.75,7804.5,7805.0,679
2026-08-14 11:23:00-07:00,7805.25,7805.25,7804.25,7804.5,608
2026-08-14 11:24:00-07:00,7804.5,7805.25,7804.25,7804.5,573
2026-08-14 11:25:00-07:00,7804.25,7805.0,7804.25,7804.75,335
2026-08-14 11:26:00-07:00,7804.75,7805.5,7804.0,7804.0,803
2026-08-14 11:27:00-07:00,7804.0,7804.25,7803.25,7803.25,1001
2026-08-14 11:28:00-07:00,7803.25,7803.25,7801.5,7801.5,1680
2026-08-14 11:29:00-07:00,7801.5,7802.75,7801.5,7801.75,1067
2026-08-14 11:30:00-07:00,7801.75,7803.75,7801.75,7802.5,1999
2026-08-14 11:31:00-07:00,7802.5,7802.75,7802.0,7802.0,1128
2026-08-14 11:32:00-07:00,7802.0,7802.0,7801.0,7801.75,1606
2026-08-14 11:33:00-07:00,7801.75,7802.25,7801.25,7801.5,680
2026-08-14 11:34:00-07:00,7801.5,7801.75,7800.5,7801.5,1314
2026-08-14 11:35:00-07:00,7801.5,7801.75,7800.75,7800.75,943
2026-08-14 11:36:00-07:00,7800.75,7801.75,7800.75,7801.0,543
2026-08-14 11:37:00-07:00,7801.0,7802.0,7801.0,7802.0,806
2026-08-14 11:38:00-07:00,7802.25,7802.75,7801.25,7802.25,994
2026-08-14 11:39:00-07:00,7802.25,7802.75,7802.25,7802.25,553
2026-08-14 11:40:00-07:00,7802.5,7803.75,7802.0,7803.5,1152
2026-08-14 11:41:00-07:00,7803.5,7804.5,7803.5,7804.0,1150
2026-08-14 11:42:00-07:00,7804.0,7804.5,7803.5,7804.5,864
2026-08-14 11:43:00-07:00,7804.5,7804.75,7804.25,7804.25,657
2026-08-14 11:44:00-07:00,7804.25,7805.25,7804.25,7804.5,890
2026-08-14 11:45:00-07:00,7804.75,7804.75,7803.75,7804.0,722
2026-08-14 11:46:00-07:00,7803.75,7803.75,7802.75,7803.5,946
2026-08-14 11:47:00-07:00,7803.5,7805.0,7803.25,7804.0,852
2026-08-14 11:48:00-07:00,7804.25,7804.5,7803.75,7804.0,255
2026-08-14 11:49:00-07:00,7804.0,7805.25,7804.0,7805.25,838
2026-08-14 11:50:00-07:00,7805.25,7807.25,7805.0,7807.0,2167
2026-08-14 11:51:00-07:00,7806.75,7807.5,7806.5,7807.0,1231
2026-08-14 11:52:00-07:00,7807.0,7807.5,7806.0,7806.25,1292
2026-08-14 11:53:00-07:00,7806.25,7806.5,7805.75,7806.5,969
2026-08-14 11:54:00-07:00,7806.5,7806.75,7805.75,7806.25,1115
2026-08-14 11:55:00-07:00,7806.25,7806.25,7804.75,7804.75,735
2026-08-14 11:56:00-07:00,7805.0,7805.5,7804.5,7805.25,704
2026-08-14 11:57:00-07:00,7805.0,7805.5,7805.0,7805.0,470
2026-08-14 11:58:00-07:00,7805.0,7805.0,7804.0,7804.25,653
2026-08-14 11:59:00-07:00,7804.25,7804.75,7803.75,7804.25,984
2026-08-14 12:00:00-07:00,7804.5,7804.75,7802.5,7802.75,1888
2026-08-14 12:01:00-07:00,7803.0,7804.75,7802.5,7804.25,1595
2026-08-14 12:02:00-07:00,7804.0,7804.5,7803.25,7803.25,667
2026-08-14 12:03:00-07:00,7803.5,7804.0,7803.25,7803.25,677
2026-08-14 12:04:00-07:00,7803.25,7803.25,7801.5,7802.5,1439
2026-08-14 12:05:00-07:00,7802.25,7803.25,7802.25,7803.25,723
2026-08-14 12:06:00-07:00,7803.0,7803.25,7801.75,7802.5,977
2026-08-14 12:07:00-07:00,7802.75,7802.75,7802.0,7802.5,765
2026-08-14 12:08:00-07:00,7802.25,7803.5,7802.25,7803.5,730
2026-08-14 12:09:00-07:00,7803.5,7804.5,7803.25,7804.25,1117
2026-08-14 12:10:00-07:00,7804.25,7804.5,7803.0,7803.75,1161
2026-08-14 12:11:00-07:00,7803.5,7803.75,7803.0,7803.0,458
2026-08-14 12:12:00-07:00,7803.25,7804.0,7803.0,7803.75,1024
2026-08-14 12:13:00-07:00,7803.75,7804.5,7803.25,7804.0,827
2026-08-14 12:14:00-07:00,7803.75,7804.5,7803.0,7803.25,1471
2026-08-14 12:15:00-07:00,7803.0,7804.0,7803.0,7803.5,496
2026-08-14 12:16:00-07:00,7803.75,7803.75,7801.75,7802.0,1508
2026-08-14 12:17:00-07:00,7802.0,7802.5,7801.25,7802.25,1077
2026-08-14 12:18:00-07:00,7802.0,7803.5,7800.75,7803.5,2533
2026-08-14 12:19:00-07:00,7803.25,7803.25,7802.5,7802.75,804
2026-08-14 12:20:00-07:00,7802.5,7803.0,7801.75,7802.75,1079
2026-08-14 12:21:00-07:00,7802.5,7803.0,7801.75,7801.75,1036
2026-08-14 12:22:00-07:00,7802.0,7802.25,7801.25,7802.0,1119
2026-08-14 12:23:00-07:00,7802.25,7803.0,7801.75,7802.75,743
2026-08-14 12:24:00-07:00,7803.0,7804.0,7802.75,7803.75,1136
2026-08-14 12:25:00-07:00,7804.0,7805.0,7803.75,7805.0,1256
2026-08-14 12:26:00-07:00,7805.0,7805.25,7804.5,7805.0,939
2026-08-14 12:27:00-07:00,7805.0,7805.5,7804.0,7804.0,1080
2026-08-14 12:28:00-07:00,7804.25,7806.0,7804.25,7805.5,1200
2026-08-14 12:29:00-07:00,7805.5,7805.75,7803.75,7804.25,1853
2026-08-14 12:30:00-07:00,7804.0,7804.5,7803.5,7804.0,1427
2026-08-14 12:31:00-07:00,7804.0,7804.75,7803.5,7804.0,1256
2026-08-14 12:32:00-07:00,7804.25,7805.0,7804.0,7804.5,1180
2026-08-14 12:33:00-07:00,7804.25,7805.0,7804.0,7804.5,1086
2026-08-14 12:34:00-07:00,7804.5,7805.75,7804.25,7805.25,1595
2026-08-14 12:35:00-07:00,7805.0,7805.75,7804.25,7804.25,1368
2026-08-14 12:36:00-07:00,7804.25,7805.0,7803.5,7803.75,1502
2026-08-14 12:37:00-07:00,7803.5,7804.0,7803.0,7803.25,1320
2026-08-14 12:38:00-07:00,7803.0,7804.0,7802.5,7804.0,1013
2026-08-14 12:39:00-07:00,7804.0,7804.25,7803.75,7804.0,1002
2026-08-14 12:40:00-07:00,7804.25,7805.75,7804.0,7805.5,1349
2026-08-14 12:41:00-07:00,7805.25,7805.25,7804.0,7804.5,948
2026-08-14 12:42:00-07:00,7804.5,7805.0,7804.25,7804.75,1168
2026-08-14 12:43:00-07:00,7804.5,7805.0,7804.25,7805.0,1168
2026-08-14 12:44:00-07:00,7805.0,7805.0,7803.75,7804.25,1407
2026-08-14 12:45:00-07:00,7804.25,7804.75,7803.25,7803.25,1974
2026-08-14 12:46:00-07:00,7803.5,7803.75,7802.25,7802.5,1602
2026-08-14 12:47:00-07:00,7802.5,7803.25,7802.25,7803.25,1443
2026-08-14 12:48:00-07:00,7803.25,7803.75,7802.75,7803.5,1706
2026-08-14 12:49:00-07:00,7803.5,7804.75,7803.0,7804.5,1663
2026-08-14 12:50:00-07:00,7804.25,7806.25,7804.0,7805.5,5354
2026-08-14 12:51:00-07:00,7805.5,7806.5,7805.25,7806.0,2786
2026-08-14 12:52:00-07:00,7806.0,7806.0,7804.0,7804.75,3046
2026-08-14 12:53:00-07:00,7804.5,7805.5,7803.75,7804.5,2445
2026-08-14 12:54:00-07:00,7804.25,7805.5,7803.25,7804.5,4069
2026-08-14 12:55:00-07:00,7804.25,7805.0,7802.75,7803.25,4196
2026-08-17 06:25:00-07:00,7805.25,7807.5,7805.25,7807.5,783
2026-08-17 06:26:00-07:00,7807.25,7808.0,7806.75,7807.25,533
2026-08-17 06:27:00-07:00,7807.0,7807.75,7806.0,7806.25,726
2026-08-17 06:28:00-07:00,7806.5,7806.5,7803.5,7805.0,1197
2026-08-17 06:29:00-07:00,7805.0,7805.25,7802.75,7802.75,2052
2026-08-17 06:30:00-07:00,7803.0,7808.75,7802.5,7808.0,14294
2026-08-17 06:31:00-07:00,7808.0,7809.5,7805.75,7807.0,4909
2026-08-17 06:32:00-07:00,7807.0,7807.0,7801.5,7801.75,5022
2026-08-17 06:33:00-07:00,7801.75,7804.0,7800.75,7801.25,4273
2026-08-17 06:34:00-07:00,7801.25,7801.5,7796.25,7796.5,5406
2026-08-17 06:35:00-07:00,7796.5,7799.75,7794.5,7798.5,5879
2026-08-17 06:36:00-07:00,7798.5,7800.25,7798.0,7798.75,3078
2026-08-17 06:37:00-07:00,7798.75,7800.25,7796.75,7797.25,2614
2026-08-17 06:38:00-07:00,7797.5,7798.75,7797.0,7797.75,3013
2026-08-17 06:39:00-07:00,7798.0,7798.5,7795.0,7796.0,2670
2026-08-17 06:40:00-07:00,7796.0,7798.0,7795.25,7797.25,4028
2026-08-17 06:41:00-07:00,7797.0,7798.0,7794.75,7797.25,2761
2026-08-17 06:42:00-07:00,7797.5,7800.0,7796.75,7799.0,3284
2026-08-17 06:43:00-07:00,7799.25,7799.5,7796.5,7796.5,2654
2026-08-17 06:44:00-07:00,7796.5,7798.25,7795.75,7797.25,2258
2026-08-17 06:45:00-07:00,7797.0,7799.25,7795.5,7796.25,3285
2026-08-17 06:46:00-07:00,7796.25,7797.25,7793.75,7793.75,4937
2026-08-17 06:47:00-07:00,7793.75,7798.0,7793.25,7797.25,3993
2026-08-17 06:48:00-07:00,7797.0,7801.25,7796.75,7801.0,3449
2026-08-17 06:49:00-07:00,7801.0,7802.0,7799.25,7801.0,2772
2026-08-17 06:50:00-07:00,7801.25,7801.75,7798.25,7798.5,3238
2026-08-17 06:51:00-07:00,7798.5,7801.0,7798.0,7800.25,2355
2026-08-17 06:52:00-07:00,7800.25,7800.25,7797.25,7797.25,2215
2026-08-17 06:53:00-07:00,7797.25,7798.75,7797.0,7798.25,1893
2026-08-17 06:54:00-07:00,7798.0,7800.0,7797.75,7799.75,1912
2026-08-17 06:55:00-07:00,7800.0,7800.0,7797.25,7797.5,2276
2026-08-17 06:56:00-07:00,7797.5,7797.5,7794.25,7797.0,4816
2026-08-17 06:57:00-07:00,7797.0,7797.25,7795.5,7796.0,2150
2026-08-17 06:58:00-07:00,7796.0,7796.25,7793.5,7793.75,2112
2026-08-17 06:59:00-07:00,7793.75,7795.25,7793.25,7794.25,2417
2026-08-17 07:00:00-07:00,7794.5,7795.25,7792.25,7792.75,4706
2026-08-17 07:01:00-07:00,7792.75,7794.0,7791.75,7793.5,3586
2026-08-17 07:02:00-07:00,7793.5,7798.0,7792.0,7792.0,3912
2026-08-17 07:03:00-07:00,7792.25,7795.75,7791.5,7795.5,4355
2026-08-17 07:04:00-07:00,7795.5,7796.25,7794.25,7795.5,3363
2026-08-17 07:05:00-07:00,7795.75,7796.5,7793.5,7794.75,2413
2026-08-17 07:06:00-07:00,7795.0,7795.25,7793.75,7794.5,2581
2026-08-17 07:07:00-07:00,7794.5,7796.5,7794.0,7794.0,2310
2026-08-17 07:08:00-07:00,7794.25,7795.0,7792.5,7794.25,2543
2026-08-17 07:09:00-07:00,7794.25,7795.75,7793.75,7795.75,2244
2026-08-17 07:10:00-07:00,7795.75,7798.25,7795.0,7797.0,3268
2026-08-17 07:11:00-07:00,7797.25,7798.0,7795.25,7795.5,2235
2026-08-17 07:12:00-07:00,7795.5,7798.25,7795.0,7797.25,2133
2026-08-17 07:13:00-07:00,7797.5,7798.25,7797.0,7797.25,1134
2026-08-17 07:14:00-07:00,7797.5,7799.0,7797.5,7798.0,1964
2026-08-17 07:15:00-07:00,7797.75,7798.0,7796.0,7796.75,2189
2026-08-17 07:16:00-07:00,7796.5,7796.5,7794.25,7794.25,1960
2026-08-17 07:17:00-07:00,7794.25,7795.25,7793.75,7795.25,1953
2026-08-17 07:18:00-07:00,7795.5,7795.5,7794.25,7794.75,1161
2026-08-17 07:19:00-07:00,7794.5,7796.0,7794.25,7795.0,1934
2026-08-17 07:20:00-07:00,7794.75,7795.25,7792.25,7792.75,2589
2026-08-17 07:21:00-07:00,7792.5,7793.75,7792.5,7793.0,1784
2026-08-17 07:22:00-07:00,7793.0,7793.5,7792.0,7792.75,1965
2026-08-17 07:23:00-07:00,7792.75,7794.5,7792.75,7793.25,1376
2026-08-17 07:24:00-07:00,7793.25,7794.0,7791.5,7793.75,2197
2026-08-17 07:25:00-07:00,7794.0,7794.25,7792.25,7792.25,1874
2026-08-17 07:26:00-07:00,7792.25,7793.25,7791.5,7793.25,1666
2026-08-17 07:27:00-07:00,7793.25,7794.0,7792.0,7793.0,1471
2026-08-17 07:28:00-07:00,7793.0,7793.0,7791.0,7791.75,1862
2026-08-17 07:29:00-07:00,7791.75,7796.5,7791.75,7795.75,3821
2026-08-17 07:30:00-07:00,7795.75,7796.75,7794.75,7796.5,2639
2026-08-17 07:31:00-07:00,7796.5,7797.0,7794.75,7796.5,1787
2026-08-17 07:32:00-07:00,7796.75,7797.25,7795.25,7796.25,1525
2026-08-17 07:33:00-07:00,7796.0,7796.75,7795.5,7796.5,1312
2026-08-17 07:34:00-07:00,7796.25,7797.25,7795.5,7797.0,1870
2026-08-17 07:35:00-07:00,7797.0,7797.0,7794.0,7794.5,2505
2026-08-17 07:36:00-07:00,7794.5,7794.5,7793.25,7793.5,2024
2026-08-17 07:37:00-07:00,7793.5,7793.75,7791.5,7792.75,2984
2026-08-17 07:38:00-07:00,7792.75,7793.0,7790.5,7792.25,2839
2026-08-17 07:39:00-07:00,7792.0,7793.0,7791.75,7791.75,2011
2026-08-17 07:40:00-07:00,7792.0,7793.5,7791.75,7792.0,2051
2026-08-17 07:41:00-07:00,7792.0,7794.0,7792.0,7793.25,2443
2026-08-17 07:42:00-07:00,7793.25,7794.25,7792.75,7793.0,1637
2026-08-17 07:43:00-07:00,7793.0,7794.75,7793.0,7793.25,1599
2026-08-17 07:44:00-07:00,7793.25,7794.0,7792.25,7792.5,1189
2026-08-17 07:45:00-07:00,7792.75,7795.0,7792.5,7793.75,2236
2026-08-17 07:46:00-07:00,7793.75,7794.25,7792.75,7793.5,1568
2026-08-17 07:47:00-07:00,7793.5,7794.75,7793.5,7794.75,1402
2026-08-17 07:48:00-07:00,7794.75,7795.0,7794.0,7794.75,2119
2026-08-17 07:49:00-07:00,7794.75,7795.0,7794.0,7794.25,1069
2026-08-17 07:50:00-07:00,7794.25,7795.0,7793.75,7793.75,1674
2026-08-17 07:51:00-07:00,7794.0,7796.25,7793.75,7794.75,1723
2026-08-17 07:52:00-07:00,7795.0,7795.0,7792.5,7792.5,1870
2026-08-17 07:53:00-07:00,7792.75,7793.0,7790.75,7791.5,2880
2026-08-17 07:54:00-07:00,7791.5,7792.25,7790.0,7790.75,2892
2026-08-17 07:55:00-07:00,7790.75,7791.75,7790.0,7791.5,2297
2026-08-17 07:56:00-07:00,7791.5,7792.25,7790.5,7791.75,1741
2026-08-17 07:57:00-07:00,7792.0,7792.75,7791.5,7791.75,1123
2026-08-17 07:58:00-07:00,7791.75,7793.75,7791.5,7793.5,1130
2026-08-17 07:59:00-07:00,7793.75,7794.0,7792.5,7794.0,1460
2026-08-17 08:00:00-07:00,7794.0,7794.0,7792.75,7793.5,2304
2026-08-17 08:01:00-07:00,7793.5,7795.5,7792.75,7795.5,2020
2026-08-17 08:02:00-07:00,7795.5,7796.0,7794.25,7794.75,2097
2026-08-17 08:03:00-07:00,7794.5,7795.5,7794.0,7795.5,1439
2026-08-17 08:04:00-07:00,7795.5,7797.25,7795.25,7796.25,2736
2026-08-17 08:05:00-07:00,7796.25,7796.5,7794.25,7795.25,2308
2026-08-17 08:06:00-07:00,7795.25,7797.0,7795.0,7796.75,1636
2026-08-17 08:07:00-07:00,7796.75,7797.25,7795.75,7796.5,1607
2026-08-17 08:08:00-07:00,7796.5,7796.75,7794.5,7794.75,1437
2026-08-17 08:09:00-07:00,7795.0,7795.5,7794.25,7795.0,1336
2026-08-17 08:10:00-07:00,7795.0,7796.0,7795.0,7795.5,1109
2026-08-17 08:11:00-07:00,7795.25,7796.5,7795.25,7796.5,814
2026-08-17 08:12:00-07:00,7796.5,7796.5,7795.5,7796.25,1059
2026-08-17 08:13:00-07:00,7796.25,7797.0,7795.5,7796.5,1313
2026-08-17 08:14:00-07:00,7796.25,7796.5,7794.5,7794.75,1167
2026-08-17 08:15:00-07:00,7794.75,7797.5,7794.25,7797.0,1644
2026-08-17 08:16:00-07:00,7797.25,7798.0,7796.75,7797.25,1993
2026-08-17 08:17:00-07:00,7797.25,7797.75,7796.5,7796.75,1137
2026-08-17 08:18:00-07:00,7796.75,7797.5,7796.5,7797.5,962
2026-08-17 08:19:00-07:00,7797.5,7799.0,7797.5,7798.5,1858
2026-08-17 08:20:00-07:00,7798.5,7800.0,7798.5,7798.75,2472
2026-08-17 08:21:00-07:00,7799.0,7800.0,7798.75,7799.5,2036
2026-08-17 08:22:00-07:00,7799.25,7799.5,7797.75,7798.25,3488
2026-08-17 08:23:00-07:00,7798.25,7798.75,7797.75,7798.25,1197
2026-08-17 08:24:00-07:00,7798.5,7798.5,7797.25,7798.0,1028
2026-08-17 08:25:00-07:00,7798.25,7798.75,7796.5,7797.0,1619
2026-08-17 08:26:00-07:00,7797.0,7798.25,7796.75,7797.75,1240
2026-08-17 08:27:00-07:00,7798.0,7798.75,7797.75,7798.5,880
2026-08-17 08:28:00-07:00,7798.5,7799.0,7798.0,7798.75,908
2026-08-17 08:29:00-07:00,7798.75,7799.0,7798.25,7798.5,854
2026-08-17 08:30:00-07:00,7798.75,7799.5,7797.25,7798.5,2003
2026-08-17 08:31:00-07:00,7798.5,7798.5,7797.5,7797.75,1037
2026-08-17 08:32:00-07:00,7797.75,7797.75,7795.0,7795.5,2707
2026-08-17 08:33:00-07:00,7795.5,7795.75,7793.75,7794.25,2459
2026-08-17 08:34:00-07:00,7794.0,7794.5,7793.25,7793.5,1791
2026-08-17 08:35:00-07:00,7793.5,7794.5,7792.75,7794.0,2054
2026-08-17 08:36:00-07:00,7794.0,7794.0,7792.0,7792.75,2569
2026-08-17 08:37:00-07:00,7792.75,7793.5,7792.25,7793.0,1445
2026-08-17 08:38:00-07:00,7792.75,7793.25,7791.5,7792.0,1883
2026-08-17 08:39:00-07:00,7792.0,7792.25,7790.75,7791.25,2764
2026-08-17 08:40:00-07:00,7791.25,7791.5,7789.5,7791.0,3968
2026-08-17 08:41:00-07:00,7791.0,7791.0,7788.25,7790.5,4301
2026-08-17 08:42:00-07:00,7790.5,7791.25,7790.0,7790.0,2401
2026-08-17 08:43:00-07:00,7790.25,7791.25,7789.25,7790.0,1663
2026-08-17 08:44:00-07:00,7790.25,7792.25,7790.0,7792.25,1637
2026-08-17 08:45:00-07:00,7792.25,7792.75,7791.25,7792.5,1851
2026-08-17 08:46:00-07:00,7792.25,7792.75,7791.5,7791.5,1418
2026-08-17 08:47:00-07:00,7791.5,7792.5,7791.25,7792.0,845
2026-08-17 08:48:00-07:00,7792.25,7793.5,7792.0,7792.75,1110
2026-08-17 08:49:00-07:00,7792.75,7792.75,7791.5,7792.0,1149
2026-08-17 08:50:00-07:00,7792.0,7793.5,7791.25,7793.25,1485
2026-08-17 08:51:00-07:00,7793.25,7794.25,7792.75,7794.0,1296
2026-08-17 08:52:00-07:00,7793.75,7794.0,7793.25,7794.0,923
2026-08-17 08:53:00-07:00,7794.0,7795.25,7794.0,7795.0,1267
2026-08-17 08:54:00-07:00,7794.75,7795.0,7794.25,7794.5,924
2026-08-17 08:55:00-07:00,7794.5,7795.0,7793.75,7795.0,1191
2026-08-17 08:56:00-07:00,7794.75,7795.5,7794.5,7795.25,795
2026-08-17 08:57:00-07:00,7795.25,7795.25,7794.5,7794.5,1029
2026-08-17 08:58:00-07:00,7794.5,7795.5,7794.0,7795.25,913
2026-08-17 08:59:00-07:00,7795.5,7795.5,7794.25,7794.25,612
2026-08-17 09:00:00-07:00,7794.25,7795.0,7792.5,7792.5,1311
2026-08-17 09:01:00-07:00,7792.5,7793.75,7792.5,7793.25,1004
2026-08-17 09:02:00-07:00,7793.0,7793.5,7792.5,7793.0,804
2026-08-17 09:03:00-07:00,7793.0,7794.0,7793.0,7793.5,802
2026-08-17 09:04:00-07:00,7793.5,7793.75,7793.0,7793.25,743
2026-08-17 09:05:00-07:00,7793.25,7794.0,7793.0,7793.0,948
2026-08-17 09:06:00-07:00,7793.0,7793.25,7791.75,7791.75,1329
2026-08-17 09:07:00-07:00,7791.75,7793.0,7791.75,7793.0,955
2026-08-17 09:08:00-07:00,7792.75,7794.0,7792.5,7792.75,1480
2026-08-17 09:09:00-07:00,7792.75,7794.5,7792.25,7792.5,1444
2026-08-17 09:10:00-07:00,7792.25,7793.75,7792.25,7793.25,1104
2026-08-17 09:11:00-07:00,7793.25,7793.75,7793.0,7793.25,780
2026-08-17 09:12:00-07:00,7793.25,7794.5,7793.0,7794.25,1009
2026-08-17 09:13:00-07:00,7794.5,7796.0,7794.5,7795.25,1338
2026-08-17 09:14:00-07:00,7795.25,7795.75,7795.0,7795.0,567
2026-08-17 09:15:00-07:00,7795.0,7796.5,7795.0,7796.5,1400
2026-08-17 09:16:00-07:00,7796.5,7797.0,7796.0,7796.5,1176
2026-08-17 09:17:00-07:00,7796.25,7796.75,7796.0,7796.75,865
2026-08-17 09:18:00-07:00,7796.75,7797.25,7795.75,7795.75,951
2026-08-17 09:19:00-07:00,7795.75,7796.5,7795.75,7796.25,721
2026-08-17 09:20:00-07:00,7796.25,7796.5,7795.75,7796.5,650
2026-08-17 09:21:00-07:00,7796.25,7797.5,7795.5,7796.75,736
2026-08-17 09:22:00-07:00,7796.75,7797.5,7796.5,7796.75,621
2026-08-17 09:23:00-07:00,7797.0,7797.25,7796.0,7796.0,594
2026-08-17 09:24:00-07:00,7796.0,7796.5,7795.0,7795.25,1356
2026-08-17 09:25:00-07:00,7795.25,7795.5,7794.5,7795.25,1588
2026-08-17 09:26:00-07:00,7795.25,7795.25,7794.0,7794.75,1079
2026-08-17 09:27:00-07:00,7794.75,7795.0,7793.75,7794.0,976
2026-08-17 09:28:00-07:00,7793.75,7794.0,7793.0,7793.75,934
2026-08-17 09:29:00-07:00,7793.75,7794.75,7793.75,7794.0,633
2026-08-17 09:30:00-07:00,7794.0,7795.25,7793.5,7794.25,1722
2026-08-17 09:31:00-07:00,7794.0,7794.5,7793.25,7793.5,1167
2026-08-17 09:32:00-07:00,7793.25,7794.0,7792.0,7792.5,1607
2026-08-17 09:33:00-07:00,7792.5,7793.0,7792.25,7793.0,961
2026-08-17 09:34:00-07:00,7793.0,7793.0,7792.0,7792.25,712
2026-08-17 09:35:00-07:00,7792.25,7793.25,7792.0,7792.75,834
2026-08-17 09:36:00-07:00,7792.75,7793.25,7792.5,7792.5,733
2026-08-17 09:37:00-07:00,7792.5,7793.0,7792.25,7793.0,637
2026-08-17 09:38:00-07:00,7793.25,7794.25,7792.75,7793.0,1631
2026-08-17 09:39:00-07:00,7793.0,7794.25,7793.0,7794.25,618
2026-08-17 09:40:00-07:00,7794.25,7794.25,7792.75,7792.75,520
2026-08-17 09:41:00-07:00,7792.75,7792.75,7791.25,7791.75,1790
2026-08-17 09:42:00-07:00,7791.75,7792.0,7791.5,7791.5,480
2026-08-17 09:43:00-07:00,7791.5,7792.0,7791.5,7791.75,311
2026-08-17 09:44:00-07:00,7791.5,7791.5,7790.5,7790.75,1814
2026-08-17 09:45:00-07:00,7791.0,7791.5,7790.0,7790.25,1582
2026-08-17 09:46:00-07:00,7790.25,7792.0,7790.25,7791.5,1543
2026-08-17 09:47:00-07:00,7791.5,7791.75,7790.5,7790.75,788
2026-08-17 09:48:00-07:00,7790.5,7790.75,7789.75,7790.5,1152
2026-08-17 09:49:00-07:00,7790.5,7791.75,7790.5,7791.25,739
2026-08-17 09:50:00-07:00,7791.25,7791.75,7791.0,7791.25,596
2026-08-17 09:51:00-07:00,7791.25,7791.5,7790.75,7791.0,611
2026-08-17 09:52:00-07:00,7790.75,7791.0,7790.0,7790.25,750
2026-08-17 09:53:00-07:00,7790.0,7790.25,7788.75,7788.75,1072
2026-08-17 09:54:00-07:00,7788.75,7790.0,7787.5,7790.0,2321
2026-08-17 09:55:00-07:00,7790.0,7790.25,7789.25,7789.75,987
2026-08-17 09:56:00-07:00,7789.75,7790.25,7789.25,7789.25,1096
2026-08-17 09:57:00-07:00,7789.25,7789.5,7787.5,7787.5,1115
2026-08-17 09:58:00-07:00,7787.75,7789.0,7787.0,7788.75,1389
2026-08-17 09:59:00-07:00,7789.0,7789.0,7787.75,7788.0,1465
2026-08-17 10:00:00-07:00,7787.75,7788.25,7786.5,7787.75,2365
2026-08-17 10:01:00-07:00,7788.0,7788.75,7787.75,7788.5,847
2026-08-17 10:02:00-07:00,7788.5,7788.75,7787.5,7788.25,999
2026-08-17 10:03:00-07:00,7788.25,7789.0,7788.0,7788.25,864
2026-08-17 10:04:00-07:00,7788.25,7788.5,7787.25,7787.75,1003
2026-08-17 10:05:00-07:00,7788.0,7788.0,7786.25,7786.5,2058
2026-08-17 10:06:00-07:00,7786.5,7787.75,7786.25,7787.0,1119
2026-08-17 10:07:00-07:00,7786.75,7787.75,7786.5,7786.5,1336
2026-08-17 10:08:00-07:00,7786.5,7787.25,7786.25,7786.25,1279
2026-08-17 10:09:00-07:00,7786.5,7787.75,7786.5,7786.75,1210
2026-08-17 10:10:00-07:00,7786.75,7787.25,7786.25,7786.5,1141
2026-08-17 10:11:00-07:00,7786.75,7787.75,7785.75,7787.25,1469
2026-08-17 10:12:00-07:00,7787.25,7787.75,7785.75,7786.0,1151
2026-08-17 10:13:00-07:00,7786.0,7786.5,7785.5,7786.0,1446
2026-08-17 10:14:00-07:00,7785.75,7786.5,7784.0,7784.0,2552
2026-08-17 10:15:00-07:00,7784.0,7785.75,7783.75,7784.75,2461
2026-08-17 10:16:00-07:00,7784.75,7785.25,7783.75,7784.25,2076
2026-08-17 10:17:00-07:00,7784.25,7784.75,7782.0,7784.75,3178
2026-08-17 10:18:00-07:00,7784.75,7785.5,7783.5,7784.25,2173
2026-08-17 10:19:00-07:00,7784.25,7784.5,7783.0,7783.75,1646
2026-08-17 10:20:00-07:00,7783.75,7784.0,7782.5,7783.0,2116
2026-08-17 10:21:00-07:00,7783.0,7784.5,7782.25,7782.5,1979
2026-08-17 10:22:00-07:00,7782.25,7783.5,7781.0,7782.25,2669
2026-08-17 10:23:00-07:00,7782.25,7782.5,7778.75,7779.25,7410
2026-08-17 10:24:00-07:00,7779.5,7779.75,7777.5,7778.75,7258
2026-08-17 10:25:00-07:00,7778.75,7779.25,7776.5,7777.5,5119
2026-08-17 10:26:00-07:00,7777.25,7778.25,7776.5,7778.0,3976
2026-08-17 10:27:00-07:00,7778.0,7778.25,7775.75,7777.25,3503
2026-08-17 10:28:00-07:00,7777.0,7778.0,7775.75,7776.75,2809
2026-08-17 10:29:00-07:00,7776.75,7777.25,7775.75,7776.75,1701
2026-08-17 10:30:00-07:00,7776.75,7778.5,7775.75,7777.5,3219
2026-08-17 10:31:00-07:00,7777.25,7777.5,7776.0,7777.5,1769
2026-08-17 10:32:00-07:00,7777.5,7779.5,7776.75,7779.25,3175
2026-08-17 10:33:00-07:00,7779.0,7779.75,7777.5,7779.0,1651
2026-08-17 10:34:00-07:00,7778.75,7779.0,7775.0,7775.25,2339
2026-08-17 10:35:00-07:00,7775.25,7775.5,7774.5,7775.0,2469
2026-08-17 10:36:00-07:00,7774.75,7776.25,7774.0,7776.0,2061
2026-08-17 10:37:00-07:00,7776.0,7776.5,7774.0,7774.25,2588
2026-08-17 10:38:00-07:00,7774.25,7775.0,7773.5,7774.5,2067
2026-08-17 10:39:00-07:00,7774.5,7775.0,7772.25,7772.5,3445
2026-08-17 10:40:00-07:00,7772.25,7774.75,7772.0,7774.0,2896
2026-08-17 10:41:00-07:00,7774.0,7776.0,7773.25,7775.25,1680
2026-08-17 10:42:00-07:00,7775.25,7777.5,7775.25,7777.25,2013
2026-08-17 10:43:00-07:00,7777.0,7778.25,7776.75,7777.75,2770
2026-08-17 10:44:00-07:00,7777.75,7779.5,7777.75,7778.5,2119
2026-08-17 10:45:00-07:00,7778.75,7779.5,7778.0,7779.0,2049
2026-08-17 10:46:00-07:00,7778.75,7779.0,7776.5,7777.25,1539
2026-08-17 10:47:00-07:00,7777.25,7777.75,7776.25,7777.0,2024
2026-08-17 10:48:00-07:00,7777.25,7777.25,7775.75,7776.0,1222
2026-08-17 10:49:00-07:00,7775.75,7776.75,7775.75,7776.25,688
2026-08-17 10:50:00-07:00,7776.0,7777.0,7775.5,7775.5,1020
2026-08-17 10:51:00-07:00,7775.5,7776.25,7774.75,7775.25,1031
2026-08-17 10:52:00-07:00,7775.25,7776.0,7775.0,7775.25,898
2026-08-17 10:53:00-07:00,7775.5,7776.5,7774.75,7776.0,1196
2026-08-17 10:54:00-07:00,7776.25,7777.5,7775.75,7776.25,1358
2026-08-17 10:55:00-07:00,7776.25,7776.75,7775.25,7776.0,1277
2026-08-17 10:56:00-07:00,7776.0,7776.0,7774.0,7775.0,1175
2026-08-17 10:57:00-07:00,7774.75,7775.5,7774.5,7775.5,839
2026-08-17 10:58:00-07:00,7775.25,7776.5,7774.75,7776.0,1005
2026-08-17 10:59:00-07:00,7776.0,7776.25,7775.0,7775.0,856
2026-08-17 11:00:00-07:00,7775.25,7777.0,7774.5,7774.5,1911
2026-08-17 11:01:00-07:00,7774.5,7775.25,7774.25,7774.5,1396
2026-08-17 11:02:00-07:00,7774.5,7776.25,7774.5,7776.0,1780
2026-08-17 11:03:00-07:00,7775.75,7776.0,7773.75,7775.75,2892
2026-08-17 11:04:00-07:00,7775.75,7776.0,7774.5,7775.25,1928
2026-08-17 11:05:00-07:00,7775.25,7775.5,7774.25,7775.5,1911
2026-08-17 11:06:00-07:00,7775.25,7777.5,7775.0,7776.0,2294
2026-08-17 11:07:00-07:00,7776.25,7776.25,7775.0,7775.5,1263
2026-08-17 11:08:00-07:00,7775.5,7776.5,7775.0,7775.25,1277
2026-08-17 11:09:00-07:00,7775.0,7775.25,7773.75,7775.0,2308
2026-08-17 11:10:00-07:00,7775.0,7776.5,7774.25,7776.25,1805
2026-08-17 11:11:00-07:00,7776.5,7776.5,7774.75,7776.0,1633
2026-08-17 11:12:00-07:00,7776.0,7777.75,7776.0,7777.75,888
2026-08-17 11:13:00-07:00,7777.75,7778.25,7777.0,7777.5,1797
2026-08-17 11:14:00-07:00,7777.75,7778.5,7777.5,7778.0,1615
2026-08-17 11:15:00-07:00,7777.75,7778.75,7777.0,7777.0,1897
2026-08-17 11:16:00-07:00,7777.25,7778.0,7777.0,7777.75,1185
2026-08-17 11:17:00-07:00,7778.0,7779.0,7778.0,7778.0,815
2026-08-17 11:18:00-07:00,7778.0,7778.5,7776.5,7776.75,1733
2026-08-17 11:19:00-07:00,7776.75,7777.25,7776.0,7776.5,1085
2026-08-17 11:20:00-07:00,7776.5,7776.75,7775.0,7775.5,1014
2026-08-17 11:21:00-07:00,7775.5,7776.75,7775.0,7776.5,987
2026-08-17 11:22:00-07:00,7776.75,7777.25,7775.25,7777.25,2104
2026-08-17 11:23:00-07:00,7777.25,7778.25,7777.25,7778.0,872
2026-08-17 11:24:00-07:00,7778.25,7778.5,7777.5,7778.0,730
2026-08-17 11:25:00-07:00,7778.0,7779.0,7778.0,7778.25,1037
2026-08-17 11:26:00-07:00,7778.25,7778.5,7776.5,7776.75,994
2026-08-17 11:27:00-07:00,7776.75,7777.0,7775.25,7776.0,1539
2026-08-17 11:28:00-07:00,7775.75,7777.0,7775.25,7775.5,1577
2026-08-17 11:29:00-07:00,7775.5,7777.0,7775.5,7776.5,915
2026-08-17 11:30:00-07:00,7776.75,7777.25,7775.25,7775.25,2197
2026-08-17 11:31:00-07:00,7775.25,7776.0,7773.5,7773.75,1802
2026-08-17 11:32:00-07:00,7773.75,7775.0,7773.25,7774.25,1880
2026-08-17 11:33:00-07:00,7774.25,7774.25,7773.25,7773.5,1051
2026-08-17 11:34:00-07:00,7773.5,7774.5,7773.25,7773.25,1092
2026-08-17 11:35:00-07:00,7773.25,7775.75,7773.25,7775.0,1379
2026-08-17 11:36:00-07:00,7775.0,7775.0,7774.5,7775.0,920
2026-08-17 11:37:00-07:00,7774.75,7775.25,7774.0,7775.0,1006
2026-08-17 11:38:00-07:00,7775.0,7775.75,7774.75,7775.25,829
2026-08-17 11:39:00-07:00,7775.0,7775.5,7775.0,7775.5,518
2026-08-17 11:40:00-07:00,7775.25,7775.75,7774.75,7775.5,411
2026-08-17 11:41:00-07:00,7775.5,7776.25,7774.75,7775.75,1213
2026-08-17 11:42:00-07:00,7776.0,7776.75,7775.25,7776.75,897
2026-08-17 11:43:00-07:00,7776.5,7777.75,7776.5,7776.75,1449
2026-08-17 11:44:00-07:00,7776.75,7777.25,7776.5,7776.75,926
2026-08-17 11:45:00-07:00,7776.75,7777.5,7776.25,7776.5,1234
2026-08-17 11:46:00-07:00,7776.25,7777.25,7776.25,7776.75,633
2026-08-17 11:47:00-07:00,7776.75,7777.25,7776.5,7777.25,566
2026-08-17 11:48:00-07:00,7777.0,7778.75,7776.75,7778.5,1073
2026-08-17 11:49:00-07:00,7778.25,7778.5,7777.5,7778.0,918
2026-08-17 11:50:00-07:00,7778.0,7778.5,7777.75,7778.0,880
2026-08-17 11:51:00-07:00,7778.25,7779.25,7778.0,7778.5,1071
2026-08-17 11:52:00-07:00,7778.5,7778.75,7777.25,7777.25,681
2026-08-17 11:53:00-07:00,7777.5,7777.75,7776.75,7776.75,1164
2026-08-17 11:54:00-07:00,7776.75,7777.25,7776.0,7776.75,2304
2026-08-17 11:55:00-07:00,7776.75,7777.0,7776.0,7776.75,1087
2026-08-17 11:56:00-07:00,7777.0,7777.0,7776.0,7776.25,902
2026-08-17 11:57:00-07:00,7776.25,7776.75,7776.0,7776.25,1203
2026-08-17 11:58:00-07:00,7776.0,7776.5,7775.5,7776.25,875
2026-08-17 11:59:00-07:00,7776.25,7776.75,7775.75,7776.0,1351
2026-08-17 12:00:00-07:00,7776.0,7776.75,7775.25,7776.0,1157
2026-08-17 12:01:00-07:00,7775.75,7776.0,7775.0,7775.25,932
2026-08-17 12:02:00-07:00,7775.0,7775.0,7774.0,7774.0,1361
2026-08-17 12:03:00-07:00,7774.0,7774.5,7773.75,7773.75,961
2026-08-17 12:04:00-07:00,7774.0,7774.75,7773.75,7774.0,1230
2026-08-17 12:05:00-07:00,7773.75,7775.0,7773.5,7774.25,1179
2026-08-17 12:06:00-07:00,7774.5,7774.75,7773.75,7774.25,1080
2026-08-17 12:07:00-07:00,7774.25,7774.25,7773.0,7773.5,1484
2026-08-17 12:08:00-07:00,7773.5,7773.75,7773.25,7773.25,1155
2026-08-17 12:09:00-07:00,7773.5,7774.0,7773.25,7773.5,900
2026-08-17 12:10:00-07:00,7773.5,7774.0,7773.0,7773.5,905
2026-08-17 12:11:00-07:00,7773.5,7774.75,7773.5,7774.25,1158
2026-08-17 12:12:00-07:00,7774.5,7774.5,7773.0,7773.5,1592
2026-08-17 12:13:00-07:00,7773.25,7773.5,7772.0,7772.75,1442
2026-08-17 12:14:00-07:00,7772.75,7773.25,7772.5,7772.5,962
2026-08-17 12:15:00-07:00,7772.5,7773.75,7772.25,7773.75,1101
2026-08-17 12:16:00-07:00,7773.75,7774.75,7773.5,7774.25,1596
2026-08-17 12:17:00-07:00,7774.0,7775.25,7774.0,7775.25,1716
2026-08-17 12:18:00-07:00,7775.25,7775.75,7774.5,7775.5,1962
2026-08-17 12:19:00-07:00,7775.75,7775.75,7774.5,7774.75,1260
2026-08-17 12:20:00-07:00,7774.75,7775.5,7774.25,7774.75,1241
2026-08-17 12:21:00-07:00,7774.75,7774.75,7773.5,7774.5,840
2026-08-17 12:22:00-07:00,7774.25,7774.75,7773.5,7774.0,841
2026-08-17 12:23:00-07:00,7774.0,7774.25,7773.75,7774.0,615
2026-08-17 12:24:00-07:00,7774.25,7774.25,7773.25,7773.5,778
2026-08-17 12:25:00-07:00,7773.5,7775.0,7773.5,7774.75,936
2026-08-17 12:26:00-07:00,7774.75,7774.75,7773.0,7773.25,964
2026-08-17 12:27:00-07:00,7773.5,7773.5,7772.75,7772.75,1051
2026-08-17 12:28:00-07:00,7773.0,7773.75,7772.75,7773.25,565
2026-08-17 12:29:00-07:00,7773.25,7773.5,7772.0,7772.0,1529
2026-08-17 12:30:00-07:00,7772.25,7772.5,7770.0,7770.25,3953
2026-08-17 12:31:00-07:00,7770.25,7771.0,7770.0,7770.25,2694
2026-08-17 12:32:00-07:00,7770.25,7770.25,7767.75,7769.0,3725
2026-08-17 12:33:00-07:00,7769.0,7770.25,7768.5,7770.25,1976
2026-08-17 12:34:00-07:00,7770.25,7771.5,7770.25,7770.5,1964
2026-08-17 12:35:00-07:00,7770.5,7771.75,7770.5,7771.0,1855
2026-08-17 12:36:00-07:00,7771.25,7771.25,7769.5,7770.5,2379
2026-08-17 12:37:00-07:00,7770.5,7771.25,7770.5,7770.75,1231
2026-08-17 12:38:00-07:00,7770.75,7772.0,7770.5,7771.75,1266
2026-08-17 12:39:00-07:00,7771.75,7772.25,7770.75,7771.25,1456
2026-08-17 12:40:00-07:00,7771.0,7771.75,7770.75,7771.0,922
2026-08-17 12:41:00-07:00,7771.25,7771.25,7769.0,7769.5,1552
2026-08-17 12:42:00-07:00,7769.75,7770.0,7769.0,7769.25,1296
2026-08-17 12:43:00-07:00,7769.5,7770.5,7769.0,7770.25,2142
2026-08-17 12:44:00-07:00,7770.25,7771.0,7770.0,7770.75,1216
2026-08-17 12:45:00-07:00,7770.75,7772.5,7770.5,7772.25,2926
2026-08-17 12:46:00-07:00,7772.0,7772.75,7771.5,7772.75,2322
2026-08-17 12:47:00-07:00,7772.5,7773.25,7772.25,7772.75,1712
2026-08-17 12:48:00-07:00,7772.5,7774.0,7772.25,7774.0,1873
2026-08-17 12:49:00-07:00,7774.0,7774.25,7773.0,7774.0,1639
2026-08-17 12:50:00-07:00,7774.0,7774.75,7770.0,7770.0,5165
2026-08-17 12:51:00-07:00,7770.25,7771.0,7769.25,7769.75,2829
2026-08-17 12:52:00-07:00,7769.75,7770.5,7768.5,7768.75,3071
2026-08-17 12:53:00-07:00,7768.75,7770.25,7767.0,7769.75,4202
2026-08-17 12:54:00-07:00,7769.75,7770.75,7768.25,7768.75,4754
2026-08-17 12:55:00-07:00,7769.0,7770.25,7766.75,7767.0,4956
2026-08-18 06:25:00-07:00,7726.75,7726.75,7724.75,7725.5,1406
2026-08-18 06:26:00-07:00,7725.5,7725.75,7724.25,7725.25,968
2026-08-18 06:27:00-07:00,7725.5,7727.75,7725.0,7727.25,1487
2026-08-18 06:28:00-07:00,7727.0,7729.75,7726.5,7728.5,2159
2026-08-18 06:29:00-07:00,7728.5,7729.0,7726.0,7726.25,1924
2026-08-18 06:30:00-07:00,7726.5,7728.75,7719.0,7727.0,16896
2026-08-18 06:31:00-07:00,7727.0,7734.75,7725.5,7732.75,10599
2026-08-18 06:32:00-07:00,7732.75,7733.5,7724.0,7724.0,8767
2026-08-18 06:33:00-07:00,7724.25,7725.25,7720.75,7721.75,8431
2026-08-18 06:34:00-07:00,7721.75,7726.0,7719.75,7725.5,7634
2026-08-18 06:35:00-07:00,7725.5,7731.25,7724.5,7725.5,9410
2026-08-18 06:36:00-07:00,7725.25,7730.5,7724.0,7724.25,6570
2026-08-18 06:37:00-07:00,7724.25,7728.5,7722.75,7724.5,6177
2026-08-18 06:38:00-07:00,7724.25,7730.5,7723.0,7729.75,4298
2026-08-18 06:39:00-07:00,7730.0,7732.0,7726.75,7731.25,5775
2026-08-18 06:40:00-07:00,7731.25,7733.75,7729.5,7732.5,4903
2026-08-18 06:41:00-07:00,7732.25,7735.25,7730.5,7734.25,4420
2026-08-18 06:42:00-07:00,7734.25,7734.75,7731.75,7732.0,4185
2026-08-18 06:43:00-07:00,7732.0,7732.75,7729.75,7731.0,4266
2026-08-18 06:44:00-07:00,7731.0,7732.5,7727.25,7727.5,4084
2026-08-18 06:45:00-07:00,7727.5,7730.0,7724.0,7730.0,5900
2026-08-18 06:46:00-07:00,7730.0,7730.25,7725.5,7726.0,3756
2026-08-18 06:47:00-07:00,7726.0,7729.25,7726.0,7727.75,3660
2026-08-18 06:48:00-07:00,7728.0,7731.25,7727.0,7727.0,3210
2026-08-18 06:49:00-07:00,7727.25,7728.0,7723.5,7724.75,3900
2026-08-18 06:50:00-07:00,7724.5,7728.25,7723.25,7726.0,4005
2026-08-18 06:51:00-07:00,7726.0,7727.25,7722.5,7724.5,3358
2026-08-18 06:52:00-07:00,7724.5,7725.0,7722.0,7722.0,2278
2026-08-18 06:53:00-07:00,7722.25,7726.75,7722.0,7723.5,2785
2026-08-18 06:54:00-07:00,7723.5,7726.75,7723.0,7725.75,2268
2026-08-18 06:55:00-07:00,7726.0,7726.0,7721.25,7722.0,3594
2026-08-18 06:56:00-07:00,7722.0,7728.5,7721.5,7728.0,3563
2026-08-18 06:57:00-07:00,7728.0,7728.25,7724.75,7725.5,2850
2026-08-18 06:58:00-07:00,7725.25,7727.25,7725.0,7726.5,2107
2026-08-18 06:59:00-07:00,7726.5,7727.5,7723.25,7724.75,2273
2026-08-18 07:00:00-07:00,7725.0,7725.25,7721.75,7724.25,5252
2026-08-18 07:01:00-07:00,7724.25,7725.75,7723.0,7725.75,3341
2026-08-18 07:02:00-07:00,7725.5,7730.5,7725.0,7729.5,5829
2026-08-18 07:03:00-07:00,7729.5,7732.75,7728.25,7728.25,4080
2026-08-18 07:04:00-07:00,7728.25,7730.25,7728.0,7729.75,3167
2026-08-18 07:05:00-07:00,7729.75,7730.0,7724.5,7724.75,4836
2026-08-18 07:06:00-07:00,7725.0,7728.5,7724.25,7727.5,3946
2026-08-18 07:07:00-07:00,7727.75,7732.5,7727.75,7731.0,4942
2026-08-18 07:08:00-07:00,7731.25,7731.25,7728.25,7728.75,2397
2026-08-18 07:09:00-07:00,7728.75,7729.5,7725.25,7725.5,2846
2026-08-18 07:10:00-07:00,7725.25,7726.0,7722.0,7723.0,5287
2026-08-18 07:11:00-07:00,7723.25,7723.25,7717.0,7718.75,6528
2026-08-18 07:12:00-07:00,7718.75,7720.75,7717.25,7717.5,4794
2026-08-18 07:13:00-07:00,7717.25,7720.5,7716.5,7719.75,3797
2026-08-18 07:14:00-07:00,7719.75,7721.75,7718.25,7721.25,3522
2026-08-18 07:15:00-07:00,7721.5,7726.0,7720.25,7725.75,5191
2026-08-18 07:16:00-07:00,7725.75,7727.0,7723.75,7726.25,5474
2026-08-18 07:17:00-07:00,7726.25,7727.25,7722.0,7722.5,3838
2026-08-18 07:18:00-07:00,7722.75,7728.75,7722.5,7728.0,2997
2026-08-18 07:19:00-07:00,7728.25,7728.25,7725.5,7725.5,2507
2026-08-18 07:20:00-07:00,7725.75,7728.25,7725.25,7727.0,2711
2026-08-18 07:21:00-07:00,7727.25,7728.75,7722.25,7722.5,4533
2026-08-18 07:22:00-07:00,7722.5,7724.0,7720.0,7722.25,3907
2026-08-18 07:23:00-07:00,7722.25,7725.5,7722.25,7725.5,2204
2026-08-18 07:24:00-07:00,7725.5,7730.0,7723.25,7728.0,7053
2026-08-18 07:25:00-07:00,7728.25,7729.75,7727.0,7729.25,5243
2026-08-18 07:26:00-07:00,7729.25,7730.75,7727.25,7729.75,4219
2026-08-18 07:27:00-07:00,7730.0,7730.5,7726.75,7729.0,4021
2026-08-18 07:28:00-07:00,7729.25,7729.5,7726.75,7728.0,2981
2026-08-18 07:29:00-07:00,7728.0,7728.25,7725.25,7726.5,2144
2026-08-18 07:30:00-07:00,7726.5,7731.5,7725.5,7730.25,5459
2026-08-18 07:31:00-07:00,7730.25,7731.0,7727.75,7729.25,2871
2026-08-18 07:32:00-07:00,7729.25,7732.75,7728.0,7731.75,3981
2026-08-18 07:33:00-07:00,7731.75,7732.25,7730.0,7731.0,2919
2026-08-18 07:34:00-07:00,7731.0,7731.75,7727.5,7727.5,3460
2026-08-18 07:35:00-07:00,7727.5,7731.25,7727.25,7729.75,2998
2026-08-18 07:36:00-07:00,7729.75,7731.25,7729.75,7730.25,1607
2026-08-18 07:37:00-07:00,7730.5,7731.0,7729.25,7729.75,2120
2026-08-18 07:38:00-07:00,7729.75,7731.5,7729.0,7729.75,2363
2026-08-18 07:39:00-07:00,7729.75,7731.75,7729.0,7731.0,2173
2026-08-18 07:40:00-07:00,7731.0,7732.25,7729.0,7730.0,3005
2026-08-18 07:41:00-07:00,7729.75,7730.75,7728.5,7728.75,1833
2026-08-18 07:42:00-07:00,7729.0,7729.25,7725.5,7725.5,3126
2026-08-18 07:43:00-07:00,7725.5,7727.0,7725.25,7726.0,1832
2026-08-18 07:44:00-07:00,7726.0,7726.0,7723.75,7724.25,2465
2026-08-18 07:45:00-07:00,7724.25,7725.0,7722.5,7722.5,3039
2026-08-18 07:46:00-07:00,7722.5,7725.5,7721.75,7725.0,2620
2026-08-18 07:47:00-07:00,7725.25,7725.25,7723.0,7723.75,2615
2026-08-18 07:48:00-07:00,7723.75,7726.0,7722.75,7726.0,2732
2026-08-18 07:49:00-07:00,7725.75,7725.75,7723.25,7724.75,2662
2026-08-18 07:50:00-07:00,7724.75,7727.5,7724.0,7726.0,3035
2026-08-18 07:51:00-07:00,7726.25,7728.0,7725.75,7727.25,2871
2026-08-18 07:52:00-07:00,7727.0,7728.0,7723.5,7723.75,2872
2026-08-18 07:53:00-07:00,7723.75,7723.75,7719.0,7721.75,8788
2026-08-18 07:54:00-07:00,7722.0,7722.5,7719.5,7719.75,3809
2026-08-18 07:55:00-07:00,7719.5,7721.75,7718.75,7720.25,4123
2026-08-18 07:56:00-07:00,7720.5,7720.5,7717.5,7720.0,4976
2026-08-18 07:57:00-07:00,7720.0,7721.25,7718.0,7719.25,3151
2026-08-18 07:58:00-07:00,7719.25,7719.75,7717.25,7717.75,2962
2026-08-18 07:59:00-07:00,7718.0,7719.75,7717.5,7719.25,3250
2026-08-18 08:00:00-07:00,7719.5,7720.75,7716.5,7716.75,4541
2026-08-18 08:01:00-07:00,7716.75,7717.25,7714.25,7715.5,3730
2026-08-18 08:02:00-07:00,7715.5,7718.0,7714.75,7717.5,3802
2026-08-18 08:03:00-07:00,7717.5,7721.25,7716.75,7720.75,4653
2026-08-18 08:04:00-07:00,7720.75,7723.25,7720.0,7722.25,4484
2026-08-18 08:05:00-07:00,7722.25,7724.25,7721.0,7722.5,3452
2026-08-18 08:06:00-07:00,7722.5,7723.5,7721.0,7723.0,2254
2026-08-18 08:07:00-07:00,7723.25,7723.25,7721.5,7723.0,2002
2026-08-18 08:08:00-07:00,7723.0,7723.0,7719.75,7720.5,2370
2026-08-18 08:09:00-07:00,7720.5,7720.75,7717.5,7718.0,2288
2026-08-18 08:10:00-07:00,7718.25,7718.5,7716.75,7718.0,2790
2026-08-18 08:11:00-07:00,7718.0,7719.5,7717.25,7718.5,2466
2026-08-18 08:12:00-07:00,7718.75,7719.5,7717.75,7718.5,2324
2026-08-18 08:13:00-07:00,7718.5,7718.5,7716.75,7717.75,3167
2026-08-18 08:14:00-07:00,7718.0,7718.25,7716.25,7717.25,2779
2026-08-18 08:15:00-07:00,7717.5,7719.5,7717.0,7717.5,2545
2026-08-18 08:16:00-07:00,7717.5,7719.25,7717.25,7718.25,1762
2026-08-18 08:17:00-07:00,7718.25,7718.5,7716.0,7716.25,1711
2026-08-18 08:18:00-07:00,7716.0,7717.75,7716.0,7717.5,1725
2026-08-18 08:19:00-07:00,7717.5,7718.75,7714.75,7714.75,2853
2026-08-18 08:20:00-07:00,7714.5,7715.25,7713.5,7714.5,3917
2026-08-18 08:21:00-07:00,7714.5,7716.0,7714.0,7714.75,3171
2026-08-18 08:22:00-07:00,7714.5,7716.25,7713.25,7715.75,2371
2026-08-18 08:23:00-07:00,7715.5,7717.0,7715.0,7716.75,1757
2026-08-18 08:24:00-07:00,7716.75,7717.25,7715.5,7715.5,1701
2026-08-18 08:25:00-07:00,7715.25,7716.0,7714.0,7715.0,3163
2026-08-18 08:26:00-07:00,7715.0,7717.0,7714.5,7716.5,2233
2026-08-18 08:27:00-07:00,7716.5,7717.0,7715.25,7716.5,1478
2026-08-18 08:28:00-07:00,7716.5,7719.5,7716.0,7719.0,2853
2026-08-18 08:29:00-07:00,7719.25,7720.25,7717.75,7718.5,3448
2026-08-18 08:30:00-07:00,7718.25,7721.0,7717.0,7721.0,4074
2026-08-18 08:31:00-07:00,7720.75,7721.75,7718.75,7719.25,5637
2026-08-18 08:32:00-07:00,7719.25,7720.75,7717.25,7717.75,2182
2026-08-18 08:33:00-07:00,7717.75,7719.25,7717.25,7719.25,2805
2026-08-18 08:34:00-07:00,7719.0,7720.5,7718.0,7718.75,2458
2026-08-18 08:35:00-07:00,7719.0,7719.0,7716.5,7717.25,2437
2026-08-18 08:36:00-07:00,7717.0,7718.0,7716.0,7717.5,1706
2026-08-18 08:37:00-07:00,7717.5,7718.25,7717.0,7717.75,1069
2026-08-18 08:38:00-07:00,7717.5,7719.0,7717.5,7718.75,1487
2026-08-18 08:39:00-07:00,7718.5,7719.0,7717.5,7718.25,889
2026-08-18 08:40:00-07:00,7718.25,7719.5,7716.75,7719.25,1741
2026-08-18 08:41:00-07:00,7719.25,7721.5,7718.75,7721.5,2240
2026-08-18 08:42:00-07:00,7721.5,7722.75,7719.75,7720.25,2182
2026-08-18 08:43:00-07:00,7720.5,7721.25,7719.5,7719.5,1369
2026-08-18 08:44:00-07:00,7719.5,7721.0,7719.25,7720.5,1153
2026-08-18 08:45:00-07:00,7720.75,7723.0,7720.75,7723.0,1709
2026-08-18 08:46:00-07:00,7723.25,7724.0,7722.0,7724.0,1887
2026-08-18 08:47:00-07:00,7724.0,7725.0,7723.75,7724.5,2139
2026-08-18 08:48:00-07:00,7724.75,7725.5,7723.25,7723.75,1874
2026-08-18 08:49:00-07:00,7723.75,7725.25,7723.25,7724.0,1413
2026-08-18 08:50:00-07:00,7724.0,7724.0,7720.75,7721.25,2015
2026-08-18 08:51:00-07:00,7721.25,7722.75,7720.75,7722.25,1224
2026-08-18 08:52:00-07:00,7722.25,7724.5,7722.0,7724.5,2002
2026-08-18 08:53:00-07:00,7724.5,7726.5,7724.0,7724.5,2268
2026-08-18 08:54:00-07:00,7724.5,7725.75,7724.5,7724.75,1561
2026-08-18 08:55:00-07:00,7724.75,7725.0,7723.5,7723.75,1388
2026-08-18 08:56:00-07:00,7723.75,7724.0,7722.25,7722.75,1606
2026-08-18 08:57:00-07:00,7722.75,7722.75,7720.75,7721.0,1532
2026-08-18 08:58:00-07:00,7721.25,7721.75,7720.5,7721.0,1341
2026-08-18 08:59:00-07:00,7721.0,7723.5,7720.75,7723.25,1331
2026-08-18 09:00:00-07:00,7723.25,7725.5,7722.5,7724.5,2380
2026-08-18 09:01:00-07:00,7724.75,7725.0,7723.5,7723.75,1672
2026-08-18 09:02:00-07:00,7723.75,7725.75,7723.75,7725.25,1364
2026-08-18 09:03:00-07:00,7725.0,7726.0,7724.5,7725.0,2535
2026-08-18 09:04:00-07:00,7725.25,7726.25,7725.0,7725.5,1222
2026-08-18 09:05:00-07:00,7725.25,7727.0,7724.75,7726.0,1961
2026-08-18 09:06:00-07:00,7725.75,7725.75,7723.5,7723.75,1236
2026-08-18 09:07:00-07:00,7723.75,7725.0,7722.0,7724.75,3775
2026-08-18 09:08:00-07:00,7724.75,7725.5,7723.75,7724.5,1628
2026-08-18 09:09:00-07:00,7724.5,7724.5,7723.0,7723.5,1668
2026-08-18 09:10:00-07:00,7723.5,7725.75,7723.5,7725.25,1531
2026-08-18 09:11:00-07:00,7725.25,7726.75,7724.75,7726.5,1812
2026-08-18 09:12:00-07:00,7726.25,7727.0,7725.5,7726.5,1626
2026-08-18 09:13:00-07:00,7726.25,7727.25,7725.75,7726.5,1443
2026-08-18 09:14:00-07:00,7726.5,7727.0,7725.25,7725.5,1339
2026-08-18 09:15:00-07:00,7725.25,7726.25,7723.75,7724.0,1474
2026-08-18 09:16:00-07:00,7724.25,7724.75,7723.5,7723.5,2107
2026-08-18 09:17:00-07:00,7723.5,7724.25,7723.0,7724.0,1204
2026-08-18 09:18:00-07:00,7724.25,7724.25,7722.25,7722.5,1266
2026-08-18 09:19:00-07:00,7722.5,7723.0,7722.25,7723.0,1065
2026-08-18 09:20:00-07:00,7723.0,7725.75,7723.0,7724.75,1797
2026-08-18 09:21:00-07:00,7725.0,7727.0,7724.75,7726.5,1523
2026-08-18 09:22:00-07:00,7726.5,7728.75,7725.75,7727.75,3372
2026-08-18 09:23:00-07:00,7727.75,7727.75,7725.25,7727.0,1991
2026-08-18 09:24:00-07:00,7727.0,7727.0,7725.0,7726.5,1150
2026-08-18 09:25:00-07:00,7726.5,7726.75,7725.0,7726.5,963
2026-08-18 09:26:00-07:00,7726.75,7727.25,7724.75,7724.75,2041
2026-08-18 09:27:00-07:00,7724.75,7724.75,7722.75,7722.75,1670
2026-08-18 09:28:00-07:00,7723.0,7723.0,7721.5,7721.75,1761
2026-08-18 09:29:00-07:00,7721.75,7722.25,7721.25,7721.75,1487
2026-08-18 09:30:00-07:00,7721.75,7723.25,7720.75,7722.0,2303
2026-08-18 09:31:00-07:00,7722.25,7722.5,7720.5,7721.25,1447
2026-08-18 09:32:00-07:00,7721.25,7723.0,7720.75,7723.0,1549
2026-08-18 09:33:00-07:00,7723.0,7723.0,7722.0,7722.0,1110
2026-08-18 09:34:00-07:00,7722.25,7724.0,7722.0,7723.0,1410
2026-08-18 09:35:00-07:00,7723.0,7723.25,7721.5,7722.5,1106
2026-08-18 09:36:00-07:00,7722.5,7722.75,7721.75,7722.0,886
2026-08-18 09:37:00-07:00,7722.25,7723.75,7721.75,7723.0,1514
2026-08-18 09:38:00-07:00,7723.25,7725.0,7723.25,7724.25,1934
2026-08-18 09:39:00-07:00,7724.5,7725.5,7724.0,7724.25,1584
2026-08-18 09:40:00-07:00,7724.25,7725.75,7724.0,7724.75,1843
2026-08-18 09:41:00-07:00,7724.75,7724.75,7723.5,7724.5,1067
2026-08-18 09:42:00-07:00,7724.5,7725.0,7723.0,7723.5,942
2026-08-18 09:43:00-07:00,7723.5,7723.5,7721.75,7722.5,1381
2026-08-18 09:44:00-07:00,7722.5,7723.5,7721.75,7723.5,1224
2026-08-18 09:45:00-07:00,7723.5,7724.0,7721.5,7721.75,1147
2026-08-18 09:46:00-07:00,7722.0,7726.25,7721.75,7726.0,1660
2026-08-18 09:47:00-07:00,7726.0,7726.5,7725.25,7725.75,2109
2026-08-18 09:48:00-07:00,7725.75,7728.0,7725.75,7728.0,2538
2026-08-18 09:49:00-07:00,7727.75,7728.25,7727.25,7727.75,1106
2026-08-18 09:50:00-07:00,7727.75,7728.0,7726.25,7728.0,1414
2026-08-18 09:51:00-07:00,7728.0,7728.0,7726.75,7727.5,1353
2026-08-18 09:52:00-07:00,7727.75,7727.75,7726.0,7726.75,1615
2026-08-18 09:53:00-07:00,7727.0,7728.25,7726.5,7727.75,1100
2026-08-18 09:54:00-07:00,7727.75,7728.5,7727.0,7727.75,1140
2026-08-18 09:55:00-07:00,7728.0,7728.0,7726.0,7726.25,1460
2026-08-18 09:56:00-07:00,7726.25,7727.0,7726.25,7726.5,987
2026-08-18 09:57:00-07:00,7726.5,7726.75,7726.0,7726.5,936
2026-08-18 09:58:00-07:00,7726.5,7726.75,7726.0,7726.5,894
2026-08-18 09:59:00-07:00,7726.5,7727.25,7726.0,7726.0,905
2026-08-18 10:00:00-07:00,7726.0,7726.25,7724.75,7725.25,1874
2026-08-18 10:01:00-07:00,7725.25,7726.0,7723.25,7723.75,2182
2026-08-18 10:02:00-07:00,7723.75,7725.75,7723.25,7725.5,1557
2026-08-18 10:03:00-07:00,7725.75,7726.5,7725.0,7726.5,1920
2026-08-18 10:04:00-07:00,7726.5,7726.75,7725.5,7725.5,1757
2026-08-18 10:05:00-07:00,7725.25,7726.0,7725.25,7725.25,1428
2026-08-18 10:06:00-07:00,7725.25,7726.25,7724.5,7725.25,1847
2026-08-18 10:07:00-07:00,7725.25,7725.5,7724.25,7724.75,678
2026-08-18 10:08:00-07:00,7724.75,7726.25,7724.75,7726.0,1022
2026-08-18 10:09:00-07:00,7725.75,7727.5,7725.75,7727.5,1041
2026-08-18 10:10:00-07:00,7727.25,7728.0,7726.25,7726.75,1008
2026-08-18 10:11:00-07:00,7726.5,7727.0,7725.0,7725.0,714
2026-08-18 10:12:00-07:00,7725.0,7727.0,7724.75,7727.0,899
2026-08-18 10:13:00-07:00,7727.0,7727.0,7725.5,7726.0,647
2026-08-18 10:14:00-07:00,7726.25,7726.5,7725.75,7726.0,565
2026-08-18 10:15:00-07:00,7726.0,7726.25,7724.25,7724.5,1319
2026-08-18 10:16:00-07:00,7724.25,7724.25,7723.25,7724.0,1160
2026-08-18 10:17:00-07:00,7723.75,7724.0,7723.25,7724.0,720
2026-08-18 10:18:00-07:00,7724.0,7724.0,7722.75,7723.75,1119
2026-08-18 10:19:00-07:00,7723.75,7724.0,7723.0,7723.0,871
2026-08-18 10:20:00-07:00,7722.75,7724.25,7722.5,7723.5,1386
2026-08-18 10:21:00-07:00,7723.5,7725.5,7723.5,7725.0,1240
2026-08-18 10:22:00-07:00,7725.0,7725.0,7723.25,7723.75,765
2026-08-18 10:23:00-07:00,7723.75,7724.0,7723.0,7723.25,632
2026-08-18 10:24:00-07:00,7723.0,7723.5,7722.25,7722.75,1239
2026-08-18 10:25:00-07:00,7722.5,7722.75,7720.75,7721.0,1472
2026-08-18 10:26:00-07:00,7721.0,7721.75,7720.75,7721.75,1056
2026-08-18 10:27:00-07:00,7721.5,7721.75,7720.75,7721.0,870
2026-08-18 10:28:00-07:00,7721.0,7722.25,7720.75,7722.0,882
2026-08-18 10:29:00-07:00,7722.0,7723.25,7721.25,7722.75,2714
2026-08-18 10:30:00-07:00,7722.5,7723.25,7720.75,7721.0,2190
2026-08-18 10:31:00-07:00,7721.0,7723.25,7721.0,7722.75,1584
2026-08-18 10:32:00-07:00,7722.75,7723.75,7722.5,7723.0,968
2026-08-18 10:33:00-07:00,7722.75,7723.0,7721.75,7722.75,676
2026-08-18 10:34:00-07:00,7722.75,7723.25,7722.0,7722.0,505
2026-08-18 10:35:00-07:00,7721.75,7722.0,7720.5,7722.0,828
2026-08-18 10:36:00-07:00,7722.0,7722.25,7720.0,7720.5,1223
2026-08-18 10:37:00-07:00,7720.5,7721.0,7720.0,7721.0,1121
2026-08-18 10:38:00-07:00,7721.0,7724.0,7720.75,7723.75,1413
2026-08-18 10:39:00-07:00,7723.5,7723.75,7722.0,7722.25,834
2026-08-18 10:40:00-07:00,7722.0,7723.0,7721.0,7721.5,1010
2026-08-18 10:41:00-07:00,7721.5,7721.5,7720.25,7721.25,818
2026-08-18 10:42:00-07:00,7721.25,7721.75,7720.75,7721.25,660
2026-08-18 10:43:00-07:00,7721.0,7722.0,7720.75,7720.75,721
2026-08-18 10:44:00-07:00,7720.75,7721.5,7720.5,7720.75,682
2026-08-18 10:45:00-07:00,7720.75,7722.0,7720.5,7720.75,923
2026-08-18 10:46:00-07:00,7721.0,7721.5,7720.0,7720.0,851
2026-08-18 10:47:00-07:00,7720.25,7720.5,7720.0,7720.25,765
2026-08-18 10:48:00-07:00,7720.25,7720.5,7720.0,7720.5,496
2026-08-18 10:49:00-07:00,7720.75,7721.0,7720.0,7720.0,780
2026-08-18 10:50:00-07:00,7720.0,7720.5,7719.5,7720.0,1195
2026-08-18 10:51:00-07:00,7720.25,7720.75,7719.75,7720.5,607
2026-08-18 10:52:00-07:00,7720.75,7721.5,7720.0,7721.0,607
2026-08-18 10:53:00-07:00,7721.0,7721.75,7720.5,7721.0,1029
2026-08-18 10:54:00-07:00,7721.0,7721.25,7720.25,7720.5,929
2026-08-18 10:55:00-07:00,7720.5,7720.5,7719.25,7720.0,1446
2026-08-18 10:56:00-07:00,7719.75,7720.0,7718.75,7718.75,1254
2026-08-18 10:57:00-07:00,7718.75,7719.5,7717.5,7717.75,1551
2026-08-18 10:58:00-07:00,7717.75,7718.25,7717.5,7717.5,982
2026-08-18 10:59:00-07:00,7717.5,7717.5,7715.75,7716.0,3047
2026-08-18 11:00:00-07:00,7715.75,7716.5,7715.0,7716.25,3391
2026-08-18 11:01:00-07:00,7716.0,7716.5,7715.25,7716.0,1666
2026-08-18 11:02:00-07:00,7716.0,7717.25,7715.75,7715.75,1784
2026-08-18 11:03:00-07:00,7715.75,7716.5,7715.5,7715.75,1464
2026-08-18 11:04:00-07:00,7715.75,7716.75,7715.75,7716.25,1034
2026-08-18 11:05:00-07:00,7716.5,7717.75,7715.25,7715.5,1917
2026-08-18 11:06:00-07:00,7715.5,7716.25,7715.0,7715.75,1425
2026-08-18 11:07:00-07:00,7715.75,7716.25,7715.0,7716.25,1108
2026-08-18 11:08:00-07:00,7716.25,7716.5,7715.5,7715.75,998
2026-08-18 11:09:00-07:00,7715.75,7715.75,7714.25,7715.0,1305
2026-08-18 11:10:00-07:00,7715.0,7715.25,7714.5,7715.0,1696
2026-08-18 11:11:00-07:00,7714.75,7716.25,7714.5,7715.75,1179
2026-08-18 11:12:00-07:00,7715.75,7716.75,7715.0,7716.75,808
2026-08-18 11:13:00-07:00,7716.5,7720.5,7716.5,7719.75,3252
2026-08-18 11:14:00-07:00,7719.75,7721.25,7719.75,7720.75,1782
2026-08-18 11:15:00-07:00,7720.75,7722.25,7720.25,7721.5,1861
2026-08-18 11:16:00-07:00,7721.5,7721.75,7720.75,7721.0,1106
2026-08-18 11:17:00-07:00,7721.0,7722.25,7721.0,7722.25,1003
2026-08-18 11:18:00-07:00,7722.0,7724.0,7721.75,7723.0,1663
2026-08-18 11:19:00-07:00,7723.0,7725.25,7722.75,7723.75,3039
2026-08-18 11:20:00-07:00,7724.0,7724.0,7722.5,7723.25,2524
2026-08-18 11:21:00-07:00,7723.25,7725.0,7722.5,7724.75,1876
2026-08-18 11:22:00-07:00,7724.75,7726.0,7723.25,7723.5,3218
2026-08-18 11:23:00-07:00,7723.25,7723.75,7722.0,7722.5,2670
2026-08-18 11:24:00-07:00,7722.5,7723.0,7722.0,7722.75,956
2026-08-18 11:25:00-07:00,7722.75,7723.0,7721.25,7721.25,1119
2026-08-18 11:26:00-07:00,7721.5,7723.0,7721.0,7722.75,951
2026-08-18 11:27:00-07:00,7722.5,7723.0,7721.75,7722.75,853
2026-08-18 11:28:00-07:00,7722.75,7723.75,7722.5,7723.5,965
2026-08-18 11:29:00-07:00,7723.5,7724.25,7723.25,7723.75,1182
2026-08-18 11:30:00-07:00,7723.5,7724.25,7723.0,7723.5,1233
2026-08-18 11:31:00-07:00,7723.25,7724.0,7723.25,7723.75,1288
2026-08-18 11:32:00-07:00,7723.75,7723.75,7722.25,7722.25,1260
2026-08-18 11:33:00-07:00,7722.25,7722.75,7722.0,7722.0,591
2026-08-18 11:34:00-07:00,7722.0,7723.5,7721.5,7723.5,691
2026-08-18 11:35:00-07:00,7723.5,7724.25,7723.25,7723.75,1361
2026-08-18 11:36:00-07:00,7723.75,7724.0,7723.25,7723.5,741
2026-08-18 11:37:00-07:00,7723.5,7724.5,7723.25,7724.25,1114
2026-08-18 11:38:00-07:00,7724.25,7724.5,7723.75,7724.25,377
2026-08-18 11:39:00-07:00,7724.25,7724.25,7723.25,7723.5,717
2026-08-18 11:40:00-07:00,7723.25,7723.75,7722.25,7722.25,978
2026-08-18 11:41:00-07:00,7722.25,7722.5,7721.5,7721.5,1883
2026-08-18 11:42:00-07:00,7721.75,7722.75,7721.75,7722.0,1072
2026-08-18 11:43:00-07:00,7722.0,7723.75,7722.0,7722.25,1465
2026-08-18 11:44:00-07:00,7722.25,7722.5,7721.0,7721.25,1303
2026-08-18 11:45:00-07:00,7721.25,7721.75,7720.75,7721.25,1257
2026-08-18 11:46:00-07:00,7721.5,7722.0,7720.75,7721.0,1013
2026-08-18 11:47:00-07:00,7721.25,7722.25,7720.5,7722.25,1163
2026-08-18 11:48:00-07:00,7722.25,7722.25,7720.75,7721.0,1135
2026-08-18 11:49:00-07:00,7721.0,7721.25,7720.5,7720.75,1427
2026-08-18 11:50:00-07:00,7720.75,7721.25,7720.0,7720.25,859
2026-08-18 11:51:00-07:00,7720.0,7720.5,7719.75,7719.75,901
2026-08-18 11:52:00-07:00,7720.0,7720.0,7718.75,7718.75,1017
2026-08-18 11:53:00-07:00,7718.75,7719.75,7718.75,7719.0,1037
2026-08-18 11:54:00-07:00,7719.0,7719.5,7718.0,7718.0,1191
2026-08-18 11:55:00-07:00,7718.0,7718.5,7717.25,7718.0,2667
2026-08-18 11:56:00-07:00,7718.25,7719.25,7717.75,7718.0,1308
2026-08-18 11:57:00-07:00,7718.0,7718.25,7717.5,7718.0,1385
2026-08-18 11:58:00-07:00,7718.0,7718.25,7717.25,7717.75,1905
2026-08-18 11:59:00-07:00,7717.5,7717.75,7716.75,7717.0,3331
2026-08-18 12:00:00-07:00,7717.0,7718.5,7716.25,7717.5,2520
2026-08-18 12:01:00-07:00,7717.5,7718.0,7717.0,7718.0,1448
2026-08-18 12:02:00-07:00,7717.75,7718.5,7717.5,7718.0,1456
2026-08-18 12:03:00-07:00,7718.0,7718.75,7717.25,7718.0,1637
2026-08-18 12:04:00-07:00,7718.25,7718.5,7717.5,7717.75,855
2026-08-18 12:05:00-07:00,7717.5,7717.5,7716.5,7717.25,960
2026-08-18 12:06:00-07:00,7717.0,7717.5,7716.5,7717.0,799
2026-08-18 12:07:00-07:00,7717.0,7718.5,7716.75,7717.75,1167
2026-08-18 12:08:00-07:00,7717.75,7719.0,7717.5,7718.75,1107
2026-08-18 12:09:00-07:00,7718.75,7719.5,7717.75,7718.5,1458
2026-08-18 12:10:00-07:00,7718.5,7719.25,7718.0,7719.25,1238
2026-08-18 12:11:00-07:00,7719.0,7719.0,7717.0,7717.0,2147
2026-08-18 12:12:00-07:00,7717.0,7717.25,7715.5,7716.25,1316
2026-08-18 12:13:00-07:00,7716.5,7716.75,7716.0,7716.5,624
2026-08-18 12:14:00-07:00,7716.5,7716.75,7715.75,7716.5,1163
2026-08-18 12:15:00-07:00,7716.25,7717.5,7716.0,7717.0,1478
2026-08-18 12:16:00-07:00,7716.75,7718.0,7716.5,7717.5,1326
2026-08-18 12:17:00-07:00,7717.25,7718.25,7717.0,7717.25,1175
2026-08-18 12:18:00-07:00,7717.0,7718.25,7716.75,7718.25,814
2026-08-18 12:19:00-07:00,7718.25,7719.0,7717.75,7719.0,1176
2026-08-18 12:20:00-07:00,7718.75,7719.0,7717.75,7718.5,1110
2026-08-18 12:21:00-07:00,7718.5,7718.75,7718.0,7718.5,1145
2026-08-18 12:22:00-07:00,7718.25,7720.75,7718.0,7720.5,2929
2026-08-18 12:23:00-07:00,7720.25,7720.5,7719.5,7720.0,1049
2026-08-18 12:24:00-07:00,7720.25,7721.75,7719.75,7721.75,1615
2026-08-18 12:25:00-07:00,7721.75,7721.75,7721.0,7721.5,1251
2026-08-18 12:26:00-07:00,7721.5,7722.0,7720.75,7721.25,2899
2026-08-18 12:27:00-07:00,7721.25,7722.0,7721.25,7721.5,1179
2026-08-18 12:28:00-07:00,7721.5,7722.25,7720.75,7721.5,1766
2026-08-18 12:29:00-07:00,7721.5,7721.5,7720.5,7720.75,1327
2026-08-18 12:30:00-07:00,7720.75,7721.75,7720.0,7721.5,3129
2026-08-18 12:31:00-07:00,7721.25,7722.75,7720.5,7720.75,1887
2026-08-18 12:32:00-07:00,7720.75,7721.75,7720.75,7720.75,1388
2026-08-18 12:33:00-07:00,7720.5,7720.75,7719.5,7720.0,1451
2026-08-18 12:34:00-07:00,7720.25,7720.25,7718.75,7719.5,1850
2026-08-18 12:35:00-07:00,7719.5,7720.0,7719.0,7719.25,1282
2026-08-18 12:36:00-07:00,7719.5,7720.5,7719.25,7719.5,1407
2026-08-18 12:37:00-07:00,7719.5,7720.75,7719.0,7720.0,1458
2026-08-18 12:38:00-07:00,7720.0,7720.25,7719.5,7720.0,980
2026-08-18 12:39:00-07:00,7720.0,7721.0,7719.75,7720.25,897
2026-08-18 12:40:00-07:00,7720.0,7720.25,7718.75,7718.75,1468
2026-08-18 12:41:00-07:00,7718.75,7719.0,7717.75,7718.5,2380
2026-08-18 12:42:00-07:00,7718.5,7719.0,7717.75,7719.0,1520
2026-08-18 12:43:00-07:00,7719.25,7719.75,7718.75,7719.5,1964
2026-08-18 12:44:00-07:00,7719.5,7720.25,7719.5,7719.5,1443
2026-08-18 12:45:00-07:00,7719.5,7720.25,7719.25,7719.5,2660
2026-08-18 12:46:00-07:00,7719.5,7720.25,7719.25,7719.25,1217
2026-08-18 12:47:00-07:00,7719.25,7719.5,7717.75,7717.75,1717
2026-08-18 12:48:00-07:00,7718.0,7718.25,7717.25,7718.0,1437
2026-08-18 12:49:00-07:00,7717.75,7720.25,7717.25,7719.5,2824
2026-08-18 12:50:00-07:00,7719.5,7720.25,7717.5,7718.75,6403
2026-08-18 12:51:00-07:00,7719.0,7719.5,7717.25,7717.5,3363
2026-08-18 12:52:00-07:00,7717.5,7718.5,7717.25,7717.5,3138
2026-08-18 12:53:00-07:00,7717.5,7717.5,7715.75,7716.75,4804
2026-08-18 12:54:00-07:00,7716.75,7717.25,7713.25,7714.75,8397
2026-08-18 12:55:00-07:00,7715.0,7716.25,7714.25,7715.5,8134
2026-08-19 06:25:00-07:00,7748.75,7748.75,7746.25,7748.5,1566
2026-08-19 06:26:00-07:00,7748.5,7750.25,7748.0,7749.25,889
2026-08-19 06:27:00-07:00,7749.5,7750.75,7747.5,7748.25,1173
2026-08-19 06:28:00-07:00,7748.25,7749.75,7747.75,7747.75,1300
2026-08-19 06:29:00-07:00,7748.0,7748.0,7743.25,7743.5,3188
2026-08-19 06:30:00-07:00,7743.5,7746.0,7740.75,7743.25,15021
2026-08-19 06:31:00-07:00,7743.25,7745.5,7741.75,7743.5,9571
2026-08-19 06:32:00-07:00,7743.5,7746.0,7741.75,7743.75,6147
2026-08-19 06:33:00-07:00,7744.0,7744.5,7738.25,7739.5,4674
2026-08-19 06:34:00-07:00,7739.5,7742.25,7738.75,7739.75,4818
2026-08-19 06:35:00-07:00,7739.75,7742.0,7737.75,7741.0,5605
2026-08-19 06:36:00-07:00,7740.75,7741.5,7735.25,7738.25,6363
2026-08-19 06:37:00-07:00,7738.5,7741.75,7737.75,7739.0,4159
2026-08-19 06:38:00-07:00,7739.0,7739.75,7735.5,7735.5,3604
2026-08-19 06:39:00-07:00,7735.5,7738.0,7733.0,7734.75,5062
2026-08-19 06:40:00-07:00,7734.75,7735.25,7732.0,7733.5,6917
2026-08-19 06:41:00-07:00,7733.75,7736.25,7732.25,7733.25,6166
2026-08-19 06:42:00-07:00,7733.25,7739.25,7732.5,7739.0,4460
2026-08-19 06:43:00-07:00,7739.0,7742.5,7738.75,7741.0,4687
2026-08-19 06:44:00-07:00,7741.0,7742.5,7740.0,7740.5,3743
2026-08-19 06:45:00-07:00,7740.75,7744.75,7740.0,7742.75,5794
2026-08-19 06:46:00-07:00,7742.75,7745.75,7740.25,7740.5,5163
2026-08-19 06:47:00-07:00,7740.75,7741.25,7737.75,7738.5,4305
2026-08-19 06:48:00-07:00,7738.5,7740.0,7728.75,7729.0,11109
2026-08-19 06:49:00-07:00,7729.0,7729.25,7723.25,7725.25,8325
2026-08-19 06:50:00-07:00,7725.0,7729.75,7723.75,7727.5,7984
2026-08-19 06:51:00-07:00,7727.5,7728.25,7720.75,7723.25,6613
2026-08-19 06:52:00-07:00,7723.25,7728.75,7722.5,7727.5,6012
2026-08-19 06:53:00-07:00,7727.5,7734.25,7727.25,7733.25,7778
2026-08-19 06:54:00-07:00,7733.25,7736.75,7732.0,7736.0,5719
2026-08-19 06:55:00-07:00,7736.0,7741.25,7733.5,7739.5,5606
2026-08-19 06:56:00-07:00,7739.75,7742.5,7737.25,7741.0,5823
2026-08-19 06:57:00-07:00,7741.0,7742.75,7738.75,7742.0,4590
2026-08-19 06:58:00-07:00,7742.0,7743.25,7738.75,7742.25,4858
2026-08-19 06:59:00-07:00,7742.0,7742.5,7739.5,7739.5,3449
2026-08-19 07:00:00-07:00,7739.75,7742.25,7736.0,7739.25,5988
2026-08-19 07:01:00-07:00,7739.25,7740.5,7736.0,7738.0,5812
2026-08-19 07:02:00-07:00,7738.25,7739.0,7736.25,7736.5,3851
2026-08-19 07:03:00-07:00,7736.75,7738.75,7735.25,7736.0,4235
2026-08-19 07:04:00-07:00,7736.0,7739.75,7735.5,7736.0,3484
2026-08-19 07:05:00-07:00,7736.0,7740.25,7735.75,7736.75,3151
2026-08-19 07:06:00-07:00,7737.0,7739.25,7735.25,7737.0,4160
2026-08-19 07:07:00-07:00,7737.25,7738.25,7734.75,7736.75,3287
2026-08-19 07:08:00-07:00,7736.75,7738.75,7734.5,7735.75,4149
2026-08-19 07:09:00-07:00,7735.75,7738.0,7734.5,7737.75,2608
2026-08-19 07:10:00-07:00,7737.75,7739.25,7733.75,7733.75,3805
2026-08-19 07:11:00-07:00,7733.75,7734.25,7730.75,7731.25,4606
2026-08-19 07:12:00-07:00,7731.25,7733.0,7730.0,7732.5,5886
2026-08-19 07:13:00-07:00,7732.25,7735.25,7731.5,7734.25,5358
2026-08-19 07:14:00-07:00,7734.25,7734.5,7726.5,7727.5,6677
2026-08-19 07:15:00-07:00,7727.5,7732.5,7726.75,7732.25,5979
2026-08-19 07:16:00-07:00,7732.25,7738.0,7730.5,7737.5,6043
2026-08-19 07:17:00-07:00,7737.5,7738.5,7735.0,7738.0,4559
2026-08-19 07:18:00-07:00,7738.0,7741.0,7736.25,7740.25,5127
2026-08-19 07:19:00-07:00,7740.25,7741.0,7736.75,7737.25,4182
2026-08-19 07:20:00-07:00,7737.25,7741.25,7736.25,7740.5,5391
2026-08-19 07:21:00-07:00,7740.25,7740.75,7734.25,7736.25,3825
2026-08-19 07:22:00-07:00,7736.0,7737.5,7733.5,7734.0,3432
2026-08-19 07:23:00-07:00,7734.25,7738.0,7733.5,7736.5,2940
2026-08-19 07:24:00-07:00,7736.5,7738.0,7735.25,7735.5,2784
2026-08-19 07:25:00-07:00,7735.25,7736.25,7731.5,7732.5,3707
2026-08-19 07:26:00-07:00,7732.5,7735.5,7732.0,7734.0,5864
2026-08-19 07:27:00-07:00,7733.75,7737.25,7732.75,7736.75,3962
2026-08-19 07:28:00-07:00,7736.5,7739.25,7735.75,7737.5,3400
2026-08-19 07:29:00-07:00,7737.75,7740.25,7737.25,7739.5,2669
2026-08-19 07:30:00-07:00,7739.5,7740.25,7737.75,7739.25,4357
2026-08-19 07:31:00-07:00,7739.25,7743.0,7738.5,7742.5,4314
2026-08-19 07:32:00-07:00,7742.5,7743.5,7740.75,7742.25,3182
2026-08-19 07:33:00-07:00,7742.25,7744.25,7741.25,7743.0,2553
2026-08-19 07:34:00-07:00,7743.0,7743.0,7739.75,7741.75,2967
2026-08-19 07:35:00-07:00,7741.5,7745.0,7741.0,7745.0,3086
2026-08-19 07:36:00-07:00,7744.75,7745.25,7743.25,7745.0,3195
2026-08-19 07:37:00-07:00,7745.0,7748.5,7744.5,7748.5,3620
2026-08-19 07:38:00-07:00,7748.5,7751.5,7748.5,7751.0,6180
2026-08-19 07:39:00-07:00,7751.25,7752.75,7750.5,7751.5,3519
2026-08-19 07:40:00-07:00,7751.5,7753.25,7751.25,7751.75,3784
2026-08-19 07:41:00-07:00,7751.75,7752.5,7749.5,7750.0,4119
2026-08-19 07:42:00-07:00,7750.0,7750.5,7748.0,7750.5,3075
2026-08-19 07:43:00-07:00,7750.25,7751.75,7749.5,7750.0,2145
2026-08-19 07:44:00-07:00,7750.0,7751.0,7749.25,7750.5,1457
2026-08-19 07:45:00-07:00,7750.5,7752.0,7749.75,7751.5,2444
2026-08-19 07:46:00-07:00,7751.5,7752.0,7749.75,7751.25,1627
2026-08-19 07:47:00-07:00,7751.25,7752.5,7750.0,7751.25,1927
2026-08-19 07:48:00-07:00,7751.5,7752.0,7748.75,7748.75,1978
2026-08-19 07:49:00-07:00,7748.75,7749.75,7746.5,7747.25,3219
2026-08-19 07:50:00-07:00,7747.0,7748.5,7746.75,7748.0,2352
2026-08-19 07:51:00-07:00,7748.0,7751.5,7748.0,7748.75,2757
2026-08-19 07:52:00-07:00,7748.75,7750.0,7748.25,7749.5,2126
2026-08-19 07:53:00-07:00,7749.5,7753.75,7749.5,7753.75,3066
2026-08-19 07:54:00-07:00,7753.75,7754.0,7752.75,7753.25,2315
2026-08-19 07:55:00-07:00,7753.25,7754.5,7752.5,7753.75,3086
2026-08-19 07:56:00-07:00,7754.0,7757.75,7754.0,7757.5,4215
2026-08-19 07:57:00-07:00,7757.75,7758.75,7756.5,7756.75,3367
2026-08-19 07:58:00-07:00,7757.0,7760.5,7756.25,7760.0,3843
2026-08-19 07:59:00-07:00,7760.25,7762.25,7759.75,7761.75,4013
2026-08-19 08:00:00-07:00,7762.0,7762.75,7760.25,7762.0,4048
2026-08-19 08:01:00-07:00,7762.0,7764.75,7761.5,7762.0,5303
2026-08-19 08:02:00-07:00,7762.25,7762.5,7760.0,7760.75,2754
2026-08-19 08:03:00-07:00,7760.75,7761.5,7760.25,7761.25,2896
2026-08-19 08:04:00-07:00,7761.25,7762.0,7761.0,7761.75,2042
2026-08-19 08:05:00-07:00,7761.75,7762.5,7759.75,7761.5,3579
2026-08-19 08:06:00-07:00,7761.75,7762.0,7759.0,7759.5,2103
2026-08-19 08:07:00-07:00,7759.5,7760.75,7758.5,7759.25,2604
2026-08-19 08:08:00-07:00,7759.25,7759.5,7756.25,7756.25,2945
2026-08-19 08:09:00-07:00,7756.25,7757.5,7754.5,7754.75,2793
2026-08-19 08:10:00-07:00,7755.0,7756.25,7754.5,7756.0,2068
2026-08-19 08:11:00-07:00,7755.75,7756.5,7754.75,7755.75,1728
2026-08-19 08:12:00-07:00,7755.5,7759.0,7755.5,7758.75,2483
2026-08-19 08:13:00-07:00,7758.5,7759.5,7758.0,7758.0,1795
2026-08-19 08:14:00-07:00,7758.0,7758.25,7756.25,7758.0,1567
2026-08-19 08:15:00-07:00,7757.75,7758.25,7753.5,7754.25,3316
2026-08-19 08:16:00-07:00,7754.25,7756.5,7753.75,7756.0,1893
2026-08-19 08:17:00-07:00,7756.0,7756.5,7755.25,7755.5,1584
2026-08-19 08:18:00-07:00,7755.5,7755.75,7754.0,7754.75,1701
2026-08-19 08:19:00-07:00,7754.5,7755.25,7753.75,7754.5,1596
2026-08-19 08:20:00-07:00,7754.5,7755.0,7752.75,7753.25,2242
2026-08-19 08:21:00-07:00,7753.25,7753.75,7751.75,7752.5,2831
2026-08-19 08:22:00-07:00,7752.25,7755.0,7752.25,7754.5,1383
2026-08-19 08:23:00-07:00,7754.75,7755.5,7754.0,7754.25,2003
2026-08-19 08:24:00-07:00,7754.25,7754.75,7751.25,7751.5,1880
2026-08-19 08:25:00-07:00,7751.5,7751.5,7748.25,7750.0,3742
2026-08-19 08:26:00-07:00,7750.25,7750.25,7748.5,7750.0,2045
2026-08-19 08:27:00-07:00,7749.75,7751.25,7749.5,7750.0,2301
2026-08-19 08:28:00-07:00,7750.25,7751.0,7749.5,7750.5,2044
2026-08-19 08:29:00-07:00,7750.75,7752.0,7748.75,7750.75,2812
2026-08-19 08:30:00-07:00,7750.75,7751.25,7749.0,7749.75,2874
2026-08-19 08:31:00-07:00,7750.0,7750.75,7748.75,7749.0,1836
2026-08-19 08:32:00-07:00,7749.0,7749.75,7748.25,7748.5,1788
2026-08-19 08:33:00-07:00,7748.5,7750.25,7748.0,7748.0,1733
2026-08-19 08:34:00-07:00,7748.0,7748.25,7747.0,7747.25,1858
2026-08-19 08:35:00-07:00,7747.5,7748.75,7746.0,7747.0,2395
2026-08-19 08:36:00-07:00,7747.0,7747.5,7744.5,7744.75,2140
2026-08-19 08:37:00-07:00,7744.5,7748.0,7743.0,7747.0,3588
2026-08-19 08:38:00-07:00,7746.75,7747.25,7745.0,7745.5,1477
2026-08-19 08:39:00-07:00,7745.5,7746.25,7744.5,7744.75,1634
2026-08-19 08:40:00-07:00,7744.75,7744.75,7741.0,7741.25,4083
2026-08-19 08:41:00-07:00,7741.0,7741.75,7740.0,7741.0,2541
2026-08-19 08:42:00-07:00,7740.75,7742.0,7740.0,7741.5,2678
2026-08-19 08:43:00-07:00,7741.5,7743.25,7740.25,7742.0,2299
2026-08-19 08:44:00-07:00,7742.25,7744.5,7741.75,7744.25,2634
2026-08-19 08:45:00-07:00,7744.25,7744.25,7743.0,7744.25,2632
2026-08-19 08:46:00-07:00,7744.0,7746.5,7743.75,7745.75,4108
2026-08-19 08:47:00-07:00,7746.0,7746.25,7744.0,7744.5,1713
2026-08-19 08:48:00-07:00,7744.75,7747.75,7744.5,7747.5,2098
2026-08-19 08:49:00-07:00,7747.5,7748.25,7743.25,7743.25,3362
2026-08-19 08:50:00-07:00,7743.25,7744.75,7741.5,7743.75,4240
2026-08-19 08:51:00-07:00,7743.75,7744.5,7743.0,7743.25,2487
2026-08-19 08:52:00-07:00,7743.25,7743.75,7742.25,7743.0,2170
2026-08-19 08:53:00-07:00,7743.25,7743.75,7741.25,7741.5,1680
2026-08-19 08:54:00-07:00,7741.75,7742.5,7740.0,7740.75,3313
2026-08-19 08:55:00-07:00,7740.5,7742.5,7739.75,7742.0,2016
2026-08-19 08:56:00-07:00,7742.25,7742.75,7740.5,7742.0,1498
2026-08-19 08:57:00-07:00,7742.0,7743.0,7741.5,7741.75,1053
2026-08-19 08:58:00-07:00,7741.75,7744.0,7741.5,7743.75,1785
2026-08-19 08:59:00-07:00,7743.75,7745.75,7743.75,7745.75,2040
2026-08-19 09:00:00-07:00,7745.75,7748.0,7743.25,7748.0,5472
2026-08-19 09:01:00-07:00,7748.0,7749.0,7746.0,7748.75,2559
2026-08-19 09:02:00-07:00,7748.75,7750.5,7748.25,7750.0,2815
2026-08-19 09:03:00-07:00,7750.25,7751.5,7750.0,7750.5,2125
2026-08-19 09:04:00-07:00,7750.75,7752.5,7750.5,7752.5,2173
2026-08-19 09:05:00-07:00,7752.5,7753.0,7751.5,7752.5,2068
2026-08-19 09:06:00-07:00,7752.75,7753.25,7751.5,7752.5,2128
2026-08-19 09:07:00-07:00,7752.25,7754.75,7751.5,7754.75,2764
2026-08-19 09:08:00-07:00,7755.0,7755.5,7753.5,7753.5,2055
2026-08-19 09:09:00-07:00,7753.5,7754.75,7753.0,7754.75,1422
2026-08-19 09:10:00-07:00,7754.5,7755.75,7754.25,7755.25,1732
2026-08-19 09:11:00-07:00,7755.25,7756.25,7754.25,7755.5,2208
2026-08-19 09:12:00-07:00,7755.25,7756.0,7754.5,7755.75,1443
2026-08-19 09:13:00-07:00,7755.75,7756.25,7754.75,7755.5,1142
2026-08-19 09:14:00-07:00,7755.5,7755.75,7754.5,7755.0,1211
2026-08-19 09:15:00-07:00,7755.0,7757.25,7753.75,7757.0,2725
2026-08-19 09:16:00-07:00,7757.0,7758.5,7756.25,7758.0,2002
2026-08-19 09:17:00-07:00,7758.25,7758.5,7757.0,7757.0,1312
2026-08-19 09:18:00-07:00,7757.25,7759.5,7756.5,7759.25,1750
2026-08-19 09:19:00-07:00,7759.5,7759.5,7757.75,7758.0,1632
2026-08-19 09:20:00-07:00,7757.75,7758.0,7756.75,7757.0,1675
2026-08-19 09:21:00-07:00,7756.75,7757.5,7754.75,7755.25,2025
2026-08-19 09:22:00-07:00,7755.5,7755.5,7754.25,7754.75,1272
2026-08-19 09:23:00-07:00,7754.75,7755.0,7754.0,7754.25,1259
2026-08-19 09:24:00-07:00,7754.25,7754.75,7753.0,7753.75,1331
2026-08-19 09:25:00-07:00,7753.75,7753.75,7751.25,7751.25,2718
2026-08-19 09:26:00-07:00,7751.25,7752.5,7751.25,7751.5,1711
2026-08-19 09:27:00-07:00,7751.5,7751.75,7749.5,7750.5,1532
2026-08-19 09:28:00-07:00,7750.25,7751.25,7747.25,7747.5,2398
2026-08-19 09:29:00-07:00,7747.5,7747.75,7745.75,7746.0,2344
2026-08-19 09:30:00-07:00,7746.0,7746.25,7743.5,7745.5,4131
2026-08-19 09:31:00-07:00,7745.25,7745.25,7744.0,7745.0,2074
2026-08-19 09:32:00-07:00,7745.0,7746.0,7744.0,7744.5,1754
2026-08-19 09:33:00-07:00,7744.75,7746.75,7744.5,7746.25,1938
2026-08-19 09:34:00-07:00,7746.25,7747.0,7745.0,7746.75,1662
2026-08-19 09:35:00-07:00,7746.5,7746.75,7742.5,7743.0,2027
2026-08-19 09:36:00-07:00,7742.75,7743.5,7742.0,7742.75,1536
2026-08-19 09:37:00-07:00,7742.75,7744.75,7742.75,7743.5,1153
2026-08-19 09:38:00-07:00,7743.5,7745.25,7743.5,7744.75,1081
2026-08-19 09:39:00-07:00,7744.5,7746.5,7744.25,7744.5,1297
2026-08-19 09:40:00-07:00,7744.5,7744.75,7743.0,7743.5,1225
2026-08-19 09:41:00-07:00,7743.5,7744.25,7742.0,7744.0,1352
2026-08-19 09:42:00-07:00,7744.0,7744.25,7741.75,7742.25,1132
2026-08-19 09:43:00-07:00,7742.25,7743.0,7741.75,7742.5,1550
2026-08-19 09:44:00-07:00,7742.75,7744.25,7742.5,7743.25,1143
2026-08-19 09:45:00-07:00,7743.0,7743.25,7741.75,7741.75,1079
2026-08-19 09:46:00-07:00,7741.75,7743.25,7741.75,7742.0,1681
2026-08-19 09:47:00-07:00,7742.0,7743.5,7742.0,7742.75,1113
2026-08-19 09:48:00-07:00,7742.5,7743.75,7742.25,7742.5,1651
2026-08-19 09:49:00-07:00,7742.5,7742.5,7740.25,7741.0,2080
2026-08-19 09:50:00-07:00,7741.0,7741.0,7738.5,7738.75,2861
2026-08-19 09:51:00-07:00,7739.0,7739.5,7737.75,7739.25,3027
2026-08-19 09:52:00-07:00,7739.25,7739.75,7738.25,7739.5,2141
2026-08-19 09:53:00-07:00,7739.5,7739.75,7736.75,7737.0,2203
2026-08-19 09:54:00-07:00,7737.0,7738.25,7736.5,7738.0,2053
2026-08-19 09:55:00-07:00,7737.75,7737.75,7736.0,7737.0,1819
2026-08-19 09:56:00-07:00,7737.0,7737.5,7735.75,7736.25,1598
2026-08-19 09:57:00-07:00,7736.25,7736.75,7734.25,7734.5,2646
2026-08-19 09:58:00-07:00,7734.5,7736.25,7734.25,7735.75,1619
2026-08-19 09:59:00-07:00,7735.75,7737.5,7735.25,7736.0,1292
2026-08-19 10:00:00-07:00,7736.0,7738.75,7735.25,7738.75,2061
2026-08-19 10:01:00-07:00,7738.5,7739.0,7737.5,7738.5,1216
2026-08-19 10:02:00-07:00,7738.25,7740.5,7738.0,7738.5,2237
2026-08-19 10:03:00-07:00,7738.5,7739.0,7736.5,7738.75,1744
2026-08-19 10:04:00-07:00,7738.5,7739.0,7737.75,7738.5,1392
2026-08-19 10:05:00-07:00,7738.5,7741.5,7738.5,7741.0,1605
2026-08-19 10:06:00-07:00,7741.0,7741.25,7738.25,7739.0,1637
2026-08-19 10:07:00-07:00,7739.0,7739.0,7736.5,7736.5,1767
2026-08-19 10:08:00-07:00,7736.75,7738.0,7735.0,7735.25,2017
2026-08-19 10:09:00-07:00,7735.5,7736.0,7733.75,7734.25,1989
2026-08-19 10:10:00-07:00,7734.25,7737.0,7734.25,7736.25,1997
2026-08-19 10:11:00-07:00,7736.25,7737.0,7735.5,7736.25,1347
2026-08-19 10:12:00-07:00,7736.25,7739.0,7736.0,7739.0,1334
2026-08-19 10:13:00-07:00,7738.75,7740.0,7738.25,7738.25,1413
2026-08-19 10:14:00-07:00,7738.0,7739.0,7737.75,7737.75,1074
2026-08-19 10:15:00-07:00,7737.5,7738.25,7737.25,7737.5,1213
2026-08-19 10:16:00-07:00,7737.25,7738.75,7737.0,7738.25,945
2026-08-19 10:17:00-07:00,7738.5,7739.25,7737.75,7738.0,956
2026-08-19 10:18:00-07:00,7738.0,7738.5,7734.75,7735.25,1304
2026-08-19 10:19:00-07:00,7735.25,7735.5,7733.75,7733.75,2935
2026-08-19 10:20:00-07:00,7734.0,7734.5,7732.5,7733.25,2360
2026-08-19 10:21:00-07:00,7733.0,7733.0,7730.25,7730.25,2701
2026-08-19 10:22:00-07:00,7730.25,7731.5,7729.75,7731.0,2431
2026-08-19 10:23:00-07:00,7731.25,7733.75,7731.0,7732.75,2053
2026-08-19 10:24:00-07:00,7732.75,7733.0,7731.5,7732.25,1628
2026-08-19 10:25:00-07:00,7732.25,7733.25,7731.5,7731.75,1479
2026-08-19 10:26:00-07:00,7731.75,7734.25,7731.5,7734.0,1443
2026-08-19 10:27:00-07:00,7734.0,7734.0,7732.75,7733.5,1538
2026-08-19 10:28:00-07:00,7733.75,7735.75,7733.5,7735.75,2138
2026-08-19 10:29:00-07:00,7736.0,7736.0,7734.5,7735.0,1704
2026-08-19 10:30:00-07:00,7734.75,7736.0,7733.5,7735.5,2290
2026-08-19 10:31:00-07:00,7735.5,7735.5,7732.75,7733.0,1448
2026-08-19 10:32:00-07:00,7732.75,7733.25,7731.25,7731.75,1803
2026-08-19 10:33:00-07:00,7731.5,7733.25,7731.25,7732.25,1388
2026-08-19 10:34:00-07:00,7732.5,7733.5,7731.5,7731.5,1340
2026-08-19 10:35:00-07:00,7731.25,7732.75,7730.75,7732.75,2155
2026-08-19 10:36:00-07:00,7733.0,7734.25,7732.25,7734.25,1598
2026-08-19 10:37:00-07:00,7734.0,7734.25,7731.75,7732.0,1169
2026-08-19 10:38:00-07:00,7732.0,7733.0,7732.0,7732.5,942
2026-08-19 10:39:00-07:00,7732.25,7733.0,7731.5,7731.75,971
2026-08-19 10:40:00-07:00,7732.0,7733.5,7731.5,7732.75,1020
2026-08-19 10:41:00-07:00,7732.5,7734.0,7732.0,7734.0,991
2026-08-19 10:42:00-07:00,7733.75,7737.0,7733.75,7735.75,2485
2026-08-19 10:43:00-07:00,7735.75,7736.25,7734.5,7735.75,1392
2026-08-19 10:44:00-07:00,7735.75,7736.0,7734.75,7735.0,854
2026-08-19 10:45:00-07:00,7735.0,7737.0,7735.0,7736.5,1299
2026-08-19 10:46:00-07:00,7736.5,7737.25,7735.5,7736.25,1054
2026-08-19 10:47:00-07:00,7736.0,7736.5,7735.25,7735.5,910
2026-08-19 10:48:00-07:00,7735.5,7736.5,7734.5,7736.5,1258
2026-08-19 10:49:00-07:00,7736.75,7736.75,7734.25,7734.75,1491
2026-08-19 10:50:00-07:00,7734.75,7735.75,7734.0,7734.25,1082
2026-08-19 10:51:00-07:00,7734.25,7736.75,7734.25,7736.75,1450
2026-08-19 10:52:00-07:00,7736.75,7736.75,7735.75,7736.5,1119
2026-08-19 10:53:00-07:00,7736.5,7738.5,7736.25,7737.5,1833
2026-08-19 10:54:00-07:00,7737.5,7737.75,7735.25,7735.5,878
2026-08-19 10:55:00-07:00,7735.5,7735.5,7734.25,7734.25,1146
2026-08-19 10:56:00-07:00,7734.5,7735.5,7734.5,7735.25,618
2026-08-19 10:57:00-07:00,7735.25,7735.25,7733.25,7733.75,717
2026-08-19 10:58:00-07:00,7733.5,7734.75,7733.5,7733.75,702
2026-08-19 10:59:00-07:00,7734.0,7735.0,7732.75,7734.75,881
2026-08-19 11:00:00-07:00,7734.5,7738.0,7733.25,7737.75,2393
2026-08-19 11:01:00-07:00,7737.5,7741.0,7737.5,7740.5,4147
2026-08-19 11:02:00-07:00,7740.75,7745.0,7739.75,7743.25,4255
2026-08-19 11:03:00-07:00,7743.0,7744.0,7742.0,7743.25,2946
2026-08-19 11:04:00-07:00,7743.25,7743.25,7739.5,7740.75,1973
2026-08-19 11:05:00-07:00,7740.5,7742.0,7737.25,7737.75,2589
2026-08-19 11:06:00-07:00,7738.0,7738.25,7734.25,7734.5,3165
2026-08-19 11:07:00-07:00,7734.5,7734.75,7730.0,7732.25,4222
2026-08-19 11:08:00-07:00,7732.25,7732.5,7729.25,7731.0,2703
2026-08-19 11:09:00-07:00,7731.0,7731.5,7729.0,7729.25,3189
2026-08-19 11:10:00-07:00,7729.0,7731.25,7729.0,7730.25,1801
2026-08-19 11:11:00-07:00,7730.25,7733.5,7729.25,7733.0,2404
2026-08-19 11:12:00-07:00,7733.25,7735.0,7732.5,7734.25,1791
2026-08-19 11:13:00-07:00,7734.25,7736.5,7733.75,7734.0,2219
2026-08-19 11:14:00-07:00,7734.0,7735.5,7733.25,7734.0,1271
2026-08-19 11:15:00-07:00,7734.0,7734.25,7731.75,7732.0,1538
2026-08-19 11:16:00-07:00,7732.0,7732.75,7730.5,7730.75,2058
2026-08-19 11:17:00-07:00,7731.0,7731.25,7730.0,7730.0,1652
2026-08-19 11:18:00-07:00,7730.25,7733.5,7730.0,7732.0,1795
2026-08-19 11:19:00-07:00,7732.0,7734.0,7732.0,7732.25,1337
2026-08-19 11:20:00-07:00,7732.5,7732.75,7731.25,7732.25,1045
2026-08-19 11:21:00-07:00,7732.5,7734.25,7732.25,7733.75,1283
2026-08-19 11:22:00-07:00,7733.75,7734.0,7731.75,7732.0,1078
2026-08-19 11:23:00-07:00,7732.0,7733.5,7731.75,7732.5,1002
2026-08-19 11:24:00-07:00,7732.75,7733.25,7731.25,7732.0,1022
2026-08-19 11:25:00-07:00,7732.25,7733.75,7731.75,7733.75,1112
2026-08-19 11:26:00-07:00,7734.0,7734.0,7732.5,7733.0,1292
2026-08-19 11:27:00-07:00,7733.25,7733.75,7732.0,7733.0,1145
2026-08-19 11:28:00-07:00,7733.25,7735.0,7733.0,7733.0,1493
2026-08-19 11:29:00-07:00,7733.0,7735.75,7732.75,7735.0,1758
2026-08-19 11:30:00-07:00,7735.0,7739.5,7735.0,7738.5,4125
2026-08-19 11:31:00-07:00,7738.5,7739.0,7737.25,7737.5,2138
2026-08-19 11:32:00-07:00,7737.5,7738.25,7736.75,7736.75,1573
2026-08-19 11:33:00-07:00,7736.75,7738.0,7736.25,7736.5,1364
2026-08-19 11:34:00-07:00,7736.75,7739.75,7736.25,7738.5,1407
2026-08-19 11:35:00-07:00,7738.5,7738.75,7737.25,7738.0,1556
2026-08-19 11:36:00-07:00,7738.0,7738.25,7737.25,7737.25,873
2026-08-19 11:37:00-07:00,7737.25,7738.25,7736.75,7736.75,1087
2026-08-19 11:38:00-07:00,7736.75,7737.5,7736.0,7736.0,1655
2026-08-19 11:39:00-07:00,7736.25,7738.25,7736.0,7737.0,1603
2026-08-19 11:40:00-07:00,7737.25,7739.25,7737.25,7737.75,1475
2026-08-19 11:41:00-07:00,7738.0,7740.5,7737.75,7739.0,2178
2026-08-19 11:42:00-07:00,7739.25,7739.75,7738.0,7738.5,957
2026-08-19 11:43:00-07:00,7738.75,7739.0,7737.5,7738.25,1017
2026-08-19 11:44:00-07:00,7738.5,7738.5,7736.5,7737.25,1188
2026-08-19 11:45:00-07:00,7737.5,7737.75,7736.25,7736.75,1154
2026-08-19 11:46:00-07:00,7736.75,7736.75,7735.25,7735.5,1170
2026-08-19 11:47:00-07:00,7735.25,7736.75,7735.25,7736.75,879
2026-08-19 11:48:00-07:00,7736.75,7737.25,7735.75,7735.75,1382
2026-08-19 11:49:00-07:00,7735.5,7737.75,7735.5,7737.5,935
2026-08-19 11:50:00-07:00,7737.75,7738.0,7736.5,7737.5,1506
2026-08-19 11:51:00-07:00,7737.75,7738.0,7736.25,7736.5,1453
2026-08-19 11:52:00-07:00,7736.5,7737.0,7735.0,7735.25,1245
2026-08-19 11:53:00-07:00,7735.0,7736.0,7734.0,7736.0,1668
2026-08-19 11:54:00-07:00,7736.0,7736.5,7735.5,7736.25,1148
2026-08-19 11:55:00-07:00,7736.0,7737.0,7735.5,7736.5,879
2026-08-19 11:56:00-07:00,7736.5,7736.5,7734.75,7735.0,976
2026-08-19 11:57:00-07:00,7735.0,7735.75,7734.75,7734.75,811
2026-08-19 11:58:00-07:00,7735.0,7736.25,7734.5,7736.25,1406
2026-08-19 11:59:00-07:00,7736.0,7736.0,7734.5,7734.75,1069
2026-08-19 12:00:00-07:00,7734.75,7736.75,7733.75,7736.75,2683
2026-08-19 12:01:00-07:00,7737.0,7737.5,7736.0,7736.75,1998
2026-08-19 12:02:00-07:00,7736.75,7737.0,7735.5,7735.75,1538
2026-08-19 12:03:00-07:00,7735.75,7736.0,7734.5,7735.75,1258
2026-08-19 12:04:00-07:00,7736.0,7736.25,7735.25,7735.75,1132
2026-08-19 12:05:00-07:00,7736.0,7736.0,7734.5,7735.0,1084
2026-08-19 12:06:00-07:00,7735.25,7736.0,7734.75,7735.5,928
2026-08-19 12:07:00-07:00,7735.5,7736.5,7735.0,7736.5,888
2026-08-19 12:08:00-07:00,7736.75,7738.0,7736.5,7737.75,1373
2026-08-19 12:09:00-07:00,7737.75,7739.25,7737.25,7738.5,1323
2026-08-19 12:10:00-07:00,7738.5,7739.0,7737.5,7738.0,1097
2026-08-19 12:11:00-07:00,7738.25,7738.5,7737.5,7738.0,971
2026-08-19 12:12:00-07:00,7738.0,7739.0,7737.25,7737.5,1036
2026-08-19 12:13:00-07:00,7737.75,7738.0,7737.0,7737.0,875
2026-08-19 12:14:00-07:00,7737.0,7737.5,7736.25,7736.5,1420
2026-08-19 12:15:00-07:00,7736.5,7737.75,7736.0,7737.0,1951
2026-08-19 12:16:00-07:00,7737.25,7737.75,7735.75,7736.25,2586
2026-08-19 12:17:00-07:00,7736.25,7737.0,7736.0,7736.5,1112
2026-08-19 12:18:00-07:00,7736.5,7738.25,7736.5,7738.0,1085
2026-08-19 12:19:00-07:00,7738.25,7739.75,7737.75,7739.75,1857
2026-08-19 12:20:00-07:00,7739.5,7739.75,7738.5,7739.5,1614
2026-08-19 12:21:00-07:00,7739.5,7739.75,7736.25,7736.5,1380
2026-08-19 12:22:00-07:00,7736.25,7738.25,7736.25,7738.0,1342
2026-08-19 12:23:00-07:00,7738.25,7738.5,7737.5,7738.5,1046
2026-08-19 12:24:00-07:00,7738.75,7740.0,7738.5,7739.0,1973
2026-08-19 12:25:00-07:00,7738.75,7739.25,7738.25,7738.5,997
2026-08-19 12:26:00-07:00,7738.25,7740.0,7738.25,7738.25,1541
2026-08-19 12:27:00-07:00,7738.25,7738.75,7738.0,7738.25,1254
2026-08-19 12:28:00-07:00,7738.25,7738.75,7737.5,7737.5,1426
2026-08-19 12:29:00-07:00,7737.5,7738.0,7735.25,7735.75,3169
2026-08-19 12:30:00-07:00,7735.75,7739.5,7735.5,7739.25,2605
2026-08-19 12:31:00-07:00,7739.25,7740.0,7739.0,7739.75,1624
2026-08-19 12:32:00-07:00,7739.5,7742.25,7739.0,7742.0,3295
2026-08-19 12:33:00-07:00,7741.75,7743.5,7741.25,7741.5,2761
2026-08-19 12:34:00-07:00,7741.5,7742.25,7741.25,7741.5,1681
2026-08-19 12:35:00-07:00,7741.5,7741.75,7736.25,7737.5,5944
2026-08-19 12:36:00-07:00,7737.5,7738.0,7734.0,7734.25,3015
2026-08-19 12:37:00-07:00,7734.0,7734.5,7732.0,7732.25,2966
2026-08-19 12:38:00-07:00,7732.25,7734.0,7732.0,7733.25,2646
2026-08-19 12:39:00-07:00,7733.25,7734.75,7731.25,7731.5,3087
2026-08-19 12:40:00-07:00,7731.25,7733.75,7731.25,7732.0,2700
2026-08-19 12:41:00-07:00,7731.75,7732.5,7730.75,7732.25,2712
2026-08-19 12:42:00-07:00,7732.0,7732.25,7731.0,7731.25,1806
2026-08-19 12:43:00-07:00,7731.25,7731.5,7729.5,7730.5,2775
2026-08-19 12:44:00-07:00,7730.5,7730.75,7729.25,7729.5,1998
2026-08-19 12:45:00-07:00,7729.25,7730.5,7727.75,7728.0,3580
2026-08-19 12:46:00-07:00,7727.75,7728.25,7726.75,7727.0,2987
2026-08-19 12:47:00-07:00,7727.0,7727.75,7724.75,7727.5,3888
2026-08-19 12:48:00-07:00,7727.5,7729.5,7726.25,7726.75,3002
2026-08-19 12:49:00-07:00,7726.75,7727.75,7726.25,7727.25,2466
2026-08-19 12:50:00-07:00,7727.25,7727.25,7722.25,7724.0,7390
2026-08-19 12:51:00-07:00,7724.0,7725.25,7723.5,7724.0,2963
2026-08-19 12:52:00-07:00,7724.0,7725.25,7722.25,7724.5,3696
2026-08-19 12:53:00-07:00,7724.5,7727.0,7724.0,7725.5,3983
2026-08-19 12:54:00-07:00,7725.5,7728.5,7725.0,7727.0,6188
2026-08-19 12:55:00-07:00,7727.0,7727.25,7721.75,7722.75,8544
2026-08-20 06:25:00-07:00,7696.25,7698.75,7695.5,7698.75,2147
2026-08-20 06:26:00-07:00,7698.5,7698.5,7696.0,7696.75,927
2026-08-20 06:27:00-07:00,7696.75,7697.0,7694.0,7695.5,1310
2026-08-20 06:28:00-07:00,7695.75,7698.0,7695.75,7697.5,810
2026-08-20 06:29:00-07:00,7697.75,7698.5,7696.75,7698.0,1381
2026-08-20 06:30:00-07:00,7698.0,7702.75,7697.25,7697.75,12503
2026-08-20 06:31:00-07:00,7697.75,7706.0,7697.25,7704.75,6299
2026-08-20 06:32:00-07:00,7704.5,7705.5,7702.0,7704.75,5058
2026-08-20 06:33:00-07:00,7704.75,7707.5,7702.0,7707.0,4480
2026-08-20 06:34:00-07:00,7707.0,7710.0,7705.75,7709.25,5113
2026-08-20 06:35:00-07:00,7709.25,7715.75,7705.25,7714.25,12024
2026-08-20 06:36:00-07:00,7714.25,7716.0,7713.0,7714.0,4575
2026-08-20 06:37:00-07:00,7714.0,7714.5,7710.75,7711.0,5071
2026-08-20 06:38:00-07:00,7711.0,7711.75,7708.25,7708.5,4792
2026-08-20 06:39:00-07:00,7708.75,7713.25,7708.75,7711.75,3699
2026-08-20 06:40:00-07:00,7712.0,7712.0,7705.0,7708.0,6024
2026-08-20 06:41:00-07:00,7708.0,7712.75,7706.75,7711.0,4910
2026-08-20 06:42:00-07:00,7711.0,7715.0,7710.0,7714.25,4751
2026-08-20 06:43:00-07:00,7714.5,7715.5,7713.0,7715.5,3602
2026-08-20 06:44:00-07:00,7715.75,7716.25,7712.0,7712.0,3122
2026-08-20 06:45:00-07:00,7712.25,7713.75,7709.0,7710.25,4466
2026-08-20 06:46:00-07:00,7710.5,7712.75,7709.25,7711.0,3912
2026-08-20 06:47:00-07:00,7711.25,7711.25,7708.0,7709.0,3294
2026-08-20 06:48:00-07:00,7709.0,7710.25,7706.5,7706.75,3519
2026-08-20 06:49:00-07:00,7707.0,7710.75,7705.0,7710.0,3526
2026-08-20 06:50:00-07:00,7710.25,7711.5,7707.25,7710.0,3748
2026-08-20 06:51:00-07:00,7710.0,7710.75,7705.0,7706.0,3958
2026-08-20 06:52:00-07:00,7705.75,7707.75,7704.0,7704.5,4040
2026-08-20 06:53:00-07:00,7704.5,7706.0,7702.75,7703.5,4911
2026-08-20 06:54:00-07:00,7703.25,7708.5,7703.0,7708.25,3642
2026-08-20 06:55:00-07:00,7708.25,7710.75,7706.25,7710.5,3706
2026-08-20 06:56:00-07:00,7710.5,7711.75,7703.25,7703.25,3793
2026-08-20 06:57:00-07:00,7703.25,7704.75,7700.5,7700.5,4636
2026-08-20 06:58:00-07:00,7700.75,7704.5,7700.0,7704.5,3729
2026-08-20 06:59:00-07:00,7704.5,7705.25,7702.0,7703.75,3621
2026-08-20 07:00:00-07:00,7703.75,7707.75,7703.5,7703.75,5766
2026-08-20 07:01:00-07:00,7703.75,7706.5,7703.25,7704.75,4987
2026-08-20 07:02:00-07:00,7704.5,7705.75,7699.75,7699.75,4626
2026-08-20 07:03:00-07:00,7700.0,7702.25,7698.75,7700.75,5172
2026-08-20 07:04:00-07:00,7700.75,7701.75,7698.25,7698.25,3828
2026-08-20 07:05:00-07:00,7698.5,7699.75,7696.75,7699.25,4227
2026-08-20 07:06:00-07:00,7699.0,7704.25,7697.5,7701.5,4925
2026-08-20 07:07:00-07:00,7701.5,7702.75,7698.25,7702.25,4731
2026-08-20 07:08:00-07:00,7702.25,7702.5,7697.25,7700.75,3819
2026-08-20 07:09:00-07:00,7700.75,7705.0,7700.0,7704.75,4203
2026-08-20 07:10:00-07:00,7705.0,7705.75,7702.0,7704.5,4581
2026-08-20 07:11:00-07:00,7704.25,7705.25,7700.25,7701.0,3398
2026-08-20 07:12:00-07:00,7701.0,7703.5,7698.75,7700.75,3072
2026-08-20 07:13:00-07:00,7701.0,7702.75,7699.0,7699.75,3053
2026-08-20 07:14:00-07:00,7699.75,7701.25,7697.5,7698.25,3228
2026-08-20 07:15:00-07:00,7698.25,7699.75,7694.25,7695.25,4356
2026-08-20 07:16:00-07:00,7695.0,7696.25,7692.5,7693.5,4879
2026-08-20 07:17:00-07:00,7693.5,7694.5,7691.75,7694.25,4024
2026-08-20 07:18:00-07:00,7694.0,7696.75,7693.5,7695.0,4692
2026-08-20 07:19:00-07:00,7695.0,7695.75,7692.5,7692.5,3971
2026-08-20 07:20:00-07:00,7692.5,7702.5,7691.75,7699.5,5821
2026-08-20 07:21:00-07:00,7699.5,7701.0,7697.75,7699.0,3891
2026-08-20 07:22:00-07:00,7698.75,7703.25,7695.75,7703.0,4476
2026-08-20 07:23:00-07:00,7702.75,7707.75,7701.5,7706.75,6365
2026-08-20 07:24:00-07:00,7706.75,7707.75,7704.75,7705.75,5757
2026-08-20 07:25:00-07:00,7706.0,7706.75,7703.5,7704.25,6258
2026-08-20 07:26:00-07:00,7704.5,7705.5,7700.5,7700.75,3471
2026-08-20 07:27:00-07:00,7700.75,7702.75,7698.5,7700.0,4501
2026-08-20 07:28:00-07:00,7700.0,7703.25,7698.75,7698.75,3459
2026-08-20 07:29:00-07:00,7698.75,7701.5,7698.0,7700.25,3261
2026-08-20 07:30:00-07:00,7700.25,7701.5,7698.25,7701.0,3476
2026-08-20 07:31:00-07:00,7701.0,7703.75,7699.25,7702.5,3048
2026-08-20 07:32:00-07:00,7702.75,7704.25,7700.0,7702.25,3148
2026-08-20 07:33:00-07:00,7702.5,7705.0,7702.0,7704.5,2903
2026-08-20 07:34:00-07:00,7704.75,7706.5,7699.0,7699.0,2987
2026-08-20 07:35:00-07:00,7699.25,7701.0,7697.5,7701.0,3106
2026-08-20 07:36:00-07:00,7701.0,7704.75,7700.5,7704.25,2653
2026-08-20 07:37:00-07:00,7704.5,7707.0,7703.0,7704.5,4945
2026-08-20 07:38:00-07:00,7704.75,7706.5,7703.5,7705.75,2890
2026-08-20 07:39:00-07:00,7705.75,7710.25,7705.5,7708.0,3322
2026-08-20 07:40:00-07:00,7708.0,7709.25,7705.75,7707.25,3411
2026-08-20 07:41:00-07:00,7707.5,7708.0,7704.0,7704.0,3123
2026-08-20 07:42:00-07:00,7704.25,7709.5,7704.25,7709.0,2975
2026-08-20 07:43:00-07:00,7709.0,7711.0,7709.0,7709.5,3301
2026-08-20 07:44:00-07:00,7709.25,7711.0,7709.25,7710.0,2377
2026-08-20 07:45:00-07:00,7710.0,7712.75,7709.5,7711.25,3265
2026-08-20 07:46:00-07:00,7711.25,7713.0,7709.0,7713.0,3050
2026-08-20 07:47:00-07:00,7713.0,7713.25,7707.75,7708.0,2967
2026-08-20 07:48:00-07:00,7708.25,7708.5,7705.0,7706.25,2585
2026-08-20 07:49:00-07:00,7706.0,7707.75,7704.5,7705.5,3246
2026-08-20 07:50:00-07:00,7705.5,7706.75,7704.25,7705.5,2786
2026-08-20 07:51:00-07:00,7705.75,7707.5,7704.75,7707.25,2084
2026-08-20 07:52:00-07:00,7707.5,7709.0,7706.0,7709.0,2292
2026-08-20 07:53:00-07:00,7708.75,7710.75,7707.75,7708.5,2567
2026-08-20 07:54:00-07:00,7708.75,7709.0,7704.75,7705.25,2138
2026-08-20 07:55:00-07:00,7705.5,7707.75,7705.25,7707.5,1969
2026-08-20 07:56:00-07:00,7707.5,7707.5,7703.75,7705.75,2627
2026-08-20 07:57:00-07:00,7705.5,7707.0,7703.0,7706.5,4476
2026-08-20 07:58:00-07:00,7706.25,7706.5,7703.75,7706.5,2132
2026-08-20 07:59:00-07:00,7706.5,7710.75,7706.5,7710.0,2329
2026-08-20 08:00:00-07:00,7709.75,7711.25,7709.25,7711.0,2766
2026-08-20 08:01:00-07:00,7711.0,7718.5,7710.5,7716.75,9997
2026-08-20 08:02:00-07:00,7716.75,7719.5,7715.25,7716.0,8425
2026-08-20 08:03:00-07:00,7716.0,7720.0,7713.75,7719.75,4762
2026-08-20 08:04:00-07:00,7719.5,7720.0,7716.5,7717.25,3998
2026-08-20 08:05:00-07:00,7717.25,7717.25,7710.5,7710.5,5702
2026-08-20 08:06:00-07:00,7710.5,7711.5,7708.5,7709.25,4548
2026-08-20 08:07:00-07:00,7709.25,7711.0,7707.75,7708.0,3441
2026-08-20 08:08:00-07:00,7708.25,7710.0,7702.5,7704.25,5198
2026-08-20 08:09:00-07:00,7704.25,7704.75,7701.75,7703.75,4478
2026-08-20 08:10:00-07:00,7703.75,7705.25,7700.75,7701.25,5202
2026-08-20 08:11:00-07:00,7701.25,7702.5,7698.5,7701.75,4422
2026-08-20 08:12:00-07:00,7701.75,7703.5,7699.5,7703.5,4290
2026-08-20 08:13:00-07:00,7703.5,7707.75,7702.5,7707.75,4390
2026-08-20 08:14:00-07:00,7707.5,7708.25,7704.75,7706.0,3762
2026-08-20 08:15:00-07:00,7706.0,7706.0,7703.25,7704.75,2833
2026-08-20 08:16:00-07:00,7704.75,7705.25,7702.0,7703.75,2178
2026-08-20 08:17:00-07:00,7704.0,7706.75,7702.75,7705.5,2265
2026-08-20 08:18:00-07:00,7705.75,7708.0,7704.25,7708.0,1921
2026-08-20 08:19:00-07:00,7707.75,7709.0,7705.5,7705.5,2296
2026-08-20 08:20:00-07:00,7705.5,7706.0,7702.25,7703.25,2804
2026-08-20 08:21:00-07:00,7703.0,7703.5,7700.25,7700.75,2764
2026-08-20 08:22:00-07:00,7700.75,7701.75,7698.75,7699.75,3481
2026-08-20 08:23:00-07:00,7699.75,7700.25,7698.5,7698.5,2687
2026-08-20 08:24:00-07:00,7698.75,7702.25,7697.75,7701.0,4120
2026-08-20 08:25:00-07:00,7701.0,7701.5,7698.0,7699.25,3821
2026-08-20 08:26:00-07:00,7699.5,7701.5,7698.75,7700.75,2957
2026-08-20 08:27:00-07:00,7700.75,7703.75,7700.25,7703.25,2856
2026-08-20 08:28:00-07:00,7703.5,7705.5,7702.5,7703.0,2642
2026-08-20 08:29:00-07:00,7703.25,7706.25,7703.0,7705.5,3239
2026-08-20 08:30:00-07:00,7705.5,7707.0,7703.75,7705.5,3142
2026-08-20 08:31:00-07:00,7705.5,7706.25,7702.5,7703.25,2288
2026-08-20 08:32:00-07:00,7703.25,7704.25,7701.0,7704.0,2850
2026-08-20 08:33:00-07:00,7704.0,7704.0,7697.0,7698.25,2844
2026-08-20 08:34:00-07:00,7698.25,7699.0,7695.75,7697.75,3833
2026-08-20 08:35:00-07:00,7697.75,7698.75,7695.75,7695.75,2536
2026-08-20 08:36:00-07:00,7695.75,7696.75,7694.75,7696.5,2650
2026-08-20 08:37:00-07:00,7696.75,7699.5,7696.25,7697.75,3424
2026-08-20 08:38:00-07:00,7697.5,7698.25,7693.75,7694.0,3145
2026-08-20 08:39:00-07:00,7694.25,7694.75,7693.5,7693.75,1973
2026-08-20 08:40:00-07:00,7693.5,7694.75,7692.75,7693.75,2757
2026-08-20 08:41:00-07:00,7693.75,7695.25,7693.0,7694.0,2965
2026-08-20 08:42:00-07:00,7694.0,7696.5,7694.0,7695.0,2559
2026-08-20 08:43:00-07:00,7695.0,7695.25,7692.25,7693.25,2476
2026-08-20 08:44:00-07:00,7693.0,7693.5,7691.25,7691.5,2160
2026-08-20 08:45:00-07:00,7691.75,7692.75,7691.25,7692.5,3083
2026-08-20 08:46:00-07:00,7692.75,7692.75,7690.5,7691.5,2674
2026-08-20 08:47:00-07:00,7691.25,7694.25,7690.5,7694.25,2880
2026-08-20 08:48:00-07:00,7694.0,7695.25,7693.5,7694.5,1906
2026-08-20 08:49:00-07:00,7694.75,7695.5,7693.5,7693.5,2378
2026-08-20 08:50:00-07:00,7693.5,7694.75,7692.5,7694.0,2130
2026-08-20 08:51:00-07:00,7693.75,7697.25,7693.25,7697.25,2477
2026-08-20 08:52:00-07:00,7697.25,7698.5,7695.75,7696.25,3680
2026-08-20 08:53:00-07:00,7696.0,7696.75,7695.25,7695.5,1606
2026-08-20 08:54:00-07:00,7695.5,7697.0,7695.25,7696.75,1320
2026-08-20 08:55:00-07:00,7696.75,7698.0,7695.25,7697.25,1371
2026-08-20 08:56:00-07:00,7697.5,7697.5,7695.75,7696.5,1467
2026-08-20 08:57:00-07:00,7696.5,7697.25,7695.0,7695.5,2085
2026-08-20 08:58:00-07:00,7695.5,7696.75,7694.25,7695.5,1891
2026-08-20 08:59:00-07:00,7695.25,7696.5,7694.75,7696.5,1738
2026-08-20 09:00:00-07:00,7696.5,7697.25,7693.0,7695.0,3067
2026-08-20 09:01:00-07:00,7695.25,7695.5,7693.0,7693.5,1534
2026-08-20 09:02:00-07:00,7693.5,7698.5,7693.25,7698.25,2005
2026-08-20 09:03:00-07:00,7698.0,7699.0,7696.5,7696.5,1850
2026-08-20 09:04:00-07:00,7696.5,7697.75,7693.5,7693.75,1794
2026-08-20 09:05:00-07:00,7693.75,7697.25,7693.75,7694.25,1902
2026-08-20 09:06:00-07:00,7694.0,7695.25,7693.75,7694.75,1832
2026-08-20 09:07:00-07:00,7694.75,7695.25,7693.25,7694.25,2054
2026-08-20 09:08:00-07:00,7694.25,7698.0,7693.75,7697.75,1885
2026-08-20 09:09:00-07:00,7697.5,7698.25,7696.75,7698.25,1431
2026-08-20 09:10:00-07:00,7698.0,7698.5,7695.25,7697.0,1802
2026-08-20 09:11:00-07:00,7697.0,7698.75,7696.75,7698.0,1418
2026-08-20 09:12:00-07:00,7698.0,7698.0,7695.75,7696.0,805
2026-08-20 09:13:00-07:00,7696.0,7696.0,7693.0,7693.25,1456
2026-08-20 09:14:00-07:00,7693.0,7694.0,7692.75,7693.25,1649
2026-08-20 09:15:00-07:00,7693.25,7694.25,7692.75,7693.5,1251
2026-08-20 09:16:00-07:00,7693.5,7694.0,7692.75,7693.25,1129
2026-08-20 09:17:00-07:00,7693.5,7694.0,7692.75,7693.5,1554
2026-08-20 09:18:00-07:00,7693.5,7694.5,7693.0,7694.0,916
2026-08-20 09:19:00-07:00,7694.25,7694.75,7694.0,7694.25,1125
2026-08-20 09:20:00-07:00,7694.25,7695.0,7692.75,7693.75,1698
2026-08-20 09:21:00-07:00,7693.75,7694.5,7693.0,7694.5,868
2026-08-20 09:22:00-07:00,7694.5,7695.25,7693.25,7693.5,1589
2026-08-20 09:23:00-07:00,7693.75,7698.25,7693.75,7696.25,3605
2026-08-20 09:24:00-07:00,7696.25,7699.0,7696.25,7697.25,2191
2026-08-20 09:25:00-07:00,7697.5,7698.5,7696.5,7698.0,2029
2026-08-20 09:26:00-07:00,7698.0,7698.25,7696.5,7697.0,1075
2026-08-20 09:27:00-07:00,7696.75,7697.5,7695.5,7695.75,1168
2026-08-20 09:28:00-07:00,7695.5,7696.5,7694.5,7696.0,1389
2026-08-20 09:29:00-07:00,7696.0,7696.75,7695.25,7695.5,1159
2026-08-20 09:30:00-07:00,7695.5,7696.0,7691.75,7693.0,3329
2026-08-20 09:31:00-07:00,7692.75,7693.0,7691.75,7692.0,1260
2026-08-20 09:32:00-07:00,7692.0,7693.5,7692.0,7693.25,1060
2026-08-20 09:33:00-07:00,7693.0,7696.5,7693.0,7695.75,1542
2026-08-20 09:34:00-07:00,7695.75,7699.25,7695.5,7699.25,3658
2026-08-20 09:35:00-07:00,7699.0,7699.75,7698.0,7699.25,1640
2026-08-20 09:36:00-07:00,7699.25,7701.0,7698.75,7701.0,2043
2026-08-20 09:37:00-07:00,7701.0,7702.0,7699.75,7700.25,2252
2026-08-20 09:38:00-07:00,7700.25,7701.0,7699.5,7701.0,1058
2026-08-20 09:39:00-07:00,7700.75,7702.0,7700.25,7701.0,1565
2026-08-20 09:40:00-07:00,7701.25,7703.5,7700.75,7702.75,2233
2026-08-20 09:41:00-07:00,7702.75,7703.25,7701.5,7702.0,1733
2026-08-20 09:42:00-07:00,7702.0,7702.75,7701.25,7701.5,1691
2026-08-20 09:43:00-07:00,7701.25,7702.5,7701.0,7701.5,1787
2026-08-20 09:44:00-07:00,7701.5,7704.75,7701.25,7704.75,2060
2026-08-20 09:45:00-07:00,7704.5,7704.5,7701.25,7702.0,2099
2026-08-20 09:46:00-07:00,7702.0,7704.25,7702.0,7704.0,1315
2026-08-20 09:47:00-07:00,7704.25,7704.5,7703.25,7703.75,1307
2026-08-20 09:48:00-07:00,7703.5,7704.0,7702.0,7702.5,1363
2026-08-20 09:49:00-07:00,7702.5,7703.0,7701.75,7701.75,1162
2026-08-20 09:50:00-07:00,7702.0,7704.25,7701.5,7702.25,1508
2026-08-20 09:51:00-07:00,7702.25,7702.75,7700.75,7701.0,1972
2026-08-20 09:52:00-07:00,7700.75,7701.5,7699.5,7700.75,1463
2026-08-20 09:53:00-07:00,7700.5,7701.0,7700.25,7700.25,1070
2026-08-20 09:54:00-07:00,7700.25,7700.25,7699.0,7699.75,1002
2026-08-20 09:55:00-07:00,7699.75,7700.25,7699.25,7699.5,1491
2026-08-20 09:56:00-07:00,7699.25,7699.75,7698.25,7699.0,1476
2026-08-20 09:57:00-07:00,7699.25,7702.0,7699.0,7699.25,2575
2026-08-20 09:58:00-07:00,7699.5,7700.75,7698.75,7700.25,1275
2026-08-20 09:59:00-07:00,7700.25,7703.25,7700.25,7702.0,1619
2026-08-20 10:00:00-07:00,7702.25,7702.25,7700.25,7700.75,1528
2026-08-20 10:01:00-07:00,7701.0,7701.0,7698.25,7698.75,926
2026-08-20 10:02:00-07:00,7698.75,7700.25,7698.0,7698.0,1338
2026-08-20 10:03:00-07:00,7698.0,7698.5,7697.5,7698.25,1020
2026-08-20 10:04:00-07:00,7698.0,7699.0,7698.0,7698.5,889
2026-08-20 10:05:00-07:00,7698.25,7698.5,7696.75,7697.75,1217
2026-08-20 10:06:00-07:00,7697.75,7697.75,7695.0,7696.25,2042
2026-08-20 10:07:00-07:00,7696.25,7696.25,7695.25,7695.5,1336
2026-08-20 10:08:00-07:00,7695.75,7696.0,7694.0,7695.0,2154
2026-08-20 10:09:00-07:00,7695.25,7696.0,7694.75,7695.0,1136
2026-08-20 10:10:00-07:00,7695.0,7695.5,7694.25,7694.5,1236
2026-08-20 10:11:00-07:00,7694.5,7695.5,7694.0,7695.25,1144
2026-08-20 10:12:00-07:00,7695.5,7696.25,7694.5,7695.5,1382
2026-08-20 10:13:00-07:00,7695.5,7696.25,7694.0,7694.0,917
2026-08-20 10:14:00-07:00,7694.0,7694.0,7692.75,7693.25,1661
2026-08-20 10:15:00-07:00,7693.0,7693.5,7690.5,7691.0,1706
2026-08-20 10:16:00-07:00,7691.0,7691.25,7688.75,7689.25,3136
2026-08-20 10:17:00-07:00,7689.25,7689.25,7687.5,7688.25,2219
2026-08-20 10:18:00-07:00,7688.25,7689.75,7687.75,7688.25,2636
2026-08-20 10:19:00-07:00,7688.25,7689.0,7686.0,7686.5,2569
2026-08-20 10:20:00-07:00,7686.75,7688.75,7685.75,7688.0,3909
2026-08-20 10:21:00-07:00,7688.25,7688.75,7687.25,7687.75,2008
2026-08-20 10:22:00-07:00,7688.0,7690.5,7688.0,7689.25,2537
2026-08-20 10:23:00-07:00,7689.25,7690.0,7688.75,7689.5,2045
2026-08-20 10:24:00-07:00,7689.5,7690.25,7688.25,7688.25,1666
2026-08-20 10:25:00-07:00,7688.0,7689.0,7687.25,7687.5,1318
2026-08-20 10:26:00-07:00,7687.25,7688.0,7686.75,7687.25,1143
2026-08-20 10:27:00-07:00,7687.25,7687.5,7685.0,7685.5,1867
2026-08-20 10:28:00-07:00,7685.5,7686.25,7685.25,7686.0,1538
2026-08-20 10:29:00-07:00,7686.0,7686.75,7685.0,7685.75,2094
2026-08-20 10:30:00-07:00,7685.75,7686.0,7684.5,7685.5,3046
2026-08-20 10:31:00-07:00,7685.25,7687.0,7685.25,7686.5,1673
2026-08-20 10:32:00-07:00,7686.5,7687.0,7684.75,7685.5,1354
2026-08-20 10:33:00-07:00,7685.5,7686.0,7684.75,7684.75,1263
2026-08-20 10:34:00-07:00,7684.75,7685.5,7683.75,7684.0,1523
2026-08-20 10:35:00-07:00,7684.0,7685.75,7683.5,7684.5,1808
2026-08-20 10:36:00-07:00,7684.5,7685.0,7682.75,7683.75,2367
2026-08-20 10:37:00-07:00,7683.75,7683.75,7680.75,7682.25,2961
2026-08-20 10:38:00-07:00,7682.0,7683.0,7681.5,7683.0,1640
2026-08-20 10:39:00-07:00,7683.0,7683.75,7682.5,7682.75,1518
2026-08-20 10:40:00-07:00,7682.5,7683.25,7681.0,7681.75,1416
2026-08-20 10:41:00-07:00,7681.75,7682.5,7680.75,7681.0,1006
2026-08-20 10:42:00-07:00,7681.0,7682.0,7680.25,7681.25,2129
2026-08-20 10:43:00-07:00,7681.25,7681.5,7680.5,7681.0,1660
2026-08-20 10:44:00-07:00,7680.75,7683.0,7680.75,7682.75,2093
2026-08-20 10:45:00-07:00,7682.5,7684.25,7682.0,7684.0,2276
2026-08-20 10:46:00-07:00,7683.75,7685.25,7683.5,7684.5,2528
2026-08-20 10:47:00-07:00,7684.5,7685.25,7684.25,7685.0,1123
2026-08-20 10:48:00-07:00,7685.25,7686.25,7684.75,7685.5,2102
2026-08-20 10:49:00-07:00,7685.25,7686.5,7685.25,7685.25,1041
2026-08-20 10:50:00-07:00,7685.25,7687.75,7685.0,7687.5,1778
2026-08-20 10:51:00-07:00,7687.5,7688.25,7686.75,7687.0,1506
2026-08-20 10:52:00-07:00,7687.0,7687.25,7685.75,7686.25,1272
2026-08-20 10:53:00-07:00,7686.0,7687.0,7685.25,7686.5,1488
2026-08-20 10:54:00-07:00,7686.5,7686.75,7685.25,7685.75,1062
2026-08-20 10:55:00-07:00,7685.75,7685.75,7684.25,7685.25,1918
2026-08-20 10:56:00-07:00,7685.0,7686.0,7684.75,7685.75,1361
2026-08-20 10:57:00-07:00,7686.0,7686.0,7685.0,7686.0,1199
2026-08-20 10:58:00-07:00,7686.0,7686.5,7684.0,7684.75,1695
2026-08-20 10:59:00-07:00,7684.75,7684.75,7683.0,7683.5,1892
2026-08-20 11:00:00-07:00,7683.5,7683.5,7680.25,7681.5,3184
2026-08-20 11:01:00-07:00,7681.5,7682.0,7680.0,7680.75,2777
2026-08-20 11:02:00-07:00,7680.75,7681.0,7678.25,7678.5,3495
2026-08-20 11:03:00-07:00,7678.5,7680.0,7678.25,7679.25,2413
2026-08-20 11:04:00-07:00,7679.0,7679.75,7678.25,7679.25,1544
2026-08-20 11:05:00-07:00,7679.0,7679.5,7675.25,7676.75,4056
2026-08-20 11:06:00-07:00,7676.5,7677.75,7676.0,7676.25,2176
2026-08-20 11:07:00-07:00,7676.0,7676.5,7674.25,7675.0,3839
2026-08-20 11:08:00-07:00,7675.0,7675.25,7673.75,7674.25,2051
2026-08-20 11:09:00-07:00,7674.5,7675.75,7674.5,7675.25,1641
2026-08-20 11:10:00-07:00,7675.25,7675.25,7671.5,7672.25,3301
2026-08-20 11:11:00-07:00,7672.25,7674.25,7671.5,7673.25,2817
2026-08-20 11:12:00-07:00,7673.5,7676.0,7673.5,7673.75,2519
2026-08-20 11:13:00-07:00,7673.75,7674.5,7672.75,7674.25,1739
2026-08-20 11:14:00-07:00,7674.25,7674.75,7672.5,7673.75,2059
2026-08-20 11:15:00-07:00,7673.75,7674.0,7671.75,7672.5,2211
2026-08-20 11:16:00-07:00,7672.5,7672.75,7669.25,7670.25,3314
2026-08-20 11:17:00-07:00,7670.25,7671.75,7670.25,7671.75,2715
2026-08-20 11:18:00-07:00,7671.75,7673.75,7671.5,7673.5,2035
2026-08-20 11:19:00-07:00,7673.5,7675.0,7673.25,7675.0,2124
2026-08-20 11:20:00-07:00,7675.0,7677.0,7675.0,7676.75,2603
2026-08-20 11:21:00-07:00,7676.75,7677.0,7675.25,7676.25,1751
2026-08-20 11:22:00-07:00,7676.0,7677.75,7675.5,7675.5,1861
2026-08-20 11:23:00-07:00,7675.75,7677.0,7675.5,7675.75,1611
2026-08-20 11:24:00-07:00,7675.75,7676.75,7674.0,7674.25,1371
2026-08-20 11:25:00-07:00,7674.25,7675.0,7673.0,7673.5,2357
2026-08-20 11:26:00-07:00,7673.25,7674.0,7673.0,7673.0,1106
2026-08-20 11:27:00-07:00,7673.25,7674.0,7672.5,7673.25,1399
2026-08-20 11:28:00-07:00,7673.0,7674.5,7672.75,7674.0,1359
2026-08-20 11:29:00-07:00,7673.75,7675.25,7673.5,7673.75,2285
2026-08-20 11:30:00-07:00,7673.75,7674.5,7672.5,7673.25,2302
2026-08-20 11:31:00-07:00,7673.0,7674.25,7672.75,7673.0,1214
2026-08-20 11:32:00-07:00,7673.0,7673.5,7672.0,7672.5,1081
2026-08-20 11:33:00-07:00,7672.25,7672.5,7671.0,7671.0,1645
2026-08-20 11:34:00-07:00,7671.0,7671.75,7670.5,7671.25,1722
2026-08-20 11:35:00-07:00,7671.25,7672.75,7671.0,7671.75,1368
2026-08-20 11:36:00-07:00,7671.75,7674.25,7671.25,7674.25,2077
2026-08-20 11:37:00-07:00,7674.25,7674.5,7672.75,7673.75,1285
2026-08-20 11:38:00-07:00,7673.75,7674.0,7673.0,7673.75,1424
2026-08-20 11:39:00-07:00,7673.5,7674.0,7672.25,7672.25,911
2026-08-20 11:40:00-07:00,7672.25,7672.75,7670.25,7671.5,1615
2026-08-20 11:41:00-07:00,7671.25,7672.0,7670.75,7671.75,1223
2026-08-20 11:42:00-07:00,7671.75,7673.75,7671.5,7673.0,1554
2026-08-20 11:43:00-07:00,7673.25,7674.25,7673.0,7673.5,1266
2026-08-20 11:44:00-07:00,7673.5,7674.5,7673.25,7673.75,1382
2026-08-20 11:45:00-07:00,7674.0,7674.25,7672.5,7673.75,2141
2026-08-20 11:46:00-07:00,7673.5,7673.5,7672.25,7673.0,1249
2026-08-20 11:47:00-07:00,7673.0,7675.25,7672.5,7675.0,1729
2026-08-20 11:48:00-07:00,7675.0,7676.75,7674.5,7676.0,2717
2026-08-20 11:49:00-07:00,7676.0,7676.5,7675.25,7675.25,1495
2026-08-20 11:50:00-07:00,7675.25,7675.75,7674.0,7674.0,1425
2026-08-20 11:51:00-07:00,7674.0,7676.0,7674.0,7675.0,1621
2026-08-20 11:52:00-07:00,7675.25,7675.25,7674.5,7674.5,1307
2026-08-20 11:53:00-07:00,7674.75,7675.25,7673.5,7673.75,1239
2026-08-20 11:54:00-07:00,7673.75,7675.0,7673.5,7674.25,1143
2026-08-20 11:55:00-07:00,7674.25,7675.75,7674.0,7674.25,1723
2026-08-20 11:56:00-07:00,7674.25,7674.5,7673.75,7674.0,757
2026-08-20 11:57:00-07:00,7674.0,7674.0,7672.75,7673.0,1875
2026-08-20 11:58:00-07:00,7673.0,7673.25,7671.5,7672.5,1654
2026-08-20 11:59:00-07:00,7672.75,7673.0,7670.5,7670.5,1699
2026-08-20 12:00:00-07:00,7670.5,7671.5,7670.0,7671.0,3259
2026-08-20 12:01:00-07:00,7671.0,7672.0,7670.25,7670.25,1923
2026-08-20 12:02:00-07:00,7670.25,7672.0,7670.0,7672.0,1705
2026-08-20 12:03:00-07:00,7671.75,7672.5,7671.25,7671.5,1528
2026-08-20 12:04:00-07:00,7671.5,7672.75,7670.75,7672.25,1483
2026-08-20 12:05:00-07:00,7672.25,7673.5,7671.0,7673.25,2172
2026-08-20 12:06:00-07:00,7673.25,7675.25,7673.0,7674.0,2480
2026-08-20 12:07:00-07:00,7674.25,7675.25,7674.0,7674.5,2140
2026-08-20 12:08:00-07:00,7674.25,7675.5,7674.25,7674.5,1670
2026-08-20 12:09:00-07:00,7674.5,7675.25,7674.25,7674.5,1137
2026-08-20 12:10:00-07:00,7674.75,7674.75,7673.0,7673.25,1519
2026-08-20 12:11:00-07:00,7673.25,7673.5,7672.25,7672.75,1599
2026-08-20 12:12:00-07:00,7673.0,7673.5,7672.5,7672.5,1024
2026-08-20 12:13:00-07:00,7672.75,7674.0,7672.5,7673.75,1179
2026-08-20 12:14:00-07:00,7673.75,7675.0,7673.25,7673.5,1563
2026-08-20 12:15:00-07:00,7673.5,7676.25,7673.5,7675.5,2663
2026-08-20 12:16:00-07:00,7675.5,7676.25,7674.75,7674.75,1524
2026-08-20 12:17:00-07:00,7674.75,7674.75,7672.75,7672.75,1304
2026-08-20 12:18:00-07:00,7673.0,7673.75,7672.5,7673.0,1274
2026-08-20 12:19:00-07:00,7673.0,7673.25,7671.0,7671.75,1731
2026-08-20 12:20:00-07:00,7671.75,7672.25,7670.75,7671.0,1645
2026-08-20 12:21:00-07:00,7671.0,7671.5,7670.5,7671.5,1656
2026-08-20 12:22:00-07:00,7671.5,7673.25,7671.5,7673.25,1409
2026-08-20 12:23:00-07:00,7673.5,7675.0,7673.5,7674.0,2062
2026-08-20 12:24:00-07:00,7674.0,7676.0,7673.75,7675.0,2448
2026-08-20 12:25:00-07:00,7674.75,7676.0,7674.5,7674.75,2223
2026-08-20 12:26:00-07:00,7674.75,7675.25,7673.75,7674.75,1300
2026-08-20 12:27:00-07:00,7674.75,7675.5,7674.0,7674.0,1742
2026-08-20 12:28:00-07:00,7674.25,7674.25,7673.25,7674.0,1573
2026-08-20 12:29:00-07:00,7673.75,7674.5,7673.0,7673.25,1389
2026-08-20 12:30:00-07:00,7673.5,7673.75,7671.75,7671.75,3807
2026-08-20 12:31:00-07:00,7671.75,7672.5,7670.75,7671.25,1618
2026-08-20 12:32:00-07:00,7671.5,7672.25,7671.0,7671.75,1532
2026-08-20 12:33:00-07:00,7671.75,7672.25,7670.25,7670.5,1759
2026-08-20 12:34:00-07:00,7670.5,7670.75,7668.75,7670.25,3299
2026-08-20 12:35:00-07:00,7670.5,7671.25,7669.5,7671.25,1905
2026-08-20 12:36:00-07:00,7671.5,7673.5,7670.75,7673.25,1933
2026-08-20 12:37:00-07:00,7673.25,7673.75,7672.0,7672.0,2485
2026-08-20 12:38:00-07:00,7672.0,7673.75,7672.0,7673.75,2013
2026-08-20 12:39:00-07:00,7673.75,7675.0,7673.25,7673.25,2357
2026-08-20 12:40:00-07:00,7673.25,7674.25,7672.0,7672.5,2178
2026-08-20 12:41:00-07:00,7672.5,7673.0,7672.0,7672.25,1610
2026-08-20 12:42:00-07:00,7672.25,7672.5,7670.25,7670.75,2204
2026-08-20 12:43:00-07:00,7670.75,7671.0,7669.5,7669.5,1618
2026-08-20 12:44:00-07:00,7669.75,7669.75,7668.0,7669.25,2374
2026-08-20 12:45:00-07:00,7669.25,7669.75,7666.5,7668.5,4472
2026-08-20 12:46:00-07:00,7668.75,7668.75,7666.75,7667.0,2225
2026-08-20 12:47:00-07:00,7666.75,7669.25,7666.75,7668.25,2749
2026-08-20 12:48:00-07:00,7668.25,7669.75,7668.0,7669.25,2788
2026-08-20 12:49:00-07:00,7669.25,7672.75,7669.25,7672.5,3282
2026-08-20 12:50:00-07:00,7672.25,7673.25,7669.0,7671.0,6973
2026-08-20 12:51:00-07:00,7671.0,7672.5,7670.75,7671.75,4564
2026-08-20 12:52:00-07:00,7672.0,7672.5,7669.75,7672.0,4000
2026-08-20 12:53:00-07:00,7672.0,7672.25,7670.0,7670.75,3224
2026-08-20 12:54:00-07:00,7670.75,7671.25,7665.75,7667.25,9963
2026-08-20 12:55:00-07:00,7667.25,7668.25,7661.75,7663.5,13865
2026-08-21 06:25:00-07:00,7690.25,7690.25,7685.25,7685.75,4009
2026-08-21 06:26:00-07:00,7685.75,7687.5,7685.75,7686.75,1126
2026-08-21 06:27:00-07:00,7687.0,7693.25,7686.75,7692.25,3762
2026-08-21 06:28:00-07:00,7692.0,7695.0,7691.75,7694.25,3650
2026-08-21 06:29:00-07:00,7694.25,7696.5,7692.0,7695.75,5022
2026-08-21 06:30:00-07:00,7695.75,7696.0,7688.25,7689.25,17004
2026-08-21 06:31:00-07:00,7689.25,7690.25,7687.0,7688.75,7914
2026-08-21 06:32:00-07:00,7688.75,7691.25,7685.75,7687.25,5993
2026-08-21 06:33:00-07:00,7687.5,7687.75,7683.5,7685.25,5408
2026-08-21 06:34:00-07:00,7685.25,7687.25,7683.5,7683.5,4983
2026-08-21 06:35:00-07:00,7683.5,7684.0,7681.25,7683.25,7070
2026-08-21 06:36:00-07:00,7683.25,7684.75,7681.75,7684.5,4512
2026-08-21 06:37:00-07:00,7684.5,7687.0,7682.5,7686.5,4827
2026-08-21 06:38:00-07:00,7686.5,7687.0,7683.75,7685.25,3894
2026-08-21 06:39:00-07:00,7685.25,7686.5,7681.25,7686.25,5083
2026-08-21 06:40:00-07:00,7686.25,7687.75,7685.25,7685.75,4662
2026-08-21 06:41:00-07:00,7685.75,7688.25,7685.25,7686.0,3946
2026-08-21 06:42:00-07:00,7685.75,7688.0,7685.25,7685.25,2800
2026-08-21 06:43:00-07:00,7685.25,7685.5,7683.0,7683.5,2782
2026-08-21 06:44:00-07:00,7683.5,7687.5,7682.75,7686.5,2548
2026-08-21 06:45:00-07:00,7686.5,7689.5,7685.25,7686.5,4038
2026-08-21 06:46:00-07:00,7686.5,7688.5,7685.25,7687.25,3452
2026-08-21 06:47:00-07:00,7687.25,7688.0,7683.25,7685.25,3466
2026-08-21 06:48:00-07:00,7685.25,7686.75,7682.5,7682.75,3105
2026-08-21 06:49:00-07:00,7682.75,7685.25,7682.0,7685.0,4712
2026-08-21 06:50:00-07:00,7685.0,7687.75,7684.25,7685.5,3019
2026-08-21 06:51:00-07:00,7685.5,7686.75,7682.25,7683.25,2658
2026-08-21 06:52:00-07:00,7683.25,7683.25,7680.25,7680.5,3372
2026-08-21 06:53:00-07:00,7680.5,7682.5,7679.25,7679.5,3380
2026-08-21 06:54:00-07:00,7679.5,7680.0,7676.75,7679.5,5073
2026-08-21 06:55:00-07:00,7679.5,7681.75,7679.0,7679.5,5203
2026-08-21 06:56:00-07:00,7679.25,7683.75,7679.0,7682.25,3239
2026-08-21 06:57:00-07:00,7682.5,7682.75,7679.75,7681.0,2243
2026-08-21 06:58:00-07:00,7680.75,7681.25,7678.0,7680.0,2604
2026-08-21 06:59:00-07:00,7680.0,7683.25,7679.5,7680.5,3069
2026-08-21 07:00:00-07:00,7680.5,7684.75,7680.5,7683.75,4551
2026-08-21 07:01:00-07:00,7683.5,7684.75,7682.5,7683.75,3214
2026-08-21 07:02:00-07:00,7683.75,7684.0,7680.75,7681.5,2884
2026-08-21 07:03:00-07:00,7681.25,7684.25,7680.75,7682.5,2820
2026-08-21 07:04:00-07:00,7682.5,7685.0,7682.25,7684.75,3157
2026-08-21 07:05:00-07:00,7684.5,7688.5,7684.5,7688.25,4654
2026-08-21 07:06:00-07:00,7688.25,7690.75,7687.25,7688.75,4868
2026-08-21 07:07:00-07:00,7689.0,7689.5,7687.0,7687.5,3350
2026-08-21 07:08:00-07:00,7687.75,7689.5,7686.75,7689.25,2684
2026-08-21 07:09:00-07:00,7689.0,7689.75,7686.75,7687.75,1782
2026-08-21 07:10:00-07:00,7687.75,7690.0,7686.25,7689.25,2782
2026-08-21 07:11:00-07:00,7689.0,7689.0,7686.75,7688.0,1974
2026-08-21 07:12:00-07:00,7688.0,7688.25,7684.5,7685.25,2675
2026-08-21 07:13:00-07:00,7685.25,7686.0,7682.5,7684.0,3260
2026-08-21 07:14:00-07:00,7684.0,7684.5,7681.0,7682.25,3787
2026-08-21 07:15:00-07:00,7682.5,7685.0,7682.25,7684.5,3512
2026-08-21 07:16:00-07:00,7684.75,7685.75,7681.75,7685.5,2726
2026-08-21 07:17:00-07:00,7685.5,7686.0,7682.0,7683.5,2193
2026-08-21 07:18:00-07:00,7683.5,7684.25,7682.5,7682.75,2040
2026-08-21 07:19:00-07:00,7682.75,7683.5,7681.0,7681.75,2025
2026-08-21 07:20:00-07:00,7681.5,7682.75,7680.75,7682.25,2528
2026-08-21 07:21:00-07:00,7682.25,7682.5,7680.0,7682.0,2684
2026-08-21 07:22:00-07:00,7682.0,7687.25,7681.75,7686.5,3028
2026-08-21 07:23:00-07:00,7686.5,7686.5,7683.5,7686.0,2613
2026-08-21 07:24:00-07:00,7685.75,7687.5,7682.25,7683.0,3173
2026-08-21 07:25:00-07:00,7683.0,7685.75,7682.5,7685.25,2672
2026-08-21 07:26:00-07:00,7685.0,7685.75,7684.0,7684.75,2754
2026-08-21 07:27:00-07:00,7684.75,7686.25,7684.0,7684.75,3241
2026-08-21 07:28:00-07:00,7684.5,7686.5,7684.0,7685.25,2644
2026-08-21 07:29:00-07:00,7685.5,7685.5,7681.25,7681.75,2661
2026-08-21 07:30:00-07:00,7681.75,7684.0,7681.5,7683.0,2583
2026-08-21 07:31:00-07:00,7682.75,7684.0,7682.25,7683.75,3584
2026-08-21 07:32:00-07:00,7683.75,7683.75,7681.0,7682.75,2681
2026-08-21 07:33:00-07:00,7682.5,7683.5,7681.25,7681.25,1867
2026-08-21 07:34:00-07:00,7681.25,7683.0,7680.0,7680.25,2833
2026-08-21 07:35:00-07:00,7680.25,7680.5,7678.5,7678.75,3190
2026-08-21 07:36:00-07:00,7678.75,7680.25,7677.75,7678.0,3593
2026-08-21 07:37:00-07:00,7678.0,7679.5,7677.5,7678.0,2422
2026-08-21 07:38:00-07:00,7678.0,7680.75,7678.0,7680.75,2338
2026-08-21 07:39:00-07:00,7681.0,7681.75,7678.5,7678.75,2560
2026-08-21 07:40:00-07:00,7678.75,7681.25,7678.5,7680.5,2078
2026-08-21 07:41:00-07:00,7680.25,7680.5,7677.25,7677.75,1506
2026-08-21 07:42:00-07:00,7677.5,7679.5,7677.25,7679.0,1625
2026-08-21 07:43:00-07:00,7678.75,7684.0,7678.75,7683.0,3822
2026-08-21 07:44:00-07:00,7682.75,7683.0,7680.5,7681.5,2008
2026-08-21 07:45:00-07:00,7681.5,7682.75,7680.75,7682.5,2304
2026-08-21 07:46:00-07:00,7682.25,7685.0,7682.25,7684.25,2492
2026-08-21 07:47:00-07:00,7684.5,7684.75,7681.25,7682.25,2773
2026-08-21 07:48:00-07:00,7682.5,7684.5,7682.5,7684.25,1639
2026-08-21 07:49:00-07:00,7684.25,7686.25,7683.75,7685.75,2066
2026-08-21 07:50:00-07:00,7685.75,7687.0,7684.75,7685.5,1925
2026-08-21 07:51:00-07:00,7685.5,7686.25,7684.25,7685.25,1738
2026-08-21 07:52:00-07:00,7685.25,7688.5,7684.25,7686.75,2962
2026-08-21 07:53:00-07:00,7686.75,7688.25,7686.25,7686.25,1903
2026-08-21 07:54:00-07:00,7686.25,7687.0,7684.0,7686.0,2379
2026-08-21 07:55:00-07:00,7685.75,7689.25,7685.0,7689.0,2241
2026-08-21 07:56:00-07:00,7689.0,7691.25,7688.0,7691.0,2754
2026-08-21 07:57:00-07:00,7691.0,7692.25,7690.0,7691.0,3011
2026-08-21 07:58:00-07:00,7691.0,7692.5,7690.5,7692.0,2367
2026-08-21 07:59:00-07:00,7692.25,7694.25,7692.0,7693.5,3190
2026-08-21 08:00:00-07:00,7693.75,7697.25,7692.75,7696.0,6365
2026-08-21 08:01:00-07:00,7696.25,7697.0,7693.25,7694.0,4241
2026-08-21 08:02:00-07:00,7694.0,7695.0,7692.75,7693.25,2587
2026-08-21 08:03:00-07:00,7693.5,7697.75,7693.25,7697.0,2197
2026-08-21 08:04:00-07:00,7697.25,7699.75,7696.75,7698.0,4008
2026-08-21 08:05:00-07:00,7698.0,7698.75,7695.5,7697.0,5060
2026-08-21 08:06:00-07:00,7697.0,7699.5,7696.75,7697.25,2641
2026-08-21 08:07:00-07:00,7697.5,7698.75,7696.5,7697.0,1811
2026-08-21 08:08:00-07:00,7696.75,7697.75,7696.0,7696.25,1371
2026-08-21 08:09:00-07:00,7696.25,7696.5,7693.25,7693.75,2920
2026-08-21 08:10:00-07:00,7693.75,7694.5,7693.25,7693.5,1722
2026-08-21 08:11:00-07:00,7693.5,7696.0,7693.5,7695.0,1900
2026-08-21 08:12:00-07:00,7695.25,7695.75,7693.75,7694.75,1176
2026-08-21 08:13:00-07:00,7694.75,7695.25,7693.5,7694.75,2263
2026-08-21 08:14:00-07:00,7694.75,7695.0,7692.25,7692.5,1976
2026-08-21 08:15:00-07:00,7692.5,7695.0,7692.25,7693.25,2129
2026-08-21 08:16:00-07:00,7693.25,7693.75,7691.5,7691.5,2078
2026-08-21 08:17:00-07:00,7691.5,7692.75,7691.25,7692.0,1813
2026-08-21 08:18:00-07:00,7692.0,7693.25,7691.25,7691.25,1588
2026-08-21 08:19:00-07:00,7691.25,7692.25,7690.75,7691.5,1744
2026-08-21 08:20:00-07:00,7691.25,7692.5,7690.5,7690.75,2284
2026-08-21 08:21:00-07:00,7690.5,7692.5,7689.75,7692.0,2156
2026-08-21 08:22:00-07:00,7692.0,7694.0,7692.0,7693.5,2269
2026-08-21 08:23:00-07:00,7693.5,7693.75,7692.75,7693.5,1044
2026-08-21 08:24:00-07:00,7693.5,7693.75,7689.5,7690.5,1665
2026-08-21 08:25:00-07:00,7690.25,7691.0,7689.5,7690.25,1771
2026-08-21 08:26:00-07:00,7690.25,7692.75,7689.75,7692.75,1879
2026-08-21 08:27:00-07:00,7692.5,7694.0,7692.0,7693.5,1938
2026-08-21 08:28:00-07:00,7693.5,7695.5,7692.75,7695.0,2123
2026-08-21 08:29:00-07:00,7695.0,7695.25,7694.0,7694.75,1475
2026-08-21 08:30:00-07:00,7694.75,7695.5,7693.75,7694.25,2656
2026-08-21 08:31:00-07:00,7694.0,7695.25,7693.5,7694.25,2072
2026-08-21 08:32:00-07:00,7694.25,7697.25,7694.0,7697.25,2664
2026-08-21 08:33:00-07:00,7697.25,7698.0,7696.75,7697.75,1922
2026-08-21 08:34:00-07:00,7697.75,7700.25,7697.5,7700.0,4579
2026-08-21 08:35:00-07:00,7700.0,7700.75,7699.75,7700.5,2949
2026-08-21 08:36:00-07:00,7700.5,7703.0,7700.5,7702.25,2624
2026-08-21 08:37:00-07:00,7702.5,7704.75,7701.5,7701.5,3457
2026-08-21 08:38:00-07:00,7701.5,7702.5,7700.75,7701.75,2640
2026-08-21 08:39:00-07:00,7701.75,7706.0,7701.75,7705.75,3711
2026-08-21 08:40:00-07:00,7706.0,7708.0,7704.75,7707.75,4074
2026-08-21 08:41:00-07:00,7707.75,7709.75,7707.5,7709.0,3510
2026-08-21 08:42:00-07:00,7709.25,7709.5,7707.0,7707.25,3347
2026-08-21 08:43:00-07:00,7707.0,7708.25,7706.25,7707.0,3259
2026-08-21 08:44:00-07:00,7707.0,7708.75,7706.75,7708.5,1925
2026-08-21 08:45:00-07:00,7708.5,7710.0,7708.5,7708.5,4290
2026-08-21 08:46:00-07:00,7708.75,7709.25,7707.5,7708.5,2175
2026-08-21 08:47:00-07:00,7708.75,7709.0,7707.5,7707.75,1351
2026-08-21 08:48:00-07:00,7707.75,7708.25,7705.25,7705.25,4584
2026-08-21 08:49:00-07:00,7705.25,7706.0,7704.75,7705.5,1536
2026-08-21 08:50:00-07:00,7705.5,7710.0,7705.5,7709.25,3823
2026-08-21 08:51:00-07:00,7709.25,7711.5,7709.0,7710.75,2908
2026-08-21 08:52:00-07:00,7710.75,7713.0,7710.75,7712.75,2705
2026-08-21 08:53:00-07:00,7712.75,7714.0,7712.0,7713.25,2561
2026-08-21 08:54:00-07:00,7713.25,7713.75,7712.0,7712.25,1952
2026-08-21 08:55:00-07:00,7712.25,7712.5,7710.25,7711.0,2258
2026-08-21 08:56:00-07:00,7711.0,7711.0,7709.0,7709.0,2551
2026-08-21 08:57:00-07:00,7709.0,7709.25,7707.25,7707.75,2083
2026-08-21 08:58:00-07:00,7707.75,7708.0,7706.75,7707.5,1929
2026-08-21 08:59:00-07:00,7707.5,7707.75,7706.0,7707.25,2170
2026-08-21 09:00:00-07:00,7707.5,7708.75,7705.25,7705.75,3603
2026-08-21 09:01:00-07:00,7705.75,7706.75,7705.0,7705.5,1643
2026-08-21 09:02:00-07:00,7705.5,7705.75,7703.25,7704.0,2560
2026-08-21 09:03:00-07:00,7703.75,7705.0,7703.75,7704.0,1513
2026-08-21 09:04:00-07:00,7704.0,7704.75,7701.5,7702.75,2499
2026-08-21 09:05:00-07:00,7702.75,7703.0,7700.75,7701.5,3397
2026-08-21 09:06:00-07:00,7701.5,7702.25,7699.25,7700.0,3460
2026-08-21 09:07:00-07:00,7700.25,7701.75,7699.75,7701.0,2558
2026-08-21 09:08:00-07:00,7701.0,7701.75,7700.5,7701.25,2202
2026-08-21 09:09:00-07:00,7701.0,7701.5,7698.0,7698.5,1959
2026-08-21 09:10:00-07:00,7698.5,7700.0,7698.0,7699.5,2246
2026-08-21 09:11:00-07:00,7699.75,7701.0,7699.0,7699.5,2955
2026-08-21 09:12:00-07:00,7699.25,7699.75,7698.0,7699.0,1439
2026-08-21 09:13:00-07:00,7699.25,7700.25,7699.25,7699.5,1315
2026-08-21 09:14:00-07:00,7699.75,7699.75,7697.5,7697.5,2409
2026-08-21 09:15:00-07:00,7697.5,7699.0,7696.75,7698.75,2479
2026-08-21 09:16:00-07:00,7698.75,7700.5,7698.0,7699.75,2067
2026-08-21 09:17:00-07:00,7699.75,7700.5,7698.75,7699.5,1297
2026-08-21 09:18:00-07:00,7699.5,7699.5,7696.5,7696.75,1388
2026-08-21 09:19:00-07:00,7696.5,7697.0,7694.25,7695.5,3054
2026-08-21 09:20:00-07:00,7695.25,7695.5,7693.75,7695.0,1826
2026-08-21 09:21:00-07:00,7694.75,7705.75,7694.5,7698.0,15556
2026-08-21 09:22:00-07:00,7698.0,7699.0,7696.25,7697.5,3245
2026-08-21 09:23:00-07:00,7697.5,7697.75,7696.0,7697.75,1864
2026-08-21 09:24:00-07:00,7697.75,7698.0,7696.5,7697.25,1376
2026-08-21 09:25:00-07:00,7697.25,7698.75,7697.0,7697.75,1432
2026-08-21 09:26:00-07:00,7697.5,7698.0,7696.5,7697.5,1102
2026-08-21 09:27:00-07:00,7697.25,7699.5,7697.25,7699.25,1519
2026-08-21 09:28:00-07:00,7699.5,7701.25,7699.5,7700.25,1925
2026-08-21 09:29:00-07:00,7700.0,7700.5,7699.5,7700.5,785
2026-08-21 09:30:00-07:00,7700.5,7700.5,7698.25,7699.5,2133
2026-08-21 09:31:00-07:00,7699.5,7699.75,7696.5,7696.5,1659
2026-08-21 09:32:00-07:00,7696.75,7698.25,7696.5,7698.0,1234
2026-08-21 09:33:00-07:00,7697.75,7698.25,7697.5,7698.0,753
2026-08-21 09:34:00-07:00,7697.75,7698.0,7695.5,7695.5,1275
2026-08-21 09:35:00-07:00,7695.5,7696.5,7695.5,7696.25,1329
2026-08-21 09:36:00-07:00,7696.0,7698.0,7696.0,7697.75,1193
2026-08-21 09:37:00-07:00,7697.75,7698.75,7697.0,7697.5,1077
2026-08-21 09:38:00-07:00,7697.5,7699.5,7697.5,7699.5,943
2026-08-21 09:39:00-07:00,7699.25,7701.0,7699.0,7700.75,1277
2026-08-21 09:40:00-07:00,7700.75,7701.0,7699.25,7699.75,1473
2026-08-21 09:41:00-07:00,7699.75,7700.75,7699.25,7699.5,946
2026-08-21 09:42:00-07:00,7699.75,7700.5,7699.5,7700.0,521
2026-08-21 09:43:00-07:00,7700.0,7700.0,7698.0,7699.0,1591
2026-08-21 09:44:00-07:00,7699.0,7699.25,7698.5,7699.0,600
2026-08-21 09:45:00-07:00,7699.0,7699.0,7696.0,7697.0,2000
2026-08-21 09:46:00-07:00,7697.0,7698.25,7696.75,7697.0,859
2026-08-21 09:47:00-07:00,7697.0,7697.25,7696.75,7697.25,632
2026-08-21 09:48:00-07:00,7697.0,7697.75,7696.75,7697.25,837
2026-08-21 09:49:00-07:00,7697.5,7698.25,7696.5,7696.75,889
2026-08-21 09:50:00-07:00,7696.75,7697.0,7693.0,7694.0,2994
2026-08-21 09:51:00-07:00,7694.0,7695.0,7693.75,7694.5,1325
2026-08-21 09:52:00-07:00,7694.25,7695.25,7694.0,7694.75,1192
2026-08-21 09:53:00-07:00,7695.0,7695.25,7694.5,7695.0,573
2026-08-21 09:54:00-07:00,7694.75,7696.0,7694.75,7695.25,1177
2026-08-21 09:55:00-07:00,7695.25,7696.25,7694.5,7695.75,1385
2026-08-21 09:56:00-07:00,7695.5,7696.5,7695.0,7695.25,924
2026-08-21 09:57:00-07:00,7695.25,7698.0,7695.0,7697.75,1212
2026-08-21 09:58:00-07:00,7697.75,7699.5,7697.25,7699.25,1342
2026-08-21 09:59:00-07:00,7699.25,7699.25,7698.0,7699.0,900
2026-08-21 10:00:00-07:00,7699.25,7700.0,7698.5,7699.0,1546
2026-08-21 10:01:00-07:00,7698.75,7699.25,7698.0,7698.75,1303
2026-08-21 10:02:00-07:00,7699.0,7699.5,7697.5,7698.0,1718
2026-08-21 10:03:00-07:00,7698.0,7699.0,7697.5,7698.5,935
2026-08-21 10:04:00-07:00,7698.25,7698.75,7698.0,7698.0,643
2026-08-21 10:05:00-07:00,7698.0,7698.5,7696.75,7698.5,821
2026-08-21 10:06:00-07:00,7698.5,7698.75,7696.75,7698.5,985
2026-08-21 10:07:00-07:00,7698.5,7699.5,7697.75,7697.75,922
2026-08-21 10:08:00-07:00,7698.0,7699.75,7697.75,7699.75,1348
2026-08-21 10:09:00-07:00,7699.75,7700.75,7698.5,7699.0,2105
2026-08-21 10:10:00-07:00,7699.0,7699.0,7697.25,7697.25,847
2026-08-21 10:11:00-07:00,7697.25,7697.75,7696.25,7696.75,746
2026-08-21 10:12:00-07:00,7697.0,7697.5,7696.5,7697.0,504
2026-08-21 10:13:00-07:00,7697.0,7697.25,7696.5,7696.5,641
2026-08-21 10:14:00-07:00,7696.5,7697.5,7696.0,7697.5,759
2026-08-21 10:15:00-07:00,7697.25,7698.25,7696.0,7698.0,1255
2026-08-21 10:16:00-07:00,7698.0,7698.0,7697.0,7697.5,747
2026-08-21 10:17:00-07:00,7697.75,7698.25,7696.5,7696.75,650
2026-08-21 10:18:00-07:00,7696.5,7697.0,7696.25,7696.25,673
2026-08-21 10:19:00-07:00,7696.25,7697.25,7696.0,7696.5,827
2026-08-21 10:20:00-07:00,7696.5,7697.0,7694.5,7695.5,1448
2026-08-21 10:21:00-07:00,7695.5,7695.75,7694.25,7694.75,1014
2026-08-21 10:22:00-07:00,7694.75,7695.0,7692.25,7693.5,1854
2026-08-21 10:23:00-07:00,7693.25,7693.75,7692.75,7693.5,1253
2026-08-21 10:24:00-07:00,7693.25,7694.25,7692.5,7694.0,1635
2026-08-21 10:25:00-07:00,7693.75,7694.0,7692.5,7693.0,1053
2026-08-21 10:26:00-07:00,7693.0,7694.5,7692.25,7692.75,1065
2026-08-21 10:27:00-07:00,7692.75,7693.75,7692.5,7693.75,883
2026-08-21 10:28:00-07:00,7693.5,7695.75,7693.5,7695.0,1575
2026-08-21 10:29:00-07:00,7695.25,7695.5,7693.5,7693.5,938
2026-08-21 10:30:00-07:00,7693.75,7694.5,7693.0,7693.5,1730
2026-08-21 10:31:00-07:00,7693.75,7694.0,7692.75,7693.0,909
2026-08-21 10:32:00-07:00,7693.25,7693.5,7692.25,7692.75,1197
2026-08-21 10:33:00-07:00,7692.75,7693.5,7692.0,7693.0,1280
2026-08-21 10:34:00-07:00,7693.25,7693.25,7690.75,7690.75,1501
2026-08-21 10:35:00-07:00,7690.5,7691.5,7690.25,7691.0,1574
2026-08-21 10:36:00-07:00,7691.0,7693.0,7690.75,7692.75,1250
2026-08-21 10:37:00-07:00,7693.0,7693.5,7691.75,7691.75,1265
2026-08-21 10:38:00-07:00,7691.75,7692.0,7691.0,7691.25,1168
2026-08-21 10:39:00-07:00,7691.25,7692.0,7690.75,7691.0,1190
2026-08-21 10:40:00-07:00,7691.25,7691.5,7690.0,7690.25,1197
2026-08-21 10:41:00-07:00,7690.25,7692.5,7690.25,7692.25,1242
2026-08-21 10:42:00-07:00,7692.0,7692.5,7691.5,7691.75,1014
2026-08-21 10:43:00-07:00,7691.75,7692.25,7691.0,7691.25,638
2026-08-21 10:44:00-07:00,7691.25,7692.25,7690.75,7692.0,1152
2026-08-21 10:45:00-07:00,7692.25,7693.25,7691.25,7691.5,1688
2026-08-21 10:46:00-07:00,7691.75,7692.75,7691.25,7692.75,865
2026-08-21 10:47:00-07:00,7692.75,7693.75,7692.25,7693.0,1640
2026-08-21 10:48:00-07:00,7693.25,7694.25,7692.75,7692.75,957
2026-08-21 10:49:00-07:00,7692.75,7692.75,7691.5,7692.25,799
2026-08-21 10:50:00-07:00,7692.5,7692.75,7691.0,7692.5,1407
2026-08-21 10:51:00-07:00,7692.5,7693.0,7691.25,7691.5,1119
2026-08-21 10:52:00-07:00,7691.25,7692.0,7690.5,7690.75,1406
2026-08-21 10:53:00-07:00,7690.5,7692.5,7690.25,7692.25,859
2026-08-21 10:54:00-07:00,7692.25,7692.5,7691.0,7691.25,624
2026-08-21 10:55:00-07:00,7691.0,7691.25,7689.75,7690.75,1416
2026-08-21 10:56:00-07:00,7690.75,7691.0,7690.0,7690.5,968
2026-08-21 10:57:00-07:00,7690.75,7691.0,7690.0,7690.5,789
2026-08-21 10:58:00-07:00,7690.5,7691.0,7690.25,7690.5,661
2026-08-21 10:59:00-07:00,7690.5,7690.75,7689.5,7689.5,1312
2026-08-21 11:00:00-07:00,7689.75,7691.5,7688.75,7691.25,2089
2026-08-21 11:01:00-07:00,7691.25,7691.75,7690.0,7690.0,1298
2026-08-21 11:02:00-07:00,7690.0,7691.5,7689.75,7691.5,1077
2026-08-21 11:03:00-07:00,7691.5,7692.75,7691.25,7692.5,1312
2026-08-21 11:04:00-07:00,7692.25,7692.5,7691.75,7692.0,570
2026-08-21 11:05:00-07:00,7692.0,7692.25,7690.25,7690.5,979
2026-08-21 11:06:00-07:00,7690.75,7690.75,7689.25,7689.5,994
2026-08-21 11:07:00-07:00,7689.5,7689.75,7688.25,7689.25,1459
2026-08-21 11:08:00-07:00,7689.25,7689.5,7688.75,7689.5,731
2026-08-21 11:09:00-07:00,7689.5,7689.5,7688.25,7688.25,742
2026-08-21 11:10:00-07:00,7688.25,7689.25,7688.0,7688.5,1592
2026-08-21 11:11:00-07:00,7688.5,7689.25,7688.25,7688.75,797
2026-08-21 11:12:00-07:00,7688.75,7690.75,7688.75,7690.5,1078
2026-08-21 11:13:00-07:00,7690.5,7690.5,7689.25,7689.5,826
2026-08-21 11:14:00-07:00,7689.75,7689.75,7688.25,7688.5,763
2026-08-21 11:15:00-07:00,7688.5,7689.5,7688.5,7688.75,869
2026-08-21 11:16:00-07:00,7688.5,7689.25,7688.25,7688.75,834
2026-08-21 11:17:00-07:00,7688.75,7689.25,7688.5,7688.5,535
2026-08-21 11:18:00-07:00,7688.75,7689.25,7688.25,7688.5,777
2026-08-21 11:19:00-07:00,7688.75,7690.5,7688.5,7689.75,951
2026-08-21 11:20:00-07:00,7689.75,7691.0,7689.25,7690.5,863
2026-08-21 11:21:00-07:00,7690.5,7691.5,7689.5,7690.75,1241
2026-08-21 11:22:00-07:00,7690.75,7691.0,7689.75,7690.75,1006
2026-08-21 11:23:00-07:00,7691.0,7691.25,7690.0,7690.0,688
2026-08-21 11:24:00-07:00,7690.0,7690.25,7689.25,7690.0,1081
2026-08-21 11:25:00-07:00,7690.25,7690.5,7688.25,7688.5,1207
2026-08-21 11:26:00-07:00,7688.5,7689.25,7688.25,7688.75,788
2026-08-21 11:27:00-07:00,7688.75,7689.25,7688.5,7688.5,601
2026-08-21 11:28:00-07:00,7688.5,7688.75,7687.75,7687.75,1153
2026-08-21 11:29:00-07:00,7688.0,7688.5,7687.75,7688.0,957
2026-08-21 11:30:00-07:00,7688.0,7688.75,7686.25,7686.5,2047
2026-08-21 11:31:00-07:00,7686.75,7687.5,7686.0,7687.25,1249
2026-08-21 11:32:00-07:00,7687.25,7687.5,7686.25,7686.5,1114
2026-08-21 11:33:00-07:00,7686.5,7687.25,7685.75,7687.0,1321
2026-08-21 11:34:00-07:00,7687.0,7687.5,7686.25,7687.0,970
2026-08-21 11:35:00-07:00,7687.0,7688.5,7687.0,7687.75,1181
2026-08-21 11:36:00-07:00,7687.75,7688.25,7687.5,7687.75,856
2026-08-21 11:37:00-07:00,7687.75,7688.5,7687.5,7688.0,1402
2026-08-21 11:38:00-07:00,7688.25,7688.5,7687.25,7687.5,536
2026-08-21 11:39:00-07:00,7687.5,7687.75,7687.25,7687.5,372
2026-08-21 11:40:00-07:00,7687.5,7689.5,7687.25,7689.0,741
2026-08-21 11:41:00-07:00,7688.75,7689.0,7688.25,7688.5,785
2026-08-21 11:42:00-07:00,7688.5,7689.5,7688.25,7689.25,912
2026-08-21 11:43:00-07:00,7689.0,7690.0,7688.75,7690.0,1065
2026-08-21 11:44:00-07:00,7690.0,7690.5,7689.0,7689.25,1277
2026-08-21 11:45:00-07:00,7689.0,7690.0,7688.75,7689.0,837
2026-08-21 11:46:00-07:00,7689.0,7690.25,7688.5,7690.0,969
2026-08-21 11:47:00-07:00,7689.75,7691.0,7689.75,7689.75,871
2026-08-21 11:48:00-07:00,7690.0,7690.75,7689.5,7690.25,664
2026-08-21 11:49:00-07:00,7690.25,7692.25,7690.25,7691.75,1431
2026-08-21 11:50:00-07:00,7691.75,7694.0,7691.75,7692.75,2051
2026-08-21 11:51:00-07:00,7693.0,7693.5,7692.0,7692.25,1283
2026-08-21 11:52:00-07:00,7692.25,7693.75,7692.25,7693.75,714
2026-08-21 11:53:00-07:00,7693.75,7693.75,7692.75,7693.25,1042
2026-08-21 11:54:00-07:00,7693.5,7695.0,7693.25,7694.0,1469
2026-08-21 11:55:00-07:00,7694.0,7694.25,7693.0,7693.75,1259
2026-08-21 11:56:00-07:00,7693.75,7694.25,7693.5,7694.0,912
2026-08-21 11:57:00-07:00,7694.25,7694.75,7694.0,7694.75,827
2026-08-21 11:58:00-07:00,7694.75,7696.0,7694.25,7695.5,1448
2026-08-21 11:59:00-07:00,7695.5,7697.75,7695.0,7697.25,2130
2026-08-21 12:00:00-07:00,7697.25,7698.75,7697.0,7697.75,3379
2026-08-21 12:01:00-07:00,7697.75,7699.0,7697.0,7698.25,2013
2026-08-21 12:02:00-07:00,7698.5,7698.75,7695.75,7696.5,2425
2026-08-21 12:03:00-07:00,7696.75,7697.0,7696.0,7696.75,1326
2026-08-21 12:04:00-07:00,7697.0,7697.0,7695.25,7695.25,1320
2026-08-21 12:05:00-07:00,7695.25,7696.0,7695.0,7695.25,1319
2026-08-21 12:06:00-07:00,7695.5,7696.0,7695.25,7695.75,951
2026-08-21 12:07:00-07:00,7695.5,7697.75,7695.0,7697.75,1490
2026-08-21 12:08:00-07:00,7697.5,7698.75,7696.5,7697.25,1455
2026-08-21 12:09:00-07:00,7697.0,7697.25,7696.0,7696.25,527
2026-08-21 12:10:00-07:00,7696.0,7696.5,7694.75,7696.0,2051
2026-08-21 12:11:00-07:00,7695.75,7696.0,7694.75,7695.5,958
2026-08-21 12:12:00-07:00,7695.25,7696.0,7693.75,7694.25,1262
2026-08-21 12:13:00-07:00,7694.25,7695.5,7693.75,7695.25,1245
2026-08-21 12:14:00-07:00,7695.25,7695.75,7695.0,7695.25,699
2026-08-21 12:15:00-07:00,7695.5,7696.0,7694.25,7694.25,1318
2026-08-21 12:16:00-07:00,7694.25,7694.5,7693.5,7694.0,1239
2026-08-21 12:17:00-07:00,7694.25,7695.5,7694.0,7695.0,1054
2026-08-21 12:18:00-07:00,7695.25,7696.0,7694.75,7695.75,767
2026-08-21 12:19:00-07:00,7695.75,7696.25,7694.5,7694.75,1268
2026-08-21 12:20:00-07:00,7694.75,7696.0,7693.75,7696.0,1629
2026-08-21 12:21:00-07:00,7696.0,7696.25,7695.75,7696.0,901
2026-08-21 12:22:00-07:00,7696.0,7696.25,7695.5,7695.75,611
2026-08-21 12:23:00-07:00,7696.0,7696.25,7695.75,7695.75,997
2026-08-21 12:24:00-07:00,7696.0,7697.25,7695.5,7697.0,1645
2026-08-21 12:25:00-07:00,7697.25,7697.25,7695.5,7695.75,2167
2026-08-21 12:26:00-07:00,7695.75,7696.0,7694.5,7695.0,1735
2026-08-21 12:27:00-07:00,7694.75,7695.75,7694.5,7695.75,966
2026-08-21 12:28:00-07:00,7695.75,7697.0,7695.0,7697.0,1115
2026-08-21 12:29:00-07:00,7697.25,7697.25,7695.5,7695.5,1004
2026-08-21 12:30:00-07:00,7695.5,7698.25,7695.5,7697.0,1881
2026-08-21 12:31:00-07:00,7696.75,7697.5,7695.75,7695.75,1309
2026-08-21 12:32:00-07:00,7695.75,7697.0,7695.5,7696.25,1945
2026-08-21 12:33:00-07:00,7696.25,7696.75,7695.0,7695.75,2388
2026-08-21 12:34:00-07:00,7695.75,7696.25,7695.5,7695.75,925
2026-08-21 12:35:00-07:00,7696.0,7697.0,7694.75,7696.25,2874
2026-08-21 12:36:00-07:00,7696.25,7696.75,7696.0,7696.75,755
2026-08-21 12:37:00-07:00,7696.5,7697.5,7696.25,7697.5,817
2026-08-21 12:38:00-07:00,7697.5,7698.75,7697.5,7697.75,1920
2026-08-21 12:39:00-07:00,7697.5,7698.0,7697.25,7697.75,1176
2026-08-21 12:40:00-07:00,7697.5,7697.75,7696.0,7696.5,1604
2026-08-21 12:41:00-07:00,7696.5,7696.75,7695.5,7696.0,1363
2026-08-21 12:42:00-07:00,7696.0,7697.75,7695.75,7697.25,1342
2026-08-21 12:43:00-07:00,7697.0,7698.25,7696.5,7698.0,1275
2026-08-21 12:44:00-07:00,7698.0,7700.0,7698.0,7699.5,3138
2026-08-21 12:45:00-07:00,7699.5,7701.0,7698.75,7699.5,4349
2026-08-21 12:46:00-07:00,7699.5,7700.0,7698.5,7699.75,2500
2026-08-21 12:47:00-07:00,7700.0,7701.75,7699.75,7701.75,2195
2026-08-21 12:48:00-07:00,7701.75,7702.75,7701.25,7701.5,2533
2026-08-21 12:49:00-07:00,7701.5,7703.0,7700.5,7701.25,2799
2026-08-21 12:50:00-07:00,7701.25,7701.5,7696.5,7697.0,8884
2026-08-21 12:51:00-07:00,7697.0,7698.75,7696.5,7696.5,3191
2026-08-21 12:52:00-07:00,7696.5,7697.25,7695.0,7695.25,3220
2026-08-21 12:53:00-07:00,7695.25,7695.75,7694.0,7695.25,3365
2026-08-21 12:54:00-07:00,7695.25,7695.75,7693.75,7694.25,5500
2026-08-21 12:55:00-07:00,7694.0,7694.5,7690.5,7693.75,11085
2026-08-24 06:25:00-07:00,7677.0,7677.25,7676.0,7676.5,811
2026-08-24 06:26:00-07:00,7676.25,7678.0,7676.0,7676.5,543
2026-08-24 06:27:00-07:00,7676.75,7679.25,7676.25,7679.0,1399
2026-08-24 06:28:00-07:00,7679.0,7681.75,7679.0,7681.75,2048
2026-08-24 06:29:00-07:00,7681.75,7681.75,7679.5,7681.75,1407
2026-08-24 06:30:00-07:00,7681.75,7682.75,7671.25,7671.5,13337
2026-08-24 06:31:00-07:00,7671.5,7676.75,7669.0,7676.0,8180
2026-08-24 06:32:00-07:00,7676.0,7676.25,7670.25,7670.75,4847
2026-08-24 06:33:00-07:00,7671.0,7671.0,7666.25,7668.5,4977
2026-08-24 06:34:00-07:00,7668.5,7670.0,7667.5,7669.25,4324
2026-08-24 06:35:00-07:00,7669.25,7671.75,7665.75,7670.75,6017
2026-08-24 06:36:00-07:00,7670.75,7672.75,7668.5,7672.0,3702
2026-08-24 06:37:00-07:00,7672.25,7672.5,7669.25,7669.25,2609
2026-08-24 06:38:00-07:00,7669.5,7671.25,7664.75,7666.75,6795
2026-08-24 06:39:00-07:00,7666.5,7668.75,7665.75,7668.0,4079
2026-08-24 06:40:00-07:00,7668.25,7670.0,7665.25,7669.75,4902
2026-08-24 06:41:00-07:00,7669.75,7672.0,7668.0,7669.75,3941
2026-08-24 06:42:00-07:00,7669.5,7669.5,7663.0,7663.0,4967
2026-08-24 06:43:00-07:00,7663.25,7663.75,7661.5,7662.0,5368
2026-08-24 06:44:00-07:00,7661.75,7662.75,7655.75,7656.0,7218
2026-08-24 06:45:00-07:00,7656.0,7659.5,7655.0,7658.0,6667
2026-08-24 06:46:00-07:00,7658.0,7664.75,7657.75,7664.5,6664
2026-08-24 06:47:00-07:00,7664.5,7668.0,7663.75,7665.75,5159
2026-08-24 06:48:00-07:00,7665.5,7668.0,7665.0,7668.0,3945
2026-08-24 06:49:00-07:00,7667.75,7670.25,7665.0,7665.75,4873
2026-08-24 06:50:00-07:00,7665.75,7666.25,7663.25,7664.25,4451
2026-08-24 06:51:00-07:00,7664.25,7666.75,7663.75,7664.0,3479
2026-08-24 06:52:00-07:00,7664.25,7665.75,7662.0,7662.25,4227
2026-08-24 06:53:00-07:00,7662.0,7666.5,7662.0,7666.25,3180
2026-08-24 06:54:00-07:00,7666.25,7670.0,7665.75,7669.25,3833
2026-08-24 06:55:00-07:00,7669.0,7670.0,7666.75,7668.25,4197
2026-08-24 06:56:00-07:00,7668.25,7671.0,7667.75,7669.5,3642
2026-08-24 06:57:00-07:00,7669.5,7670.5,7667.5,7668.25,2936
2026-08-24 06:58:00-07:00,7668.0,7671.0,7666.75,7670.75,2690
2026-08-24 06:59:00-07:00,7670.75,7671.0,7667.75,7668.5,2408
2026-08-24 07:00:00-07:00,7668.75,7670.25,7666.5,7669.25,5230
2026-08-24 07:01:00-07:00,7669.25,7674.0,7669.0,7672.0,4110
2026-08-24 07:02:00-07:00,7671.75,7672.25,7664.75,7665.0,5462
2026-08-24 07:03:00-07:00,7665.0,7666.0,7663.0,7664.0,3585
2026-08-24 07:04:00-07:00,7664.25,7665.0,7662.25,7664.25,2860
2026-08-24 07:05:00-07:00,7664.25,7666.5,7663.5,7665.75,3074
2026-08-24 07:06:00-07:00,7665.75,7666.0,7662.75,7663.5,2717
2026-08-24 07:07:00-07:00,7663.5,7664.0,7662.5,7663.25,2224
2026-08-24 07:08:00-07:00,7663.25,7663.75,7661.25,7661.75,3731
2026-08-24 07:09:00-07:00,7661.5,7663.75,7660.25,7663.5,2543
2026-08-24 07:10:00-07:00,7663.5,7663.5,7661.5,7663.0,2204
2026-08-24 07:11:00-07:00,7663.0,7664.0,7660.5,7661.25,3132
2026-08-24 07:12:00-07:00,7661.5,7661.5,7659.75,7659.75,2043
2026-08-24 07:13:00-07:00,7659.75,7663.0,7659.5,7661.5,3073
2026-08-24 07:14:00-07:00,7661.75,7664.5,7661.0,7664.25,2361
2026-08-24 07:15:00-07:00,7664.25,7664.75,7661.0,7663.0,2530
2026-08-24 07:16:00-07:00,7663.0,7665.0,7662.75,7663.75,2873
2026-08-24 07:17:00-07:00,7663.75,7664.5,7661.25,7661.5,2820
2026-08-24 07:18:00-07:00,7661.5,7662.75,7660.5,7662.25,1779
2026-08-24 07:19:00-07:00,7662.25,7664.0,7661.5,7663.0,1487
2026-08-24 07:20:00-07:00,7662.75,7666.0,7662.75,7665.25,3274
2026-08-24 07:21:00-07:00,7665.5,7668.25,7665.0,7668.0,3295
2026-08-24 07:22:00-07:00,7668.0,7669.0,7666.75,7668.75,2895
2026-08-24 07:23:00-07:00,7668.5,7669.25,7664.5,7666.0,3586
2026-08-24 07:24:00-07:00,7665.75,7665.75,7662.0,7662.5,2701
2026-08-24 07:25:00-07:00,7662.75,7663.0,7661.5,7661.75,2388
2026-08-24 07:26:00-07:00,7661.75,7663.0,7660.5,7662.25,2614
2026-08-24 07:27:00-07:00,7662.25,7663.0,7661.25,7662.0,2014
2026-08-24 07:28:00-07:00,7662.0,7665.5,7661.25,7665.0,2862
2026-08-24 07:29:00-07:00,7665.0,7665.0,7662.5,7663.25,2042
2026-08-24 07:30:00-07:00,7663.25,7667.75,7661.75,7667.5,2862
2026-08-24 07:31:00-07:00,7667.5,7669.75,7667.0,7668.5,3780
2026-08-24 07:32:00-07:00,7668.25,7670.0,7668.0,7669.25,2406
2026-08-24 07:33:00-07:00,7669.25,7671.75,7669.25,7670.5,2701
2026-08-24 07:34:00-07:00,7670.5,7671.25,7669.75,7670.5,2941
2026-08-24 07:35:00-07:00,7670.5,7671.75,7669.5,7670.5,2506
2026-08-24 07:36:00-07:00,7670.75,7673.0,7670.0,7672.75,2833
2026-08-24 07:37:00-07:00,7672.75,7673.0,7671.0,7671.5,2169
2026-08-24 07:38:00-07:00,7671.5,7673.0,7670.75,7672.25,2059
2026-08-24 07:39:00-07:00,7672.0,7672.5,7670.25,7671.0,1460
2026-08-24 07:40:00-07:00,7671.25,7672.25,7670.0,7672.0,1806
2026-08-24 07:41:00-07:00,7672.0,7675.5,7671.25,7675.0,3258
2026-08-24 07:42:00-07:00,7675.0,7675.25,7672.25,7672.75,2123
2026-08-24 07:43:00-07:00,7672.75,7673.5,7669.25,7669.25,2145
2026-08-24 07:44:00-07:00,7669.5,7672.5,7669.25,7671.25,2098
2026-08-24 07:45:00-07:00,7671.25,7672.25,7669.75,7671.25,2186
2026-08-24 07:46:00-07:00,7671.25,7671.75,7668.75,7670.5,2756
2026-08-24 07:47:00-07:00,7670.5,7672.25,7669.75,7671.5,1354
2026-08-24 07:48:00-07:00,7671.25,7672.5,7670.25,7671.5,1361
2026-08-24 07:49:00-07:00,7671.25,7673.0,7670.75,7673.0,1415
2026-08-24 07:50:00-07:00,7673.0,7673.5,7670.0,7670.0,2050
2026-08-24 07:51:00-07:00,7670.0,7670.0,7668.5,7669.25,1433
2026-08-24 07:52:00-07:00,7669.25,7670.0,7668.25,7669.5,1948
2026-08-24 07:53:00-07:00,7669.5,7670.25,7668.75,7669.5,1335
2026-08-24 07:54:00-07:00,7669.75,7670.75,7669.25,7670.5,1707
2026-08-24 07:55:00-07:00,7670.5,7671.0,7669.5,7670.0,1180
2026-08-24 07:56:00-07:00,7670.0,7672.0,7669.25,7671.5,1844
2026-08-24 07:57:00-07:00,7671.5,7674.0,7671.0,7671.75,2314
2026-08-24 07:58:00-07:00,7671.75,7672.0,7670.25,7671.25,1665
2026-08-24 07:59:00-07:00,7671.5,7671.5,7669.75,7670.75,1357
2026-08-24 08:00:00-07:00,7670.75,7672.5,7668.0,7668.75,2851
2026-08-24 08:01:00-07:00,7668.75,7668.75,7666.5,7666.75,1802
2026-08-24 08:02:00-07:00,7666.75,7667.0,7666.0,7666.75,1729
2026-08-24 08:03:00-07:00,7667.0,7667.25,7665.25,7665.5,1717
2026-08-24 08:04:00-07:00,7665.5,7666.0,7664.25,7664.75,1683
2026-08-24 08:05:00-07:00,7664.5,7664.75,7662.5,7662.75,2505
2026-08-24 08:06:00-07:00,7662.75,7664.0,7662.25,7663.75,1830
2026-08-24 08:07:00-07:00,7663.75,7664.0,7662.5,7663.25,1670
2026-08-24 08:08:00-07:00,7663.5,7663.5,7661.75,7663.0,1717
2026-08-24 08:09:00-07:00,7663.0,7665.0,7662.5,7663.75,2096
2026-08-24 08:10:00-07:00,7663.75,7664.25,7662.0,7663.25,1655
2026-08-24 08:11:00-07:00,7663.25,7663.75,7662.25,7663.25,1422
2026-08-24 08:12:00-07:00,7663.5,7664.0,7662.75,7663.5,1107
2026-08-24 08:13:00-07:00,7663.5,7666.0,7663.0,7663.0,1979
2026-08-24 08:14:00-07:00,7663.0,7663.0,7660.75,7661.25,1760
2026-08-24 08:15:00-07:00,7661.25,7661.75,7660.25,7660.75,1830
2026-08-24 08:16:00-07:00,7660.5,7661.75,7660.25,7660.5,1481
2026-08-24 08:17:00-07:00,7660.5,7661.75,7660.25,7661.5,1117
2026-08-24 08:18:00-07:00,7661.25,7662.0,7660.5,7661.5,1141
2026-08-24 08:19:00-07:00,7661.5,7662.5,7660.75,7661.0,878
2026-08-24 08:20:00-07:00,7660.75,7661.0,7658.25,7659.5,3245
2026-08-24 08:21:00-07:00,7659.5,7660.25,7657.75,7660.25,2188
2026-08-24 08:22:00-07:00,7660.0,7660.25,7659.0,7659.5,1642
2026-08-24 08:23:00-07:00,7659.25,7663.5,7659.25,7663.0,2873
2026-08-24 08:24:00-07:00,7663.0,7666.0,7662.5,7665.5,2498
2026-08-24 08:25:00-07:00,7665.5,7667.25,7665.25,7666.0,2568
2026-08-24 08:26:00-07:00,7666.0,7666.0,7664.5,7665.25,1690
2026-08-24 08:27:00-07:00,7665.25,7666.5,7665.25,7665.75,1795
2026-08-24 08:28:00-07:00,7665.75,7668.0,7665.0,7667.75,1726
2026-08-24 08:29:00-07:00,7667.75,7674.25,7667.5,7671.5,14848
2026-08-24 08:30:00-07:00,7671.5,7673.5,7668.0,7673.25,8810
2026-08-24 08:31:00-07:00,7673.25,7674.75,7671.25,7672.25,3453
2026-08-24 08:32:00-07:00,7672.25,7672.75,7669.75,7670.5,3058
2026-08-24 08:33:00-07:00,7670.25,7673.75,7670.0,7673.25,2041
2026-08-24 08:34:00-07:00,7673.25,7673.75,7671.5,7672.5,2582
2026-08-24 08:35:00-07:00,7672.5,7673.5,7671.0,7672.0,2057
2026-08-24 08:36:00-07:00,7672.0,7673.0,7671.0,7672.0,1589
2026-08-24 08:37:00-07:00,7672.0,7674.25,7671.25,7674.0,1640
2026-08-24 08:38:00-07:00,7674.0,7674.25,7672.5,7673.0,1470
2026-08-24 08:39:00-07:00,7673.0,7675.75,7673.0,7674.5,2885
2026-08-24 08:40:00-07:00,7674.5,7677.75,7674.25,7677.0,3867
2026-08-24 08:41:00-07:00,7677.0,7677.25,7676.0,7677.0,1957
2026-08-24 08:42:00-07:00,7677.0,7677.25,7675.25,7677.0,2795
2026-08-24 08:43:00-07:00,7677.0,7678.75,7675.5,7676.25,2213
2026-08-24 08:44:00-07:00,7676.5,7677.25,7675.0,7676.75,2196
2026-08-24 08:45:00-07:00,7676.75,7680.0,7676.75,7678.5,3175
2026-08-24 08:46:00-07:00,7678.75,7680.0,7677.75,7679.25,2360
2026-08-24 08:47:00-07:00,7679.5,7680.75,7679.0,7680.0,3186
2026-08-24 08:48:00-07:00,7680.0,7681.5,7677.0,7677.0,3145
2026-08-24 08:49:00-07:00,7677.25,7677.75,7676.75,7677.0,1383
2026-08-24 08:50:00-07:00,7676.75,7678.5,7676.75,7677.25,1378
2026-08-24 08:51:00-07:00,7677.25,7679.0,7677.0,7678.5,1200
2026-08-24 08:52:00-07:00,7678.5,7679.25,7677.75,7679.0,785
2026-08-24 08:53:00-07:00,7678.75,7680.25,7678.25,7680.0,1473
2026-08-24 08:54:00-07:00,7680.0,7680.0,7677.0,7677.25,1026
2026-08-24 08:55:00-07:00,7677.25,7677.75,7675.5,7677.75,2196
2026-08-24 08:56:00-07:00,7677.5,7677.75,7676.25,7677.5,1817
2026-08-24 08:57:00-07:00,7677.25,7677.75,7676.5,7676.75,1727
2026-08-24 08:58:00-07:00,7676.75,7677.75,7676.75,7677.0,1492
2026-08-24 08:59:00-07:00,7676.75,7679.5,7676.25,7679.5,1949
2026-08-24 09:00:00-07:00,7679.25,7683.5,7678.25,7678.75,5820
2026-08-24 09:01:00-07:00,7678.5,7684.0,7678.5,7682.0,3623
2026-08-24 09:02:00-07:00,7681.75,7685.5,7680.5,7683.5,4517
2026-08-24 09:03:00-07:00,7683.5,7686.0,7683.0,7684.25,2434
2026-08-24 09:04:00-07:00,7684.5,7685.0,7683.25,7683.75,1788
2026-08-24 09:05:00-07:00,7683.5,7684.0,7681.0,7681.5,2236
2026-08-24 09:06:00-07:00,7681.5,7682.0,7680.75,7681.25,1362
2026-08-24 09:07:00-07:00,7681.0,7681.5,7680.75,7680.75,1001
2026-08-24 09:08:00-07:00,7680.75,7681.0,7679.25,7680.25,1436
2026-08-24 09:09:00-07:00,7680.25,7680.5,7678.5,7679.0,1001
2026-08-24 09:10:00-07:00,7679.0,7679.75,7678.25,7679.25,1845
2026-08-24 09:11:00-07:00,7679.0,7680.0,7678.5,7678.75,1176
2026-08-24 09:12:00-07:00,7678.5,7679.75,7678.5,7679.75,734
2026-08-24 09:13:00-07:00,7679.5,7680.0,7678.75,7679.25,888
2026-08-24 09:14:00-07:00,7679.5,7680.75,7679.0,7680.75,661
2026-08-24 09:15:00-07:00,7680.75,7683.0,7680.25,7682.5,1642
2026-08-24 09:16:00-07:00,7682.5,7685.0,7682.25,7684.75,1946
2026-08-24 09:17:00-07:00,7685.0,7685.0,7683.25,7684.0,1327
2026-08-24 09:18:00-07:00,7683.75,7685.75,7683.75,7684.5,1454
2026-08-24 09:19:00-07:00,7684.75,7685.75,7684.5,7684.75,1139
2026-08-24 09:20:00-07:00,7684.5,7684.75,7683.5,7684.25,1413
2026-08-24 09:21:00-07:00,7684.25,7685.5,7684.0,7685.25,1382
2026-08-24 09:22:00-07:00,7685.25,7686.5,7684.5,7684.75,1549
2026-08-24 09:23:00-07:00,7684.75,7684.75,7682.25,7683.25,1457
2026-08-24 09:24:00-07:00,7683.0,7683.25,7682.25,7682.75,861
2026-08-24 09:25:00-07:00,7682.75,7683.0,7682.25,7682.75,813
2026-08-24 09:26:00-07:00,7682.75,7683.0,7682.0,7682.75,863
2026-08-24 09:27:00-07:00,7682.75,7683.75,7682.5,7682.75,916
2026-08-24 09:28:00-07:00,7682.75,7683.5,7682.5,7683.5,603
2026-08-24 09:29:00-07:00,7683.25,7684.25,7682.75,7683.25,1015
2026-08-24 09:30:00-07:00,7683.25,7684.0,7681.25,7682.0,1580
2026-08-24 09:31:00-07:00,7681.75,7681.75,7679.75,7680.0,2139
2026-08-24 09:32:00-07:00,7680.0,7680.25,7679.0,7679.75,1531
2026-08-24 09:33:00-07:00,7679.75,7680.25,7679.25,7679.75,707
2026-08-24 09:34:00-07:00,7679.75,7680.0,7679.0,7680.0,841
2026-08-24 09:35:00-07:00,7680.0,7680.75,7679.25,7680.5,752
2026-08-24 09:36:00-07:00,7680.25,7680.75,7679.75,7680.25,644
2026-08-24 09:37:00-07:00,7680.0,7681.0,7680.0,7680.75,581
2026-08-24 09:38:00-07:00,7680.75,7681.25,7677.75,7678.0,1607
2026-08-24 09:39:00-07:00,7678.0,7678.5,7677.25,7677.75,986
2026-08-24 09:40:00-07:00,7677.5,7678.25,7676.75,7678.0,1040
2026-08-24 09:41:00-07:00,7678.0,7678.0,7677.0,7677.75,629
2026-08-24 09:42:00-07:00,7677.5,7677.75,7676.0,7676.25,602
2026-08-24 09:43:00-07:00,7676.0,7677.0,7675.75,7676.75,760
2026-08-24 09:44:00-07:00,7676.75,7677.75,7676.5,7677.25,810
2026-08-24 09:45:00-07:00,7677.25,7677.5,7675.75,7676.0,1269
2026-08-24 09:46:00-07:00,7675.75,7676.5,7675.75,7676.25,1002
2026-08-24 09:47:00-07:00,7676.0,7677.0,7676.0,7676.75,1217
2026-08-24 09:48:00-07:00,7676.75,7678.0,7676.5,7676.5,1203
2026-08-24 09:49:00-07:00,7676.5,7677.75,7676.0,7677.75,792
2026-08-24 09:50:00-07:00,7677.5,7678.75,7676.75,7677.0,1317
2026-08-24 09:51:00-07:00,7676.75,7677.0,7675.25,7675.5,856
2026-08-24 09:52:00-07:00,7675.5,7677.25,7675.5,7676.75,713
2026-08-24 09:53:00-07:00,7676.75,7677.0,7676.25,7677.0,511
2026-08-24 09:54:00-07:00,7677.0,7677.0,7675.5,7676.25,733
2026-08-24 09:55:00-07:00,7676.25,7676.25,7675.5,7675.75,739
2026-08-24 09:56:00-07:00,7675.5,7676.25,7675.5,7676.0,559
2026-08-24 09:57:00-07:00,7675.75,7677.5,7675.75,7675.75,1503
2026-08-24 09:58:00-07:00,7675.75,7676.0,7675.5,7676.0,598
2026-08-24 09:59:00-07:00,7675.75,7676.5,7675.75,7676.0,574
2026-08-24 10:00:00-07:00,7676.0,7676.25,7674.5,7674.5,1151
2026-08-24 10:01:00-07:00,7674.5,7675.5,7674.5,7674.5,971
2026-08-24 10:02:00-07:00,7674.5,7675.0,7673.5,7673.75,2238
2026-08-24 10:03:00-07:00,7673.75,7674.5,7673.5,7673.5,1479
2026-08-24 10:04:00-07:00,7673.5,7674.5,7672.75,7674.25,1328
2026-08-24 10:05:00-07:00,7674.0,7675.0,7673.5,7674.5,1151
2026-08-24 10:06:00-07:00,7674.25,7675.75,7674.25,7675.0,1091
2026-08-24 10:07:00-07:00,7674.75,7679.5,7674.75,7679.25,3028
2026-08-24 10:08:00-07:00,7679.0,7680.75,7677.5,7679.0,2667
2026-08-24 10:09:00-07:00,7679.0,7679.25,7678.25,7678.5,1181
2026-08-24 10:10:00-07:00,7678.5,7679.75,7677.25,7677.75,1491
2026-08-24 10:11:00-07:00,7677.75,7681.5,7677.5,7681.5,1697
2026-08-24 10:12:00-07:00,7681.5,7682.0,7680.0,7680.75,1642
2026-08-24 10:13:00-07:00,7680.75,7681.25,7678.5,7678.75,1610
2026-08-24 10:14:00-07:00,7678.75,7679.5,7677.25,7679.25,1373
2026-08-24 10:15:00-07:00,7679.25,7679.25,7677.5,7678.25,689
2026-08-24 10:16:00-07:00,7678.0,7678.25,7674.25,7677.0,3553
2026-08-24 10:17:00-07:00,7676.75,7679.75,7676.75,7679.5,1681
2026-08-24 10:18:00-07:00,7679.25,7679.5,7676.0,7676.5,1168
2026-08-24 10:19:00-07:00,7676.25,7677.0,7675.25,7675.5,1209
2026-08-24 10:20:00-07:00,7675.25,7675.75,7673.5,7673.75,2084
2026-08-24 10:21:00-07:00,7673.5,7673.5,7670.75,7671.5,3283
2026-08-24 10:22:00-07:00,7671.25,7671.75,7670.25,7671.5,2227
2026-08-24 10:23:00-07:00,7671.25,7671.75,7669.0,7670.75,2753
2026-08-24 10:24:00-07:00,7670.75,7671.5,7669.75,7669.75,1326
2026-08-24 10:25:00-07:00,7669.75,7670.0,7667.25,7669.25,3233
2026-08-24 10:26:00-07:00,7669.25,7671.0,7669.0,7670.75,1414
2026-08-24 10:27:00-07:00,7670.5,7671.0,7669.5,7670.5,1297
2026-08-24 10:28:00-07:00,7670.5,7671.5,7669.75,7670.0,1450
2026-08-24 10:29:00-07:00,7670.0,7670.5,7667.75,7668.25,1198
2026-08-24 10:30:00-07:00,7668.0,7668.5,7667.0,7668.0,2379
2026-08-24 10:31:00-07:00,7667.75,7669.0,7667.5,7668.5,1766
2026-08-24 10:32:00-07:00,7668.5,7670.0,7668.5,7669.0,1934
2026-08-24 10:38:00-07:00,7665.5,7666.75,7665.25,7666.25,9045
2026-08-24 10:39:00-07:00,7666.0,7668.25,7666.0,7668.0,1489
2026-08-24 10:40:00-07:00,7668.0,7668.75,7667.0,7667.5,1878
2026-08-24 10:41:00-07:00,7667.5,7667.5,7666.0,7667.5,1047
2026-08-24 10:42:00-07:00,7667.75,7668.25,7667.25,7667.75,1048
2026-08-24 10:43:00-07:00,7667.75,7667.75,7666.25,7666.25,1146
2026-08-24 10:44:00-07:00,7666.5,7666.75,7665.0,7665.25,1476
2026-08-24 10:45:00-07:00,7665.0,7665.5,7664.5,7665.0,2251
2026-08-24 10:46:00-07:00,7665.25,7666.0,7664.75,7665.0,1130
2026-08-24 10:47:00-07:00,7665.25,7666.25,7664.75,7665.5,1042
2026-08-24 10:48:00-07:00,7665.5,7667.0,7665.5,7666.5,1086
2026-08-24 10:49:00-07:00,7666.75,7666.75,7665.5,7666.25,897
2026-08-24 10:50:00-07:00,7666.5,7669.0,7666.0,7668.75,1929
2026-08-24 10:51:00-07:00,7668.75,7668.75,7666.5,7667.0,1036
2026-08-24 10:52:00-07:00,7667.0,7667.5,7665.5,7665.75,2117
2026-08-24 10:53:00-07:00,7665.5,7667.0,7665.25,7666.75,1348
2026-08-24 10:54:00-07:00,7666.75,7666.75,7665.75,7666.0,586
2026-08-24 10:55:00-07:00,7666.25,7666.5,7665.25,7666.25,636
2026-08-24 10:56:00-07:00,7666.25,7667.75,7666.0,7667.25,979
2026-08-24 10:57:00-07:00,7667.0,7668.0,7666.5,7666.5,917
2026-08-24 10:58:00-07:00,7666.75,7667.25,7666.5,7666.75,462
2026-08-24 10:59:00-07:00,7666.75,7667.25,7666.5,7667.0,529
2026-08-24 11:00:00-07:00,7667.0,7670.5,7666.75,7669.75,3527
2026-08-24 11:01:00-07:00,7669.5,7670.0,7668.25,7670.0,1548
2026-08-24 11:02:00-07:00,7670.0,7670.75,7669.0,7669.5,1375
2026-08-24 11:03:00-07:00,7669.5,7670.5,7668.75,7669.75,1704
2026-08-24 11:04:00-07:00,7669.5,7670.0,7669.0,7669.75,815
2026-08-24 11:05:00-07:00,7669.5,7670.75,7669.0,7670.25,835
2026-08-24 11:06:00-07:00,7670.25,7671.5,7670.0,7671.0,1142
2026-08-24 11:07:00-07:00,7671.25,7672.5,7671.0,7671.75,1707
2026-08-24 11:08:00-07:00,7671.75,7672.5,7671.0,7672.25,1085
2026-08-24 11:09:00-07:00,7672.5,7674.25,7671.75,7673.0,1920
2026-08-24 11:10:00-07:00,7673.0,7673.5,7672.25,7673.0,1361
2026-08-24 11:11:00-07:00,7673.0,7674.0,7672.5,7673.25,968
2026-08-24 11:12:00-07:00,7673.25,7673.5,7672.5,7673.0,859
2026-08-24 11:13:00-07:00,7673.25,7674.75,7673.0,7674.25,1014
2026-08-24 11:14:00-07:00,7674.25,7677.0,7674.25,7676.75,3311
2026-08-24 11:15:00-07:00,7676.5,7678.0,7676.5,7676.75,3165
2026-08-24 11:16:00-07:00,7676.75,7679.25,7676.5,7677.25,3081
2026-08-24 11:17:00-07:00,7677.25,7677.5,7676.0,7676.5,1602
2026-08-24 11:18:00-07:00,7676.25,7676.75,7675.25,7676.0,1256
2026-08-24 11:19:00-07:00,7676.0,7676.75,7675.5,7676.25,751
2026-08-24 11:20:00-07:00,7676.25,7678.0,7676.0,7677.75,1263
2026-08-24 11:21:00-07:00,7677.75,7679.25,7677.75,7678.75,1762
2026-08-24 11:22:00-07:00,7679.0,7681.0,7679.0,7679.25,3549
2026-08-24 11:23:00-07:00,7679.5,7680.0,7678.75,7679.75,1460
2026-08-24 11:24:00-07:00,7680.0,7680.75,7679.75,7680.25,1308
2026-08-24 11:25:00-07:00,7680.0,7680.75,7679.5,7680.0,1347
2026-08-24 11:26:00-07:00,7680.0,7681.25,7680.0,7680.75,1493
2026-08-24 11:27:00-07:00,7680.75,7681.75,7680.25,7680.5,1890
2026-08-24 11:28:00-07:00,7680.5,7682.0,7680.25,7682.0,1530
2026-08-24 11:29:00-07:00,7681.75,7682.75,7681.5,7682.0,1501
2026-08-24 11:30:00-07:00,7682.0,7685.25,7682.0,7683.75,5320
2026-08-24 11:31:00-07:00,7683.75,7683.75,7681.25,7681.5,2854
2026-08-24 11:32:00-07:00,7681.5,7682.5,7681.5,7682.5,1218
2026-08-24 11:33:00-07:00,7682.5,7682.75,7681.5,7681.75,1115
2026-08-24 11:34:00-07:00,7681.75,7682.0,7680.75,7681.0,977
2026-08-24 11:35:00-07:00,7681.25,7681.75,7680.25,7680.25,900
2026-08-24 11:36:00-07:00,7680.25,7680.5,7677.75,7678.0,3166
2026-08-24 11:37:00-07:00,7678.0,7678.5,7677.5,7677.75,876
2026-08-24 11:38:00-07:00,7677.75,7678.0,7676.0,7676.0,1539
2026-08-24 11:39:00-07:00,7676.25,7676.5,7675.25,7676.25,2038
2026-08-24 11:40:00-07:00,7676.5,7677.5,7675.75,7677.25,1364
2026-08-24 11:41:00-07:00,7677.25,7677.75,7676.75,7677.5,1187
2026-08-24 11:42:00-07:00,7677.5,7678.0,7676.5,7677.25,1048
2026-08-24 11:43:00-07:00,7677.25,7678.25,7677.0,7678.0,795
2026-08-24 11:44:00-07:00,7678.0,7678.0,7676.75,7677.5,708
2026-08-24 11:45:00-07:00,7677.5,7678.5,7676.5,7676.5,975
2026-08-24 11:46:00-07:00,7676.5,7676.5,7675.25,7676.0,1380
2026-08-24 11:47:00-07:00,7676.0,7677.0,7676.0,7676.75,949
2026-08-24 11:48:00-07:00,7676.5,7676.75,7675.75,7676.5,747
2026-08-24 11:49:00-07:00,7676.5,7678.0,7676.5,7677.5,812
2026-08-24 11:50:00-07:00,7677.5,7678.75,7677.5,7678.0,1071
2026-08-24 11:51:00-07:00,7678.0,7678.25,7676.5,7676.75,787
2026-08-24 11:52:00-07:00,7676.75,7677.0,7675.25,7676.25,1074
2026-08-24 11:53:00-07:00,7676.25,7676.5,7675.0,7675.25,1021
2026-08-24 11:54:00-07:00,7675.25,7676.25,7675.25,7675.75,1038
2026-08-24 11:55:00-07:00,7675.75,7677.0,7675.25,7675.5,983
2026-08-24 11:56:00-07:00,7675.5,7676.0,7675.0,7675.5,645
2026-08-24 11:57:00-07:00,7675.5,7676.5,7675.5,7675.75,753
2026-08-24 11:58:00-07:00,7675.75,7676.0,7675.5,7676.0,724
2026-08-24 11:59:00-07:00,7676.0,7676.0,7674.0,7674.25,1552
2026-08-24 12:00:00-07:00,7674.0,7675.0,7673.25,7673.5,1874
2026-08-24 12:01:00-07:00,7673.5,7674.75,7672.5,7674.75,2356
2026-08-24 12:02:00-07:00,7674.5,7674.75,7673.75,7673.75,815
2026-08-24 12:03:00-07:00,7674.0,7674.0,7672.5,7673.25,1071
2026-08-24 12:04:00-07:00,7673.25,7674.0,7672.75,7673.5,852
2026-08-24 12:05:00-07:00,7673.5,7675.0,7673.5,7675.0,1061
2026-08-24 12:06:00-07:00,7674.75,7674.75,7673.75,7674.25,702
2026-08-24 12:07:00-07:00,7674.5,7675.25,7674.0,7674.25,936
2026-08-24 12:08:00-07:00,7674.25,7674.5,7673.5,7674.0,805
2026-08-24 12:09:00-07:00,7674.25,7674.25,7672.5,7673.0,762
2026-08-24 12:10:00-07:00,7673.0,7673.75,7672.75,7673.75,753
2026-08-24 12:11:00-07:00,7673.75,7675.25,7673.0,7675.0,1918
2026-08-24 12:12:00-07:00,7675.0,7675.25,7674.5,7675.0,746
2026-08-24 12:13:00-07:00,7674.75,7675.75,7674.75,7675.5,787
2026-08-24 12:14:00-07:00,7675.5,7676.5,7675.0,7675.25,828
2026-08-24 12:15:00-07:00,7675.5,7675.5,7673.5,7674.25,1240
2026-08-24 12:16:00-07:00,7674.25,7674.75,7674.0,7674.25,567
2026-08-24 12:17:00-07:00,7674.25,7675.25,7674.0,7675.25,501
2026-08-24 12:18:00-07:00,7675.0,7676.75,7674.75,7676.5,1110
2026-08-24 12:19:00-07:00,7676.5,7676.75,7675.25,7675.5,920
2026-08-24 12:20:00-07:00,7675.25,7675.5,7673.75,7675.25,1218
2026-08-24 12:21:00-07:00,7675.0,7676.0,7674.75,7675.75,689
2026-08-24 12:22:00-07:00,7676.0,7676.25,7674.5,7675.25,1130
2026-08-24 12:23:00-07:00,7675.0,7675.75,7674.25,7674.75,1287
2026-08-24 12:24:00-07:00,7674.75,7675.0,7674.25,7674.75,561
2026-08-24 12:25:00-07:00,7674.5,7676.0,7674.5,7675.75,1002
2026-08-24 12:26:00-07:00,7676.0,7676.0,7674.25,7674.5,835
2026-08-24 12:27:00-07:00,7674.25,7675.0,7673.5,7675.0,1040
2026-08-24 12:28:00-07:00,7675.0,7675.25,7674.0,7674.5,617
2026-08-24 12:29:00-07:00,7674.25,7674.75,7673.5,7674.25,802
2026-08-24 12:30:00-07:00,7674.25,7677.0,7674.0,7676.75,1903
2026-08-24 12:31:00-07:00,7676.75,7676.75,7675.25,7675.75,1481
2026-08-24 12:32:00-07:00,7675.5,7675.75,7673.75,7674.0,1282
2026-08-24 12:33:00-07:00,7674.0,7674.25,7673.25,7673.5,1135
2026-08-24 12:34:00-07:00,7673.5,7674.0,7671.75,7671.75,1831
2026-08-24 12:35:00-07:00,7672.0,7672.5,7671.0,7672.0,2205
2026-08-24 12:36:00-07:00,7672.0,7672.25,7671.75,7672.0,1042
2026-08-24 12:37:00-07:00,7672.0,7673.0,7671.75,7672.25,1470
2026-08-24 12:38:00-07:00,7672.5,7672.75,7671.75,7672.25,832
2026-08-24 12:39:00-07:00,7672.25,7672.5,7670.75,7671.0,1250
2026-08-24 12:40:00-07:00,7671.0,7672.0,7671.0,7671.75,1235
2026-08-24 12:41:00-07:00,7671.75,7671.75,7670.25,7670.5,1402
2026-08-24 12:42:00-07:00,7670.5,7671.0,7670.25,7670.25,884
2026-08-24 12:43:00-07:00,7670.25,7672.25,7670.0,7671.75,1723
2026-08-24 12:44:00-07:00,7671.5,7672.0,7670.75,7671.25,1197
2026-08-24 12:45:00-07:00,7671.25,7671.5,7670.25,7670.25,2463
2026-08-24 12:46:00-07:00,7670.25,7670.25,7669.25,7669.75,1786
2026-08-24 12:47:00-07:00,7669.75,7671.75,7669.25,7670.75,2043
2026-08-24 12:48:00-07:00,7670.75,7671.75,7670.25,7671.5,1256
2026-08-24 12:49:00-07:00,7671.25,7672.5,7671.0,7672.0,1796
2026-08-24 12:50:00-07:00,7672.0,7674.25,7671.25,7671.25,3486
2026-08-24 12:51:00-07:00,7671.25,7672.25,7670.0,7670.0,1828
2026-08-24 12:52:00-07:00,7670.0,7670.0,7668.0,7669.0,5242
2026-08-24 12:53:00-07:00,7669.25,7669.75,7668.25,7668.5,2090
2026-08-24 12:54:00-07:00,7668.75,7672.25,7668.75,7672.25,3435
2026-08-24 12:55:00-07:00,7672.25,7672.25,7668.25,7670.75,5868
2026-08-25 06:25:00-07:00,7697.0,7700.0,7697.0,7699.5,1050
2026-08-25 06:26:00-07:00,7699.5,7700.0,7699.25,7699.75,305
2026-08-25 06:27:00-07:00,7700.0,7700.25,7697.75,7697.75,1068
2026-08-25 06:28:00-07:00,7698.0,7698.25,7696.5,7696.5,853
2026-08-25 06:29:00-07:00,7696.75,7697.25,7694.75,7695.0,1490
2026-08-25 06:30:00-07:00,7695.0,7697.75,7692.5,7696.0,8990
2026-08-25 06:31:00-07:00,7696.25,7698.5,7692.75,7695.5,5825
2026-08-25 06:32:00-07:00,7695.5,7700.0,7695.0,7697.0,4719
2026-08-25 06:33:00-07:00,7696.75,7700.25,7694.75,7700.0,3819
2026-08-25 06:34:00-07:00,7700.0,7701.25,7698.0,7700.25,3887
2026-08-25 06:35:00-07:00,7700.25,7700.5,7697.25,7697.75,4660
2026-08-25 06:36:00-07:00,7697.75,7699.25,7695.25,7696.0,3310
2026-08-25 06:37:00-07:00,7695.75,7699.75,7695.5,7699.0,2708
2026-08-25 06:38:00-07:00,7699.0,7699.5,7695.0,7695.5,2602
2026-08-25 06:39:00-07:00,7695.5,7697.75,7694.5,7695.0,3098
2026-08-25 06:40:00-07:00,7695.0,7697.75,7694.25,7697.0,3957
2026-08-25 06:41:00-07:00,7697.0,7699.75,7696.25,7697.25,3180
2026-08-25 06:42:00-07:00,7697.25,7698.5,7695.0,7696.0,2920
2026-08-25 06:43:00-07:00,7695.75,7696.0,7692.0,7693.75,4319
2026-08-25 06:44:00-07:00,7693.75,7695.75,7693.75,7694.75,3083
2026-08-25 06:45:00-07:00,7694.75,7698.5,7694.5,7695.5,4222
2026-08-25 06:46:00-07:00,7695.75,7698.5,7694.5,7697.5,2855
2026-08-25 06:47:00-07:00,7697.5,7697.5,7695.25,7697.5,2710
2026-08-25 06:48:00-07:00,7697.25,7700.0,7696.25,7700.0,2635
2026-08-25 06:49:00-07:00,7700.0,7700.5,7697.75,7698.0,2839
2026-08-25 06:50:00-07:00,7698.0,7698.75,7695.0,7695.5,3784
2026-08-25 06:51:00-07:00,7695.25,7696.5,7694.5,7695.75,2354
2026-08-25 06:52:00-07:00,7695.75,7696.25,7693.25,7694.75,2643
2026-08-25 06:53:00-07:00,7694.75,7695.5,7693.75,7695.0,2013
2026-08-25 06:54:00-07:00,7695.0,7696.0,7693.25,7693.5,1856
2026-08-25 06:55:00-07:00,7693.5,7694.0,7690.5,7691.25,3325
2026-08-25 06:56:00-07:00,7691.25,7692.0,7689.5,7691.5,3378
2026-08-25 06:57:00-07:00,7691.25,7692.25,7689.5,7689.75,4767
2026-08-25 06:58:00-07:00,7690.0,7690.25,7688.25,7689.5,2529
2026-08-25 06:59:00-07:00,7689.5,7690.25,7688.0,7690.0,1873
2026-08-25 07:00:00-07:00,7690.0,7690.5,7687.0,7689.5,3850
2026-08-25 07:01:00-07:00,7689.5,7690.75,7688.0,7690.0,2964
2026-08-25 07:02:00-07:00,7690.25,7691.25,7686.75,7688.0,4931
2026-08-25 07:03:00-07:00,7688.0,7689.5,7687.0,7687.5,2993
2026-08-25 07:04:00-07:00,7687.5,7688.25,7685.5,7687.75,3541
2026-08-25 07:05:00-07:00,7687.75,7689.0,7687.0,7687.75,3077
2026-08-25 07:06:00-07:00,7688.0,7688.25,7685.5,7685.75,2545
2026-08-25 07:07:00-07:00,7685.75,7687.25,7684.5,7685.0,2277
2026-08-25 07:08:00-07:00,7685.25,7686.75,7684.5,7685.25,2328
2026-08-25 07:09:00-07:00,7685.5,7686.75,7684.75,7686.5,1904
2026-08-25 07:10:00-07:00,7686.5,7688.25,7686.0,7686.75,2854
2026-08-25 07:11:00-07:00,7687.0,7687.25,7684.75,7685.0,2121
2026-08-25 07:12:00-07:00,7685.25,7687.0,7685.0,7686.75,1861
2026-08-25 07:13:00-07:00,7686.75,7687.0,7684.5,7686.25,1964
2026-08-25 07:14:00-07:00,7686.25,7686.75,7684.0,7684.75,1741
2026-08-25 07:15:00-07:00,7684.75,7686.5,7683.5,7686.5,2529
2026-08-25 07:16:00-07:00,7686.5,7688.0,7686.25,7686.5,2398
2026-08-25 07:17:00-07:00,7686.5,7686.5,7685.0,7686.25,1521
2026-08-25 07:18:00-07:00,7686.0,7688.5,7685.75,7688.25,2459
2026-08-25 07:19:00-07:00,7688.0,7689.5,7686.5,7687.25,3348
2026-08-25 07:20:00-07:00,7687.25,7688.0,7686.0,7687.0,2266
2026-08-25 07:21:00-07:00,7687.0,7687.0,7684.5,7684.5,2334
2026-08-25 07:22:00-07:00,7684.5,7685.25,7682.75,7683.0,3066
2026-08-25 07:23:00-07:00,7683.25,7684.0,7681.5,7682.0,3557
2026-08-25 07:24:00-07:00,7681.75,7684.5,7681.25,7684.25,2892
2026-08-25 07:25:00-07:00,7684.25,7685.0,7682.75,7683.25,2544
2026-08-25 07:26:00-07:00,7683.25,7684.5,7682.25,7684.0,1998
2026-08-25 07:27:00-07:00,7684.0,7684.5,7683.0,7683.25,1859
2026-08-25 07:28:00-07:00,7683.25,7683.5,7682.0,7682.0,1669
2026-08-25 07:29:00-07:00,7682.0,7682.5,7680.0,7680.0,2554
2026-08-25 07:30:00-07:00,7680.0,7680.25,7663.25,7676.75,18279
2026-08-25 07:31:00-07:00,7676.75,7679.5,7676.25,7679.0,5882
2026-08-25 07:32:00-07:00,7678.75,7682.0,7678.5,7680.0,5077
2026-08-25 07:33:00-07:00,7680.0,7681.0,7678.5,7680.75,2842
2026-08-25 07:34:00-07:00,7680.5,7680.75,7676.0,7676.5,2794
2026-08-25 07:35:00-07:00,7676.5,7679.25,7675.75,7677.5,2589
2026-08-25 07:36:00-07:00,7677.5,7680.75,7677.25,7680.5,2339
2026-08-25 07:37:00-07:00,7680.25,7680.75,7679.5,7680.75,1078
2026-08-25 07:38:00-07:00,7680.75,7681.5,7679.75,7681.25,1623
2026-08-25 07:39:00-07:00,7681.25,7683.75,7681.25,7683.25,2478
2026-08-25 07:40:00-07:00,7683.0,7683.25,7680.25,7680.25,2102
2026-08-25 07:41:00-07:00,7680.5,7681.0,7678.0,7678.75,1954
2026-08-25 07:42:00-07:00,7678.75,7679.0,7675.5,7676.0,2925
2026-08-25 07:43:00-07:00,7676.0,7677.25,7674.5,7676.0,2896
2026-08-25 07:44:00-07:00,7676.0,7677.0,7674.75,7676.5,2170
2026-08-25 07:45:00-07:00,7676.25,7676.5,7674.5,7675.5,2257
2026-08-25 07:46:00-07:00,7675.5,7678.0,7675.0,7675.75,2709
2026-08-25 07:47:00-07:00,7675.75,7677.0,7675.5,7676.25,2295
2026-08-25 07:48:00-07:00,7676.25,7676.75,7675.0,7675.25,1508
2026-08-25 07:49:00-07:00,7675.25,7676.5,7674.75,7675.25,2065
2026-08-25 07:50:00-07:00,7675.25,7675.75,7673.25,7675.75,2229
2026-08-25 07:51:00-07:00,7675.75,7677.5,7674.25,7677.5,1842
2026-08-25 07:52:00-07:00,7677.25,7679.25,7677.0,7679.0,1851
2026-08-25 07:53:00-07:00,7679.0,7681.25,7678.75,7681.0,1853
2026-08-25 07:54:00-07:00,7681.0,7681.25,7679.75,7679.75,1785
2026-08-25 07:55:00-07:00,7679.5,7680.75,7679.0,7679.75,2016
2026-08-25 07:56:00-07:00,7679.75,7680.5,7677.75,7678.75,2110
2026-08-25 07:57:00-07:00,7678.75,7681.25,7678.0,7681.25,1818
2026-08-25 07:58:00-07:00,7681.25,7681.5,7679.75,7680.75,2069
2026-08-25 07:59:00-07:00,7680.75,7681.75,7679.75,7680.25,2085
2026-08-25 08:00:00-07:00,7680.0,7681.0,7677.5,7679.0,2871
2026-08-25 08:01:00-07:00,7679.0,7680.75,7678.5,7678.5,2129
2026-08-25 08:02:00-07:00,7678.25,7679.75,7677.5,7679.0,1829
2026-08-25 08:03:00-07:00,7679.0,7679.25,7676.25,7676.75,1781
2026-08-25 08:04:00-07:00,7677.0,7679.0,7676.25,7677.5,2454
2026-08-25 08:05:00-07:00,7677.5,7679.5,7677.25,7679.25,1196
2026-08-25 08:06:00-07:00,7679.25,7679.5,7677.25,7678.25,1651
2026-08-25 08:07:00-07:00,7678.25,7681.0,7678.25,7678.75,1764
2026-08-25 08:08:00-07:00,7679.0,7679.5,7678.25,7679.5,1128
2026-08-25 08:09:00-07:00,7679.5,7680.0,7678.5,7679.0,1274
2026-08-25 08:10:00-07:00,7679.0,7679.75,7677.75,7679.25,1346
2026-08-25 08:11:00-07:00,7679.5,7681.0,7679.0,7680.75,1184
2026-08-25 08:12:00-07:00,7680.75,7681.0,7678.25,7678.75,1330
2026-08-25 08:13:00-07:00,7678.5,7679.25,7676.75,7677.0,1464
2026-08-25 08:14:00-07:00,7677.25,7679.25,7677.25,7678.75,1315
2026-08-25 08:15:00-07:00,7679.0,7680.5,7677.75,7680.25,1549
2026-08-25 08:16:00-07:00,7680.25,7681.25,7680.0,7680.5,1316
2026-08-25 08:17:00-07:00,7680.75,7681.5,7680.75,7681.0,1022
2026-08-25 08:18:00-07:00,7681.0,7681.5,7679.25,7679.5,1394
2026-08-25 08:19:00-07:00,7679.5,7682.5,7679.25,7682.0,1152
2026-08-25 08:20:00-07:00,7682.25,7683.75,7682.0,7683.5,2026
2026-08-25 08:21:00-07:00,7683.75,7684.75,7683.5,7684.25,2323
2026-08-25 08:22:00-07:00,7684.5,7684.75,7683.5,7683.75,1208
2026-08-25 08:23:00-07:00,7683.75,7684.0,7679.75,7680.5,2720
2026-08-25 08:24:00-07:00,7680.75,7682.25,7680.5,7680.75,1500
2026-08-25 08:25:00-07:00,7681.0,7681.5,7679.5,7681.0,1301
2026-08-25 08:26:00-07:00,7681.0,7681.5,7680.5,7681.25,1345
2026-08-25 08:27:00-07:00,7681.25,7684.0,7680.5,7683.75,1619
2026-08-25 08:28:00-07:00,7684.0,7686.25,7683.75,7685.75,2319
2026-08-25 08:29:00-07:00,7686.0,7687.0,7685.25,7686.0,2362
2026-08-25 08:30:00-07:00,7686.25,7686.75,7685.5,7686.0,3039
2026-08-25 08:31:00-07:00,7686.25,7687.0,7685.5,7685.75,2292
2026-08-25 08:32:00-07:00,7686.0,7686.0,7684.5,7685.0,1971
2026-08-25 08:33:00-07:00,7685.0,7691.0,7683.5,7688.25,6104
2026-08-25 08:34:00-07:00,7688.25,7688.5,7683.5,7684.0,3919
2026-08-25 08:35:00-07:00,7684.0,7690.25,7683.75,7686.25,11019
2026-08-25 08:36:00-07:00,7686.5,7686.75,7685.0,7685.5,1474
2026-08-25 08:37:00-07:00,7685.75,7686.0,7684.5,7685.0,1258
2026-08-25 08:38:00-07:00,7685.0,7686.0,7684.25,7685.5,1066
2026-08-25 08:39:00-07:00,7685.5,7685.75,7683.75,7684.25,1150
2026-08-25 08:40:00-07:00,7684.25,7685.5,7683.5,7684.0,1227
2026-08-25 08:41:00-07:00,7683.75,7684.0,7682.0,7682.75,1869
2026-08-25 08:42:00-07:00,7682.75,7684.75,7682.25,7683.25,1314
2026-08-25 08:43:00-07:00,7683.5,7684.5,7683.25,7683.75,937
2026-08-25 08:44:00-07:00,7684.0,7685.25,7683.75,7685.0,1037
2026-08-25 08:45:00-07:00,7685.0,7685.25,7682.75,7683.25,1265
2026-08-25 08:46:00-07:00,7683.25,7683.25,7681.75,7682.5,2231
2026-08-25 08:47:00-07:00,7682.25,7683.25,7680.5,7680.75,1675
2026-08-25 08:48:00-07:00,7680.75,7681.0,7679.25,7679.5,1671
2026-08-25 08:49:00-07:00,7679.5,7680.25,7679.0,7680.0,1505
2026-08-25 08:50:00-07:00,7680.0,7681.5,7679.0,7681.25,1814
2026-08-25 08:51:00-07:00,7681.25,7682.0,7680.5,7681.75,1214
2026-08-25 08:52:00-07:00,7681.5,7683.0,7680.75,7681.75,1329
2026-08-25 08:53:00-07:00,7681.75,7684.5,7681.75,7684.5,1378
2026-08-25 08:54:00-07:00,7684.5,7686.25,7684.25,7685.25,1434
2026-08-25 08:55:00-07:00,7685.25,7686.75,7685.0,7686.5,1392
2026-08-25 08:56:00-07:00,7686.75,7687.75,7686.25,7687.5,3622
2026-08-25 08:57:00-07:00,7687.5,7688.0,7687.0,7687.75,1264
2026-08-25 08:58:00-07:00,7687.75,7689.25,7687.5,7688.75,3404
2026-08-25 08:59:00-07:00,7688.75,7689.0,7687.0,7687.75,1837
2026-08-25 09:00:00-07:00,7687.75,7688.75,7687.25,7688.5,1558
2026-08-25 09:01:00-07:00,7688.5,7688.5,7687.5,7688.0,1609
2026-08-25 09:02:00-07:00,7688.0,7690.5,7688.0,7689.75,3407
2026-08-25 09:03:00-07:00,7690.0,7691.5,7689.75,7691.25,2070
2026-08-25 09:04:00-07:00,7691.25,7691.25,7688.25,7688.75,1865
2026-08-25 09:05:00-07:00,7688.75,7689.5,7687.75,7687.75,1572
2026-08-25 09:06:00-07:00,7688.0,7689.5,7688.0,7688.75,1031
2026-08-25 09:07:00-07:00,7688.5,7689.25,7688.25,7688.5,978
2026-08-25 09:08:00-07:00,7688.5,7689.0,7687.5,7687.75,861
2026-08-25 09:09:00-07:00,7687.75,7687.75,7686.5,7686.5,1680
2026-08-25 09:10:00-07:00,7686.75,7688.5,7686.5,7688.5,1829
2026-08-25 09:11:00-07:00,7688.75,7689.0,7687.25,7687.75,1033
2026-08-25 09:12:00-07:00,7687.5,7687.75,7686.25,7687.25,892
2026-08-25 09:13:00-07:00,7687.25,7687.5,7686.25,7687.5,988
2026-08-25 09:14:00-07:00,7687.5,7688.5,7687.25,7688.25,926
2026-08-25 09:15:00-07:00,7688.25,7688.75,7687.25,7688.25,795
2026-08-25 09:16:00-07:00,7688.0,7689.0,7687.75,7688.5,941
2026-08-25 09:17:00-07:00,7688.5,7688.5,7687.5,7687.75,704
2026-08-25 09:18:00-07:00,7687.75,7689.0,7687.75,7688.75,832
2026-08-25 09:19:00-07:00,7688.5,7688.75,7687.75,7688.25,594
2026-08-25 09:20:00-07:00,7688.25,7688.25,7687.0,7687.75,731
2026-08-25 09:21:00-07:00,7687.5,7688.0,7687.0,7688.0,464
2026-08-25 09:22:00-07:00,7687.75,7689.25,7687.75,7688.5,830
2026-08-25 09:23:00-07:00,7688.5,7689.25,7688.25,7689.0,869
2026-08-25 09:24:00-07:00,7689.0,7689.5,7688.75,7689.25,1364
2026-08-25 09:25:00-07:00,7689.25,7690.0,7689.0,7689.75,1089
2026-08-25 09:26:00-07:00,7689.5,7689.5,7688.5,7688.75,2208
2026-08-25 09:27:00-07:00,7689.0,7690.5,7688.75,7690.5,898
2026-08-25 09:28:00-07:00,7690.5,7691.5,7689.75,7689.75,3062
2026-08-25 09:29:00-07:00,7689.75,7690.75,7689.5,7690.75,1376
2026-08-25 09:30:00-07:00,7690.5,7691.25,7690.25,7691.25,1494
2026-08-25 09:31:00-07:00,7691.25,7691.75,7690.75,7691.0,1183
2026-08-25 09:32:00-07:00,7691.0,7691.5,7690.75,7691.5,719
2026-08-25 09:33:00-07:00,7691.5,7691.5,7690.5,7690.5,730
2026-08-25 09:34:00-07:00,7690.5,7690.75,7689.75,7690.5,1319
2026-08-25 09:35:00-07:00,7690.75,7691.0,7689.0,7689.5,1230
2026-08-25 09:36:00-07:00,7689.5,7689.75,7689.0,7689.5,1010
2026-08-25 09:37:00-07:00,7689.5,7690.75,7689.25,7690.25,902
2026-08-25 09:38:00-07:00,7690.0,7692.25,7690.0,7692.25,1215
2026-08-25 09:39:00-07:00,7692.5,7692.75,7691.5,7692.25,1142
2026-08-25 09:40:00-07:00,7692.0,7692.25,7691.0,7691.5,879
2026-08-25 09:41:00-07:00,7691.5,7692.0,7691.0,7691.25,749
2026-08-25 09:42:00-07:00,7691.25,7691.75,7691.0,7691.0,786
2026-08-25 09:43:00-07:00,7691.0,7691.0,7688.75,7688.75,1715
2026-08-25 09:44:00-07:00,7688.5,7689.0,7688.0,7688.75,1457
2026-08-25 09:45:00-07:00,7688.75,7690.25,7688.75,7689.75,1234
2026-08-25 09:46:00-07:00,7689.5,7690.75,7689.5,7690.5,948
2026-08-25 09:47:00-07:00,7690.75,7690.75,7688.25,7688.25,864
2026-08-25 09:48:00-07:00,7688.5,7689.0,7687.0,7688.5,3667
2026-08-25 09:49:00-07:00,7688.5,7689.75,7688.25,7689.5,833
2026-08-25 09:50:00-07:00,7689.5,7689.5,7687.25,7687.25,936
2026-08-25 09:51:00-07:00,7687.25,7687.75,7686.25,7686.75,1575
2026-08-25 09:52:00-07:00,7686.75,7688.25,7686.5,7688.0,1117
2026-08-25 09:53:00-07:00,7688.0,7688.25,7687.5,7687.5,655
2026-08-25 09:54:00-07:00,7687.5,7687.75,7686.75,7687.25,724
2026-08-25 09:55:00-07:00,7687.0,7687.75,7687.0,7687.5,533
2026-08-25 09:56:00-07:00,7687.25,7688.75,7687.25,7688.75,740
2026-08-25 09:57:00-07:00,7688.75,7690.0,7688.25,7688.25,1107
2026-08-25 09:58:00-07:00,7688.5,7689.75,7687.75,7689.5,2060
2026-08-25 09:59:00-07:00,7689.75,7692.0,7689.25,7690.75,3150
2026-08-25 10:00:00-07:00,7690.75,7691.0,7689.25,7689.5,1757
2026-08-25 10:01:00-07:00,7689.75,7691.5,7689.5,7690.0,2057
2026-08-25 10:02:00-07:00,7690.25,7690.5,7688.5,7688.5,1372
2026-08-25 10:03:00-07:00,7688.5,7689.5,7687.5,7688.25,1338
2026-08-25 10:04:00-07:00,7688.0,7688.25,7686.5,7686.5,1187
2026-08-25 10:05:00-07:00,7686.5,7687.25,7685.75,7686.0,1531
2026-08-25 10:06:00-07:00,7686.0,7686.5,7685.0,7686.5,1109
2026-08-25 10:07:00-07:00,7686.5,7686.5,7685.25,7685.5,770
2026-08-25 10:08:00-07:00,7685.25,7685.75,7682.25,7683.5,4322
2026-08-25 10:09:00-07:00,7683.5,7684.25,7683.25,7684.25,1733
2026-08-25 10:10:00-07:00,7684.0,7684.5,7682.75,7683.5,1508
2026-08-25 10:11:00-07:00,7683.5,7683.5,7682.75,7683.5,1476
2026-08-25 10:12:00-07:00,7683.5,7684.75,7683.25,7684.5,1347
2026-08-25 10:13:00-07:00,7684.5,7685.5,7684.0,7685.0,950
2026-08-25 10:14:00-07:00,7685.0,7686.5,7684.75,7686.0,1189
2026-08-25 10:15:00-07:00,7686.0,7686.0,7685.0,7685.75,1118
2026-08-25 10:16:00-07:00,7686.0,7687.25,7685.5,7685.5,1064
2026-08-25 10:17:00-07:00,7685.75,7686.0,7684.75,7686.0,739
2026-08-25 10:18:00-07:00,7686.0,7686.25,7685.25,7685.5,1034
2026-08-25 10:19:00-07:00,7685.25,7687.5,7685.0,7687.5,793
2026-08-25 10:20:00-07:00,7687.25,7687.5,7685.25,7685.25,1549
2026-08-25 10:21:00-07:00,7685.25,7685.25,7683.75,7684.5,1096
2026-08-25 10:22:00-07:00,7684.25,7685.0,7684.0,7684.75,693
2026-08-25 10:23:00-07:00,7684.75,7685.0,7684.0,7684.0,758
2026-08-25 10:24:00-07:00,7684.0,7684.25,7683.25,7683.5,784
2026-08-25 10:25:00-07:00,7683.25,7683.25,7681.75,7682.0,2189
2026-08-25 10:26:00-07:00,7681.75,7682.25,7680.75,7681.25,2336
2026-08-25 10:27:00-07:00,7681.25,7682.0,7680.75,7681.0,1171
2026-08-25 10:28:00-07:00,7681.0,7681.0,7679.25,7680.75,2534
2026-08-25 10:29:00-07:00,7680.75,7681.5,7680.75,7681.25,1864
2026-08-25 10:30:00-07:00,7681.0,7681.75,7680.25,7680.75,1975
2026-08-25 10:31:00-07:00,7681.0,7682.75,7680.5,7682.25,1493
2026-08-25 10:32:00-07:00,7682.25,7682.5,7681.25,7681.75,941
2026-08-25 10:33:00-07:00,7681.5,7682.5,7681.0,7682.25,927
2026-08-25 10:34:00-07:00,7682.25,7682.25,7680.75,7681.25,729
2026-08-25 10:35:00-07:00,7681.25,7682.0,7680.5,7681.25,1146
2026-08-25 10:36:00-07:00,7681.25,7682.0,7680.75,7681.5,1039
2026-08-25 10:37:00-07:00,7681.25,7682.5,7681.25,7682.25,746
2026-08-25 10:38:00-07:00,7682.25,7683.25,7681.5,7682.75,1342
2026-08-25 10:39:00-07:00,7682.5,7683.0,7682.0,7682.25,705
2026-08-25 10:40:00-07:00,7682.25,7682.5,7681.5,7681.5,1112
2026-08-25 10:41:00-07:00,7681.5,7683.5,7681.5,7683.0,918
2026-08-25 10:42:00-07:00,7683.25,7683.5,7681.75,7681.75,642
2026-08-25 10:43:00-07:00,7682.0,7682.75,7682.0,7682.0,595
2026-08-25 10:44:00-07:00,7682.25,7682.25,7681.25,7681.5,445
2026-08-25 10:45:00-07:00,7681.5,7682.5,7681.5,7682.0,705
2026-08-25 10:46:00-07:00,7682.0,7682.5,7681.5,7682.25,794
2026-08-25 10:47:00-07:00,7682.25,7683.5,7681.5,7683.5,823
2026-08-25 10:48:00-07:00,7683.25,7683.5,7681.75,7682.25,730
2026-08-25 10:49:00-07:00,7682.0,7682.5,7681.75,7682.25,653
2026-08-25 10:50:00-07:00,7682.25,7682.25,7681.5,7682.0,537
2026-08-25 10:51:00-07:00,7682.0,7682.0,7681.5,7682.0,514
2026-08-25 10:52:00-07:00,7682.25,7683.75,7682.25,7683.25,976
2026-08-25 10:53:00-07:00,7683.25,7684.0,7683.25,7683.75,702
2026-08-25 10:54:00-07:00,7683.75,7684.5,7683.5,7684.25,786
2026-08-25 10:55:00-07:00,7684.0,7684.75,7683.75,7684.0,765
2026-08-25 10:56:00-07:00,7684.25,7684.25,7683.5,7683.5,596
2026-08-25 10:57:00-07:00,7683.75,7683.75,7682.25,7683.25,704
2026-08-25 10:58:00-07:00,7683.25,7684.0,7683.0,7684.0,620
2026-08-25 10:59:00-07:00,7684.0,7684.25,7683.25,7683.5,538
2026-08-25 11:00:00-07:00,7683.25,7683.5,7682.5,7682.75,1366
2026-08-25 11:01:00-07:00,7682.75,7682.75,7681.5,7682.0,1357
2026-08-25 11:02:00-07:00,7682.25,7682.5,7682.0,7682.25,840
2026-08-25 11:03:00-07:00,7682.5,7683.25,7681.5,7681.75,1145
2026-08-25 11:04:00-07:00,7681.5,7681.75,7681.0,7681.0,821
2026-08-25 11:05:00-07:00,7681.25,7681.75,7681.0,7681.75,845
2026-08-25 11:06:00-07:00,7681.75,7683.25,7681.75,7683.25,799
2026-08-25 11:07:00-07:00,7683.0,7683.25,7681.75,7681.75,714
2026-08-25 11:08:00-07:00,7681.75,7682.25,7681.0,7681.5,849
2026-08-25 11:09:00-07:00,7681.25,7682.25,7681.25,7682.25,616
2026-08-25 11:10:00-07:00,7682.25,7682.25,7681.5,7682.25,661
2026-08-25 11:11:00-07:00,7682.5,7683.25,7682.0,7683.25,608
2026-08-25 11:12:00-07:00,7683.0,7683.75,7682.75,7683.25,907
2026-08-25 11:13:00-07:00,7683.0,7683.25,7682.0,7682.25,680
2026-08-25 11:14:00-07:00,7682.25,7682.25,7680.75,7680.75,634
2026-08-25 11:15:00-07:00,7681.0,7681.5,7680.75,7681.0,510
2026-08-25 11:16:00-07:00,7681.0,7681.25,7680.0,7680.5,883
2026-08-25 11:17:00-07:00,7680.5,7681.25,7680.25,7681.25,655
2026-08-25 11:18:00-07:00,7681.0,7681.5,7680.75,7681.0,526
2026-08-25 11:19:00-07:00,7681.0,7681.75,7680.75,7681.5,574
2026-08-25 11:20:00-07:00,7681.25,7682.25,7681.25,7681.75,865
2026-08-25 11:21:00-07:00,7681.75,7682.5,7681.5,7682.25,931
2026-08-25 11:22:00-07:00,7682.0,7683.0,7682.0,7682.25,747
2026-08-25 11:23:00-07:00,7682.25,7682.5,7681.25,7681.75,629
2026-08-25 11:24:00-07:00,7681.75,7682.25,7681.5,7682.0,427
2026-08-25 11:25:00-07:00,7682.0,7682.25,7681.0,7681.25,592
2026-08-25 11:26:00-07:00,7681.25,7682.75,7681.0,7682.25,717
2026-08-25 11:27:00-07:00,7682.5,7682.75,7681.5,7681.5,662
2026-08-25 11:28:00-07:00,7681.5,7682.25,7681.5,7682.25,716
2026-08-25 11:29:00-07:00,7682.5,7683.0,7682.25,7682.75,409
2026-08-25 11:30:00-07:00,7682.75,7685.0,7682.75,7684.5,1882
2026-08-25 11:31:00-07:00,7684.5,7685.75,7684.5,7684.75,1972
2026-08-25 11:32:00-07:00,7684.75,7685.25,7684.25,7685.0,839
2026-08-25 11:33:00-07:00,7685.25,7687.25,7685.0,7686.5,2119
2026-08-25 11:34:00-07:00,7686.5,7687.25,7686.25,7686.5,1619
2026-08-25 11:35:00-07:00,7686.75,7687.0,7685.5,7686.25,1397
2026-08-25 11:36:00-07:00,7686.25,7686.75,7685.75,7685.75,720
2026-08-25 11:37:00-07:00,7685.75,7687.0,7685.75,7686.5,944
2026-08-25 11:38:00-07:00,7686.5,7686.75,7685.75,7686.0,1170
2026-08-25 11:39:00-07:00,7686.25,7686.25,7685.5,7686.0,842
2026-08-25 11:40:00-07:00,7685.75,7686.75,7685.75,7686.25,924
2026-08-25 11:41:00-07:00,7686.25,7687.0,7686.0,7687.0,744
2026-08-25 11:42:00-07:00,7687.0,7687.75,7686.5,7687.5,1026
2026-08-25 11:43:00-07:00,7687.5,7689.0,7687.5,7688.75,1682
2026-08-25 11:44:00-07:00,7688.75,7689.0,7688.25,7688.75,1120
2026-08-25 11:45:00-07:00,7688.75,7690.75,7688.75,7690.75,3217
2026-08-25 11:46:00-07:00,7690.75,7692.0,7690.5,7691.0,3226
2026-08-25 11:47:00-07:00,7691.0,7691.0,7690.25,7690.75,1480
2026-08-25 11:48:00-07:00,7690.75,7691.5,7690.25,7690.5,1311
2026-08-25 11:49:00-07:00,7690.5,7691.0,7690.5,7691.0,948
2026-08-25 11:50:00-07:00,7691.25,7691.5,7689.25,7689.5,1632
2026-08-25 11:51:00-07:00,7689.5,7690.5,7689.25,7690.5,1311
2026-08-25 11:52:00-07:00,7690.5,7691.0,7690.0,7690.5,964
2026-08-25 11:53:00-07:00,7690.75,7691.0,7690.0,7690.5,600
2026-08-25 11:54:00-07:00,7690.5,7690.5,7689.75,7690.0,889
2026-08-25 11:55:00-07:00,7690.0,7691.0,7689.75,7690.0,874
2026-08-25 11:56:00-07:00,7690.0,7690.25,7688.75,7689.0,742
2026-08-25 11:57:00-07:00,7689.0,7689.25,7688.25,7688.5,1256
2026-08-25 11:58:00-07:00,7688.75,7689.5,7688.5,7689.5,567
2026-08-25 11:59:00-07:00,7689.5,7690.0,7689.0,7689.5,643
2026-08-25 12:00:00-07:00,7689.5,7691.5,7689.25,7690.75,1838
2026-08-25 12:01:00-07:00,7691.0,7691.25,7689.0,7689.0,1657
2026-08-25 12:02:00-07:00,7689.0,7689.5,7687.75,7687.75,1432
2026-08-25 12:03:00-07:00,7688.0,7688.25,7687.25,7687.75,1406
2026-08-25 12:04:00-07:00,7687.75,7688.5,7687.5,7687.75,704
2026-08-25 12:05:00-07:00,7687.5,7688.25,7687.25,7688.0,544
2026-08-25 12:06:00-07:00,7687.75,7688.0,7686.75,7687.25,1017
2026-08-25 12:07:00-07:00,7687.5,7688.0,7687.25,7687.5,752
2026-08-25 12:08:00-07:00,7687.5,7687.75,7686.0,7686.75,1423
2026-08-25 12:09:00-07:00,7686.75,7687.0,7686.0,7686.75,621
2026-08-25 12:10:00-07:00,7686.5,7686.75,7685.5,7686.0,1390
2026-08-25 12:11:00-07:00,7685.75,7686.25,7684.75,7684.75,1461
2026-08-25 12:12:00-07:00,7684.75,7685.5,7684.5,7685.0,1322
2026-08-25 12:13:00-07:00,7685.0,7686.0,7684.5,7684.5,1076
2026-08-25 12:14:00-07:00,7684.75,7685.0,7683.75,7684.25,1678
2026-08-25 12:15:00-07:00,7684.0,7684.75,7683.75,7684.25,1635
2026-08-25 12:16:00-07:00,7684.5,7684.75,7683.75,7684.0,1548
2026-08-25 12:17:00-07:00,7684.0,7684.0,7682.25,7683.0,2509
2026-08-25 12:18:00-07:00,7683.25,7683.5,7682.25,7682.75,1206
2026-08-25 12:19:00-07:00,7682.5,7683.75,7682.5,7683.0,1261
2026-08-25 12:20:00-07:00,7682.75,7683.25,7681.75,7682.5,2407
2026-08-25 12:21:00-07:00,7682.5,7683.25,7682.5,7682.5,1445
2026-08-25 12:22:00-07:00,7682.5,7683.5,7682.5,7682.75,922
2026-08-25 12:23:00-07:00,7682.5,7683.5,7682.5,7683.25,1098
2026-08-25 12:24:00-07:00,7683.5,7683.75,7683.0,7683.5,913
2026-08-25 12:25:00-07:00,7683.75,7684.75,7683.0,7684.75,1130
2026-08-25 12:26:00-07:00,7684.75,7685.0,7683.5,7684.0,700
2026-08-25 12:27:00-07:00,7684.0,7684.0,7683.5,7683.75,873
2026-08-25 12:28:00-07:00,7684.0,7684.5,7684.0,7684.25,717
2026-08-25 12:29:00-07:00,7684.0,7685.0,7683.5,7684.5,1090
2026-08-25 12:30:00-07:00,7684.5,7685.5,7684.25,7684.75,1868
2026-08-25 12:31:00-07:00,7684.75,7685.0,7684.25,7684.25,937
2026-08-25 12:32:00-07:00,7684.0,7684.5,7683.0,7683.0,991
2026-08-25 12:33:00-07:00,7683.0,7684.75,7683.0,7684.5,978
2026-08-25 12:34:00-07:00,7684.25,7684.75,7683.5,7684.0,1046
2026-08-25 12:35:00-07:00,7684.0,7685.5,7683.5,7685.5,1604
2026-08-25 12:36:00-07:00,7685.25,7685.75,7685.25,7685.75,1075
2026-08-25 12:37:00-07:00,7685.5,7686.0,7685.0,7685.25,1026
2026-08-25 12:38:00-07:00,7685.25,7686.5,7685.0,7685.25,1818
2026-08-25 12:39:00-07:00,7685.25,7685.5,7684.75,7685.25,1224
2026-08-25 12:40:00-07:00,7685.25,7687.0,7685.25,7686.75,1987
2026-08-25 12:41:00-07:00,7686.75,7688.5,7686.5,7688.25,2240
2026-08-25 12:42:00-07:00,7688.0,7689.0,7688.0,7688.75,1480
2026-08-25 12:43:00-07:00,7688.5,7689.25,7688.25,7688.5,1353
2026-08-25 12:44:00-07:00,7688.75,7689.0,7686.5,7686.5,2637
2026-08-25 12:45:00-07:00,7686.5,7687.0,7685.75,7686.25,2393
2026-08-25 12:46:00-07:00,7686.0,7686.25,7685.5,7686.0,1580
2026-08-25 12:47:00-07:00,7686.0,7686.75,7685.5,7685.75,1059
2026-08-25 12:48:00-07:00,7685.75,7687.75,7685.75,7687.25,1732
2026-08-25 12:49:00-07:00,7687.25,7688.25,7687.0,7687.5,1814
2026-08-25 12:50:00-07:00,7687.5,7687.5,7685.0,7686.75,3403
2026-08-25 12:51:00-07:00,7686.75,7687.5,7686.25,7686.5,1137
2026-08-25 12:52:00-07:00,7686.5,7689.0,7686.5,7688.5,3117
2026-08-25 12:53:00-07:00,7688.75,7692.75,7688.75,7692.5,6640
2026-08-25 12:54:00-07:00,7692.5,7694.5,7692.25,7694.0,6551
2026-08-25 12:55:00-07:00,7694.25,7695.0,7691.75,7692.25,7439
2026-08-26 06:25:00-07:00,7680.25,7682.25,7679.5,7681.0,1035
2026-08-26 06:26:00-07:00,7680.75,7681.5,7680.75,7681.25,372
2026-08-26 06:27:00-07:00,7681.25,7681.5,7679.25,7680.0,724
2026-08-26 06:28:00-07:00,7680.0,7681.25,7679.25,7681.0,851
2026-08-26 06:29:00-07:00,7681.0,7681.0,7678.25,7678.5,2112
2026-08-26 06:30:00-07:00,7678.75,7684.0,7678.75,7680.75,9776
2026-08-26 06:31:00-07:00,7680.75,7687.25,7679.5,7686.75,6435
2026-08-26 06:32:00-07:00,7686.5,7688.0,7684.0,7684.5,5137
2026-08-26 06:33:00-07:00,7684.5,7687.0,7684.0,7687.0,3609
2026-08-26 06:34:00-07:00,7686.75,7690.75,7686.0,7689.0,4920
2026-08-26 06:35:00-07:00,7689.25,7689.5,7680.25,7682.5,6207
2026-08-26 06:36:00-07:00,7682.75,7686.5,7680.5,7685.75,5280
2026-08-26 06:37:00-07:00,7685.75,7689.0,7685.25,7689.0,3538
2026-08-26 06:38:00-07:00,7689.0,7690.5,7688.0,7689.25,3432
2026-08-26 06:39:00-07:00,7689.0,7689.25,7686.75,7688.0,3071
2026-08-26 06:40:00-07:00,7688.0,7691.0,7686.75,7689.75,3395
2026-08-26 06:41:00-07:00,7689.75,7690.5,7687.75,7689.0,2757
2026-08-26 06:42:00-07:00,7689.0,7690.75,7686.75,7690.5,2682
2026-08-26 06:43:00-07:00,7690.25,7698.0,7690.0,7695.25,7000
2026-08-26 06:44:00-07:00,7695.0,7698.5,7695.0,7695.25,6054
2026-08-26 06:45:00-07:00,7695.5,7699.5,7695.0,7698.75,5108
2026-08-26 06:46:00-07:00,7698.75,7699.0,7692.5,7694.25,3854
2026-08-26 06:47:00-07:00,7694.25,7694.75,7693.25,7694.5,2080
2026-08-26 06:48:00-07:00,7694.25,7696.75,7694.0,7695.5,2913
2026-08-26 06:49:00-07:00,7695.25,7696.0,7691.5,7691.5,2528
2026-08-26 06:50:00-07:00,7691.25,7691.75,7688.75,7689.0,3752
2026-08-26 06:51:00-07:00,7689.25,7692.25,7688.5,7692.0,2843
2026-08-26 06:52:00-07:00,7692.0,7694.0,7691.75,7693.25,2160
2026-08-26 06:53:00-07:00,7693.0,7696.5,7692.25,7696.25,2578
2026-08-26 06:54:00-07:00,7696.25,7698.75,7695.5,7698.75,2573
2026-08-26 06:55:00-07:00,7698.5,7700.0,7696.75,7699.5,2890
2026-08-26 06:56:00-07:00,7699.5,7701.75,7698.0,7700.0,3130
2026-08-26 06:57:00-07:00,7699.75,7700.5,7698.5,7699.0,2023
2026-08-26 06:58:00-07:00,7699.0,7700.0,7698.25,7699.0,2460
2026-08-26 06:59:00-07:00,7699.0,7701.5,7697.5,7701.25,2309
2026-08-26 07:00:00-07:00,7701.25,7701.25,7698.25,7700.25,3324
2026-08-26 07:01:00-07:00,7700.0,7700.75,7698.5,7699.5,2152
2026-08-26 07:02:00-07:00,7699.5,7701.25,7699.25,7700.75,1856
2026-08-26 07:03:00-07:00,7700.75,7701.5,7699.75,7700.75,1922
2026-08-26 07:04:00-07:00,7700.75,7702.5,7700.25,7700.75,3259
2026-08-26 07:05:00-07:00,7701.0,7701.25,7698.0,7699.75,3329
2026-08-26 07:06:00-07:00,7699.75,7701.75,7698.0,7701.75,2324
2026-08-26 07:07:00-07:00,7701.75,7701.75,7698.75,7699.0,1684
2026-08-26 07:08:00-07:00,7699.0,7700.0,7698.0,7698.75,1388
2026-08-26 07:09:00-07:00,7698.75,7699.25,7697.0,7698.5,1961
2026-08-26 07:10:00-07:00,7698.5,7698.75,7696.5,7697.75,2364
2026-08-26 07:11:00-07:00,7697.5,7698.75,7696.75,7697.75,1716
2026-08-26 07:12:00-07:00,7697.5,7697.75,7694.0,7694.5,3816
2026-08-26 07:13:00-07:00,7694.75,7695.0,7693.0,7695.0,3211
2026-08-26 07:14:00-07:00,7695.0,7696.0,7693.5,7694.0,2612
2026-08-26 07:15:00-07:00,7694.0,7694.75,7692.5,7693.0,3145
2026-08-26 07:16:00-07:00,7693.0,7693.75,7692.0,7693.5,2508
2026-08-26 07:17:00-07:00,7693.25,7694.5,7693.0,7693.75,2028
2026-08-26 07:18:00-07:00,7693.5,7695.75,7692.5,7693.5,2839
2026-08-26 07:19:00-07:00,7693.25,7694.25,7691.75,7691.75,2308
2026-08-26 07:20:00-07:00,7691.75,7692.75,7691.25,7691.25,1981
2026-08-26 07:21:00-07:00,7691.5,7691.75,7690.0,7690.25,3066
2026-08-26 07:22:00-07:00,7690.25,7690.5,7688.0,7689.0,3724
2026-08-26 07:23:00-07:00,7689.0,7690.75,7688.0,7688.25,2898
2026-08-26 07:24:00-07:00,7688.25,7688.75,7686.0,7686.5,3399
2026-08-26 07:25:00-07:00,7686.25,7687.25,7683.75,7683.75,4396
2026-08-26 07:26:00-07:00,7684.0,7684.0,7682.0,7682.5,5094
2026-08-26 07:27:00-07:00,7682.5,7683.25,7680.75,7681.0,4975
2026-08-26 07:28:00-07:00,7681.25,7684.0,7680.5,7684.0,4300
2026-08-26 07:29:00-07:00,7683.75,7684.5,7682.25,7682.75,3573
2026-08-26 07:30:00-07:00,7682.75,7684.75,7682.25,7683.5,3647
2026-08-26 07:31:00-07:00,7683.5,7683.75,7681.25,7683.0,3017
2026-08-26 07:32:00-07:00,7683.0,7683.75,7681.75,7683.25,1850
2026-08-26 07:33:00-07:00,7683.0,7683.5,7682.25,7683.5,1632
2026-08-26 07:34:00-07:00,7683.25,7685.25,7682.25,7683.5,2450
2026-08-26 07:35:00-07:00,7683.5,7684.0,7682.0,7682.75,1438
2026-08-26 07:36:00-07:00,7683.0,7686.0,7682.75,7685.75,2590
2026-08-26 07:37:00-07:00,7685.75,7688.25,7685.5,7688.0,3444
2026-08-26 07:38:00-07:00,7688.0,7688.0,7684.5,7684.5,1929
2026-08-26 07:39:00-07:00,7684.5,7685.75,7684.25,7684.25,1784
2026-08-26 07:40:00-07:00,7684.25,7687.5,7684.0,7687.0,2467
2026-08-26 07:41:00-07:00,7687.0,7687.25,7684.75,7686.0,1322
2026-08-26 07:42:00-07:00,7685.75,7686.25,7683.5,7684.0,1325
2026-08-26 07:43:00-07:00,7684.0,7685.0,7683.75,7684.25,1571
2026-08-26 07:44:00-07:00,7684.5,7686.5,7684.25,7685.75,1474
2026-08-26 07:45:00-07:00,7686.0,7686.75,7683.25,7683.5,3124
2026-08-26 07:46:00-07:00,7683.5,7685.75,7682.75,7685.25,1940
2026-08-26 07:47:00-07:00,7685.0,7686.0,7684.75,7685.0,1241
2026-08-26 07:48:00-07:00,7685.0,7686.75,7684.5,7686.5,1560
2026-08-26 07:49:00-07:00,7686.5,7687.75,7686.0,7687.5,1504
2026-08-26 07:50:00-07:00,7687.75,7689.5,7687.25,7689.25,1989
2026-08-26 07:51:00-07:00,7689.25,7689.75,7688.5,7689.0,1978
2026-08-26 07:52:00-07:00,7689.25,7691.25,7689.0,7691.25,2223
2026-08-26 07:53:00-07:00,7691.0,7691.5,7689.25,7689.25,2113
2026-08-26 07:54:00-07:00,7689.5,7690.0,7688.0,7688.25,2283
2026-08-26 07:55:00-07:00,7688.5,7689.75,7687.25,7689.5,1674
2026-08-26 07:56:00-07:00,7689.5,7690.5,7689.25,7689.5,1316
2026-08-26 07:57:00-07:00,7689.75,7690.75,7689.75,7690.75,1364
2026-08-26 07:58:00-07:00,7690.75,7690.75,7689.75,7690.0,1084
2026-08-26 07:59:00-07:00,7689.75,7691.25,7689.0,7690.75,1535
2026-08-26 08:00:00-07:00,7690.5,7692.75,7690.5,7691.75,2925
2026-08-26 08:01:00-07:00,7691.75,7694.0,7691.5,7693.75,2353
2026-08-26 08:02:00-07:00,7694.0,7696.75,7693.5,7695.5,3845
2026-08-26 08:03:00-07:00,7695.75,7695.75,7693.0,7694.25,2210
2026-08-26 08:04:00-07:00,7694.25,7694.75,7693.5,7694.0,1776
2026-08-26 08:05:00-07:00,7694.25,7695.5,7693.75,7695.25,1932
2026-08-26 08:06:00-07:00,7695.5,7696.0,7694.5,7695.75,1266
2026-08-26 08:07:00-07:00,7695.75,7696.75,7695.5,7695.75,2247
2026-08-26 08:08:00-07:00,7696.0,7697.0,7695.75,7696.75,1780
2026-08-26 08:09:00-07:00,7696.75,7696.75,7695.5,7695.75,1612
2026-08-26 08:10:00-07:00,7695.75,7696.0,7693.75,7695.5,2414
2026-08-26 08:11:00-07:00,7695.5,7696.5,7695.0,7695.75,1744
2026-08-26 08:12:00-07:00,7695.75,7696.75,7695.25,7695.25,1611
2026-08-26 08:13:00-07:00,7695.25,7695.5,7693.25,7694.0,2058
2026-08-26 08:14:00-07:00,7694.0,7695.25,7693.0,7695.0,1781
2026-08-26 08:15:00-07:00,7694.75,7694.75,7692.0,7692.25,2416
2026-08-26 08:16:00-07:00,7692.25,7692.5,7689.25,7689.75,2870
2026-08-26 08:17:00-07:00,7689.75,7689.75,7687.75,7689.0,2742
2026-08-26 08:18:00-07:00,7689.0,7690.5,7688.75,7690.5,2092
2026-08-26 08:19:00-07:00,7690.25,7690.5,7689.0,7689.75,1440
2026-08-26 08:20:00-07:00,7689.75,7691.5,7689.25,7690.5,2004
2026-08-26 08:21:00-07:00,7690.25,7692.5,7690.25,7692.25,1459
2026-08-26 08:22:00-07:00,7692.25,7692.25,7689.5,7689.75,2103
2026-08-26 08:23:00-07:00,7689.5,7690.75,7689.25,7690.5,1276
2026-08-26 08:24:00-07:00,7690.5,7690.5,7689.5,7689.75,1286
2026-08-26 08:25:00-07:00,7689.75,7690.5,7689.25,7689.75,1342
2026-08-26 08:26:00-07:00,7689.5,7690.75,7689.25,7690.0,1682
2026-08-26 08:27:00-07:00,7690.25,7691.5,7689.5,7691.0,1216
2026-08-26 08:28:00-07:00,7691.0,7692.25,7689.75,7692.25,1235
2026-08-26 08:29:00-07:00,7692.0,7692.75,7690.25,7690.5,1413
2026-08-26 08:30:00-07:00,7690.75,7691.25,7689.0,7690.0,2581
2026-08-26 08:31:00-07:00,7690.0,7690.25,7688.0,7689.25,1954
2026-08-26 08:32:00-07:00,7689.5,7690.0,7687.25,7687.25,1827
2026-08-26 08:33:00-07:00,7687.0,7687.5,7685.5,7686.25,1788
2026-08-26 08:34:00-07:00,7686.0,7686.25,7683.0,7684.5,3508
2026-08-26 08:35:00-07:00,7684.5,7686.5,7684.25,7685.75,2803
2026-08-26 08:36:00-07:00,7685.75,7686.0,7685.0,7685.5,1433
2026-08-26 08:37:00-07:00,7685.5,7687.0,7685.0,7687.0,1914
2026-08-26 08:38:00-07:00,7686.75,7687.0,7685.5,7685.75,1303
2026-08-26 08:39:00-07:00,7686.0,7687.75,7685.5,7686.75,1236
2026-08-26 08:40:00-07:00,7687.0,7689.0,7686.25,7688.75,1762
2026-08-26 08:41:00-07:00,7688.75,7689.75,7688.25,7689.25,1368
2026-08-26 08:42:00-07:00,7689.25,7691.0,7688.25,7690.5,1199
2026-08-26 08:43:00-07:00,7690.75,7693.0,7690.5,7692.75,2192
2026-08-26 08:44:00-07:00,7692.75,7693.5,7692.25,7693.0,1856
2026-08-26 08:45:00-07:00,7692.75,7693.5,7692.5,7692.5,1677
2026-08-26 08:46:00-07:00,7692.75,7693.0,7691.75,7692.75,1338
2026-08-26 08:47:00-07:00,7692.75,7694.0,7691.75,7693.75,1559
2026-08-26 08:48:00-07:00,7693.5,7694.5,7693.0,7694.0,1431
2026-08-26 08:49:00-07:00,7694.0,7695.0,7694.0,7694.75,1726
2026-08-26 08:50:00-07:00,7694.75,7695.5,7692.75,7692.75,2700
2026-08-26 08:51:00-07:00,7693.0,7693.0,7686.75,7687.25,9169
2026-08-26 08:52:00-07:00,7687.25,7689.5,7686.5,7688.0,5341
2026-08-26 08:53:00-07:00,7687.75,7688.75,7686.0,7687.5,2702
2026-08-26 08:54:00-07:00,7687.5,7688.25,7685.25,7686.25,2275
2026-08-26 08:55:00-07:00,7686.25,7687.5,7686.0,7686.25,2057
2026-08-26 08:56:00-07:00,7686.25,7689.5,7685.75,7689.5,2170
2026-08-26 08:57:00-07:00,7689.5,7690.0,7687.5,7687.75,1419
2026-08-26 08:58:00-07:00,7687.75,7688.25,7686.25,7686.5,1297
2026-08-26 08:59:00-07:00,7686.5,7686.75,7685.0,7685.25,1720
2026-08-26 09:00:00-07:00,7685.5,7685.75,7682.75,7682.75,3014
2026-08-26 09:01:00-07:00,7682.75,7683.25,7681.0,7681.5,3635
2026-08-26 09:02:00-07:00,7681.5,7683.25,7681.25,7682.5,3261
2026-08-26 09:03:00-07:00,7682.5,7684.0,7681.25,7684.0,2290
2026-08-26 09:04:00-07:00,7684.0,7684.5,7682.75,7684.0,2008
2026-08-26 09:05:00-07:00,7683.75,7684.25,7682.25,7683.75,1981
2026-08-26 09:06:00-07:00,7684.0,7685.5,7683.75,7684.25,1875
2026-08-26 09:07:00-07:00,7684.0,7685.25,7682.75,7684.75,1358
2026-08-26 09:08:00-07:00,7684.75,7686.5,7684.25,7684.5,2130
2026-08-26 09:09:00-07:00,7684.5,7684.75,7683.5,7683.5,974
2026-08-26 09:10:00-07:00,7683.5,7683.75,7681.75,7682.75,1826
2026-08-26 09:11:00-07:00,7682.75,7684.0,7682.5,7684.0,1374
2026-08-26 09:12:00-07:00,7683.75,7685.0,7683.75,7684.25,1881
2026-08-26 09:13:00-07:00,7684.0,7684.75,7683.25,7683.5,1048
2026-08-26 09:14:00-07:00,7683.75,7684.25,7682.0,7682.5,971
2026-08-26 09:15:00-07:00,7682.5,7683.25,7682.25,7683.25,796
2026-08-26 09:16:00-07:00,7683.25,7683.25,7680.75,7681.5,1234
2026-08-26 09:17:00-07:00,7681.25,7681.5,7680.25,7681.25,1941
2026-08-26 09:18:00-07:00,7681.25,7682.0,7680.75,7681.5,1438
2026-08-26 09:19:00-07:00,7681.5,7682.25,7681.25,7682.0,1035
2026-08-26 09:20:00-07:00,7681.75,7682.75,7681.5,7682.5,1346
2026-08-26 09:21:00-07:00,7682.25,7682.75,7680.5,7682.75,1513
2026-08-26 09:22:00-07:00,7683.0,7683.25,7682.0,7682.5,1105
2026-08-26 09:23:00-07:00,7682.25,7682.5,7681.0,7681.5,898
2026-08-26 09:24:00-07:00,7681.5,7682.0,7681.0,7681.5,809
2026-08-26 09:25:00-07:00,7681.5,7682.0,7681.0,7682.0,1002
2026-08-26 09:26:00-07:00,7681.75,7682.0,7679.5,7680.25,1416
2026-08-26 09:27:00-07:00,7680.0,7680.5,7679.25,7679.5,641
2026-08-26 09:28:00-07:00,7679.75,7680.5,7679.5,7680.25,924
2026-08-26 09:29:00-07:00,7680.25,7681.0,7679.75,7679.75,1288
2026-08-26 09:30:00-07:00,7679.75,7681.0,7679.5,7680.25,1317
2026-08-26 09:31:00-07:00,7680.25,7682.0,7680.0,7680.75,1330
2026-08-26 09:32:00-07:00,7681.0,7681.0,7679.5,7680.5,1021
2026-08-26 09:33:00-07:00,7680.5,7681.5,7680.0,7680.25,1138
2026-08-26 09:34:00-07:00,7680.25,7681.25,7680.0,7680.5,927
2026-08-26 09:35:00-07:00,7680.25,7680.75,7679.5,7680.75,903
2026-08-26 09:36:00-07:00,7680.5,7681.0,7679.25,7679.5,860
2026-08-26 09:37:00-07:00,7679.5,7679.5,7676.5,7676.75,2993
2026-08-26 09:38:00-07:00,7676.5,7678.0,7675.75,7677.25,2209
2026-08-26 09:39:00-07:00,7677.25,7677.5,7673.25,7673.5,2479
2026-08-26 09:40:00-07:00,7673.5,7674.5,7672.0,7674.25,2914
2026-08-26 09:41:00-07:00,7674.25,7675.75,7673.75,7675.25,1650
2026-08-26 09:42:00-07:00,7675.5,7676.0,7673.75,7673.75,1285
2026-08-26 09:43:00-07:00,7674.0,7674.0,7671.0,7671.5,2068
2026-08-26 09:44:00-07:00,7671.5,7672.25,7671.0,7672.0,1640
2026-08-26 09:45:00-07:00,7672.0,7673.25,7671.5,7672.5,2058
2026-08-26 09:46:00-07:00,7672.5,7673.75,7671.25,7673.75,2117
2026-08-26 09:47:00-07:00,7673.75,7675.25,7673.25,7675.25,2000
2026-08-26 09:48:00-07:00,7675.25,7675.75,7674.25,7674.5,1463
2026-08-26 09:49:00-07:00,7674.5,7675.0,7672.25,7673.0,1258
2026-08-26 09:50:00-07:00,7672.75,7675.25,7672.5,7675.25,1461
2026-08-26 09:51:00-07:00,7675.25,7675.25,7673.25,7673.5,1148
2026-08-26 09:52:00-07:00,7673.25,7674.0,7672.5,7674.0,1156
2026-08-26 09:53:00-07:00,7674.0,7674.5,7673.5,7673.75,899
2026-08-26 09:54:00-07:00,7674.0,7674.25,7673.5,7673.75,806
2026-08-26 09:55:00-07:00,7673.75,7676.0,7673.75,7675.5,1413
2026-08-26 09:56:00-07:00,7675.75,7677.75,7675.5,7677.25,3254
2026-08-26 09:57:00-07:00,7677.5,7680.0,7677.25,7679.5,3069
2026-08-26 09:58:00-07:00,7679.25,7679.25,7678.25,7678.5,2475
2026-08-26 09:59:00-07:00,7678.5,7679.25,7678.0,7679.25,2282
2026-08-26 10:00:00-07:00,7679.25,7681.25,7677.75,7680.75,3065
2026-08-26 10:01:00-07:00,7681.0,7681.25,7679.75,7680.0,1600
2026-08-26 10:02:00-07:00,7680.25,7680.75,7679.25,7679.75,1398
2026-08-26 10:03:00-07:00,7679.75,7680.5,7679.0,7680.25,1531
2026-08-26 10:04:00-07:00,7680.25,7681.75,7680.25,7680.75,1725
2026-08-26 10:05:00-07:00,7680.75,7680.75,7679.5,7680.0,1358
2026-08-26 10:06:00-07:00,7680.0,7680.5,7679.0,7680.5,1068
2026-08-26 10:07:00-07:00,7680.5,7682.0,7680.25,7681.75,915
2026-08-26 10:08:00-07:00,7681.75,7683.0,7681.5,7682.5,2253
2026-08-26 10:09:00-07:00,7682.5,7683.5,7682.25,7682.75,1550
2026-08-26 10:10:00-07:00,7682.5,7683.0,7681.75,7683.0,1194
2026-08-26 10:11:00-07:00,7683.0,7683.25,7682.25,7682.25,1249
2026-08-26 10:12:00-07:00,7682.25,7683.5,7682.25,7682.75,1242
2026-08-26 10:13:00-07:00,7683.0,7683.25,7682.5,7683.0,939
2026-08-26 10:14:00-07:00,7683.0,7683.75,7682.75,7683.75,791
2026-08-26 10:15:00-07:00,7683.75,7685.75,7683.75,7685.5,3039
2026-08-26 10:16:00-07:00,7685.5,7687.25,7685.25,7686.75,3937
2026-08-26 10:17:00-07:00,7686.75,7686.75,7685.5,7685.75,1978
2026-08-26 10:18:00-07:00,7686.0,7686.25,7684.75,7685.25,2212
2026-08-26 10:19:00-07:00,7685.25,7685.75,7684.75,7685.25,1141
2026-08-26 10:20:00-07:00,7685.25,7687.5,7685.25,7686.75,1263
2026-08-26 10:21:00-07:00,7687.0,7687.25,7686.0,7686.25,1382
2026-08-26 10:22:00-07:00,7686.25,7687.25,7686.0,7687.0,1215
2026-08-26 10:23:00-07:00,7687.25,7689.0,7686.5,7688.0,1758
2026-08-26 10:24:00-07:00,7688.0,7689.0,7687.75,7689.0,988
2026-08-26 10:25:00-07:00,7688.75,7689.0,7686.5,7686.75,1474
2026-08-26 10:26:00-07:00,7686.75,7687.5,7686.5,7687.5,1431
2026-08-26 10:27:00-07:00,7687.5,7688.75,7687.0,7688.75,1309
2026-08-26 10:28:00-07:00,7689.0,7689.5,7688.5,7688.75,1354
2026-08-26 10:29:00-07:00,7689.0,7689.0,7688.0,7688.5,789
2026-08-26 10:30:00-07:00,7688.75,7690.0,7688.5,7690.0,2670
2026-08-26 10:31:00-07:00,7690.0,7690.25,7688.0,7688.25,1986
2026-08-26 10:32:00-07:00,7688.5,7688.75,7687.75,7687.75,2752
2026-08-26 10:33:00-07:00,7687.75,7688.75,7687.75,7688.5,1191
2026-08-26 10:34:00-07:00,7688.25,7690.25,7688.25,7689.75,1157
2026-08-26 10:35:00-07:00,7689.75,7690.5,7689.0,7690.5,1532
2026-08-26 10:36:00-07:00,7690.5,7690.75,7689.25,7689.25,1102
2026-08-26 10:37:00-07:00,7689.5,7689.5,7688.75,7689.0,1436
2026-08-26 10:38:00-07:00,7689.25,7690.25,7689.0,7689.0,910
2026-08-26 10:39:00-07:00,7689.25,7689.25,7688.0,7688.0,745
2026-08-26 10:40:00-07:00,7688.25,7689.5,7688.25,7689.0,1149
2026-08-26 10:41:00-07:00,7689.0,7689.75,7688.25,7689.5,1091
2026-08-26 10:42:00-07:00,7689.25,7689.5,7687.0,7688.25,1534
2026-08-26 10:43:00-07:00,7688.0,7689.25,7688.0,7689.25,797
2026-08-26 10:44:00-07:00,7689.25,7689.75,7688.75,7689.0,918
2026-08-26 10:45:00-07:00,7689.0,7689.25,7688.25,7688.75,927
2026-08-26 10:46:00-07:00,7688.5,7688.75,7687.25,7687.5,690
2026-08-26 10:47:00-07:00,7687.25,7688.0,7686.5,7687.75,1347
2026-08-26 10:48:00-07:00,7687.75,7688.25,7687.0,7687.25,901
2026-08-26 10:49:00-07:00,7687.25,7687.5,7686.75,7687.0,780
2026-08-26 10:50:00-07:00,7686.75,7688.5,7686.75,7688.0,876
2026-08-26 10:51:00-07:00,7687.75,7688.25,7687.0,7687.25,1345
2026-08-26 10:52:00-07:00,7687.0,7688.25,7686.5,7687.5,682
2026-08-26 10:53:00-07:00,7687.5,7688.75,7687.5,7688.75,749
2026-08-26 10:54:00-07:00,7688.75,7690.0,7688.75,7689.75,1107
2026-08-26 10:55:00-07:00,7690.0,7691.0,7689.75,7690.0,2820
2026-08-26 10:56:00-07:00,7690.0,7690.25,7689.0,7689.25,804
2026-08-26 10:57:00-07:00,7689.25,7689.75,7688.75,7689.5,741
2026-08-26 10:58:00-07:00,7689.25,7690.0,7689.0,7689.75,471
2026-08-26 10:59:00-07:00,7689.5,7689.5,7688.5,7688.75,624
2026-08-26 11:00:00-07:00,7688.75,7689.0,7687.75,7688.25,1193
2026-08-26 11:01:00-07:00,7688.5,7688.5,7687.25,7687.25,769
2026-08-26 11:02:00-07:00,7687.5,7688.25,7687.25,7687.75,873
2026-08-26 11:03:00-07:00,7687.75,7688.5,7687.5,7687.75,843
2026-08-26 11:04:00-07:00,7688.0,7688.25,7687.25,7687.5,500
2026-08-26 11:05:00-07:00,7687.5,7689.25,7687.25,7688.25,895
2026-08-26 11:06:00-07:00,7688.25,7689.0,7688.25,7688.75,558
2026-08-26 11:07:00-07:00,7688.75,7689.5,7688.25,7689.25,706
2026-08-26 11:08:00-07:00,7689.25,7690.25,7689.0,7690.0,743
2026-08-26 11:09:00-07:00,7690.0,7690.75,7689.5,7689.75,1619
2026-08-26 11:10:00-07:00,7690.0,7690.0,7688.25,7688.5,1037
2026-08-26 11:11:00-07:00,7688.5,7688.5,7687.5,7687.75,833
2026-08-26 11:12:00-07:00,7687.75,7687.75,7686.25,7687.0,1212
2026-08-26 11:13:00-07:00,7686.75,7687.0,7686.25,7686.75,965
2026-08-26 11:14:00-07:00,7686.75,7686.75,7685.75,7686.5,974
2026-08-26 11:15:00-07:00,7686.25,7686.75,7685.5,7686.25,938
2026-08-26 11:16:00-07:00,7686.25,7687.25,7686.0,7686.5,1065
2026-08-26 11:17:00-07:00,7686.5,7688.75,7686.5,7688.5,1358
2026-08-26 11:18:00-07:00,7688.5,7689.75,7688.25,7689.25,1738
2026-08-26 11:19:00-07:00,7689.25,7689.75,7688.75,7689.5,831
2026-08-26 11:20:00-07:00,7689.5,7692.0,7689.25,7691.5,2728
2026-08-26 11:21:00-07:00,7691.5,7691.5,7690.0,7690.0,1228
2026-08-26 11:22:00-07:00,7690.0,7690.5,7689.5,7690.0,833
2026-08-26 11:23:00-07:00,7689.75,7690.25,7688.5,7689.0,954
2026-08-26 11:24:00-07:00,7688.75,7689.0,7687.5,7687.75,1146
2026-08-26 11:25:00-07:00,7687.75,7688.75,7687.0,7688.75,1568
2026-08-26 11:26:00-07:00,7688.75,7689.0,7688.0,7688.25,754
2026-08-26 11:27:00-07:00,7688.25,7689.25,7687.75,7689.0,835
2026-08-26 11:28:00-07:00,7689.0,7689.25,7688.25,7689.0,554
2026-08-26 11:29:00-07:00,7689.0,7689.5,7687.5,7688.25,898
2026-08-26 11:30:00-07:00,7688.25,7688.5,7687.25,7687.75,1095
2026-08-26 11:31:00-07:00,7687.5,7688.25,7687.5,7688.25,763
2026-08-26 11:32:00-07:00,7688.25,7689.25,7687.75,7689.25,768
2026-08-26 11:33:00-07:00,7689.25,7691.0,7689.25,7690.5,1644
2026-08-26 11:34:00-07:00,7690.5,7690.75,7689.25,7689.75,1032
2026-08-26 11:35:00-07:00,7689.75,7690.0,7689.25,7690.0,809
2026-08-26 11:36:00-07:00,7690.0,7690.0,7689.25,7689.75,808
2026-08-26 11:37:00-07:00,7689.75,7690.0,7688.5,7688.75,868
2026-08-26 11:38:00-07:00,7688.75,7689.5,7688.25,7689.5,945
2026-08-26 11:39:00-07:00,7689.5,7690.25,7689.0,7689.5,816
2026-08-26 11:40:00-07:00,7689.5,7689.75,7688.5,7689.5,585
2026-08-26 11:41:00-07:00,7689.5,7690.25,7689.25,7690.0,521
2026-08-26 11:42:00-07:00,7689.75,7690.75,7689.5,7689.5,1163
2026-08-26 11:43:00-07:00,7689.5,7690.0,7689.25,7689.75,479
2026-08-26 11:44:00-07:00,7689.5,7690.75,7689.5,7690.75,829
2026-08-26 11:45:00-07:00,7690.75,7694.0,7690.5,7693.25,3455
2026-08-26 11:46:00-07:00,7693.25,7694.75,7693.0,7694.75,2343
2026-08-26 11:47:00-07:00,7695.0,7696.5,7694.75,7695.75,3579
2026-08-26 11:48:00-07:00,7696.0,7696.5,7694.25,7694.5,2280
2026-08-26 11:49:00-07:00,7694.5,7695.5,7694.5,7695.25,1579
2026-08-26 11:50:00-07:00,7695.25,7695.75,7694.25,7694.5,1462
2026-08-26 11:51:00-07:00,7694.5,7695.0,7694.0,7695.0,907
2026-08-26 11:52:00-07:00,7695.0,7696.25,7694.75,7696.0,1117
2026-08-26 11:53:00-07:00,7696.25,7698.0,7695.75,7697.25,2927
2026-08-26 11:54:00-07:00,7697.5,7697.75,7696.5,7696.75,1321
2026-08-26 11:55:00-07:00,7696.75,7697.0,7695.5,7695.75,1273
2026-08-26 11:56:00-07:00,7695.75,7696.5,7695.5,7696.25,1073
2026-08-26 11:57:00-07:00,7696.5,7697.75,7696.25,7697.0,1329
2026-08-26 11:58:00-07:00,7697.25,7698.5,7696.5,7698.0,2579
2026-08-26 11:59:00-07:00,7698.0,7698.0,7697.25,7697.25,912
2026-08-26 12:00:00-07:00,7697.25,7702.0,7696.75,7702.0,4170
2026-08-26 12:01:00-07:00,7702.0,7703.0,7700.25,7701.0,3669
2026-08-26 12:02:00-07:00,7701.0,7704.5,7701.0,7703.0,2757
2026-08-26 12:03:00-07:00,7703.0,7703.5,7702.25,7703.0,1568
2026-08-26 12:04:00-07:00,7703.0,7705.5,7702.5,7705.0,2319
2026-08-26 12:05:00-07:00,7704.75,7705.0,7702.75,7703.0,1760
2026-08-26 12:06:00-07:00,7703.25,7703.5,7702.5,7703.25,1740
2026-08-26 12:07:00-07:00,7703.5,7703.5,7702.25,7702.5,1433
2026-08-26 12:08:00-07:00,7702.5,7702.75,7700.75,7701.75,1466
2026-08-26 12:09:00-07:00,7701.75,7702.0,7701.25,7701.5,789
2026-08-26 12:10:00-07:00,7701.5,7702.5,7701.5,7701.75,973
2026-08-26 12:11:00-07:00,7702.0,7703.25,7701.5,7703.25,1265
2026-08-26 12:12:00-07:00,7703.0,7703.25,7701.75,7702.75,2102
2026-08-26 12:13:00-07:00,7702.75,7702.75,7701.25,7701.75,1246
2026-08-26 12:14:00-07:00,7701.5,7702.0,7701.0,7702.0,1259
2026-08-26 12:15:00-07:00,7702.0,7703.25,7701.75,7703.0,1198
2026-08-26 12:16:00-07:00,7703.0,7704.0,7702.0,7703.75,1842
2026-08-26 12:17:00-07:00,7703.75,7704.0,7703.0,7703.75,861
2026-08-26 12:18:00-07:00,7703.5,7703.75,7702.75,7703.5,725
2026-08-26 12:19:00-07:00,7703.75,7704.75,7703.5,7704.0,1284
2026-08-26 12:20:00-07:00,7704.0,7704.25,7700.75,7701.0,1554
2026-08-26 12:21:00-07:00,7701.0,7701.25,7700.25,7701.0,1591
2026-08-26 12:22:00-07:00,7701.25,7702.75,7701.0,7701.75,1317
2026-08-26 12:23:00-07:00,7701.75,7702.25,7700.75,7702.25,933
2026-08-26 12:24:00-07:00,7702.25,7703.25,7702.25,7702.75,910
2026-08-26 12:25:00-07:00,7702.75,7703.0,7702.25,7702.75,738
2026-08-26 12:26:00-07:00,7702.75,7704.0,7702.25,7703.25,1633
2026-08-26 12:27:00-07:00,7703.0,7703.75,7702.5,7703.5,862
2026-08-26 12:28:00-07:00,7703.25,7703.25,7701.5,7701.75,897
2026-08-26 12:29:00-07:00,7701.5,7702.25,7700.75,7701.5,1102
2026-08-26 12:30:00-07:00,7701.5,7701.5,7700.0,7700.5,2026
2026-08-26 12:31:00-07:00,7700.25,7701.0,7700.0,7700.75,1264
2026-08-26 12:32:00-07:00,7700.75,7701.5,7700.0,7701.0,1267
2026-08-26 12:33:00-07:00,7701.0,7701.5,7700.0,7700.5,1256
2026-08-26 12:34:00-07:00,7700.25,7701.25,7700.25,7701.25,1174
2026-08-26 12:35:00-07:00,7701.0,7701.25,7700.0,7700.5,1336
2026-08-26 12:36:00-07:00,7700.5,7700.75,7699.0,7699.0,1594
2026-08-26 12:37:00-07:00,7699.0,7699.75,7698.5,7699.5,1459
2026-08-26 12:38:00-07:00,7699.5,7700.0,7698.75,7698.75,1151
2026-08-26 12:39:00-07:00,7699.0,7699.5,7698.25,7699.25,1503
2026-08-26 12:40:00-07:00,7699.25,7701.0,7699.25,7700.25,2436
2026-08-26 12:41:00-07:00,7700.25,7700.25,7699.0,7699.75,1572
2026-08-26 12:42:00-07:00,7699.5,7699.75,7699.0,7699.75,1227
2026-08-26 12:43:00-07:00,7700.0,7701.25,7699.0,7699.0,2703
2026-08-26 12:44:00-07:00,7699.0,7699.75,7698.25,7699.25,1752
2026-08-26 12:45:00-07:00,7699.25,7700.0,7698.75,7699.75,2002
2026-08-26 12:46:00-07:00,7700.0,7702.0,7699.75,7701.0,2230
2026-08-26 12:47:00-07:00,7701.0,7701.5,7699.75,7701.25,1599
2026-08-26 12:48:00-07:00,7701.0,7702.25,7700.5,7702.25,1277
2026-08-26 12:49:00-07:00,7702.0,7703.5,7702.0,7703.5,2100
2026-08-26 12:50:00-07:00,7703.5,7704.5,7700.5,7702.0,3280
2026-08-26 12:51:00-07:00,7702.0,7702.5,7700.5,7700.5,1416
2026-08-26 12:52:00-07:00,7700.75,7701.5,7697.75,7698.25,2809
2026-08-26 12:53:00-07:00,7698.25,7698.5,7696.0,7696.25,3891
2026-08-26 12:54:00-07:00,7696.25,7697.0,7692.25,7694.25,7641
2026-08-26 12:55:00-07:00,7694.0,7694.75,7691.75,7694.25,7482
2026-08-27 06:25:00-07:00,7713.25,7716.5,7713.25,7716.5,1343
2026-08-27 06:26:00-07:00,7716.5,7717.0,7716.0,7716.25,792
2026-08-27 06:27:00-07:00,7716.25,7716.75,7715.0,7716.5,889
2026-08-27 06:28:00-07:00,7716.5,7718.0,7715.0,7716.0,1850
2026-08-27 06:29:00-07:00,7716.25,7717.5,7715.25,7716.25,1677
2026-08-27 06:30:00-07:00,7716.25,7719.25,7712.5,7717.5,13351
2026-08-27 06:31:00-07:00,7717.75,7720.0,7706.5,7706.5,9240
2026-08-27 06:32:00-07:00,7706.5,7709.25,7703.0,7708.25,8986
2026-08-27 06:33:00-07:00,7708.0,7713.25,7708.0,7710.0,6851
2026-08-27 06:34:00-07:00,7709.75,7710.25,7704.25,7706.0,5193
2026-08-27 06:35:00-07:00,7706.0,7708.0,7702.75,7707.25,7712
2026-08-27 06:36:00-07:00,7707.25,7710.25,7707.0,7708.25,6774
2026-08-27 06:37:00-07:00,7708.25,7709.5,7704.75,7708.25,4790
2026-08-27 06:38:00-07:00,7708.25,7709.5,7706.5,7708.25,3771
2026-08-27 06:39:00-07:00,7708.25,7714.0,7707.75,7713.5,5416
2026-08-27 06:40:00-07:00,7713.5,7714.5,7712.25,7713.75,5432
2026-08-27 06:41:00-07:00,7713.75,7718.75,7713.25,7715.25,4882
2026-08-27 06:42:00-07:00,7715.25,7717.0,7710.5,7716.5,5437
2026-08-27 06:43:00-07:00,7716.25,7717.75,7715.5,7716.25,4381
2026-08-27 06:44:00-07:00,7716.25,7723.75,7716.0,7723.5,9209
2026-08-27 06:45:00-07:00,7723.5,7727.25,7722.25,7726.75,6567
2026-08-27 06:46:00-07:00,7726.5,7728.5,7720.75,7720.75,7015
2026-08-27 06:47:00-07:00,7720.75,7721.75,7711.5,7714.25,9153
2026-08-27 06:48:00-07:00,7714.5,7715.5,7711.5,7713.5,6118
2026-08-27 06:49:00-07:00,7713.5,7713.5,7708.25,7711.75,5924
2026-08-27 06:50:00-07:00,7712.0,7719.5,7712.0,7719.25,5417
2026-08-27 06:51:00-07:00,7719.25,7721.25,7718.0,7720.75,4412
2026-08-27 06:52:00-07:00,7720.75,7723.25,7719.25,7722.75,6130
2026-08-27 06:53:00-07:00,7722.5,7724.5,7721.5,7723.75,3244
2026-08-27 06:54:00-07:00,7723.75,7725.25,7722.5,7723.25,3199
2026-08-27 06:55:00-07:00,7723.25,7724.0,7716.25,7719.75,5012
2026-08-27 06:56:00-07:00,7719.5,7720.0,7713.25,7713.5,4075
2026-08-27 06:57:00-07:00,7713.25,7713.5,7707.25,7708.5,6148
2026-08-27 06:58:00-07:00,7708.5,7712.75,7708.5,7712.75,5504
2026-08-27 06:59:00-07:00,7712.75,7716.25,7711.25,7715.25,4416
2026-08-27 07:00:00-07:00,7715.25,7717.5,7713.5,7716.25,5244
2026-08-27 07:01:00-07:00,7716.25,7719.5,7714.75,7718.5,3985
2026-08-27 07:02:00-07:00,7718.5,7719.0,7715.5,7717.5,4327
2026-08-27 07:03:00-07:00,7717.5,7720.75,7715.75,7720.75,2997
2026-08-27 07:04:00-07:00,7721.0,7721.75,7718.0,7719.25,4128
2026-08-27 07:05:00-07:00,7719.25,7722.25,7719.0,7720.5,2690
2026-08-27 07:06:00-07:00,7720.75,7721.25,7713.0,7713.0,3987
2026-08-27 07:07:00-07:00,7713.25,7718.5,7712.0,7717.25,3766
2026-08-27 07:08:00-07:00,7717.25,7717.5,7713.5,7715.0,3403
2026-08-27 07:09:00-07:00,7714.75,7717.5,7714.25,7715.75,2983
2026-08-27 07:10:00-07:00,7715.75,7720.75,7715.25,7720.25,3566
2026-08-27 07:11:00-07:00,7720.25,7721.0,7718.5,7718.75,2585
2026-08-27 07:12:00-07:00,7718.75,7720.5,7718.0,7720.0,2342
2026-08-27 07:13:00-07:00,7720.0,7721.0,7718.0,7721.0,2252
2026-08-27 07:14:00-07:00,7721.0,7721.25,7717.0,7718.0,2345
2026-08-27 07:15:00-07:00,7717.75,7722.25,7717.75,7722.0,2426
2026-08-27 07:16:00-07:00,7722.0,7722.0,7719.0,7719.25,2070
2026-08-27 07:17:00-07:00,7719.25,7723.0,7719.25,7722.5,2753
2026-08-27 07:18:00-07:00,7722.5,7725.0,7721.75,7723.75,2913
2026-08-27 07:19:00-07:00,7723.75,7724.5,7722.25,7723.0,2340
2026-08-27 07:20:00-07:00,7722.75,7725.75,7722.75,7725.75,2982
2026-08-27 07:21:00-07:00,7725.75,7726.5,7722.25,7722.5,2838
2026-08-27 07:22:00-07:00,7722.5,7724.5,7722.0,7723.75,3120
2026-08-27 07:23:00-07:00,7723.75,7727.5,7723.25,7723.75,4530
2026-08-27 07:24:00-07:00,7723.75,7726.25,7722.75,7726.25,2983
2026-08-27 07:25:00-07:00,7726.25,7726.25,7724.25,7725.75,2474
2026-08-27 07:26:00-07:00,7725.5,7727.5,7725.25,7727.25,2448
2026-08-27 07:27:00-07:00,7727.25,7730.25,7727.0,7728.5,4753
2026-08-27 07:28:00-07:00,7728.25,7729.75,7726.75,7727.25,2994
2026-08-27 07:29:00-07:00,7727.0,7728.75,7726.5,7728.5,1690
2026-08-27 07:30:00-07:00,7728.5,7729.25,7721.75,7723.5,6054
2026-08-27 07:31:00-07:00,7723.5,7725.25,7723.5,7724.75,2676
2026-08-27 07:32:00-07:00,7724.75,7725.0,7723.0,7724.0,2279
2026-08-27 07:33:00-07:00,7724.0,7727.5,7722.5,7727.0,2552
2026-08-27 07:34:00-07:00,7727.25,7727.25,7724.75,7725.25,1847
2026-08-27 07:35:00-07:00,7725.5,7729.0,7725.5,7728.75,2759
2026-08-27 07:36:00-07:00,7728.75,7729.75,7728.25,7729.75,2130
2026-08-27 07:37:00-07:00,7729.75,7732.25,7729.25,7729.75,3207
2026-08-27 07:38:00-07:00,7729.5,7730.0,7727.5,7728.5,2961
2026-08-27 07:39:00-07:00,7728.5,7728.75,7725.0,7725.0,4339
2026-08-27 07:40:00-07:00,7725.0,7727.25,7724.5,7726.5,3359
2026-08-27 07:41:00-07:00,7726.25,7727.5,7725.0,7726.75,2553
2026-08-27 07:42:00-07:00,7726.5,7728.25,7726.5,7728.25,2476
2026-08-27 07:43:00-07:00,7728.0,7728.25,7726.5,7727.25,1999
2026-08-27 07:44:00-07:00,7727.25,7728.25,7725.75,7727.75,2424
2026-08-27 07:45:00-07:00,7727.5,7728.0,7725.75,7728.0,2695
2026-08-27 07:46:00-07:00,7727.75,7729.5,7727.75,7729.25,2251
2026-08-27 07:47:00-07:00,7729.25,7729.25,7725.0,7725.75,2701
2026-08-27 07:48:00-07:00,7726.0,7730.75,7725.25,7730.75,2709
2026-08-27 07:49:00-07:00,7730.75,7734.5,7730.0,7733.75,4997
2026-08-27 07:50:00-07:00,7733.75,7734.75,7732.5,7733.0,5451
2026-08-27 07:51:00-07:00,7733.0,7733.5,7732.25,7732.5,2569
2026-08-27 07:52:00-07:00,7732.75,7736.0,7731.75,7734.25,4821
2026-08-27 07:53:00-07:00,7734.25,7734.5,7730.5,7732.25,2797
2026-08-27 07:54:00-07:00,7732.0,7733.5,7730.75,7732.75,3347
2026-08-27 07:55:00-07:00,7733.0,7733.5,7729.0,7729.75,4480
2026-08-27 07:56:00-07:00,7729.75,7731.25,7728.75,7729.75,2569
2026-08-27 07:57:00-07:00,7729.75,7732.5,7729.75,7731.0,2389
2026-08-27 07:58:00-07:00,7731.0,7734.0,7730.5,7733.75,1957
2026-08-27 07:59:00-07:00,7733.75,7735.5,7733.75,7735.25,3751
2026-08-27 08:00:00-07:00,7735.5,7737.0,7734.0,7736.5,3746
2026-08-27 08:01:00-07:00,7736.75,7738.25,7736.0,7737.5,2867
2026-08-27 08:02:00-07:00,7737.5,7738.0,7736.5,7736.75,1968
2026-08-27 08:03:00-07:00,7737.0,7737.25,7733.75,7734.25,3030
2026-08-27 08:04:00-07:00,7734.25,7738.0,7734.0,7737.75,2368
2026-08-27 08:05:00-07:00,7738.0,7738.5,7737.0,7737.75,2016
2026-08-27 08:06:00-07:00,7737.75,7737.75,7735.75,7735.75,1607
2026-08-27 08:07:00-07:00,7736.0,7737.0,7735.0,7736.25,2292
2026-08-27 08:08:00-07:00,7736.0,7736.25,7734.75,7736.25,1325
2026-08-27 08:09:00-07:00,7736.25,7737.5,7735.25,7737.0,1281
2026-08-27 08:10:00-07:00,7737.0,7738.0,7736.75,7737.0,1605
2026-08-27 08:11:00-07:00,7737.25,7738.5,7737.0,7738.0,1530
2026-08-27 08:12:00-07:00,7738.0,7739.25,7736.75,7737.0,1903
2026-08-27 08:13:00-07:00,7737.25,7738.25,7737.0,7737.75,1191
2026-08-27 08:14:00-07:00,7737.75,7740.25,7737.75,7740.0,2351
2026-08-27 08:15:00-07:00,7740.0,7742.0,7739.75,7741.75,3129
2026-08-27 08:16:00-07:00,7741.75,7742.5,7741.25,7742.25,2412
2026-08-27 08:17:00-07:00,7742.25,7742.75,7741.5,7742.0,2104
2026-08-27 08:18:00-07:00,7741.75,7742.75,7741.0,7742.5,1902
2026-08-27 08:19:00-07:00,7742.5,7742.75,7740.25,7741.25,1667
2026-08-27 08:20:00-07:00,7741.5,7742.5,7740.75,7741.5,1760
2026-08-27 08:21:00-07:00,7741.25,7742.0,7739.5,7740.25,1963
2026-08-27 08:22:00-07:00,7740.0,7741.0,7739.75,7740.75,1684
2026-08-27 08:23:00-07:00,7740.75,7741.0,7739.0,7741.0,1972
2026-08-27 08:24:00-07:00,7741.0,7741.25,7739.0,7739.5,2222
2026-08-27 08:25:00-07:00,7739.75,7739.75,7736.75,7738.25,2762
2026-08-27 08:26:00-07:00,7738.0,7739.0,7737.25,7738.25,1857
2026-08-27 08:27:00-07:00,7738.0,7738.75,7736.25,7736.5,1931
2026-08-27 08:28:00-07:00,7736.5,7737.5,7736.25,7736.5,1224
2026-08-27 08:29:00-07:00,7736.5,7736.75,7733.75,7734.75,3234
2026-08-27 08:30:00-07:00,7734.75,7735.25,7732.25,7734.0,4632
2026-08-27 08:31:00-07:00,7734.0,7734.75,7733.0,7734.75,3435
2026-08-27 08:32:00-07:00,7734.75,7736.75,7732.75,7736.75,3229
2026-08-27 08:33:00-07:00,7736.75,7737.75,7735.25,7735.75,2520
2026-08-27 08:34:00-07:00,7735.75,7735.75,7732.25,7733.75,2835
2026-08-27 08:35:00-07:00,7733.5,7735.0,7732.25,7733.25,2821
2026-08-27 08:36:00-07:00,7733.25,7733.5,7731.5,7732.25,1866
2026-08-27 08:37:00-07:00,7732.25,7732.5,7730.75,7731.5,3837
2026-08-27 08:38:00-07:00,7731.25,7732.5,7730.5,7731.25,2904
2026-08-27 08:39:00-07:00,7731.25,7731.25,7729.5,7730.5,3112
2026-08-27 08:40:00-07:00,7730.5,7732.0,7729.75,7731.5,3019
2026-08-27 08:41:00-07:00,7731.5,7735.0,7731.5,7735.0,3687
2026-08-27 08:42:00-07:00,7735.0,7735.0,7731.75,7732.25,1991
2026-08-27 08:43:00-07:00,7732.25,7732.25,7729.0,7729.25,3629
2026-08-27 08:44:00-07:00,7729.5,7729.5,7727.25,7727.75,4637
2026-08-27 08:45:00-07:00,7728.0,7728.0,7725.25,7726.75,4469
2026-08-27 08:46:00-07:00,7726.5,7727.5,7725.25,7727.25,3327
2026-08-27 08:47:00-07:00,7727.0,7728.5,7726.75,7727.25,2561
2026-08-27 08:48:00-07:00,7727.25,7728.0,7726.25,7727.5,1927
2026-08-27 08:49:00-07:00,7727.5,7728.75,7726.5,7728.25,2178
2026-08-27 08:50:00-07:00,7728.0,7732.25,7728.0,7732.0,3548
2026-08-27 08:51:00-07:00,7731.75,7735.5,7731.25,7734.5,2848
2026-08-27 08:52:00-07:00,7734.75,7737.75,7732.75,7737.75,3691
2026-08-27 08:53:00-07:00,7737.5,7739.5,7737.0,7738.25,3072
2026-08-27 08:54:00-07:00,7738.0,7740.5,7737.75,7740.5,2675
2026-08-27 08:55:00-07:00,7740.25,7740.25,7737.25,7737.25,3357
2026-08-27 08:56:00-07:00,7737.25,7738.0,7736.75,7737.25,1913
2026-08-27 08:57:00-07:00,7737.0,7739.25,7737.0,7739.25,2004
2026-08-27 08:58:00-07:00,7739.25,7739.5,7738.75,7739.0,1437
2026-08-27 08:59:00-07:00,7739.0,7739.25,7737.5,7738.0,2121
2026-08-27 09:00:00-07:00,7738.0,7739.0,7737.5,7738.0,1806
2026-08-27 09:01:00-07:00,7737.75,7739.5,7737.25,7739.0,1540
2026-08-27 09:02:00-07:00,7739.0,7739.75,7737.5,7739.75,1730
2026-08-27 09:03:00-07:00,7739.75,7741.0,7739.5,7741.0,1427
2026-08-27 09:04:00-07:00,7741.0,7741.5,7740.0,7740.0,1148
2026-08-27 09:05:00-07:00,7740.25,7740.5,7738.0,7738.0,1730
2026-08-27 09:06:00-07:00,7738.25,7738.75,7737.0,7737.75,2255
2026-08-27 09:07:00-07:00,7737.75,7739.0,7736.5,7736.75,1194
2026-08-27 09:08:00-07:00,7736.75,7737.75,7736.25,7736.5,1281
2026-08-27 09:09:00-07:00,7736.5,7737.25,7736.0,7737.0,1234
2026-08-27 09:10:00-07:00,7737.0,7739.5,7736.75,7739.25,1559
2026-08-27 09:11:00-07:00,7739.25,7739.25,7736.0,7736.75,1159
2026-08-27 09:12:00-07:00,7737.0,7737.75,7736.75,7737.5,948
2026-08-27 09:13:00-07:00,7737.5,7738.0,7737.0,7737.75,882
2026-08-27 09:14:00-07:00,7737.75,7738.0,7736.25,7737.75,1041
2026-08-27 09:15:00-07:00,7737.5,7739.0,7737.5,7739.0,1066
2026-08-27 09:16:00-07:00,7738.75,7740.0,7738.5,7738.75,1272
2026-08-27 09:17:00-07:00,7738.5,7740.0,7737.75,7738.5,2126
2026-08-27 09:18:00-07:00,7738.25,7738.5,7737.25,7738.0,645
2026-08-27 09:19:00-07:00,7737.75,7738.25,7736.75,7737.75,1128
2026-08-27 09:20:00-07:00,7737.75,7738.0,7737.0,7737.25,807
2026-08-27 09:21:00-07:00,7737.25,7737.5,7735.0,7735.75,2205
2026-08-27 09:22:00-07:00,7735.75,7736.75,7735.5,7736.25,859
2026-08-27 09:23:00-07:00,7736.0,7737.5,7736.0,7737.25,926
2026-08-27 09:24:00-07:00,7737.0,7737.25,7736.0,7737.0,837
2026-08-27 09:25:00-07:00,7736.75,7737.75,7736.5,7737.0,836
2026-08-27 09:26:00-07:00,7736.75,7737.5,7735.75,7737.5,1059
2026-08-27 09:27:00-07:00,7737.5,7740.25,7737.0,7740.25,1322
2026-08-27 09:28:00-07:00,7740.0,7740.75,7739.5,7740.0,1612
2026-08-27 09:29:00-07:00,7740.0,7740.75,7739.75,7740.75,832
2026-08-27 09:30:00-07:00,7740.5,7741.0,7739.75,7740.25,1268
2026-08-27 09:31:00-07:00,7740.5,7742.25,7740.25,7741.75,2282
2026-08-27 09:32:00-07:00,7741.75,7742.5,7740.75,7742.5,1251
2026-08-27 09:33:00-07:00,7742.25,7742.5,7740.25,7741.5,1066
2026-08-27 09:34:00-07:00,7741.5,7743.25,7741.25,7743.25,1620
2026-08-27 09:35:00-07:00,7743.25,7744.0,7742.5,7743.75,1367
2026-08-27 09:36:00-07:00,7743.5,7744.25,7743.25,7744.25,918
2026-08-27 09:37:00-07:00,7744.25,7746.0,7743.75,7746.0,2347
2026-08-27 09:38:00-07:00,7746.0,7746.0,7744.25,7745.25,1846
2026-08-27 09:39:00-07:00,7745.25,7747.0,7745.0,7746.75,2470
2026-08-27 09:40:00-07:00,7746.75,7748.25,7746.5,7747.75,3950
2026-08-27 09:41:00-07:00,7747.75,7748.25,7746.75,7748.0,1939
2026-08-27 09:42:00-07:00,7747.75,7748.5,7747.5,7748.25,1318
2026-08-27 09:43:00-07:00,7748.5,7749.75,7748.0,7748.75,2192
2026-08-27 09:44:00-07:00,7749.0,7749.25,7747.5,7748.5,2190
2026-08-27 09:45:00-07:00,7748.5,7751.25,7748.5,7750.5,3571
2026-08-27 09:46:00-07:00,7750.5,7750.75,7748.75,7749.0,2135
2026-08-27 09:47:00-07:00,7749.0,7749.25,7748.25,7748.25,1809
2026-08-27 09:48:00-07:00,7748.0,7750.25,7748.0,7750.0,1992
2026-08-27 09:49:00-07:00,7750.0,7750.0,7748.75,7748.75,1734
2026-08-27 09:50:00-07:00,7748.75,7749.75,7747.75,7749.25,1997
2026-08-27 09:51:00-07:00,7749.0,7750.0,7748.75,7749.75,1423
2026-08-27 09:52:00-07:00,7749.5,7750.75,7749.5,7750.25,1142
2026-08-27 09:53:00-07:00,7750.5,7751.0,7749.75,7751.0,1710
2026-08-27 09:54:00-07:00,7751.25,7752.0,7750.0,7751.0,2315
2026-08-27 09:55:00-07:00,7751.0,7751.25,7749.25,7749.25,1313
2026-08-27 09:56:00-07:00,7749.25,7750.75,7749.0,7750.25,1500
2026-08-27 09:57:00-07:00,7750.5,7751.25,7750.0,7750.5,1058
2026-08-27 09:58:00-07:00,7750.5,7751.0,7750.25,7750.25,986
2026-08-27 09:59:00-07:00,7750.25,7752.25,7750.25,7751.75,1320
2026-08-27 10:00:00-07:00,7752.0,7753.0,7751.5,7752.25,2394
2026-08-27 10:01:00-07:00,7752.25,7753.5,7752.0,7752.75,1168
2026-08-27 10:02:00-07:00,7752.75,7753.5,7752.5,7752.5,1524
2026-08-27 10:03:00-07:00,7752.5,7753.0,7751.5,7752.5,1522
2026-08-27 10:04:00-07:00,7752.5,7752.75,7751.75,7752.25,856
2026-08-27 10:05:00-07:00,7752.5,7752.5,7751.25,7751.5,1001
2026-08-27 10:06:00-07:00,7751.5,7751.75,7749.25,7749.75,1974
2026-08-27 10:07:00-07:00,7749.75,7750.75,7749.5,7750.0,2345
2026-08-27 10:08:00-07:00,7749.75,7754.5,7749.75,7753.0,5134
2026-08-27 10:09:00-07:00,7753.0,7754.75,7752.5,7754.0,2707
2026-08-27 10:10:00-07:00,7754.0,7755.5,7754.0,7754.25,2198
2026-08-27 10:11:00-07:00,7754.25,7754.75,7753.75,7754.25,1430
2026-08-27 10:12:00-07:00,7754.25,7754.75,7753.5,7754.25,941
2026-08-27 10:13:00-07:00,7754.0,7754.25,7753.0,7753.25,983
2026-08-27 10:14:00-07:00,7753.25,7753.75,7752.75,7753.5,901
2026-08-27 10:15:00-07:00,7753.75,7755.0,7753.75,7753.75,1240
2026-08-27 10:16:00-07:00,7754.0,7754.5,7752.75,7753.25,1274
2026-08-27 10:17:00-07:00,7753.0,7753.75,7752.75,7753.0,741
2026-08-27 10:18:00-07:00,7752.75,7753.25,7752.0,7753.0,808
2026-08-27 10:19:00-07:00,7752.75,7754.0,7752.75,7753.0,1069
2026-08-27 10:20:00-07:00,7753.0,7753.25,7752.5,7753.0,812
2026-08-27 10:21:00-07:00,7753.0,7754.0,7752.75,7753.75,932
2026-08-27 10:22:00-07:00,7753.75,7753.75,7752.25,7752.5,737
2026-08-27 10:23:00-07:00,7752.75,7754.5,7752.25,7753.5,1418
2026-08-27 10:24:00-07:00,7753.5,7754.0,7753.0,7753.75,926
2026-08-27 10:25:00-07:00,7753.5,7753.75,7752.0,7752.5,1024
2026-08-27 10:26:00-07:00,7752.25,7752.25,7750.75,7751.25,1464
2026-08-27 10:27:00-07:00,7751.25,7751.75,7750.0,7750.0,1658
2026-08-27 10:28:00-07:00,7750.0,7751.0,7749.75,7750.5,914
2026-08-27 10:29:00-07:00,7750.5,7750.5,7748.5,7749.25,1779
2026-08-27 10:30:00-07:00,7749.25,7750.75,7748.75,7750.0,2887
2026-08-27 10:31:00-07:00,7750.25,7750.5,7748.5,7749.75,1616
2026-08-27 10:32:00-07:00,7749.5,7752.25,7749.5,7752.0,1507
2026-08-27 10:33:00-07:00,7751.75,7752.5,7751.0,7751.5,1692
2026-08-27 10:34:00-07:00,7751.5,7751.5,7749.25,7749.25,962
2026-08-27 10:35:00-07:00,7749.25,7750.5,7748.75,7750.0,1004
2026-08-27 10:36:00-07:00,7750.0,7750.5,7749.75,7750.25,585
2026-08-27 10:37:00-07:00,7750.0,7750.0,7749.0,7749.75,491
2026-08-27 10:38:00-07:00,7749.5,7750.0,7749.0,7749.25,528
2026-08-27 10:39:00-07:00,7749.5,7749.5,7748.25,7749.0,1079
2026-08-27 10:40:00-07:00,7749.0,7750.0,7748.75,7749.75,650
2026-08-27 10:41:00-07:00,7749.75,7750.0,7749.0,7749.75,562
2026-08-27 10:42:00-07:00,7749.75,7750.25,7749.25,7749.75,1164
2026-08-27 10:43:00-07:00,7749.75,7751.25,7749.5,7751.25,614
2026-08-27 10:44:00-07:00,7751.0,7751.0,7747.75,7747.75,2363
2026-08-27 10:45:00-07:00,7747.75,7748.25,7745.75,7746.25,2328
2026-08-27 10:46:00-07:00,7746.25,7746.75,7745.5,7745.75,1885
2026-08-27 10:47:00-07:00,7745.75,7747.5,7745.75,7745.75,1830
2026-08-27 10:48:00-07:00,7746.0,7746.0,7744.5,7744.5,2251
2026-08-27 10:49:00-07:00,7744.5,7745.5,7744.5,7745.5,1824
2026-08-27 10:50:00-07:00,7745.75,7745.75,7744.5,7744.75,1158
2026-08-27 10:51:00-07:00,7744.75,7745.0,7743.5,7744.75,1863
2026-08-27 10:52:00-07:00,7744.75,7745.0,7743.5,7744.5,1579
2026-08-27 10:53:00-07:00,7744.5,7745.0,7743.5,7743.75,1887
2026-08-27 10:54:00-07:00,7744.0,7745.5,7743.75,7745.0,1686
2026-08-27 10:55:00-07:00,7745.25,7745.5,7744.5,7745.0,1189
2026-08-27 10:56:00-07:00,7745.0,7746.0,7744.0,7746.0,934
2026-08-27 10:57:00-07:00,7745.75,7746.0,7744.0,7744.0,1496
2026-08-27 10:58:00-07:00,7744.25,7744.5,7742.75,7743.5,1499
2026-08-27 10:59:00-07:00,7743.5,7744.0,7743.25,7743.75,990
2026-08-27 11:00:00-07:00,7743.75,7745.5,7743.5,7743.75,2269
2026-08-27 11:01:00-07:00,7743.75,7743.75,7737.75,7738.75,5218
2026-08-27 11:02:00-07:00,7738.75,7739.75,7737.5,7739.5,4278
2026-08-27 11:03:00-07:00,7739.5,7740.25,7738.25,7740.0,2386
2026-08-27 11:04:00-07:00,7740.0,7740.0,7736.5,7737.0,2881
2026-08-27 11:05:00-07:00,7736.75,7738.25,7736.25,7737.75,2549
2026-08-27 11:06:00-07:00,7738.0,7739.0,7737.5,7738.0,1889
2026-08-27 11:07:00-07:00,7738.0,7738.25,7735.75,7737.25,1941
2026-08-27 11:08:00-07:00,7737.0,7737.5,7736.25,7736.75,1803
2026-08-27 11:09:00-07:00,7736.5,7737.5,7735.0,7736.5,2222
2026-08-27 11:10:00-07:00,7736.25,7737.0,7734.0,7734.75,2678
2026-08-27 11:11:00-07:00,7734.75,7736.25,7734.0,7736.0,1922
2026-08-27 11:12:00-07:00,7736.0,7736.25,7733.5,7735.0,2272
2026-08-27 11:13:00-07:00,7735.0,7735.75,7732.75,7733.0,2379
2026-08-27 11:14:00-07:00,7732.75,7734.25,7730.75,7734.0,4130
2026-08-27 11:15:00-07:00,7734.25,7734.75,7733.0,7733.75,2687
2026-08-27 11:16:00-07:00,7733.5,7734.0,7732.0,7732.75,1925
2026-08-27 11:17:00-07:00,7733.0,7734.25,7732.5,7734.25,2105
2026-08-27 11:18:00-07:00,7734.0,7735.75,7733.75,7735.5,2335
2026-08-27 11:19:00-07:00,7735.75,7736.25,7733.75,7734.25,1538
2026-08-27 11:20:00-07:00,7734.0,7735.75,7733.75,7735.25,1905
2026-08-27 11:21:00-07:00,7735.0,7735.5,7733.75,7734.75,1789
2026-08-27 11:22:00-07:00,7734.75,7735.75,7733.75,7734.25,1284
2026-08-27 11:23:00-07:00,7734.0,7734.5,7731.75,7732.0,2336
2026-08-27 11:24:00-07:00,7732.0,7732.75,7731.25,7732.25,1542
2026-08-27 11:25:00-07:00,7732.25,7732.5,7730.25,7731.0,1813
2026-08-27 11:26:00-07:00,7731.0,7731.5,7729.5,7729.5,2289
2026-08-27 11:27:00-07:00,7729.5,7729.5,7726.25,7726.5,3035
2026-08-27 11:28:00-07:00,7726.25,7727.25,7724.25,7726.5,4392
2026-08-27 11:29:00-07:00,7726.25,7726.5,7723.75,7725.75,3590
2026-08-27 11:30:00-07:00,7726.0,7727.75,7725.25,7727.5,3349
2026-08-27 11:31:00-07:00,7727.25,7729.75,7727.25,7729.0,2529
2026-08-27 11:32:00-07:00,7728.75,7730.75,7728.25,7730.0,2694
2026-08-27 11:33:00-07:00,7729.75,7730.75,7726.25,7726.25,2778
2026-08-27 11:34:00-07:00,7726.25,7727.0,7725.5,7726.75,2010
2026-08-27 11:35:00-07:00,7726.75,7728.0,7726.0,7727.0,1793
2026-08-27 11:36:00-07:00,7727.0,7728.75,7726.5,7728.5,1341
2026-08-27 11:37:00-07:00,7728.25,7729.5,7727.75,7729.25,2127
2026-08-27 11:38:00-07:00,7729.25,7731.25,7728.25,7730.5,2276
2026-08-27 11:39:00-07:00,7730.25,7732.0,7729.5,7732.0,1316
2026-08-27 11:40:00-07:00,7732.0,7732.0,7730.5,7731.75,1129
2026-08-27 11:41:00-07:00,7731.75,7732.5,7730.0,7730.25,1726
2026-08-27 11:42:00-07:00,7730.25,7731.5,7729.5,7730.25,1573
2026-08-27 11:43:00-07:00,7730.0,7731.0,7729.25,7730.0,1265
2026-08-27 11:44:00-07:00,7730.0,7730.75,7729.75,7730.25,964
2026-08-27 11:45:00-07:00,7730.0,7731.25,7729.25,7729.5,1536
2026-08-27 11:46:00-07:00,7729.5,7730.5,7728.75,7730.25,1665
2026-08-27 11:47:00-07:00,7730.25,7731.75,7729.75,7731.5,1341
2026-08-27 11:48:00-07:00,7731.75,7732.25,7729.5,7729.75,1482
2026-08-27 11:49:00-07:00,7729.75,7730.25,7726.25,7726.25,2791
2026-08-27 11:50:00-07:00,7726.5,7726.5,7724.5,7726.0,2813
2026-08-27 11:51:00-07:00,7726.25,7727.25,7725.25,7726.75,2046
2026-08-27 11:52:00-07:00,7727.0,7727.25,7726.25,7726.5,1453
2026-08-27 11:53:00-07:00,7726.5,7727.5,7725.0,7725.0,1340
2026-08-27 11:54:00-07:00,7725.25,7725.25,7724.25,7724.5,1594
2026-08-27 11:55:00-07:00,7724.75,7726.25,7722.75,7725.25,2900
2026-08-27 11:56:00-07:00,7725.25,7725.5,7724.25,7724.75,1343
2026-08-27 11:57:00-07:00,7725.0,7727.25,7725.0,7727.25,2323
2026-08-27 11:58:00-07:00,7727.0,7729.0,7726.5,7728.5,2032
2026-08-27 11:59:00-07:00,7728.5,7728.75,7727.5,7727.5,1456
2026-08-27 12:00:00-07:00,7727.5,7730.0,7726.75,7729.75,2886
2026-08-27 12:01:00-07:00,7729.75,7730.5,7729.0,7729.5,1567
2026-08-27 12:02:00-07:00,7729.25,7729.5,7726.25,7726.75,2258
2026-08-27 12:03:00-07:00,7727.0,7729.25,7726.75,7729.0,1402
2026-08-27 12:04:00-07:00,7729.0,7731.75,7728.75,7730.75,2155
2026-08-27 12:05:00-07:00,7730.75,7733.25,7729.25,7729.5,3857
2026-08-27 12:06:00-07:00,7729.5,7731.25,7728.25,7731.0,2355
2026-08-27 12:07:00-07:00,7731.0,7732.25,7730.75,7731.75,3211
2026-08-27 12:08:00-07:00,7731.75,7732.0,7729.75,7731.75,1579
2026-08-27 12:09:00-07:00,7731.75,7733.25,7731.75,7732.5,1443
2026-08-27 12:10:00-07:00,7732.5,7733.5,7731.75,7732.5,1595
2026-08-27 12:11:00-07:00,7732.25,7732.5,7731.5,7732.0,990
2026-08-27 12:12:00-07:00,7731.75,7732.5,7731.0,7732.0,990
2026-08-27 12:13:00-07:00,7732.0,7733.5,7731.25,7732.5,984
2026-08-27 12:14:00-07:00,7732.75,7733.75,7730.0,7730.0,2194
2026-08-27 12:15:00-07:00,7730.25,7732.5,7730.25,7732.25,1678
2026-08-27 12:16:00-07:00,7732.25,7733.75,7732.25,7732.75,1761
2026-08-27 12:17:00-07:00,7732.75,7732.75,7731.5,7731.5,858
2026-08-27 12:18:00-07:00,7731.5,7732.25,7730.5,7731.75,1573
2026-08-27 12:19:00-07:00,7731.75,7733.5,7731.0,7733.0,1263
2026-08-27 12:20:00-07:00,7733.0,7733.25,7732.0,7732.5,953
2026-08-27 12:21:00-07:00,7732.5,7734.0,7731.75,7732.75,1483
2026-08-27 12:22:00-07:00,7733.0,7733.5,7732.25,7733.25,1178
2026-08-27 12:23:00-07:00,7733.25,7733.75,7732.75,7732.75,1259
2026-08-27 12:24:00-07:00,7732.75,7733.0,7731.0,7731.25,1468
2026-08-27 12:25:00-07:00,7731.5,7731.5,7729.25,7730.5,2236
2026-08-27 12:26:00-07:00,7730.5,7732.0,7730.5,7731.25,1001
2026-08-27 12:27:00-07:00,7731.25,7731.5,7729.0,7729.25,1380
2026-08-27 12:28:00-07:00,7729.5,7731.0,7729.0,7730.75,1305
2026-08-27 12:29:00-07:00,7730.75,7731.75,7730.0,7730.75,1177
2026-08-27 12:30:00-07:00,7730.5,7732.25,7729.75,7732.0,2264
2026-08-27 12:31:00-07:00,7732.0,7735.0,7731.5,7734.5,1949
2026-08-27 12:32:00-07:00,7734.5,7735.25,7733.75,7734.25,1687
2026-08-27 12:33:00-07:00,7734.0,7735.5,7733.75,7734.5,1504
2026-08-27 12:34:00-07:00,7734.5,7736.25,7734.25,7736.0,1439
2026-08-27 12:35:00-07:00,7736.0,7737.5,7735.25,7736.75,2392
2026-08-27 12:36:00-07:00,7736.5,7736.75,7735.5,7736.0,1844
2026-08-27 12:37:00-07:00,7735.75,7737.25,7735.5,7737.0,1611
2026-08-27 12:38:00-07:00,7737.0,7737.75,7735.5,7736.25,1865
2026-08-27 12:39:00-07:00,7736.5,7737.5,7736.0,7736.75,1467
2026-08-27 12:40:00-07:00,7736.75,7737.75,7736.75,7737.25,1528
2026-08-27 12:41:00-07:00,7737.25,7738.25,7736.5,7737.75,1504
2026-08-27 12:42:00-07:00,7737.5,7737.75,7736.25,7736.5,1534
2026-08-27 12:43:00-07:00,7736.25,7737.5,7735.25,7737.0,2501
2026-08-27 12:44:00-07:00,7737.0,7738.0,7736.75,7737.75,1487
2026-08-27 12:45:00-07:00,7737.75,7738.5,7737.0,7738.25,2897
2026-08-27 12:46:00-07:00,7738.25,7739.5,7738.0,7738.25,2049
2026-08-27 12:47:00-07:00,7738.25,7739.25,7737.75,7738.5,2541
2026-08-27 12:48:00-07:00,7738.25,7739.75,7737.25,7739.25,2623
2026-08-27 12:49:00-07:00,7739.5,7739.75,7738.5,7739.0,2280
2026-08-27 12:50:00-07:00,7739.0,7739.0,7735.25,7736.75,5158
2026-08-27 12:51:00-07:00,7737.0,7737.5,7735.25,7736.5,3037
2026-08-27 12:52:00-07:00,7736.75,7741.0,7736.75,7740.75,3673
2026-08-27 12:53:00-07:00,7740.75,7742.0,7739.75,7741.25,4365
2026-08-27 12:54:00-07:00,7741.5,7744.5,7740.5,7743.5,5790
2026-08-27 12:55:00-07:00,7743.25,7743.25,7741.0,7741.25,6000
2026-08-28 06:25:00-07:00,7748.0,7748.0,7744.5,7744.75,1430
2026-08-28 06:26:00-07:00,7744.75,7744.75,7743.5,7744.25,682
2026-08-28 06:27:00-07:00,7744.25,7745.0,7742.75,7743.25,1005
2026-08-28 06:28:00-07:00,7743.5,7747.5,7743.5,7747.25,1307
2026-08-28 06:29:00-07:00,7747.25,7748.25,7746.0,7746.25,1477
2026-08-28 06:30:00-07:00,7746.25,7750.0,7743.75,7747.5,9646
2026-08-28 06:31:00-07:00,7747.5,7749.0,7745.25,7746.25,4563
2026-08-28 06:32:00-07:00,7746.25,7748.25,7744.75,7747.25,3130
2026-08-28 06:33:00-07:00,7747.5,7747.75,7744.0,7746.25,2575
2026-08-28 06:34:00-07:00,7746.25,7749.25,7746.0,7749.25,3395
2026-08-28 06:35:00-07:00,7749.25,7750.0,7746.5,7748.0,3803
2026-08-28 06:36:00-07:00,7747.75,7751.0,7747.75,7750.25,3635
2026-08-28 06:37:00-07:00,7750.25,7753.5,7750.0,7750.0,3331
2026-08-28 06:38:00-07:00,7750.25,7751.5,7749.5,7749.5,2281
2026-08-28 06:39:00-07:00,7749.75,7752.5,7749.5,7751.5,1936
2026-08-28 06:40:00-07:00,7751.5,7756.0,7750.5,7755.5,3912
2026-08-28 06:41:00-07:00,7755.75,7757.5,7755.25,7757.5,2615
2026-08-28 06:42:00-07:00,7757.5,7757.5,7754.5,7756.0,2493
2026-08-28 06:43:00-07:00,7756.25,7756.5,7755.0,7756.0,1890
2026-08-28 06:44:00-07:00,7756.0,7756.0,7754.0,7755.0,2676
2026-08-28 06:45:00-07:00,7755.0,7755.5,7751.25,7752.75,3710
2026-08-28 06:46:00-07:00,7752.75,7753.5,7752.0,7753.25,2053
2026-08-28 06:47:00-07:00,7753.25,7754.75,7750.75,7754.5,2275
2026-08-28 06:48:00-07:00,7754.75,7758.0,7754.75,7756.5,2914
2026-08-28 06:49:00-07:00,7756.75,7757.0,7749.0,7750.5,5924
2026-08-28 06:50:00-07:00,7750.5,7751.0,7747.75,7747.75,3560
2026-08-28 06:51:00-07:00,7747.75,7748.5,7745.5,7747.0,2965
2026-08-28 06:52:00-07:00,7747.0,7749.0,7746.5,7748.0,1923
2026-08-28 06:53:00-07:00,7748.0,7748.75,7747.0,7748.0,1862
2026-08-28 06:54:00-07:00,7747.75,7749.25,7746.0,7746.0,1789
2026-08-28 06:55:00-07:00,7746.0,7747.5,7745.75,7746.5,1699
2026-08-28 06:56:00-07:00,7746.5,7750.25,7746.25,7749.5,1875
2026-08-28 06:57:00-07:00,7749.25,7750.25,7748.0,7749.5,1921
2026-08-28 06:58:00-07:00,7749.75,7750.5,7748.25,7750.0,1429
2026-08-28 06:59:00-07:00,7750.0,7752.75,7745.5,7746.25,2914
2026-08-28 07:00:00-07:00,7746.25,7760.5,7740.75,7757.0,8725
2026-08-28 07:01:00-07:00,7757.0,7757.75,7748.25,7749.0,5704
2026-08-28 07:02:00-07:00,7749.0,7752.25,7745.5,7750.25,6022
2026-08-28 07:03:00-07:00,7750.25,7751.25,7743.0,7743.25,7303
2026-08-28 07:04:00-07:00,7743.25,7746.75,7741.0,7746.0,7083
2026-08-28 07:05:00-07:00,7746.0,7746.75,7739.5,7740.0,5830
2026-08-28 07:06:00-07:00,7739.75,7741.0,7735.25,7738.25,7081
2026-08-28 07:07:00-07:00,7738.25,7739.5,7735.0,7737.75,8331
2026-08-28 07:08:00-07:00,7737.75,7742.5,7735.5,7742.5,6717
2026-08-28 07:09:00-07:00,7742.5,7744.25,7738.5,7738.75,5058
2026-08-28 07:10:00-07:00,7738.75,7739.75,7735.5,7735.5,5924
2026-08-28 07:11:00-07:00,7735.75,7737.25,7732.25,7734.75,7166
2026-08-28 07:12:00-07:00,7734.75,7735.75,7732.0,7735.25,5778
2026-08-28 07:13:00-07:00,7735.0,7735.25,7726.5,7729.0,9840
2026-08-28 07:14:00-07:00,7729.25,7732.5,7727.75,7731.25,8190
2026-08-28 07:15:00-07:00,7731.0,7734.5,7730.25,7733.5,5678
2026-08-28 07:16:00-07:00,7733.5,7736.25,7731.5,7735.5,5090
2026-08-28 07:17:00-07:00,7735.5,7740.5,7735.0,7740.5,6256
2026-08-28 07:18:00-07:00,7740.5,7743.75,7739.75,7742.25,5747
2026-08-28 07:19:00-07:00,7742.25,7746.25,7741.75,7743.0,4769
2026-08-28 07:20:00-07:00,7743.0,7748.25,7743.0,7745.25,5439
2026-08-28 07:21:00-07:00,7745.25,7749.0,7745.0,7748.0,4281
2026-08-28 07:22:00-07:00,7748.0,7751.5,7746.5,7750.0,5112
2026-08-28 07:23:00-07:00,7750.0,7750.25,7743.25,7744.5,5976
2026-08-28 07:24:00-07:00,7744.5,7745.0,7738.75,7744.75,6574
2026-08-28 07:25:00-07:00,7744.75,7745.75,7741.25,7741.25,4809
2026-08-28 07:26:00-07:00,7741.0,7742.5,7738.0,7742.25,6114
2026-08-28 07:27:00-07:00,7742.25,7742.75,7734.5,7735.5,6226
2026-08-28 07:28:00-07:00,7735.5,7739.5,7735.25,7738.25,5421
2026-08-28 07:29:00-07:00,7738.0,7742.0,7736.75,7742.0,5479
2026-08-28 07:30:00-07:00,7742.0,7743.25,7738.5,7740.0,6764
2026-08-28 07:31:00-07:00,7740.0,7744.0,7738.0,7741.5,5023
2026-08-28 07:32:00-07:00,7741.75,7745.0,7740.5,7743.25,4602
2026-08-28 07:33:00-07:00,7743.25,7748.0,7742.25,7748.0,4153
2026-08-28 07:34:00-07:00,7748.0,7750.75,7748.0,7750.75,4612
2026-08-28 07:35:00-07:00,7750.5,7751.75,7749.0,7751.75,4453
2026-08-28 07:36:00-07:00,7751.75,7754.0,7749.75,7752.0,5288
2026-08-28 07:37:00-07:00,7751.75,7754.0,7751.25,7752.75,3207
2026-08-28 07:38:00-07:00,7753.0,7756.5,7752.25,7755.25,4882
2026-08-28 07:39:00-07:00,7755.0,7755.25,7752.25,7752.5,3336
2026-08-28 07:40:00-07:00,7752.5,7757.5,7752.25,7757.25,3772
2026-08-28 07:41:00-07:00,7757.25,7758.25,7755.5,7756.0,4252
2026-08-28 07:42:00-07:00,7756.0,7759.5,7755.25,7758.5,3258
2026-08-28 07:43:00-07:00,7758.5,7760.25,7757.75,7760.0,3315
2026-08-28 07:44:00-07:00,7760.25,7764.75,7760.0,7763.25,5959
2026-08-28 07:45:00-07:00,7763.25,7765.0,7761.25,7761.25,5056
2026-08-28 07:46:00-07:00,7761.25,7765.75,7761.0,7764.25,5350
2026-08-28 07:47:00-07:00,7764.25,7766.75,7763.25,7764.5,3654
2026-08-28 07:48:00-07:00,7764.5,7767.25,7764.0,7765.75,3287
2026-08-28 07:49:00-07:00,7765.75,7768.0,7765.5,7768.0,3250
2026-08-28 07:50:00-07:00,7768.0,7771.25,7767.0,7769.75,4833
2026-08-28 07:51:00-07:00,7769.5,7770.25,7767.5,7769.25,3905
2026-08-28 07:52:00-07:00,7769.25,7772.0,7769.25,7771.5,4471
2026-08-28 07:53:00-07:00,7771.75,7775.0,7770.25,7774.75,4129
2026-08-28 07:54:00-07:00,7774.75,7776.5,7774.5,7774.5,5382
2026-08-28 07:55:00-07:00,7774.5,7776.75,7774.0,7776.25,4638
2026-08-28 07:56:00-07:00,7776.25,7777.75,7775.75,7776.75,4199
2026-08-28 07:57:00-07:00,7776.75,7778.25,7776.25,7777.5,4195
2026-08-28 07:58:00-07:00,7777.75,7778.75,7777.0,7778.5,3778
2026-08-28 07:59:00-07:00,7778.5,7780.0,7777.5,7779.25,4160
2026-08-28 08:00:00-07:00,7779.25,7782.25,7778.0,7781.75,5412
2026-08-28 08:01:00-07:00,7781.75,7782.5,7780.0,7780.25,6208
2026-08-28 08:02:00-07:00,7780.0,7781.0,7778.25,7779.5,5512
2026-08-28 08:03:00-07:00,7779.5,7779.75,7777.0,7778.75,4113
2026-08-28 08:04:00-07:00,7779.0,7780.5,7777.25,7778.25,3469
2026-08-28 08:05:00-07:00,7778.25,7779.75,7776.75,7778.0,3202
2026-08-28 08:06:00-07:00,7778.25,7779.25,7776.75,7777.5,2855
2026-08-28 08:07:00-07:00,7777.5,7778.0,7775.25,7777.25,3252
2026-08-28 08:08:00-07:00,7777.5,7777.5,7772.5,7773.0,3911
2026-08-28 08:09:00-07:00,7772.75,7773.5,7770.25,7771.75,3919
2026-08-28 08:10:00-07:00,7771.75,7773.5,7771.25,7772.0,3312
2026-08-28 08:11:00-07:00,7772.0,7772.0,7769.25,7771.0,4490
2026-08-28 08:12:00-07:00,7771.0,7771.25,7767.25,7770.25,4474
2026-08-28 08:13:00-07:00,7770.25,7771.75,7768.75,7771.5,3701
2026-08-28 08:14:00-07:00,7771.25,7773.75,7770.0,7771.25,4441
2026-08-28 08:15:00-07:00,7771.25,7775.75,7771.0,7773.25,4103
2026-08-28 08:16:00-07:00,7773.25,7776.0,7772.75,7774.0,3200
2026-08-28 08:17:00-07:00,7774.0,7774.5,7772.5,7774.25,2844
2026-08-28 08:18:00-07:00,7774.5,7775.0,7771.25,7771.75,2744
2026-08-28 08:19:00-07:00,7772.0,7774.0,7771.5,7772.25,2944
2026-08-28 08:20:00-07:00,7772.5,7777.25,7772.25,7776.75,3839
2026-08-28 08:21:00-07:00,7777.0,7777.0,7772.5,7774.25,2711
2026-08-28 08:22:00-07:00,7774.25,7774.5,7772.75,7773.75,2334
2026-08-28 08:23:00-07:00,7774.0,7777.75,7773.5,7777.5,2514
2026-08-28 08:24:00-07:00,7777.25,7778.25,7777.0,7777.5,2073
2026-08-28 08:25:00-07:00,7777.75,7780.0,7777.25,7779.75,1896
2026-08-28 08:26:00-07:00,7779.75,7781.5,7779.25,7779.75,3311
2026-08-28 08:27:00-07:00,7779.75,7780.0,7777.5,7778.5,2576
2026-08-28 08:28:00-07:00,7778.75,7779.75,7776.75,7779.5,2349
2026-08-28 08:29:00-07:00,7779.5,7779.5,7777.25,7779.0,2213
2026-08-28 08:30:00-07:00,7779.25,7779.5,7777.25,7777.5,2816
2026-08-28 08:31:00-07:00,7777.5,7777.75,7775.25,7776.25,2741
2026-08-28 08:32:00-07:00,7776.5,7777.5,7775.75,7777.0,2126
2026-08-28 08:33:00-07:00,7777.25,7778.5,7776.75,7777.0,2556
2026-08-28 08:34:00-07:00,7777.25,7777.5,7773.5,7773.75,3144
2026-08-28 08:35:00-07:00,7773.75,7775.5,7773.5,7774.0,2533
2026-08-28 08:36:00-07:00,7774.25,7775.25,7772.75,7773.25,2067
2026-08-28 08:37:00-07:00,7773.5,7773.5,7771.25,7771.25,3025
2026-08-28 08:38:00-07:00,7771.25,7771.25,7767.5,7767.5,3666
2026-08-28 08:39:00-07:00,7767.75,7768.0,7764.75,7765.75,4841
2026-08-28 08:40:00-07:00,7765.75,7766.0,7757.5,7758.0,8854
2026-08-28 08:41:00-07:00,7758.0,7762.0,7755.5,7761.5,9212
2026-08-28 08:42:00-07:00,7761.25,7762.0,7758.25,7759.0,6422
2026-08-28 08:43:00-07:00,7759.0,7761.75,7757.5,7760.25,4893
2026-08-28 08:44:00-07:00,7760.25,7760.5,7756.0,7757.5,4934
2026-08-28 08:45:00-07:00,7757.5,7759.5,7755.5,7758.25,7359
2026-08-28 08:46:00-07:00,7758.25,7758.5,7755.75,7756.75,4376
2026-08-28 08:47:00-07:00,7757.0,7759.0,7753.75,7754.25,5592
2026-08-28 08:48:00-07:00,7754.5,7754.75,7751.0,7753.25,5673
2026-08-28 08:49:00-07:00,7753.5,7753.5,7750.75,7752.0,4695
2026-08-28 08:50:00-07:00,7752.0,7754.0,7750.5,7750.75,5837
2026-08-28 08:51:00-07:00,7750.75,7752.0,7746.5,7746.5,6773
2026-08-28 08:52:00-07:00,7746.5,7747.0,7743.5,7744.5,6575
2026-08-28 08:53:00-07:00,7744.75,7748.5,7744.0,7745.25,5102
2026-08-28 08:54:00-07:00,7745.5,7750.25,7743.75,7750.0,5732
2026-08-28 08:55:00-07:00,7750.0,7750.5,7744.5,7744.5,4965
2026-08-28 08:56:00-07:00,7744.5,7745.0,7738.75,7739.5,7352
2026-08-28 08:57:00-07:00,7739.5,7740.5,7737.25,7739.0,6991
2026-08-28 08:58:00-07:00,7738.75,7742.0,7738.25,7741.0,5728
2026-08-28 08:59:00-07:00,7741.0,7741.5,7738.0,7739.75,4818
2026-08-28 09:00:00-07:00,7739.75,7741.5,7738.75,7738.75,6002
2026-08-28 09:01:00-07:00,7738.75,7738.75,7733.75,7736.75,7461
2026-08-28 09:02:00-07:00,7736.5,7739.25,7735.25,7739.25,5110
2026-08-28 09:03:00-07:00,7739.0,7741.25,7738.0,7740.0,5376
2026-08-28 09:04:00-07:00,7740.0,7741.5,7736.25,7737.25,3867
2026-08-28 09:05:00-07:00,7737.0,7740.25,7736.5,7740.0,3499
2026-08-28 09:06:00-07:00,7740.0,7741.25,7737.25,7740.5,4225
2026-08-28 09:07:00-07:00,7740.25,7744.0,7740.25,7743.5,4471
2026-08-28 09:08:00-07:00,7743.5,7743.75,7741.25,7743.25,3032
2026-08-28 09:09:00-07:00,7743.25,7745.25,7743.0,7744.5,3387
2026-08-28 09:10:00-07:00,7744.25,7744.75,7742.5,7744.75,3790
2026-08-28 09:11:00-07:00,7744.75,7744.75,7740.0,7740.0,4922
2026-08-28 09:12:00-07:00,7740.0,7741.75,7739.25,7740.5,3134
2026-08-28 09:13:00-07:00,7740.5,7741.0,7738.75,7740.0,2530
2026-08-28 09:14:00-07:00,7740.0,7741.25,7738.25,7738.75,2823
2026-08-28 09:15:00-07:00,7738.75,7741.5,7734.5,7734.75,4273
2026-08-28 09:16:00-07:00,7734.75,7734.75,7732.5,7733.75,4056
2026-08-28 09:17:00-07:00,7733.75,7734.75,7732.25,7732.75,3292
2026-08-28 09:18:00-07:00,7732.75,7733.25,7726.25,7727.75,6655
2026-08-28 09:19:00-07:00,7727.5,7732.0,7727.25,7730.75,4689
2026-08-28 09:20:00-07:00,7730.75,7732.5,7727.25,7728.25,5132
2026-08-28 09:21:00-07:00,7728.0,7729.25,7724.5,7728.75,5109
2026-08-28 09:22:00-07:00,7728.75,7728.75,7725.0,7726.5,5834
2026-08-28 09:23:00-07:00,7726.5,7727.0,7724.5,7726.25,4725
2026-08-28 09:24:00-07:00,7726.25,7726.5,7720.0,7724.0,7538
2026-08-28 09:25:00-07:00,7723.75,7725.5,7722.0,7725.25,3940
2026-08-28 09:26:00-07:00,7725.0,7727.25,7723.75,7725.25,3493
2026-08-28 09:27:00-07:00,7725.25,7726.75,7724.25,7726.5,2687
2026-08-28 09:28:00-07:00,7726.5,7727.75,7724.5,7724.75,3087
2026-08-28 09:29:00-07:00,7724.75,7726.25,7724.0,7725.25,2189
2026-08-28 09:30:00-07:00,7725.0,7729.75,7724.5,7729.25,4562
2026-08-28 09:31:00-07:00,7729.25,7731.5,7727.75,7730.5,3798
2026-08-28 09:32:00-07:00,7730.75,7734.25,7729.25,7733.0,3712
2026-08-28 09:33:00-07:00,7733.0,7733.5,7729.25,7731.0,2601
2026-08-28 09:34:00-07:00,7730.75,7730.75,7725.25,7725.5,2660
2026-08-28 09:35:00-07:00,7725.25,7731.25,7725.25,7731.25,3150
2026-08-28 09:36:00-07:00,7731.25,7733.75,7730.25,7732.25,2513
2026-08-28 09:37:00-07:00,7732.25,7735.0,7730.75,7734.25,3581
2026-08-28 09:38:00-07:00,7734.0,7735.25,7733.0,7733.75,2422
2026-08-28 09:39:00-07:00,7733.75,7734.0,7729.75,7732.5,2654
2026-08-28 09:40:00-07:00,7732.25,7732.5,7726.5,7728.0,3550
2026-08-28 09:41:00-07:00,7727.75,7729.0,7725.75,7726.75,3688
2026-08-28 09:42:00-07:00,7726.75,7728.75,7725.5,7726.75,2401
2026-08-28 09:43:00-07:00,7726.5,7726.75,7724.5,7725.5,2912
2026-08-28 09:44:00-07:00,7725.5,7725.75,7724.25,7725.5,1927
2026-08-28 09:45:00-07:00,7725.5,7733.0,7725.25,7732.75,4386
2026-08-28 09:46:00-07:00,7732.75,7734.5,7731.75,7732.25,2694
2026-08-28 09:47:00-07:00,7732.25,7734.5,7731.5,7733.0,1932
2026-08-28 09:48:00-07:00,7733.25,7734.5,7731.75,7734.0,1718
2026-08-28 09:49:00-07:00,7734.0,7735.0,7731.5,7733.0,2096
2026-08-28 09:50:00-07:00,7733.0,7733.75,7730.0,7731.5,2181
2026-08-28 09:51:00-07:00,7731.5,7734.5,7731.0,7733.75,1803
2026-08-28 09:52:00-07:00,7734.0,7736.0,7732.75,7736.0,1665
2026-08-28 09:53:00-07:00,7735.75,7736.0,7730.75,7731.0,1977
2026-08-28 09:54:00-07:00,7731.0,7733.5,7727.0,7728.5,2794
2026-08-28 09:55:00-07:00,7728.25,7729.75,7727.75,7729.0,1992
2026-08-28 09:56:00-07:00,7729.0,7729.0,7726.25,7727.5,2391
2026-08-28 09:57:00-07:00,7727.5,7729.25,7727.0,7729.25,2229
2026-08-28 09:58:00-07:00,7729.25,7730.25,7728.0,7728.5,2087
2026-08-28 09:59:00-07:00,7728.25,7728.5,7725.75,7725.75,1676
2026-08-28 10:00:00-07:00,7725.75,7726.25,7717.0,7718.0,6552
2026-08-28 10:01:00-07:00,7718.0,7719.0,7716.25,7717.0,4177
2026-08-28 10:02:00-07:00,7717.0,7720.0,7715.25,7719.25,3645
2026-08-28 10:03:00-07:00,7719.25,7721.25,7718.0,7721.0,3847
2026-08-28 10:04:00-07:00,7720.75,7723.5,7718.75,7718.75,2571
2026-08-28 10:05:00-07:00,7719.0,7719.0,7716.75,7717.5,2446
2026-08-28 10:06:00-07:00,7717.5,7718.0,7714.25,7714.75,2748
2026-08-28 10:07:00-07:00,7714.75,7716.5,7713.25,7715.5,3566
2026-08-28 10:08:00-07:00,7715.5,7717.25,7714.75,7717.0,2291
2026-08-28 10:09:00-07:00,7717.0,7717.25,7713.5,7713.75,1971
2026-08-28 10:10:00-07:00,7713.5,7714.75,7711.75,7714.5,3542
2026-08-28 10:11:00-07:00,7714.5,7717.5,7714.25,7717.25,3154
2026-08-28 10:12:00-07:00,7717.25,7720.25,7717.25,7718.75,4287
2026-08-28 10:13:00-07:00,7719.0,7720.75,7717.75,7720.5,3291
2026-08-28 10:14:00-07:00,7720.25,7722.75,7719.25,7722.5,3618
2026-08-28 10:15:00-07:00,7722.5,7723.25,7718.25,7720.25,2544
2026-08-28 10:16:00-07:00,7720.25,7720.5,7718.25,7719.5,2103
2026-08-28 10:17:00-07:00,7719.5,7722.5,7718.25,7722.5,1834
2026-08-28 10:18:00-07:00,7722.5,7722.5,7719.25,7719.5,1901
2026-08-28 10:19:00-07:00,7719.5,7722.0,7719.5,7720.0,1764
2026-08-28 10:20:00-07:00,7720.0,7721.0,7717.75,7717.75,2232
2026-08-28 10:21:00-07:00,7718.0,7718.25,7715.75,7717.75,1954
2026-08-28 10:22:00-07:00,7718.0,7718.5,7714.5,7715.0,2295
2026-08-28 10:23:00-07:00,7715.0,7718.75,7714.5,7715.0,2774
2026-08-28 10:24:00-07:00,7715.25,7718.5,7715.0,7718.5,2035
2026-08-28 10:25:00-07:00,7718.5,7719.5,7716.25,7717.25,1471
2026-08-28 10:26:00-07:00,7717.5,7719.0,7716.75,7717.75,1473
2026-08-28 10:27:00-07:00,7717.75,7719.5,7717.25,7718.5,1494
2026-08-28 10:28:00-07:00,7718.75,7722.25,7718.75,7720.75,1779
2026-08-28 10:29:00-07:00,7720.75,7721.75,7716.75,7717.0,2166
2026-08-28 10:30:00-07:00,7717.25,7718.5,7716.0,7717.5,2220
2026-08-28 10:31:00-07:00,7717.5,7719.5,7717.0,7719.5,1608
2026-08-28 10:32:00-07:00,7719.5,7721.75,7718.5,7721.5,1876
2026-08-28 10:33:00-07:00,7721.5,7723.5,7721.25,7722.75,1617
2026-08-28 10:34:00-07:00,7722.75,7723.0,7721.5,7722.0,1177
2026-08-28 10:35:00-07:00,7722.25,7724.0,7722.0,7723.25,1624
2026-08-28 10:36:00-07:00,7723.25,7723.5,7722.0,7723.0,1485
2026-08-28 10:37:00-07:00,7723.25,7724.0,7719.5,7721.25,2114
2026-08-28 10:38:00-07:00,7721.5,7721.75,7719.5,7720.0,1378
2026-08-28 10:39:00-07:00,7720.0,7720.25,7714.75,7715.25,3533
2026-08-28 10:40:00-07:00,7715.25,7718.5,7715.25,7717.5,2213
2026-08-28 10:41:00-07:00,7717.5,7718.75,7717.0,7718.0,1540
2026-08-28 10:42:00-07:00,7718.0,7720.5,7717.5,7719.5,2088
2026-08-28 10:43:00-07:00,7719.5,7720.5,7718.0,7719.0,1674
2026-08-28 10:44:00-07:00,7719.25,7719.75,7717.25,7719.5,1238
2026-08-28 10:45:00-07:00,7719.5,7720.75,7717.75,7720.5,1113
2026-08-28 10:46:00-07:00,7720.25,7724.5,7720.25,7723.25,2699
2026-08-28 10:47:00-07:00,7723.5,7723.75,7721.75,7722.0,1293
2026-08-28 10:48:00-07:00,7722.0,7724.5,7721.75,7724.25,1220
2026-08-28 10:49:00-07:00,7724.25,7726.25,7724.0,7725.5,2212
2026-08-28 10:50:00-07:00,7725.5,7725.5,7723.75,7723.75,1117
2026-08-28 10:51:00-07:00,7723.75,7725.25,7723.0,7724.5,1507
2026-08-28 10:52:00-07:00,7724.75,7726.5,7724.25,7724.25,1517
2026-08-28 10:53:00-07:00,7724.5,7725.0,7724.0,7724.5,1045
2026-08-28 10:54:00-07:00,7724.75,7725.0,7723.25,7723.75,932
2026-08-28 10:55:00-07:00,7723.75,7724.0,7719.5,7720.25,2300
2026-08-28 10:56:00-07:00,7720.5,7721.25,7719.75,7720.75,1615
2026-08-28 10:57:00-07:00,7720.75,7723.0,7720.25,7721.5,1390
2026-08-28 10:58:00-07:00,7721.5,7724.0,7721.25,7723.75,1146
2026-08-28 10:59:00-07:00,7723.75,7724.75,7723.5,7724.25,990
2026-08-28 11:00:00-07:00,7724.25,7725.75,7723.5,7723.75,1946
2026-08-28 11:01:00-07:00,7723.5,7724.25,7722.25,7723.75,1559
2026-08-28 11:02:00-07:00,7723.75,7726.5,7723.25,7726.25,1781
2026-08-28 11:03:00-07:00,7726.0,7726.5,7725.0,7726.25,2221
2026-08-28 11:04:00-07:00,7726.25,7727.25,7724.0,7724.0,1983
2026-08-28 11:05:00-07:00,7724.0,7726.75,7723.25,7724.75,2203
2026-08-28 11:06:00-07:00,7724.5,7725.5,7723.0,7723.75,1523
2026-08-28 11:07:00-07:00,7723.75,7725.75,7723.5,7724.0,922
2026-08-28 11:08:00-07:00,7723.75,7724.75,7722.25,7724.75,1012
2026-08-28 11:09:00-07:00,7724.75,7726.0,7723.5,7724.75,1272
2026-08-28 11:10:00-07:00,7724.75,7726.0,7724.5,7726.0,1058
2026-08-28 11:11:00-07:00,7725.75,7726.75,7724.5,7726.0,1516
2026-08-28 11:12:00-07:00,7726.0,7726.5,7725.0,7726.0,980
2026-08-28 11:13:00-07:00,7726.0,7726.25,7723.5,7723.75,1538
2026-08-28 11:14:00-07:00,7723.5,7724.25,7720.75,7721.0,1719
2026-08-28 11:15:00-07:00,7721.0,7723.75,7720.5,7723.5,1575
2026-08-28 11:16:00-07:00,7723.25,7724.25,7721.75,7721.75,1300
2026-08-28 11:17:00-07:00,7722.0,7722.5,7720.25,7722.0,1578
2026-08-28 11:18:00-07:00,7722.0,7724.25,7722.0,7723.0,1408
2026-08-28 11:19:00-07:00,7723.25,7723.75,7722.75,7723.0,814
2026-08-28 11:20:00-07:00,7723.0,7724.75,7722.75,7723.25,1150
2026-08-28 11:21:00-07:00,7723.25,7724.25,7722.5,7723.75,958
2026-08-28 11:22:00-07:00,7723.75,7724.25,7722.0,7722.5,853
2026-08-28 11:23:00-07:00,7722.5,7722.5,7718.0,7718.75,2107
2026-08-28 11:24:00-07:00,7718.75,7720.5,7718.75,7719.5,1279
2026-08-28 11:25:00-07:00,7719.5,7720.25,7717.75,7719.25,1788
2026-08-28 11:26:00-07:00,7719.25,7721.0,7718.75,7720.75,1832
2026-08-28 11:27:00-07:00,7721.0,7722.25,7720.5,7721.0,1668
2026-08-28 11:28:00-07:00,7720.75,7721.75,7720.0,7721.5,941
2026-08-28 11:29:00-07:00,7721.5,7721.75,7719.25,7719.5,1300
2026-08-28 11:30:00-07:00,7719.5,7720.75,7719.0,7719.25,1941
2026-08-28 11:31:00-07:00,7719.25,7721.75,7719.0,7721.25,1448
2026-08-28 11:32:00-07:00,7721.25,7721.5,7719.75,7720.0,754
2026-08-28 11:33:00-07:00,7719.75,7721.0,7719.5,7721.0,697
2026-08-28 11:34:00-07:00,7721.0,7724.0,7720.75,7722.75,1466
2026-08-28 11:35:00-07:00,7723.0,7724.75,7722.5,7723.25,1477
2026-08-28 11:36:00-07:00,7723.0,7723.75,7721.75,7722.25,1279
2026-08-28 11:37:00-07:00,7722.25,7723.0,7721.0,7721.0,809
2026-08-28 11:38:00-07:00,7721.25,7721.25,7719.75,7721.0,1551
2026-08-28 11:39:00-07:00,7721.25,7721.75,7720.0,7720.0,771
2026-08-28 11:40:00-07:00,7720.25,7723.0,7720.25,7723.0,1137
2026-08-28 11:41:00-07:00,7723.0,7723.0,7721.0,7721.25,835
2026-08-28 11:42:00-07:00,7721.5,7721.5,7719.5,7720.0,1014
2026-08-28 11:43:00-07:00,7720.25,7720.75,7719.5,7720.25,774
2026-08-28 11:44:00-07:00,7720.25,7722.25,7720.25,7721.75,1075
2026-08-28 11:45:00-07:00,7721.75,7722.25,7720.25,7721.0,1085
2026-08-28 11:46:00-07:00,7720.75,7721.25,7719.25,7719.5,946
2026-08-28 11:47:00-07:00,7719.5,7720.5,7719.25,7720.25,1114
2026-08-28 11:48:00-07:00,7720.0,7720.0,7716.5,7717.0,1877
2026-08-28 11:49:00-07:00,7717.0,7718.0,7716.5,7717.0,1438
2026-08-28 11:50:00-07:00,7717.0,7717.0,7713.5,7714.0,3336
2026-08-28 11:51:00-07:00,7714.0,7715.0,7712.75,7714.0,2289
2026-08-28 11:52:00-07:00,7714.25,7714.75,7712.25,7713.0,1780
2026-08-28 11:53:00-07:00,7713.25,7716.0,7712.25,7716.0,2376
2026-08-28 11:54:00-07:00,7716.0,7716.0,7714.5,7714.75,1058
2026-08-28 11:55:00-07:00,7714.75,7714.75,7712.75,7714.5,1676
2026-08-28 11:56:00-07:00,7714.75,7716.25,7714.0,7716.25,1746
2026-08-28 11:57:00-07:00,7716.0,7716.5,7715.25,7716.0,1704
2026-08-28 11:58:00-07:00,7716.0,7717.0,7714.75,7716.75,1429
2026-08-28 11:59:00-07:00,7717.0,7717.25,7715.75,7716.0,2172
2026-08-28 12:00:00-07:00,7716.0,7717.0,7713.75,7714.25,2700
2026-08-28 12:01:00-07:00,7714.25,7718.5,7714.0,7718.25,1967
2026-08-28 12:02:00-07:00,7718.25,7718.25,7716.0,7716.75,1494
2026-08-28 12:03:00-07:00,7716.75,7718.25,7716.25,7717.5,1364
2026-08-28 12:04:00-07:00,7717.5,7718.75,7716.75,7717.0,1099
2026-08-28 12:05:00-07:00,7717.0,7719.5,7716.5,7718.75,1717
2026-08-28 12:06:00-07:00,7718.5,7719.25,7717.0,7717.0,1299
2026-08-28 12:07:00-07:00,7717.0,7719.25,7716.75,7719.0,1589
2026-08-28 12:08:00-07:00,7719.25,7721.0,7718.5,7719.75,2334
2026-08-28 12:09:00-07:00,7719.75,7723.0,7719.75,7722.75,2767
2026-08-28 12:10:00-07:00,7722.75,7723.25,7719.5,7721.25,1921
2026-08-28 12:11:00-07:00,7721.5,7722.25,7720.5,7720.75,1321
2026-08-28 12:12:00-07:00,7720.75,7721.75,7720.0,7721.25,1058
2026-08-28 12:13:00-07:00,7721.0,7721.25,7719.75,7720.5,1102
2026-08-28 12:14:00-07:00,7720.5,7722.0,7719.0,7721.75,1255
2026-08-28 12:15:00-07:00,7721.75,7722.0,7720.25,7721.25,1385
2026-08-28 12:16:00-07:00,7721.25,7721.5,7720.25,7720.5,1090
2026-08-28 12:17:00-07:00,7720.25,7720.75,7719.25,7720.25,1176
2026-08-28 12:18:00-07:00,7720.25,7720.75,7719.25,7720.0,957
2026-08-28 12:19:00-07:00,7720.0,7722.25,7719.5,7721.25,1150
2026-08-28 12:20:00-07:00,7721.25,7723.75,7721.25,7723.25,2423
2026-08-28 12:21:00-07:00,7723.5,7724.75,7722.25,7723.0,2451
2026-08-28 12:22:00-07:00,7723.25,7724.0,7723.0,7723.25,1106
2026-08-28 12:23:00-07:00,7723.25,7723.25,7721.0,7721.25,2114
2026-08-28 12:24:00-07:00,7721.0,7722.75,7720.5,7722.25,1778
2026-08-28 12:25:00-07:00,7722.5,7724.25,7722.25,7724.0,1832
2026-08-28 12:26:00-07:00,7724.0,7724.5,7723.0,7724.25,1480
2026-08-28 12:27:00-07:00,7724.25,7725.25,7723.75,7725.0,1425
2026-08-28 12:28:00-07:00,7725.25,7725.25,7723.5,7723.5,1306
2026-08-28 12:29:00-07:00,7723.5,7724.75,7723.25,7724.5,1138
2026-08-28 12:30:00-07:00,7724.5,7724.75,7721.0,7722.75,3456
2026-08-28 12:31:00-07:00,7722.75,7723.75,7722.25,7722.5,1537
2026-08-28 12:32:00-07:00,7722.75,7723.75,7722.0,7723.5,1564
2026-08-28 12:33:00-07:00,7723.75,7724.0,7722.0,7723.0,1476
2026-08-28 12:34:00-07:00,7723.0,7723.5,7722.25,7723.0,1121
2026-08-28 12:35:00-07:00,7723.0,7723.25,7721.25,7721.75,1929
2026-08-28 12:36:00-07:00,7722.0,7722.5,7720.25,7722.0,2043
2026-08-28 12:37:00-07:00,7722.0,7722.25,7721.25,7722.0,1252
2026-08-28 12:38:00-07:00,7721.75,7723.75,7721.5,7723.25,1570
2026-08-28 12:39:00-07:00,7723.25,7725.0,7722.5,7724.75,1759
2026-08-28 12:40:00-07:00,7724.75,7727.0,7724.5,7725.75,2031
2026-08-28 12:41:00-07:00,7725.75,7726.5,7724.75,7726.0,1471
2026-08-28 12:42:00-07:00,7726.0,7726.25,7725.0,7725.5,1718
2026-08-28 12:43:00-07:00,7725.75,7726.75,7725.0,7726.75,1691
2026-08-28 12:44:00-07:00,7727.0,7727.25,7725.25,7725.5,1905
2026-08-28 12:45:00-07:00,7725.25,7726.25,7722.5,7723.5,3031
2026-08-28 12:46:00-07:00,7723.25,7724.5,7721.75,7722.5,2055
2026-08-28 12:47:00-07:00,7722.5,7723.0,7720.0,7720.75,1371
2026-08-28 12:48:00-07:00,7720.75,7720.75,7719.5,7720.0,1954
2026-08-28 12:49:00-07:00,7720.0,7722.25,7719.5,7721.75,1876
2026-08-28 12:50:00-07:00,7721.75,7727.25,7720.5,7726.5,6528
2026-08-28 12:51:00-07:00,7726.75,7727.0,7720.75,7722.5,3870
2026-08-28 12:52:00-07:00,7722.25,7723.5,7721.5,7722.0,2708
2026-08-28 12:53:00-07:00,7722.0,7722.5,7720.25,7720.75,2820
2026-08-28 12:54:00-07:00,7721.0,7723.75,7721.0,7723.0,7286
2026-08-28 12:55:00-07:00,7723.0,7726.25,7722.25,7725.75,7911
