Date,Open,High,Low,Close,Adj Close,Volume,Dividends,Stock Splits,Capital Gains
1999-03-10 00:00:00-05:00,51.125,51.15625,50.28125,51.0625,43.02704620361328,5232000,0.0,0.0,0.0
1999-03-11 00:00:00-05:00,51.4375,51.734375,50.3125,51.3125,43.23772430419922,9688600,0.0,0.0,0.0
1999-03-12 00:00:00-05:00,51.125,51.15625,49.65625,50.0625,42.18443298339844,8743600,0.0,0.0,0.0
1999-03-15 00:00:00-05:00,50.4375,51.5625,49.90625,51.5,43.39570236206055,6369000,0.0,0.0,0.0
1999-03-16 00:00:00-05:00,51.71875,52.15625,51.15625,51.9375,43.76435470581055,4905800,0.0,0.0,0.0
1999-03-17 00:00:00-05:00,51.9375,52.0,51.40625,51.5625,43.448368072509766,3965000,0.0,0.0,0.0
1999-03-18 00:00:00-05:00,51.5,52.59375,51.484375,52.5625,44.29100799560547,4848400,0.0,0.0,0.0
1999-03-19 00:00:00-05:00,53.25,53.25,51.1875,51.21875,43.15874099731445,7160400,0.0,0.0,0.0
1999-03-22 00:00:00-05:00,51.4375,51.5625,50.5,50.59375,42.63206100463867,5024800,0.0,0.0,0.0
1999-03-23 00:00:00-05:00,50.3125,50.5,48.71875,48.8125,41.13112258911133,10962400,0.0,0.0,0.0
1999-03-24 00:00:00-05:00,49.25,50.5,48.5,50.46875,42.52674102783203,8447000,0.0,0.0,0.0
1999-03-25 00:00:00-05:00,51.25,52.3125,50.9140625,52.3125,44.08032989501953,8133800,0.0,0.0,0.0
1999-03-26 00:00:00-05:00,51.875,52.46875,51.53125,51.75,43.60636520385742,8256200,0.0,0.0,0.0
1999-03-29 00:00:00-05:00,52.375,53.65625,52.0625,53.625,45.18630599975586,5113800,0.0,0.0,0.0
1999-03-30 00:00:00-05:00,53.5625,54.0,53.03125,53.25,44.87032699584961,4940600,0.0,0.0,0.0
1999-03-31 00:00:00-05:00,54.125,54.1875,52.3125,52.46875,44.21201705932617,8256600,0.0,0.0,0.0
1999-04-01 00:00:00-05:00,54.0,54.0625,52.6875,53.5625,45.133636474609375,8715800,0.0,0.0,0.0
1999-04-05 00:00:00-04:00,54.4296875,55.578125,54.09375,55.5,46.76622772216797,5697200,0.0,0.0,0.0
1999-04-06 00:00:00-04:00,55.4375,56.21875,54.96875,55.609375,46.8584098815918,7522400,0.0,0.0,0.0
1999-04-07 00:00:00-04:00,56.125,56.25,53.84375,55.03125,46.37126541137695,11923600,0.0,0.0,0.0
1999-04-08 00:00:00-04:00,54.9375,55.734375,53.8125,55.46875,46.73991775512695,7952400,0.0,0.0,0.0
1999-04-09 00:00:00-04:00,55.375,55.9375,55.21875,55.8125,47.02958297729492,4946800,0.0,0.0,0.0
1999-04-12 00:00:00-04:00,54.5,55.8125,54.4375,55.4375,46.713584899902344,10934000,0.0,0.0,0.0
1999-04-13 00:00:00-04:00,55.78125,55.90625,54.25,54.6875,46.08160400390625,9962200,0.0,0.0,0.0
1999-04-14 00:00:00-04:00,55.375,55.4375,52.5078125,52.8125,44.50166320800781,21253800,0.0,0.0,0.0
1999-04-15 00:00:00-04:00,53.0,53.6171875,51.125,53.53125,45.1072998046875,17650600,0.0,0.0,0.0
1999-04-16 00:00:00-04:00,53.40625,53.40625,51.6875,51.96875,43.79069137573242,17274000,0.0,0.0,0.0
1999-04-19 00:00:00-04:00,52.3125,52.75,49.0078125,49.53125,41.736778259277344,19460600,0.0,0.0,0.0
1999-04-20 00:00:00-04:00,49.3125,51.0625,48.84375,50.65625,42.68474578857422,17413600,0.0,0.0,0.0
1999-04-21 00:00:00-04:00,51.125,53.1875,50.4375,53.15625,44.791324615478516,10940400,0.0,0.0,0.0
1999-04-22 00:00:00-04:00,53.65625,54.75,53.3046875,54.59375,46.00263214111328,13630600,0.0,0.0,0.0
1999-04-23 00:00:00-04:00,54.3125,55.71875,53.75,55.3125,46.60823440551758,7064400,0.0,0.0,0.0
1999-04-26 00:00:00-04:00,55.6875,57.0,55.5078125,56.5859375,47.681304931640625,5421000,0.0,0.0,0.0
1999-04-27 00:00:00-04:00,57.0,57.28125,55.0078125,55.71875,46.950557708740234,16482800,0.0,0.0,0.0
1999-04-28 00:00:00-04:00,55.25,55.4375,53.5703125,53.8125,45.34429168701172,7676800,0.0,0.0,0.0
1999-04-29 00:00:00-04:00,53.5625,53.875,52.25,53.375,44.975643157958984,19148200,0.0,0.0,0.0
1999-04-30 00:00:00-04:00,54.125,54.40625,51.8125,53.71875,45.26530838012695,15295200,0.0,0.0,0.0
1999-05-03 00:00:00-04:00,53.5625,53.78125,52.5390625,53.4375,45.028324127197266,11109800,0.0,0.0,0.0
1999-05-04 00:00:00-04:00,53.53125,54.375,52.28125,52.59375,44.31734085083008,15428400,0.0,0.0,0.0
1999-05-05 00:00:00-04:00,52.625,54.1875,51.03125,54.1875,45.66028594970703,12642600,0.0,0.0,0.0
1999-05-06 00:00:00-04:00,53.6875,54.15625,51.71875,52.21875,44.00135040283203,15173400,0.0,0.0,0.0
1999-05-07 00:00:00-04:00,52.6875,53.125,51.5625,52.96875,44.633323669433594,16430400,0.0,0.0,0.0
1999-05-10 00:00:00-04:00,53.3125,53.859375,52.6875,53.5,45.08097839355469,10604200,0.0,0.0,0.0
1999-05-11 00:00:00-04:00,53.9375,54.625,53.625,54.34375,45.79197311401367,8800800,0.0,0.0,0.0
1999-05-12 00:00:00-04:00,54.59375,55.65625,53.0,55.46875,46.73991775512695,12507400,0.0,0.0,0.0
1999-05-13 00:00:00-04:00,55.90625,56.0,54.1875,54.4375,45.8709602355957,9864000,0.0,0.0,0.0
1999-05-14 00:00:00-04:00,53.375,54.0,53.0,53.40625,45.00196838378906,12205400,0.0,0.0,0.0
1999-05-17 00:00:00-04:00,52.9375,54.53125,52.4140625,54.3671875,45.81168746948242,9906800,0.0,0.0,0.0
1999-05-18 00:00:00-04:00,54.3125,54.625,53.5,54.125,45.60761642456055,9267800,0.0,0.0,0.0
1999-05-19 00:00:00-04:00,54.34375,54.90625,53.5,54.875,46.239601135253906,7985600,0.0,0.0,0.0
1999-05-20 00:00:00-04:00,54.9921875,54.9921875,53.28125,53.3671875,44.96906280517578,5997200,0.0,0.0,0.0
1999-05-21 00:00:00-04:00,53.53125,53.6875,52.59375,52.875,44.5543212890625,10958600,0.0,0.0,0.0
1999-05-24 00:00:00-04:00,52.96875,53.0625,51.1875,51.53125,43.42203140258789,9569800,0.0,0.0,0.0
1999-05-25 00:00:00-04:00,51.46875,52.21875,49.625,49.84375,42.00009536743164,17771200,0.0,0.0,0.0
1999-05-26 00:00:00-04:00,50.5,51.4375,48.9375,51.234375,43.171878814697266,26772000,0.0,0.0,0.0
1999-05-27 00:00:00-04:00,51.03125,51.9296875,50.375,51.1875,43.13236999511719,23334800,0.0,0.0,0.0
1999-05-28 00:00:00-04:00,51.5,52.3125,50.84375,52.03125,43.843379974365234,12969800,0.0,0.0,0.0
1999-06-01 00:00:00-04:00,51.9375,52.1875,50.59375,50.875,42.86906814575195,6960200,0.0,0.0,0.0
1999-06-02 00:00:00-04:00,50.84375,52.0,49.5703125,51.734375,43.593196868896484,11996600,0.0,0.0,0.0
1999-06-03 00:00:00-04:00,52.125,52.125,50.6875,51.0,42.974403381347656,11147800,0.0,0.0,0.0
1999-06-04 00:00:00-04:00,51.375,52.7421875,51.375,52.5625,44.29100799560547,12987200,0.0,0.0,0.0
1999-06-07 00:00:00-04:00,52.9296875,53.9921875,52.8125,53.65625,45.2126350402832,11491800,0.0,0.0,0.0
1999-06-08 00:00:00-04:00,53.78125,54.03125,52.0390625,52.3125,44.08032989501953,8134800,0.0,0.0,0.0
1999-06-09 00:00:00-04:00,52.5,53.3359375,52.46875,53.1875,44.81764602661133,8384400,0.0,0.0,0.0
1999-06-10 00:00:00-04:00,52.625,52.9375,51.9453125,52.578125,44.304195404052734,9392400,0.0,0.0,0.0
1999-06-11 00:00:00-04:00,52.9375,52.9921875,51.3125,51.78125,43.63270568847656,16567600,0.0,0.0,0.0
1999-06-14 00:00:00-04:00,51.96875,51.96875,50.6875,50.8046875,42.80982208251953,14136800,0.0,0.0,0.0
1999-06-15 00:00:00-04:00,50.9296875,51.8671875,50.78125,51.5625,43.448368072509766,9147800,0.0,0.0,0.0
1999-06-16 00:00:00-04:00,52.84375,54.2109375,52.78125,54.2109375,45.680049896240234,15060200,0.0,0.0,0.0
1999-06-17 00:00:00-04:00,53.5,55.0625,53.5,54.8125,46.18693542480469,16278200,0.0,0.0,0.0
1999-06-18 00:00:00-04:00,54.3125,55.21875,54.21875,55.0625,46.397605895996094,5392800,0.0,0.0,0.0
1999-06-21 00:00:00-04:00,55.4375,56.7421875,55.34375,56.7109375,47.78662872314453,10565200,0.0,0.0,0.0
1999-06-22 00:00:00-04:00,56.375,57.09375,55.0,55.0,46.34492874145508,10862800,0.0,0.0,0.0
1999-06-23 00:00:00-04:00,55.0078125,56.0,54.65625,55.8671875,47.07564163208008,9607000,0.0,0.0,0.0
1999-06-24 00:00:00-04:00,55.84375,55.875,54.5,54.7578125,46.140865325927734,14988800,0.0,0.0,0.0
1999-06-25 00:00:00-04:00,55.125,55.5625,54.1875,54.6875,46.08160400390625,8635600,0.0,0.0,0.0
1999-06-28 00:00:00-04:00,55.15625,56.0625,54.703125,55.984375,47.17439651489258,7666200,0.0,0.0,0.0
1999-06-29 00:00:00-04:00,55.9375,56.96875,55.65625,56.75,47.81954574584961,9000400,0.0,0.0,0.0
1999-06-30 00:00:00-04:00,56.8046875,59.9375,56.1328125,57.625,48.556854248046875,19467600,0.0,0.0,0.0
1999-07-01 00:00:00-04:00,57.8125,58.34375,56.8125,58.015625,48.886016845703125,6822600,0.0,0.0,0.0
1999-07-02 00:00:00-04:00,58.0,58.8125,58.0,58.75,49.50481033325195,3302000,0.0,0.0,0.0
1999-07-06 00:00:00-04:00,59.0625,59.65625,58.0625,58.375,49.188812255859375,8794800,0.0,0.0,0.0
1999-07-07 00:00:00-04:00,58.34375,58.71875,57.9375,58.46875,49.26781463623047,10520000,0.0,0.0,0.0
1999-07-08 00:00:00-04:00,58.46875,59.4921875,58.1875,59.25,49.9261360168457,11225000,0.0,0.0,0.0
1999-07-09 00:00:00-04:00,59.46875,59.90625,59.03125,59.84375,50.42645263671875,4206800,0.0,0.0,0.0
1999-07-12 00:00:00-04:00,60.0625,60.375,59.1875,59.53125,50.16312026977539,7816200,0.0,0.0,0.0
1999-07-13 00:00:00-04:00,59.25,59.46875,58.78125,59.25,49.9261360168457,6230000,0.0,0.0,0.0
1999-07-14 00:00:00-04:00,59.84375,60.375,59.0,60.2578125,50.77535629272461,6909400,0.0,0.0,0.0
1999-07-15 00:00:00-04:00,60.46875,60.8125,60.1328125,60.8125,51.24275207519531,6539800,0.0,0.0,0.0
1999-07-16 00:00:00-04:00,60.84375,61.71875,60.8203125,61.375,51.716732025146484,4913800,0.0,0.0,0.0
1999-07-19 00:00:00-04:00,61.625,61.625,60.5078125,60.75,51.190086364746094,6833000,0.0,0.0,0.0
1999-07-20 00:00:00-04:00,60.0078125,60.09375,58.25,58.40625,49.21516036987305,14837400,0.0,0.0,0.0
1999-07-21 00:00:00-04:00,58.53125,59.1953125,58.0625,58.6875,49.45213317871094,10980400,0.0,0.0,0.0
1999-07-22 00:00:00-04:00,58.6875,58.6875,57.03125,57.1953125,48.194786071777344,15148400,0.0,0.0,0.0
1999-07-23 00:00:00-04:00,57.625,57.8671875,56.6875,57.28125,48.26719284057617,12115000,0.0,0.0,0.0
1999-07-26 00:00:00-04:00,56.5,57.125,55.78125,55.875,47.08224105834961,10720000,0.0,0.0,0.0
1999-07-27 00:00:00-04:00,57.0,57.875,56.515625,57.0,48.03019332885742,13732800,0.0,0.0,0.0
1999-07-28 00:00:00-04:00,57.6875,58.4375,56.9453125,58.1171875,48.97159194946289,10161800,0.0,0.0,0.0
1999-07-29 00:00:00-04:00,57.03125,57.5,56.3125,56.875,47.924869537353516,13033800,0.0,0.0,0.0
1999-07-30 00:00:00-04:00,57.125,57.75,56.5078125,56.59375,47.68788146972656,10947400,0.0,0.0,0.0
1999-08-02 00:00:00-04:00,56.6875,57.8125,56.21875,56.4375,47.55620193481445,9642400,0.0,0.0,0.0
1999-08-03 00:00:00-04:00,57.2109375,57.21875,55.25,56.0703125,47.246822357177734,13005000,0.0,0.0,0.0
1999-08-04 00:00:00-04:00,56.0703125,56.4921875,55.0078125,55.0546875,46.391014099121094,13227600,0.0,0.0,0.0
1999-08-05 00:00:00-04:00,55.0625,55.9296875,53.75,55.9296875,47.12832260131836,18695200,0.0,0.0,0.0
1999-08-06 00:00:00-04:00,55.53125,56.5625,54.9375,55.328125,46.62141036987305,12392200,0.0,0.0,0.0
1999-08-09 00:00:00-04:00,55.53125,55.6875,54.5078125,54.6171875,46.02235794067383,7983400,0.0,0.0,0.0
1999-08-10 00:00:00-04:00,54.46875,54.8671875,52.9375,54.125,45.60761642456055,16767200,0.0,0.0,0.0
1999-08-11 00:00:00-04:00,55.09375,56.0,54.265625,55.90625,47.10858154296875,13101400,0.0,0.0,0.0
1999-08-12 00:00:00-04:00,56.125,56.5,55.125,55.25,46.555580139160156,12715000,0.0,0.0,0.0
1999-08-13 00:00:00-04:00,56.40625,57.71875,56.3125,57.65625,48.58317947387695,14342600,0.0,0.0,0.0
1999-08-16 00:00:00-04:00,57.625,58.3125,57.25,58.1171875,48.97159194946289,11470600,0.0,0.0,0.0
1999-08-17 00:00:00-04:00,58.625,58.6875,57.34375,58.40625,49.21516036987305,11408400,0.0,0.0,0.0
1999-08-18 00:00:00-04:00,58.125,58.84375,57.53125,57.75,48.66218566894531,7035200,0.0,0.0,0.0
1999-08-19 00:00:00-04:00,57.21875,57.625,56.6953125,57.0625,48.082881927490234,10157800,0.0,0.0,0.0
1999-08-20 00:00:00-04:00,57.125,57.96875,56.8125,57.96875,48.84650421142578,6920800,0.0,0.0,0.0
1999-08-23 00:00:00-04:00,58.5,59.8125,58.3671875,59.8125,50.40011978149414,9652000,0.0,0.0,0.0
1999-08-24 00:00:00-04:00,59.375,60.875,59.2578125,60.21875,50.74243927001953,13891400,0.0,0.0,0.0
1999-08-25 00:00:00-04:00,60.59375,61.75,59.9375,61.5,51.82205581665039,11352000,0.0,0.0,0.0
1999-08-26 00:00:00-04:00,61.5,61.71875,60.3828125,60.4765625,50.959678649902344,9753000,0.0,0.0,0.0
1999-08-27 00:00:00-04:00,60.9296875,60.9375,59.71875,59.875,50.45277786254883,9635400,0.0,0.0,0.0
1999-08-30 00:00:00-04:00,60.125,60.3125,58.875,59.03125,49.74178695678711,10141600,0.0,0.0,0.0
1999-08-31 00:00:00-04:00,59.4375,60.0625,58.125,59.6875,50.294769287109375,14590400,0.0,0.0,0.0
1999-09-01 00:00:00-04:00,60.0625,60.625,59.6875,60.1171875,50.65684127807617,10752000,0.0,0.0,0.0
1999-09-02 00:00:00-04:00,59.0,60.21875,58.875,59.90625,50.4791145324707,14583200,0.0,0.0,0.0
1999-09-03 00:00:00-04:00,61.625,62.6796875,61.40625,62.65625,52.796363830566406,14195400,0.0,0.0,0.0
1999-09-07 00:00:00-04:00,62.53125,63.15625,62.28125,62.375,52.559364318847656,9009000,0.0,0.0,0.0
1999-09-08 00:00:00-04:00,62.0,62.625,61.03125,61.53125,51.84837341308594,14303400,0.0,0.0,0.0
1999-09-09 00:00:00-04:00,61.5625,62.5625,61.25,62.40625,52.58570098876953,12677600,0.0,0.0,0.0
1999-09-10 00:00:00-04:00,63.25,63.7421875,62.53125,63.125,53.19133377075195,10251000,0.0,0.0,0.0
1999-09-13 00:00:00-04:00,63.0625,63.1875,62.03125,62.3671875,52.55278015136719,7240800,0.0,0.0,0.0
1999-09-14 00:00:00-04:00,62.125,63.1484375,62.0,62.7109375,52.84243392944336,10022600,0.0,0.0,0.0
1999-09-15 00:00:00-04:00,63.4921875,63.4921875,61.4375,61.5,51.82205581665039,16096000,0.0,0.0,0.0
1999-09-16 00:00:00-04:00,61.46875,62.03125,60.1953125,61.46875,51.79572296142578,15371000,0.0,0.0,0.0
1999-09-17 00:00:00-04:00,62.03125,63.4375,61.9375,63.3125,53.34934616088867,14506400,0.0,0.0,0.0
1999-09-20 00:00:00-04:00,63.5,63.75,63.03125,63.4609375,53.47441101074219,6187200,0.0,0.0,0.0
1999-09-21 00:00:00-04:00,62.90625,63.03125,61.7578125,61.9375,52.19071578979492,12265800,0.0,0.0,0.0
1999-09-22 00:00:00-04:00,62.03125,62.921875,61.28125,62.59375,52.743690490722656,12441800,0.0,0.0,0.0
1999-09-23 00:00:00-04:00,63.25,63.375,59.6328125,60.0,50.55811309814453,19766000,0.0,0.0,0.0
1999-09-24 00:00:00-04:00,59.625,60.3125,58.625,60.078125,50.62392807006836,23570800,0.0,0.0,0.0
1999-09-27 00:00:00-04:00,60.9375,61.375,60.3125,60.5,50.97942352294922,12608800,0.0,0.0,0.0
1999-09-28 00:00:00-04:00,60.1953125,61.0,58.90625,60.78125,51.21641540527344,20622000,0.0,0.0,0.0
1999-09-29 00:00:00-04:00,60.78125,61.21875,59.5625,59.5625,50.18946075439453,15557000,0.0,0.0,0.0
1999-09-30 00:00:00-04:00,60.125,60.8125,59.375,60.1875,50.71611022949219,17604200,0.0,0.0,0.0
1999-10-01 00:00:00-04:00,59.375,60.2109375,58.75,60.2109375,50.73583984375,19607400,0.0,0.0,0.0
1999-10-04 00:00:00-04:00,60.53125,61.78125,60.1875,61.5625,51.87471389770508,12434200,0.0,0.0,0.0
1999-10-05 00:00:00-04:00,61.78125,62.75,60.6875,62.0,52.24335861206055,19526400,0.0,0.0,0.0
1999-10-06 00:00:00-04:00,62.375,63.3359375,61.4296875,63.2421875,53.29008483886719,19098200,0.0,0.0,0.0
1999-10-07 00:00:00-04:00,63.59375,63.8984375,62.625,63.09375,53.16501998901367,22013600,0.0,0.0,0.0
1999-10-08 00:00:00-04:00,62.84375,63.9375,62.0,63.7578125,53.724571228027344,22523200,0.0,0.0,0.0
1999-10-11 00:00:00-04:00,63.9375,64.6875,63.78125,64.65625,54.48161697387695,13016000,0.0,0.0,0.0
1999-10-12 00:00:00-04:00,64.4375,64.953125,63.0,63.1875,53.24399948120117,20182800,0.0,0.0,0.0
1999-10-13 00:00:00-04:00,62.46875,63.21875,61.0625,61.3125,51.664066314697266,22570600,0.0,0.0,0.0
1999-10-14 00:00:00-04:00,61.53125,62.125,60.53125,61.6953125,51.986637115478516,22130400,0.0,0.0,0.0
1999-10-15 00:00:00-04:00,60.125,61.0,59.5078125,59.875,50.45277786254883,33703000,0.0,0.0,0.0
1999-10-18 00:00:00-04:00,59.9375,60.15625,57.4140625,59.1171875,49.814212799072266,24714800,0.0,0.0,0.0
1999-10-19 00:00:00-04:00,59.7578125,60.0625,58.4375,59.4375,50.08413314819336,26657200,0.0,0.0,0.0
1999-10-20 00:00:00-04:00,60.34375,61.7421875,59.75,61.25,51.611392974853516,22486400,0.0,0.0,0.0
1999-10-21 00:00:00-04:00,60.25,62.25,59.8125,62.25,52.454044342041016,22454800,0.0,0.0,0.0
1999-10-22 00:00:00-04:00,62.6171875,63.25,61.75,61.96875,52.217044830322266,16589400,0.0,0.0,0.0
1999-10-25 00:00:00-04:00,61.6875,62.6796875,61.4375,62.0,52.24335861206055,13855400,0.0,0.0,0.0
1999-10-26 00:00:00-04:00,62.75,63.09375,61.375,61.5,51.82205581665039,13542400,0.0,0.0,0.0
1999-10-27 00:00:00-04:00,61.34375,61.625,60.4453125,61.40625,51.743064880371094,15225200,0.0,0.0,0.0
1999-10-28 00:00:00-04:00,62.375,63.75,61.8125,63.53125,53.533668518066406,14103800,0.0,0.0,0.0
1999-10-29 00:00:00-04:00,65.0,66.25,64.78125,65.75,55.403263092041016,19000000,0.0,0.0,0.0
1999-11-01 00:00:00-05:00,65.75,66.53125,65.3203125,65.40625,55.11358642578125,9681800,0.0,0.0,0.0
1999-11-02 00:00:00-05:00,65.75,66.5625,65.1953125,65.4453125,55.14651870727539,12834800,0.0,0.0,0.0
1999-11-03 00:00:00-05:00,66.375,67.125,66.1875,66.75,56.24589538574219,18752600,0.0,0.0,0.0
1999-11-04 00:00:00-05:00,67.6796875,67.8125,66.78125,67.5,56.87788772583008,20048600,0.0,0.0,0.0
1999-11-05 00:00:00-05:00,68.875,69.21875,68.1875,68.1875,57.457157135009766,15134600,0.0,0.0,0.0
1999-11-08 00:00:00-05:00,68.4375,69.8046875,68.21875,69.5625,58.61581039428711,10890800,0.0,0.0,0.0
1999-11-09 00:00:00-05:00,70.125,70.25,68.5,69.09375,58.220829010009766,14629800,0.0,0.0,0.0
1999-11-10 00:00:00-05:00,69.125,70.59375,68.8125,70.0,58.98448181152344,16561000,0.0,0.0,0.0
1999-11-11 00:00:00-05:00,70.75,71.34375,70.125,71.25,60.037750244140625,18501400,0.0,0.0,0.0
1999-11-12 00:00:00-05:00,71.625,72.25,69.375,72.1875,60.8277473449707,28646600,0.0,0.0,0.0
1999-11-15 00:00:00-05:00,72.25,72.5,71.6875,72.046875,60.70927047729492,10909400,0.0,0.0,0.0
1999-11-16 00:00:00-05:00,72.3125,74.21875,72.0,73.875,62.24966812133789,19126400,0.0,0.0,0.0
1999-11-17 00:00:00-05:00,73.875,74.1953125,72.5,72.875,61.40702819824219,21683600,0.0,0.0,0.0
1999-11-18 00:00:00-05:00,73.375,75.109375,72.9375,75.109375,63.289756774902344,17738400,0.0,0.0,0.0
1999-11-19 00:00:00-05:00,74.78125,75.90625,74.5,75.78125,63.855953216552734,17939400,0.0,0.0,0.0
1999-11-22 00:00:00-05:00,75.9375,77.5,74.625,74.625,62.88164138793945,18841800,0.0,0.0,0.0
1999-11-23 00:00:00-05:00,76.4375,76.5,74.25,74.96875,63.171329498291016,24047600,0.0,0.0,0.0
1999-11-24 00:00:00-05:00,75.1875,77.7421875,74.40625,77.4375,65.25154876708984,18617800,0.0,0.0,0.0
1999-11-26 00:00:00-05:00,78.40625,78.78125,77.375,77.6875,65.46221923828125,8045200,0.0,0.0,0.0
1999-11-29 00:00:00-05:00,77.53125,78.1875,76.3125,76.40625,64.38260650634766,20485200,0.0,0.0,0.0
1999-11-30 00:00:00-05:00,76.5625,76.6875,73.5,73.5,61.93366622924805,23702400,0.0,0.0,0.0
1999-12-01 00:00:00-05:00,74.3125,75.46875,73.75,75.09375,63.27665710449219,23205800,0.0,0.0,0.0
1999-12-02 00:00:00-05:00,75.375,77.625,75.328125,77.4765625,65.28447723388672,17229200,0.0,0.0,0.0
1999-12-03 00:00:00-05:00,79.3125,80.1875,78.90625,79.125,66.67350769042969,21444600,0.0,0.0,0.0
1999-12-06 00:00:00-05:00,79.4296875,80.5,78.6875,79.84375,67.27912902832031,16018400,0.0,0.0,0.0
1999-12-07 00:00:00-05:00,80.09375,80.40625,78.8359375,79.84375,67.27912902832031,23397000,0.0,0.0,0.0
1999-12-08 00:00:00-05:00,79.8671875,80.4921875,78.6875,78.875,66.46282958984375,19563000,0.0,0.0,0.0
1999-12-09 00:00:00-05:00,80.0,80.4375,77.25,79.25,66.77886962890625,28445400,0.0,0.0,0.0
1999-12-10 00:00:00-05:00,79.90625,80.1875,78.125,79.90625,67.33184051513672,20428400,0.0,0.0,0.0
1999-12-13 00:00:00-05:00,79.6328125,81.3359375,79.28125,80.9921875,68.24686431884766,16209200,0.0,0.0,0.0
1999-12-14 00:00:00-05:00,80.75,81.21875,79.0,79.53125,67.01583862304688,27760200,0.0,0.0,0.0
1999-12-15 00:00:00-05:00,78.625,81.0625,77.9375,81.0625,68.30609130859375,31797200,0.0,0.0,0.0
1999-12-16 00:00:00-05:00,82.125,83.25,81.75,83.0625,69.99141693115234,27219600,0.0,0.0,0.0
1999-12-17 00:00:00-05:00,84.5,84.875,83.4296875,83.78125,70.59703063964844,23892400,0.0,0.0,0.0
1999-12-20 00:00:00-05:00,84.40625,85.25,83.6875,84.875,71.5186538696289,15392000,0.0,0.0,0.0
1999-12-21 00:00:00-05:00,85.125,89.4375,84.640625,89.4375,75.3631820678711,26003800,0.0,0.0,0.0
1999-12-22 00:00:00-05:00,89.1875,89.3125,87.4375,89.15625,75.12617492675781,22313600,0.0,0.0,0.0
1999-12-23 00:00:00-05:00,89.8671875,90.75,89.0,90.21875,76.02146911621094,17543600,0.0,0.0,0.0
1999-12-27 00:00:00-05:00,90.3125,90.34375,87.90625,89.6875,75.57382202148438,19281800,0.0,0.0,0.0
1999-12-28 00:00:00-05:00,89.75,90.5,88.5625,89.125,75.09983825683594,15346400,0.0,0.0,0.0
1999-12-29 00:00:00-05:00,90.0,92.5,89.875,92.5,77.94374084472656,16512600,0.0,0.0,0.0
1999-12-30 00:00:00-05:00,93.625,93.75,91.5,91.5,77.10111999511719,21887000,0.0,0.0,0.0
1999-12-31 00:00:00-05:00,92.625,93.1875,91.375,91.375,76.99576568603516,14464400,0.0,0.0,0.0
2000-01-03 00:00:00-05:00,96.1875,96.1875,90.75,94.75,79.83964538574219,36345200,0.0,0.0,0.0
2000-01-04 00:00:00-05:00,92.0,93.5,87.9375,88.25,74.36253356933594,33786600,0.0,0.0,0.0
2000-01-05 00:00:00-05:00,87.5,89.625,84.25,86.0,72.46661376953125,42496600,0.0,0.0,0.0
2000-01-06 00:00:00-05:00,86.875,88.0,79.75,80.09375,67.48982238769531,37134800,0.0,0.0,0.0
2000-01-07 00:00:00-05:00,82.9375,90.0,82.5,90.0,75.837158203125,28138200,0.0,0.0,0.0
2000-01-10 00:00:00-05:00,91.0,93.9375,89.9375,92.5,77.94374084472656,29675600,0.0,0.0,0.0
2000-01-11 00:00:00-05:00,91.75,92.875,87.0,88.0,74.15187072753906,32546600,0.0,0.0,0.0
2000-01-12 00:00:00-05:00,89.0,89.2421875,86.0,86.0625,72.519287109375,29050000,0.0,0.0,0.0
2000-01-13 00:00:00-05:00,88.5,91.5,87.078125,91.25,76.89044189453125,25165200,0.0,0.0,0.0
2000-01-14 00:00:00-05:00,93.0,93.625,92.0,93.375,78.6810302734375,21898600,0.0,0.0,0.0
2000-01-18 00:00:00-05:00,92.0625,94.4375,91.4375,93.875,79.10237121582031,16752400,0.0,0.0,0.0
2000-01-19 00:00:00-05:00,93.4921875,96.0,92.4296875,96.0,80.89297485351562,19006000,0.0,0.0,0.0
2000-01-20 00:00:00-05:00,95.5,96.875,94.0078125,95.0625,80.10299682617188,25958000,0.0,0.0,0.0
2000-01-21 00:00:00-05:00,96.5,96.5625,95.0625,96.25,81.10364532470703,18698200,0.0,0.0,0.0
2000-01-24 00:00:00-05:00,97.4375,97.625,90.96875,91.625,77.20645141601562,28340400,0.0,0.0,0.0
2000-01-25 00:00:00-05:00,91.875,94.1171875,89.40625,93.0,78.36504364013672,33276200,0.0,0.0,0.0
2000-01-26 00:00:00-05:00,93.25,93.3125,89.0,89.25,75.2052001953125,23095600,0.0,0.0,0.0
2000-01-27 00:00:00-05:00,91.75,92.5,87.625,90.5625,76.3111343383789,30739200,0.0,0.0,0.0
2000-01-28 00:00:00-05:00,90.0,90.46875,84.75,86.0,72.46661376953125,35313800,0.0,0.0,0.0
2000-01-31 00:00:00-05:00,85.875,90.0,83.5,89.6875,75.57382202148438,36014600,0.0,0.0,0.0
2000-02-01 00:00:00-05:00,89.53125,92.5,88.4375,92.09375,77.60144805908203,26417600,0.0,0.0,0.0
2000-02-02 00:00:00-05:00,92.25,94.71875,92.09375,92.875,78.25973510742188,26169200,0.0,0.0,0.0
2000-02-03 00:00:00-05:00,94.3125,96.625,92.28125,96.5,81.31427001953125,30579800,0.0,0.0,0.0
2000-02-04 00:00:00-05:00,97.0,98.2421875,96.21875,97.15625,81.86724853515625,26640000,0.0,0.0,0.0
2000-02-07 00:00:00-05:00,97.25,98.625,96.25,98.5,82.99957275390625,17761000,0.0,0.0,0.0
2000-02-08 00:00:00-05:00,99.375,102.875,99.375,102.625,86.47544860839844,21999400,0.0,0.0,0.0
2000-02-09 00:00:00-05:00,102.0625,102.1953125,98.75,99.0,83.42086791992188,27258200,0.0,0.0,0.0
2000-02-10 00:00:00-05:00,99.8125,102.25,98.5546875,102.25,86.1594467163086,26341600,0.0,0.0,0.0
2000-02-11 00:00:00-05:00,102.0625,102.0625,98.0,99.875,84.15816497802734,24876000,0.0,0.0,0.0
2000-02-14 00:00:00-05:00,99.9921875,100.0,97.75,99.75,84.05284881591797,22814600,0.0,0.0,0.0
2000-02-15 00:00:00-05:00,98.9375,100.625,95.875,100.46875,84.65853881835938,30572800,0.0,0.0,0.0
2000-02-16 00:00:00-05:00,99.90625,101.6875,99.3125,100.0,84.26351165771484,25310600,0.0,0.0,0.0
2000-02-17 00:00:00-05:00,101.1875,103.25,99.625,102.125,86.05409240722656,30080200,0.0,0.0,0.0
2000-02-18 00:00:00-05:00,102.625,103.0,98.4375,98.4375,82.94685363769531,25271200,0.0,0.0,0.0
2000-02-22 00:00:00-05:00,99.0,99.9375,96.25,98.75,83.2102279663086,37226200,0.0,0.0,0.0
2000-02-23 00:00:00-05:00,99.6796875,105.0,99.15625,104.25,87.84471893310547,32170800,0.0,0.0,0.0
2000-02-24 00:00:00-05:00,104.875,106.8046875,102.0,106.5,89.74065399169922,48868200,0.0,0.0,0.0
2000-02-25 00:00:00-05:00,106.1875,107.5,103.875,104.0625,87.68675994873047,32617600,0.0,0.0,0.0
2000-02-28 00:00:00-05:00,103.25,105.6875,100.5,104.0,87.63404846191406,38216200,0.0,0.0,0.0
2000-02-29 00:00:00-05:00,105.75,107.09375,104.9375,106.75,89.95128631591797,23978600,0.0,0.0,0.0
2000-03-01 00:00:00-05:00,107.25,108.5625,106.5,107.625,90.68858337402344,24468400,0.0,0.0,0.0
2000-03-02 00:00:00-05:00,108.0625,108.1875,104.75,105.1328125,88.5886001586914,32739200,0.0,0.0,0.0
2000-03-03 00:00:00-05:00,108.0,111.125,107.0,111.0625,93.58517456054688,32017200,0.0,0.0,0.0
2000-03-06 00:00:00-05:00,111.75,113.21875,110.25,111.9375,94.32243347167969,23268400,0.0,0.0,0.0
2000-03-07 00:00:00-05:00,113.8125,113.875,108.75,110.25,92.90052795410156,39471000,0.0,0.0,0.0
2000-03-08 00:00:00-05:00,111.0,112.0,106.28125,111.25,93.74317932128906,43512600,0.0,0.0,0.0
2000-03-09 00:00:00-05:00,111.21875,115.5,109.09375,115.0,96.90302276611328,30101400,0.0,0.0,0.0
2000-03-10 00:00:00-05:00,114.875,116.4375,113.5078125,114.5,96.4817123413086,29750600,0.0,0.0,0.0
2000-03-13 00:00:00-05:00,110.0,114.125,109.53125,111.5,93.95384216308594,37544200,0.0,0.0,0.0
2000-03-14 00:00:00-05:00,112.75,113.375,105.0,107.375,90.47798156738281,39106800,0.0,0.0,0.0
2000-03-15 00:00:00-05:00,106.5,107.0,101.875,102.875,86.6860580444336,51202600,0.0,0.0,0.0
2000-03-16 00:00:00-05:00,105.375,109.25,101.0,108.75,91.63655090332031,55282200,0.0,0.0,0.0
2000-03-17 00:00:00-05:00,108.0,111.0625,107.9375,110.8125,93.37448120117188,31422400,0.0,0.0,0.0
2000-03-20 00:00:00-05:00,111.0,111.5,106.25,107.6875,90.74127197265625,21167200,0.0,2.0,0.0
2000-03-21 00:00:00-05:00,106.125,111.9375,103.5625,111.75,94.16448211669922,33435100,0.0,0.0,0.0
2000-03-22 00:00:00-05:00,113.5,115.96875,111.125,114.0,96.06038665771484,24370200,0.0,0.0,0.0
2000-03-23 00:00:00-05:00,114.484375,117.75,113.5625,116.0,97.74567413330078,19227400,0.0,0.0,0.0
2000-03-24 00:00:00-05:00,117.484375,120.5,115.015625,117.5625,99.06228637695312,22063000,0.0,0.0,0.0
2000-03-27 00:00:00-05:00,118.0,119.5,117.125,117.75,99.22027587890625,11752600,0.0,0.0,0.0
2000-03-28 00:00:00-05:00,116.984375,117.8125,113.125,114.75,96.69239807128906,18336300,0.0,0.0,0.0
2000-03-29 00:00:00-05:00,115.375,115.4375,110.0,110.0,92.68985748291016,27189500,0.0,0.0,0.0
2000-03-30 00:00:00-05:00,107.25,112.75,103.5,107.25,90.37261199951172,42328700,0.0,0.0,0.0
2000-03-31 00:00:00-05:00,108.140625,110.625,104.0,109.5,92.26852416992188,31349900,0.0,0.0,0.0
2000-04-03 00:00:00-04:00,107.765625,109.125,100.75,102.9375,86.73875427246094,31551300,0.0,0.0,0.0
2000-04-04 00:00:00-04:00,103.625,103.9375,88.3125,101.9375,85.89613342285156,66213000,0.0,0.0,0.0
2000-04-05 00:00:00-04:00,97.5,103.9375,96.25,100.125,84.36886596679688,37631500,0.0,0.0,0.0
2000-04-06 00:00:00-04:00,102.375,103.875,99.75,102.5,86.37012481689453,30499900,0.0,0.0,0.0
2000-04-07 00:00:00-04:00,104.125,107.375,102.625,106.625,89.84598541259766,20645500,0.0,0.0,0.0
2000-04-10 00:00:00-04:00,107.625,107.6875,99.25,100.125,84.36886596679688,26988200,0.0,0.0,0.0
2000-04-11 00:00:00-04:00,97.125,101.5,95.0625,97.75,82.3675765991211,34497100,0.0,0.0,0.0
2000-04-12 00:00:00-04:00,97.625,98.75,90.25,92.0,77.52245330810547,34824400,0.0,0.0,0.0
2000-04-13 00:00:00-04:00,92.8125,96.0,88.0,88.0,74.15187072753906,46330500,0.0,0.0,0.0
2000-04-14 00:00:00-04:00,86.0625,88.5,78.0,80.375,67.72681427001953,60851300,0.0,0.0,0.0
2000-04-17 00:00:00-04:00,78.015625,90.0,78.0,89.625,75.52117919921875,55398500,0.0,0.0,0.0
2000-04-18 00:00:00-04:00,89.484375,93.0,87.375,92.0,77.52245330810547,36260900,0.0,0.0,0.0
2000-04-19 00:00:00-04:00,92.5,93.625,89.0625,89.1875,75.15252685546875,28082500,0.0,0.0,0.0
2000-04-20 00:00:00-04:00,90.375,90.96875,86.0625,87.25,73.5198974609375,21255600,0.0,0.0,0.0
2000-04-24 00:00:00-04:00,83.4375,85.25,79.875,84.75,71.4133071899414,31190900,0.0,0.0,0.0
2000-04-25 00:00:00-04:00,86.5,90.5,86.0,90.46875,76.232177734375,28663200,0.0,0.0,0.0
2000-04-26 00:00:00-04:00,90.625,92.421875,87.125,87.375,73.62523651123047,25688300,0.0,0.0,0.0
2000-04-27 00:00:00-04:00,84.0,92.484375,82.25,91.25,76.89044189453125,37010400,0.0,0.0,0.0
2000-04-28 00:00:00-04:00,93.5625,94.75,92.125,94.75,79.83964538574219,24828400,0.0,0.0,0.0
2000-05-01 00:00:00-04:00,95.75,96.875,94.25,95.625,80.57698822021484,23205700,0.0,0.0,0.0
2000-05-02 00:00:00-04:00,94.875,95.625,89.75,90.125,75.94247436523438,20307900,0.0,0.0,0.0
2000-05-03 00:00:00-04:00,89.5,90.25,85.515625,89.125,75.09983825683594,26589700,0.0,0.0,0.0
2000-05-04 00:00:00-04:00,89.0,90.75,87.625,89.3125,75.25788116455078,17750700,0.0,0.0,0.0
2000-05-05 00:00:00-04:00,88.125,92.3125,88.03125,91.4375,77.0484390258789,20571200,0.0,0.0,0.0
2000-05-08 00:00:00-04:00,90.5,90.75,87.75,87.875,74.04654693603516,13903000,0.0,0.0,0.0
2000-05-09 00:00:00-04:00,88.5,89.125,84.3125,86.0,72.46661376953125,19825800,0.0,0.0,0.0
2000-05-10 00:00:00-04:00,84.375,84.984375,79.5,79.75,67.20012664794922,34847500,0.0,0.0,0.0
2000-05-11 00:00:00-04:00,82.75,85.25,80.875,84.625,71.30801391601562,24709700,0.0,0.0,0.0
2000-05-12 00:00:00-04:00,85.375,87.5625,84.0,84.625,71.30801391601562,17832000,0.0,0.0,0.0
2000-05-15 00:00:00-04:00,84.8125,88.625,82.625,88.3125,74.41523742675781,17950800,0.0,0.0,0.0
2000-05-16 00:00:00-04:00,90.0,91.5,88.0625,90.8125,76.52182006835938,23758800,0.0,0.0,0.0
2000-05-17 00:00:00-04:00,89.25,90.5,87.75,88.9375,74.94185638427734,20339400,0.0,0.0,0.0
2000-05-18 00:00:00-04:00,89.0,89.359375,85.375,85.75,72.2559585571289,19063000,0.0,0.0,0.0
2000-05-19 00:00:00-04:00,83.75,85.0,81.3125,81.6875,68.83273315429688,28178100,0.0,0.0,0.0
2000-05-22 00:00:00-04:00,81.625,82.25,75.578125,81.625,68.78009033203125,43879800,0.0,0.0,0.0
2000-05-23 00:00:00-04:00,81.375,82.625,74.25,74.8125,63.03962707519531,31898500,0.0,0.0,0.0
2000-05-24 00:00:00-04:00,75.0,79.875,72.25,79.5,66.98950958251953,49476000,0.0,0.0,0.0
2000-05-25 00:00:00-04:00,80.25,82.25,76.5,77.75,65.51486206054688,29632700,0.0,0.0,0.0
2000-05-26 00:00:00-04:00,77.75,79.25,75.75,77.75,65.51486206054688,18203200,0.0,0.0,0.0
2000-05-30 00:00:00-04:00,80.0,85.9375,80.0,85.5625,72.09797668457031,31590400,0.0,0.0,0.0
2000-05-31 00:00:00-04:00,84.46875,86.671875,82.75,83.125,70.04405212402344,29675400,0.0,0.0,0.0
2000-06-01 00:00:00-04:00,85.1875,88.375,84.0,87.375,73.62523651123047,28993500,0.0,0.0,0.0
2000-06-02 00:00:00-04:00,92.625,93.9375,82.5,93.625,78.89173126220703,31677200,0.0,0.0,0.0
2000-06-05 00:00:00-04:00,92.25,95.3125,91.875,93.859375,79.08922576904297,23784300,0.0,0.0,0.0
2000-06-06 00:00:00-04:00,93.1875,95.0,90.875,91.25,76.89044189453125,23200500,0.0,0.0,0.0
2000-06-07 00:00:00-04:00,91.5625,94.0,89.5625,93.6875,78.9443588256836,22524400,0.0,0.0,0.0
2000-06-08 00:00:00-04:00,94.625,94.875,91.625,93.25,78.57574462890625,19313800,0.0,0.0,0.0
2000-06-09 00:00:00-04:00,94.75,94.75,93.0,93.75,78.9970474243164,17014600,0.0,0.0,0.0
2000-06-12 00:00:00-04:00,94.3125,94.3125,90.0,90.75,76.46910858154297,16484700,0.0,0.0,0.0
2000-06-13 00:00:00-04:00,90.5,94.625,89.359375,94.25,79.4183578491211,25187900,0.0,0.0,0.0
2000-06-14 00:00:00-04:00,94.875,94.875,91.5,92.125,77.62776184082031,20274500,0.0,0.0,0.0
2000-06-15 00:00:00-04:00,91.875,93.875,90.875,93.75,78.9970474243164,18807800,0.0,0.0,0.0
2000-06-16 00:00:00-04:00,94.75,95.3125,93.0625,94.25,79.4183578491211,21203400,0.0,0.0,0.0
2000-06-19 00:00:00-04:00,94.015625,98.25,92.6875,98.0,82.57823181152344,20042500,0.0,0.0,0.0
2000-06-20 00:00:00-04:00,98.25,99.6875,97.1875,97.625,82.26224517822266,20988300,0.0,0.0,0.0
2000-06-21 00:00:00-04:00,96.8125,99.71875,96.6875,98.875,83.3155517578125,20880600,0.0,0.0,0.0
2000-06-22 00:00:00-04:00,98.625,99.0,94.5,95.25,80.26099395751953,21526700,0.0,0.0,0.0
2000-06-23 00:00:00-04:00,95.0,95.5,91.375,91.5,77.10111999511719,24888100,0.0,0.0,0.0
2000-06-26 00:00:00-04:00,93.0625,94.421875,92.0,94.0,79.20767211914062,22169200,0.0,0.0,0.0
2000-06-27 00:00:00-04:00,93.765625,95.0625,92.375,92.875,78.25973510742188,14786000,0.0,0.0,0.0
2000-06-28 00:00:00-04:00,92.984375,95.5,92.5,94.0,79.20767211914062,19259800,0.0,0.0,0.0
2000-06-29 00:00:00-04:00,92.9375,93.375,90.625,91.640625,77.2196273803711,21355800,0.0,0.0,0.0
2000-06-30 00:00:00-04:00,91.8125,93.953125,91.3125,93.4375,78.73370361328125,15153100,0.0,0.0,0.0
2000-07-03 00:00:00-04:00,93.5,95.25,93.25,95.25,80.26099395751953,5212000,0.0,0.0,0.0
2000-07-05 00:00:00-04:00,93.625,93.96875,90.875,91.5625,77.15376281738281,16489000,0.0,0.0,0.0
2000-07-06 00:00:00-04:00,91.5625,94.75,90.0625,94.0,79.20767211914062,23594700,0.0,0.0,0.0
2000-07-07 00:00:00-04:00,95.0,97.0,94.4375,95.9375,80.84028625488281,16603200,0.0,0.0,0.0
2000-07-10 00:00:00-04:00,94.6875,95.875,94.0,94.484375,79.61587524414062,12659400,0.0,0.0,0.0
2000-07-11 00:00:00-04:00,94.0625,95.75,92.8125,95.0,80.05030059814453,14374600,0.0,0.0,0.0
2000-07-12 00:00:00-04:00,95.4375,97.75,94.625,97.25,81.94625091552734,18252600,0.0,0.0,0.0
2000-07-13 00:00:00-04:00,97.9375,99.75,97.125,98.5,82.99957275390625,19566700,0.0,0.0,0.0
2000-07-14 00:00:00-04:00,100.25,101.125,98.8125,100.625,84.79015350341797,17219400,0.0,0.0,0.0
2000-07-17 00:00:00-04:00,100.9375,102.0625,99.875,101.75,85.7381362915039,13140500,0.0,0.0,0.0
2000-07-18 00:00:00-04:00,100.375,100.78125,98.359375,99.5,83.84219360351562,20684000,0.0,0.0,0.0
2000-07-19 00:00:00-04:00,98.3125,98.9375,95.65625,97.25,81.94625091552734,21828500,0.0,0.0,0.0
2000-07-20 00:00:00-04:00,97.875,100.5,97.265625,100.375,84.57951354980469,19521200,0.0,0.0,0.0
2000-07-21 00:00:00-04:00,98.4375,99.515625,97.0,97.0,81.73554992675781,14411400,0.0,0.0,0.0
2000-07-24 00:00:00-04:00,97.9375,99.0,94.25,95.0,80.05030059814453,18579200,0.0,0.0,0.0
2000-07-25 00:00:00-04:00,95.625,97.0,93.8125,95.75,80.68231201171875,19065700,0.0,0.0,0.0
2000-07-26 00:00:00-04:00,95.5,96.125,93.25,95.625,80.57698822021484,20318700,0.0,0.0,0.0
2000-07-27 00:00:00-04:00,93.9375,95.0625,91.5625,91.875,77.4171142578125,26141800,0.0,0.0,0.0
2000-07-28 00:00:00-04:00,92.1875,92.875,86.0,86.875,73.20393371582031,36485600,0.0,0.0,0.0
2000-07-31 00:00:00-04:00,87.625,90.125,85.71875,89.4375,75.3631820678711,27609900,0.0,0.0,0.0
2000-08-01 00:00:00-04:00,89.8125,89.984375,87.6875,88.25,74.36253356933594,15751800,0.0,0.0,0.0
2000-08-02 00:00:00-04:00,87.875,90.390625,86.5,86.6875,73.04594421386719,23578200,0.0,0.0,0.0
2000-08-03 00:00:00-04:00,84.25,91.25,83.3125,90.4375,76.20581817626953,35874700,0.0,0.0,0.0
2000-08-04 00:00:00-04:00,92.0,92.765625,89.125,90.125,75.94247436523438,22283400,0.0,0.0,0.0
2000-08-07 00:00:00-04:00,90.875,93.03125,90.25,92.25,77.73306274414062,15103300,0.0,0.0,0.0
2000-08-08 00:00:00-04:00,92.0625,94.25,91.5,94.125,79.31301879882812,14832300,0.0,0.0,0.0
2000-08-09 00:00:00-04:00,93.6875,94.4375,91.375,91.625,77.20645141601562,18649800,0.0,0.0,0.0
2000-08-10 00:00:00-04:00,91.8125,92.234375,89.5,89.8125,75.67916870117188,15336200,0.0,0.0,0.0
2000-08-11 00:00:00-04:00,89.25,91.109375,87.875,91.0625,76.73246765136719,21050600,0.0,0.0,0.0
2000-08-14 00:00:00-04:00,91.375,93.0,90.203125,93.0,78.36504364013672,12539300,0.0,0.0,0.0
2000-08-15 00:00:00-04:00,92.75,93.984375,92.0,93.0,78.36504364013672,14090300,0.0,0.0,0.0
2000-08-16 00:00:00-04:00,93.4375,94.6875,92.0,93.9375,79.15503692626953,15245300,0.0,0.0,0.0
2000-08-17 00:00:00-04:00,92.9375,95.875,92.875,95.75,80.68231201171875,14492400,0.0,0.0,0.0
2000-08-18 00:00:00-04:00,95.9375,96.625,94.6875,95.25,80.26099395751953,14706700,0.0,0.0,0.0
2000-08-21 00:00:00-04:00,96.0,96.859375,94.375,95.5,80.4716567993164,13560100,0.0,0.0,0.0
2000-08-22 00:00:00-04:00,96.0,97.359375,95.265625,95.5,80.4716567993164,14878200,0.0,0.0,0.0
2000-08-23 00:00:00-04:00,94.6875,97.4375,93.828125,97.0625,81.78823852539062,21396400,0.0,0.0,0.0
2000-08-24 00:00:00-04:00,97.4375,98.6875,96.0625,98.5625,83.05221557617188,13567700,0.0,0.0,0.0
2000-08-25 00:00:00-04:00,98.484375,99.953125,97.0,98.03125,82.60456848144531,11764700,0.0,0.0,0.0
2000-08-28 00:00:00-04:00,98.25,99.84375,97.9375,98.5,82.99957275390625,12314200,0.0,0.0,0.0
2000-08-29 00:00:00-04:00,98.625,99.171875,97.859375,99.0,83.42086791992188,11162800,0.0,0.0,0.0
2000-08-30 00:00:00-04:00,98.3125,99.5,97.765625,98.875,83.3155517578125,10545300,0.0,0.0,0.0
2000-08-31 00:00:00-04:00,99.625,102.0,98.875,101.625,85.63280487060547,15588700,0.0,0.0,0.0
2000-09-01 00:00:00-04:00,103.0,103.515625,101.1875,102.625,86.47544860839844,14071900,0.0,0.0,0.0
2000-09-05 00:00:00-04:00,101.625,101.75,99.421875,99.5,83.84219360351562,16348300,0.0,0.0,0.0
2000-09-06 00:00:00-04:00,99.25,99.484375,95.5,96.0,80.89297485351562,20964900,0.0,0.0,0.0
2000-09-07 00:00:00-04:00,96.8125,99.421875,96.5625,98.125,82.68354034423828,16669700,0.0,0.0,0.0
2000-09-08 00:00:00-04:00,97.765625,98.0,94.765625,95.125,80.15570831298828,23475200,0.0,0.0,0.0
2000-09-11 00:00:00-04:00,94.5,96.125,92.0,92.8125,78.20704650878906,27262100,0.0,0.0,0.0
2000-09-12 00:00:00-04:00,93.5,94.6875,90.84375,91.375,76.99576568603516,24256000,0.0,0.0,0.0
2000-09-13 00:00:00-04:00,90.25,93.875,90.0,93.5,78.78636169433594,34093100,0.0,0.0,0.0
2000-09-14 00:00:00-04:00,95.25,95.9375,92.640625,93.0,78.36504364013672,28615300,0.0,0.0,0.0
2000-09-15 00:00:00-04:00,93.125,93.625,90.6875,91.3125,76.94313049316406,24994600,0.0,0.0,0.0
2000-09-18 00:00:00-04:00,91.8125,93.0,88.0,89.875,75.73182678222656,29218500,0.0,0.0,0.0
2000-09-19 00:00:00-04:00,90.75,93.78125,89.875,93.1875,78.5230712890625,27568700,0.0,0.0,0.0
2000-09-20 00:00:00-04:00,93.375,95.234375,91.3125,94.625,79.73436737060547,33123200,0.0,0.0,0.0
2000-09-21 00:00:00-04:00,93.75,94.484375,87.0,87.75,73.94125366210938,25031400,0.0,0.0,0.0
2000-09-22 00:00:00-04:00,87.625,93.25,87.5,92.9375,78.31237030029297,33710100,0.0,0.0,0.0
2000-09-25 00:00:00-04:00,93.625,94.25,90.0,90.46875,76.232177734375,20560800,0.0,0.0,0.0
2000-09-26 00:00:00-04:00,90.765625,92.5,88.921875,89.4375,75.3631820678711,26011200,0.0,0.0,0.0
2000-09-27 00:00:00-04:00,90.625,91.1875,88.0,89.5625,75.46849822998047,28482900,0.0,0.0,0.0
2000-09-28 00:00:00-04:00,88.71875,93.0,88.71875,91.5625,77.15376281738281,29050000,0.0,0.0,0.0
2000-09-29 00:00:00-04:00,92.0,92.453125,88.6875,88.75,74.78386688232422,27198800,0.0,0.0,0.0
2000-10-02 00:00:00-04:00,90.25,90.25,86.0,86.75,73.09857940673828,24968200,0.0,0.0,0.0
2000-10-03 00:00:00-04:00,88.0625,88.8125,83.265625,84.0,70.78134155273438,35731200,0.0,0.0,0.0
2000-10-04 00:00:00-04:00,83.5,86.859375,82.125,85.625,72.150634765625,37672100,0.0,0.0,0.0
2000-10-05 00:00:00-04:00,85.25,87.1875,84.5625,85.875,72.36127471923828,23443100,0.0,0.0,0.0
2000-10-06 00:00:00-04:00,85.5625,86.5625,81.25,83.0,69.93870544433594,36335800,0.0,0.0,0.0
2000-10-09 00:00:00-04:00,82.5625,83.8125,79.375,82.625,69.62271881103516,28834600,0.0,0.0,0.0
2000-10-10 00:00:00-04:00,81.8125,83.3125,77.875,78.3125,65.98887634277344,35283200,0.0,0.0,0.0
2000-10-11 00:00:00-04:00,76.875,80.453125,76.0625,77.0625,64.93557739257812,48462600,0.0,0.0,0.0
2000-10-12 00:00:00-04:00,79.25,79.5625,74.40625,75.125,63.302940368652344,53223600,0.0,0.0,0.0
2000-10-13 00:00:00-04:00,74.6875,81.625,74.625,81.25,68.464111328125,42410200,0.0,0.0,0.0
2000-10-16 00:00:00-04:00,81.125,82.3125,79.75,82.0,69.09606170654297,27644900,0.0,0.0,0.0
2000-10-17 00:00:00-04:00,83.125,83.171875,78.0,78.25,65.9361801147461,52101400,0.0,0.0,0.0
2000-10-18 00:00:00-04:00,76.75,81.1875,74.5625,78.0,65.72550201416016,64354400,0.0,0.0,0.0
2000-10-19 00:00:00-04:00,82.390625,85.109375,81.4375,85.0625,71.67662811279297,44278900,0.0,0.0,0.0
2000-10-20 00:00:00-04:00,84.5,87.875,84.390625,86.3125,72.72994232177734,40692200,0.0,0.0,0.0
2000-10-23 00:00:00-04:00,86.1875,87.5,84.125,86.1875,72.6246109008789,28989200,0.0,0.0,0.0
2000-10-24 00:00:00-04:00,86.4375,87.0,82.375,82.5,69.51734924316406,31466200,0.0,0.0,0.0
2000-10-25 00:00:00-04:00,81.25,82.0,76.890625,77.875,65.62020874023438,48635400,0.0,0.0,0.0
2000-10-26 00:00:00-04:00,78.1875,80.0,73.625,79.875,67.30548858642578,69991300,0.0,0.0,0.0
2000-10-27 00:00:00-04:00,80.859375,81.859375,77.484375,79.71875,67.1738052368164,51046400,0.0,0.0,0.0
2000-10-30 00:00:00-05:00,78.1875,79.875,75.703125,76.765625,64.68544006347656,35496700,0.0,0.0,0.0
2000-10-31 00:00:00-05:00,78.0,82.5625,77.875,81.703125,68.84591674804688,43863800,0.0,0.0,0.0
2000-11-01 00:00:00-05:00,80.3125,82.8125,79.1875,81.0,68.25344848632812,45186400,0.0,0.0,0.0
2000-11-02 00:00:00-05:00,82.1875,83.25,81.0625,82.0,69.09606170654297,26594300,0.0,0.0,0.0
2000-11-03 00:00:00-05:00,82.875,83.9375,81.640625,83.0625,69.99141693115234,29837100,0.0,0.0,0.0
2000-11-06 00:00:00-05:00,83.625,84.125,82.0,82.4375,69.46473693847656,23485800,0.0,0.0,0.0
2000-11-07 00:00:00-05:00,81.4375,82.46875,80.25,82.125,69.20142364501953,24334400,0.0,0.0,0.0
2000-11-08 00:00:00-05:00,82.125,82.25,75.625,75.703125,63.790130615234375,40338200,0.0,0.0,0.0
2000-11-09 00:00:00-05:00,74.75,76.9375,73.0,75.6875,63.776920318603516,64955900,0.0,0.0,0.0
2000-11-10 00:00:00-05:00,74.25,75.6875,71.75,71.75,60.45906448364258,49235500,0.0,0.0,0.0
2000-11-13 00:00:00-05:00,70.953125,74.1875,68.265625,71.859375,60.551239013671875,75023400,0.0,0.0,0.0
2000-11-14 00:00:00-05:00,73.0,76.0,72.75,75.84375,63.90861892700195,44829500,0.0,0.0,0.0
2000-11-15 00:00:00-05:00,75.5625,78.0625,74.796875,77.375,65.19889068603516,37760900,0.0,0.0,0.0
2000-11-16 00:00:00-05:00,75.375,77.0,72.875,72.875,61.40702819824219,33898700,0.0,0.0,0.0
2000-11-17 00:00:00-05:00,73.1875,75.1875,71.0,72.828125,61.36757278442383,49913800,0.0,0.0,0.0
2000-11-20 00:00:00-05:00,70.9375,72.0625,69.25,69.859375,58.8659553527832,46862300,0.0,0.0,0.0
2000-11-21 00:00:00-05:00,70.1875,71.125,68.4375,69.75,58.7738037109375,42128600,0.0,0.0,0.0
2000-11-22 00:00:00-05:00,68.4375,70.125,66.5,66.625,56.14054870605469,56623700,0.0,0.0,0.0
2000-11-24 00:00:00-05:00,68.375,70.625,68.171875,70.4375,59.35308837890625,19987900,0.0,0.0,0.0
2000-11-27 00:00:00-05:00,72.5625,72.9375,68.75,69.5625,58.61581039428711,35416600,0.0,0.0,0.0
2000-11-28 00:00:00-05:00,68.9375,69.9375,65.3125,65.453125,55.15310287475586,48812700,0.0,0.0,0.0
2000-11-29 00:00:00-05:00,65.8125,66.75,62.5,62.9375,53.0333251953125,66189300,0.0,0.0,0.0
2000-11-30 00:00:00-05:00,61.75,64.25,60.5,62.984375,53.07286071777344,74792600,0.0,0.0,0.0
2000-12-01 00:00:00-05:00,64.0625,66.765625,62.125,64.0,53.928653717041016,57112500,0.0,0.0,0.0
2000-12-04 00:00:00-05:00,64.125,65.359375,61.75,65.0,54.77127456665039,49106300,0.0,0.0,0.0
2000-12-05 00:00:00-05:00,66.0625,71.0,65.5,70.6875,59.56378936767578,76531800,0.0,0.0,0.0
2000-12-06 00:00:00-05:00,70.59375,72.296875,67.75,68.0,57.299198150634766,63352100,0.0,0.0,0.0
2000-12-07 00:00:00-05:00,67.0,68.984375,65.5,66.5,56.03523635864258,41481100,0.0,0.0,0.0
2000-12-08 00:00:00-05:00,71.09375,73.5,67.625,68.0,57.299198150634766,65856900,0.0,0.0,0.0
2000-12-11 00:00:00-05:00,72.0625,74.78125,70.953125,74.375,62.67100524902344,51829800,0.0,0.0,0.0
2000-12-12 00:00:00-05:00,73.5,73.875,71.3125,71.65625,60.38007354736328,31054500,0.0,0.0,0.0
2000-12-13 00:00:00-05:00,73.4375,73.5,68.3125,68.734375,57.917999267578125,51661600,0.0,0.0,0.0
2000-12-14 00:00:00-05:00,68.515625,69.6875,65.25,65.375,55.08725357055664,41562700,0.0,0.0,0.0
2000-12-15 00:00:00-05:00,64.25,65.625,62.5625,63.875,53.82331466674805,59026100,0.0,0.0,0.0
2000-12-18 00:00:00-05:00,65.15625,65.96875,62.5625,64.0,53.928653717041016,42950000,0.0,0.0,0.0
2000-12-19 00:00:00-05:00,63.453125,65.859375,58.75,59.125,49.820804595947266,80489200,0.0,0.0,0.0
2000-12-20 00:00:00-05:00,57.3125,58.375,54.75,55.734375,46.9637451171875,81432100,0.0,0.0,0.0
2000-12-21 00:00:00-05:00,55.015625,58.75,54.25,56.0625,47.24020767211914,85875600,0.0,0.0,0.0
2000-12-22 00:00:00-05:00,57.625,60.75,57.5,60.5,50.97942352294922,57240000,0.0,0.0,0.0
2000-12-26 00:00:00-05:00,60.59375,61.921875,58.0,60.875,51.29541778564453,37082800,0.0,0.0,0.0
2000-12-27 00:00:00-05:00,59.6875,62.1875,58.9375,61.5625,51.87471389770508,33955500,0.0,0.0,0.0
2000-12-28 00:00:00-05:00,60.78125,62.484375,60.25,61.4375,51.769378662109375,30996900,0.0,0.0,0.0
2000-12-29 00:00:00-05:00,61.5625,62.234375,58.0,58.375,49.188812255859375,49191000,0.0,0.0,0.0
2001-01-02 00:00:00-05:00,58.5625,58.6875,52.4375,53.4375,45.028324127197266,62514100,0.0,0.0,0.0
2001-01-03 00:00:00-05:00,52.1875,65.25,52.15625,62.4375,52.61202621459961,118175700,0.0,0.0,0.0
2001-01-04 00:00:00-05:00,61.625,63.625,60.234375,61.3125,51.664066314697266,58465400,0.0,0.0,0.0
2001-01-05 00:00:00-05:00,61.3125,61.3125,56.0,56.625,47.71421813964844,68782000,0.0,0.0,0.0
2001-01-08 00:00:00-05:00,56.3125,57.5,53.515625,57.25,48.2408561706543,55576500,0.0,0.0,0.0
2001-01-09 00:00:00-05:00,57.75,59.125,56.625,57.25,48.2408561706543,53318900,0.0,0.0,0.0
2001-01-10 00:00:00-05:00,56.125,60.375,55.75,60.1875,50.71611022949219,74258300,0.0,0.0,0.0
2001-01-11 00:00:00-05:00,59.265625,63.6875,59.1875,61.9375,52.19071578979492,65451700,0.0,0.0,0.0
2001-01-12 00:00:00-05:00,62.75,64.625,61.5,62.734375,52.86217498779297,60793900,0.0,0.0,0.0
2001-01-16 00:00:00-05:00,62.5625,62.921875,60.5625,61.984375,52.23020935058594,32203300,0.0,0.0,0.0
2001-01-17 00:00:00-05:00,64.5,65.609375,63.140625,63.875,53.82331466674805,61388800,0.0,0.0,0.0
2001-01-18 00:00:00-05:00,64.125,66.75,62.6875,66.5625,56.087913513183594,54934700,0.0,0.0,0.0
2001-01-19 00:00:00-05:00,68.140625,68.3125,65.5625,66.3125,55.87724685668945,56292500,0.0,0.0,0.0
2001-01-22 00:00:00-05:00,65.875,67.0,64.75,66.375,55.9299430847168,35777100,0.0,0.0,0.0
2001-01-23 00:00:00-05:00,65.90625,68.40625,65.3125,67.765625,57.1016845703125,49859500,0.0,0.0,0.0
2001-01-24 00:00:00-05:00,68.0625,69.125,66.75,67.125,56.5618896484375,53905400,0.0,0.0,0.0
2001-01-25 00:00:00-05:00,66.875,67.671875,64.390625,64.5,54.349952697753906,57151900,0.0,0.0,0.0
2001-01-26 00:00:00-05:00,63.5625,65.9375,63.0,65.546875,55.23208999633789,45681400,0.0,0.0,0.0
2001-01-29 00:00:00-05:00,64.75,67.25,64.25,67.0,56.456573486328125,31514100,0.0,0.0,0.0
2001-01-30 00:00:00-05:00,67.1500015258789,67.73999786376953,66.0,66.75,56.24589538574219,42439300,0.0,0.0,0.0
2001-01-31 00:00:00-05:00,67.25,67.98999786376953,64.30000305175781,64.30000305175781,54.18143844604492,59322200,0.0,0.0,0.0
2001-02-01 00:00:00-05:00,64.55000305175781,65.61000061035156,63.599998474121094,65.1500015258789,54.89765930175781,45142600,0.0,0.0,0.0
2001-02-02 00:00:00-05:00,64.94000244140625,65.30000305175781,60.0,61.54999923706055,51.86418151855469,47471000,0.0,0.0,0.0
2001-02-05 00:00:00-05:00,61.189998626708984,61.900001525878906,60.119998931884766,61.5,51.82205581665039,36016300,0.0,0.0,0.0
2001-02-06 00:00:00-05:00,61.4900016784668,63.119998931884766,61.15999984741211,61.599998474121094,51.90630340576172,42417700,0.0,0.0,0.0
2001-02-07 00:00:00-05:00,60.5099983215332,61.20000076293945,58.58000183105469,60.599998474121094,51.06369400024414,61972200,0.0,0.0,0.0
2001-02-08 00:00:00-05:00,60.900001525878906,61.5,58.58000183105469,58.790000915527344,49.53852462768555,48269500,0.0,0.0,0.0
2001-02-09 00:00:00-05:00,58.25,58.599998474121094,56.0,56.400001525878906,47.52461242675781,55385200,0.0,0.0,0.0
2001-02-12 00:00:00-05:00,56.25,57.939998626708984,55.619998931884766,57.08000183105469,48.09761428833008,50540400,0.0,0.0,0.0
2001-02-13 00:00:00-05:00,57.650001525878906,59.18000030517578,54.97999954223633,55.25,46.555580139160156,58914000,0.0,0.0,0.0
2001-02-14 00:00:00-05:00,55.400001525878906,57.75,54.119998931884766,57.45000076293945,48.409385681152344,63048200,0.0,0.0,0.0
2001-02-15 00:00:00-05:00,58.79999923706055,60.4900016784668,58.29999923706055,58.400001525878906,49.209896087646484,67801300,0.0,0.0,0.0
2001-02-16 00:00:00-05:00,55.959999084472656,56.869998931884766,54.529998779296875,55.130001068115234,46.454463958740234,66779700,0.0,0.0,0.0
2001-02-20 00:00:00-05:00,55.7400016784668,55.84000015258789,52.29999923706055,52.9900016784668,44.6512336730957,55298400,0.0,0.0,0.0
2001-02-21 00:00:00-05:00,51.54999923706055,54.06999969482422,50.91999816894531,51.5,43.39570236206055,72349000,0.0,0.0,0.0
2001-02-22 00:00:00-05:00,51.45000076293945,52.15999984741211,48.88999938964844,51.0,42.974403381347656,103855500,0.0,0.0,0.0
2001-02-23 00:00:00-05:00,50.09000015258789,51.599998474121094,48.22999954223633,51.18000030517578,43.126075744628906,93337900,0.0,0.0,0.0
2001-02-26 00:00:00-05:00,52.08000183105469,52.599998474121094,50.25,52.150001525878906,43.94343185424805,78342700,0.0,0.0,0.0
2001-02-27 00:00:00-05:00,51.540000915527344,52.08000183105469,48.900001525878906,49.0,41.28911590576172,66741700,0.0,0.0,0.0
2001-02-28 00:00:00-05:00,49.45000076293945,50.209999084472656,46.86000061035156,47.45000076293945,39.983036041259766,102187900,0.0,0.0,0.0
2001-03-01 00:00:00-05:00,46.970001220703125,49.20000076293945,45.75,48.79999923706055,41.120582580566406,101773000,0.0,0.0,0.0
2001-03-02 00:00:00-05:00,47.20000076293945,49.630001068115234,45.650001525878906,46.70000076293945,39.35104751586914,95927100,0.0,0.0,0.0
2001-03-05 00:00:00-05:00,47.5,48.36000061035156,47.09000015258789,47.54999923706055,40.06728744506836,43888400,0.0,0.0,0.0
2001-03-06 00:00:00-05:00,49.29999923706055,50.65999984741211,49.099998474121094,49.400001525878906,41.62619400024414,60828600,0.0,0.0,0.0
2001-03-07 00:00:00-05:00,50.400001525878906,50.43000030517578,48.970001220703125,49.41999816894531,41.643028259277344,55215500,0.0,0.0,0.0
2001-03-08 00:00:00-05:00,49.349998474121094,49.810001373291016,48.099998474121094,48.5,40.867774963378906,48965200,0.0,0.0,0.0
2001-03-09 00:00:00-05:00,47.25,47.369998931884766,44.95000076293945,45.099998474121094,38.00284957885742,79990900,0.0,0.0,0.0
2001-03-12 00:00:00-05:00,44.0,44.95000076293945,41.79999923706055,42.29999923706055,35.64345932006836,80674000,0.0,0.0,0.0
2001-03-13 00:00:00-05:00,42.779998779296875,44.7400016784668,42.130001068115234,44.45000076293945,37.45511245727539,80024400,0.0,0.0,0.0
2001-03-14 00:00:00-05:00,42.70000076293945,45.189998626708984,42.310001373291016,43.75,36.86528778076172,97190000,0.0,0.0,0.0
2001-03-15 00:00:00-05:00,45.20000076293945,45.310001373291016,42.04999923706055,42.150001525878906,35.51706314086914,74135500,0.0,0.0,0.0
2001-03-16 00:00:00-05:00,41.880001068115234,42.79999923706055,40.560001373291016,41.20000076293945,34.71656799316406,77784500,0.0,0.0,0.0
2001-03-19 00:00:00-05:00,41.439998626708984,43.2599983215332,40.75,43.2599983215332,36.452396392822266,53248200,0.0,0.0,0.0
2001-03-20 00:00:00-05:00,43.439998626708984,43.810001373291016,40.20000076293945,40.349998474121094,34.00032424926758,104796200,0.0,0.0,0.0
2001-03-21 00:00:00-05:00,40.52000045776367,41.79999923706055,39.709999084472656,40.349998474121094,34.00032424926758,96200700,0.0,0.0,0.0
2001-03-22 00:00:00-05:00,40.599998474121094,42.79999923706055,39.4900016784668,42.79999923706055,36.06480026245117,130208100,0.0,0.0,0.0
2001-03-23 00:00:00-05:00,43.54999923706055,43.83000183105469,41.5,42.79999923706055,36.06480026245117,95277500,0.0,0.0,0.0
2001-03-26 00:00:00-05:00,43.470001220703125,43.5,41.54999923706055,41.810001373291016,35.23057556152344,57666200,0.0,0.0,0.0
2001-03-27 00:00:00-05:00,41.79999923706055,43.720001220703125,41.41999816894531,43.25,36.44397735595703,69945300,0.0,0.0,0.0
2001-03-28 00:00:00-05:00,41.900001525878906,42.20000076293945,39.68000030517578,39.70000076293945,33.452606201171875,77863500,0.0,0.0,0.0
2001-03-29 00:00:00-05:00,39.380001068115234,40.61000061035156,38.400001525878906,38.95000076293945,32.820648193359375,79654700,0.0,0.0,0.0
2001-03-30 00:00:00-05:00,39.29999923706055,39.97999954223633,38.0,39.150001525878906,32.989166259765625,63661300,0.0,0.0,0.0
2001-04-02 00:00:00-04:00,39.16999816894531,39.849998474121094,37.29999923706055,37.400001525878906,31.514551162719727,69713600,0.0,0.0,0.0
2001-04-03 00:00:00-04:00,37.20000076293945,37.75,34.619998931884766,34.65999984741211,29.205739974975586,89015700,0.0,0.0,0.0
2001-04-04 00:00:00-04:00,34.709999084472656,35.810001373291016,33.599998474121094,34.04999923706055,28.691726684570312,76473900,0.0,0.0,0.0
2001-04-05 00:00:00-04:00,36.0,37.959999084472656,35.709999084472656,37.310001373291016,31.438703536987305,87035800,0.0,0.0,0.0
2001-04-06 00:00:00-04:00,36.900001525878906,37.099998474121094,35.5,35.95000076293945,30.29274559020996,86123600,0.0,0.0,0.0
2001-04-09 00:00:00-04:00,36.790000915527344,37.38999938964844,35.849998474121094,37.04999923706055,31.21962547302246,51638700,0.0,0.0,0.0
2001-04-10 00:00:00-04:00,37.900001525878906,40.459999084472656,37.779998779296875,39.79999923706055,33.53689193725586,94265100,0.0,0.0,0.0
2001-04-11 00:00:00-04:00,42.15999984741211,42.5,40.45000076293945,41.0,34.548030853271484,92829500,0.0,0.0,0.0
2001-04-12 00:00:00-04:00,40.29999923706055,42.79999923706055,40.0,42.79999923706055,36.06480026245117,79531500,0.0,0.0,0.0
2001-04-16 00:00:00-04:00,41.939998626708984,42.43000030517578,40.060001373291016,40.25,33.91604232788086,65229800,0.0,0.0,0.0
2001-04-17 00:00:00-04:00,39.95000076293945,42.70000076293945,39.900001525878906,41.25,34.75867462158203,94694300,0.0,0.0,0.0
2001-04-18 00:00:00-04:00,43.720001220703125,48.0,43.20000076293945,45.54999923706055,38.382041931152344,128891400,0.0,0.0,0.0
2001-04-19 00:00:00-04:00,46.099998474121094,48.75,45.58000183105469,48.29999923706055,40.69927215576172,110467600,0.0,0.0,0.0
2001-04-20 00:00:00-04:00,48.18000030517578,49.439998626708984,43.04999923706055,48.400001525878906,40.783546447753906,80598100,0.0,0.0,0.0
2001-04-23 00:00:00-04:00,46.9900016784668,47.720001220703125,44.88999938964844,45.150001525878906,38.04497528076172,79317600,0.0,0.0,0.0
2001-04-24 00:00:00-04:00,45.099998474121094,46.41999816894531,43.75,44.29999923706055,37.3287353515625,88888300,0.0,0.0,0.0
2001-04-25 00:00:00-04:00,43.900001525878906,45.58000183105469,43.099998474121094,45.099998474121094,38.00284957885742,68418400,0.0,0.0,0.0
2001-04-26 00:00:00-04:00,45.900001525878906,46.25,43.869998931884766,43.95000076293945,37.0338134765625,71110200,0.0,0.0,0.0
2001-04-27 00:00:00-04:00,45.150001525878906,45.470001220703125,44.2400016784668,45.150001525878906,38.04497528076172,55580000,0.0,0.0,0.0
2001-04-30 00:00:00-04:00,46.25,47.56999969482422,45.29999923706055,46.150001525878906,38.88762283325195,73859100,0.0,0.0,0.0
2001-05-01 00:00:00-04:00,46.20000076293945,48.08000183105469,45.400001525878906,48.04999923706055,40.488616943359375,54498300,0.0,0.0,0.0
2001-05-02 00:00:00-04:00,48.79999923706055,49.400001525878906,47.5,48.97999954223633,41.27226638793945,77566500,0.0,0.0,0.0
2001-05-03 00:00:00-04:00,47.900001525878906,47.900001525878906,46.20000076293945,46.79999923706055,39.43532180786133,67124900,0.0,0.0,0.0
2001-05-04 00:00:00-04:00,45.29999923706055,48.20000076293945,45.11000061035156,48.20000076293945,40.61500549316406,72673400,0.0,0.0,0.0
2001-05-07 00:00:00-04:00,48.0,48.599998474121094,47.099998474121094,47.20000076293945,39.77237319946289,45561600,0.0,0.0,0.0
2001-05-08 00:00:00-04:00,48.29999923706055,48.349998474121094,46.9900016784668,48.20000076293945,40.61500549316406,56970700,0.0,0.0,0.0
2001-05-09 00:00:00-04:00,47.04999923706055,47.95000076293945,46.439998626708984,46.54999923706055,39.22465515136719,60984600,0.0,0.0,0.0
2001-05-10 00:00:00-04:00,47.91999816894531,48.04999923706055,45.720001220703125,45.77000045776367,38.56740188598633,61130300,0.0,0.0,0.0
2001-05-11 00:00:00-04:00,45.84000015258789,46.41999816894531,45.09000015258789,45.54999923706055,38.382041931152344,48760400,0.0,0.0,0.0
2001-05-14 00:00:00-04:00,45.29999923706055,45.36000061035156,43.349998474121094,44.81999969482422,37.76691818237305,43108000,0.0,0.0,0.0
2001-05-15 00:00:00-04:00,44.900001525878906,46.29999923706055,44.58000183105469,45.150001525878906,38.04497528076172,69007600,0.0,0.0,0.0
2001-05-16 00:00:00-04:00,44.310001373291016,47.52000045776367,44.060001373291016,47.150001525878906,39.730255126953125,80110500,0.0,0.0,0.0
2001-05-17 00:00:00-04:00,47.45000076293945,48.790000915527344,47.2599983215332,47.900001525878906,40.36223602294922,73810700,0.0,0.0,0.0
2001-05-18 00:00:00-04:00,47.63999938964844,48.380001068115234,47.09000015258789,48.040000915527344,40.48020553588867,41095100,0.0,0.0,0.0
2001-05-21 00:00:00-04:00,48.16999816894531,51.150001525878906,47.650001525878906,51.04999923706055,43.01652908325195,85426900,0.0,0.0,0.0
2001-05-22 00:00:00-04:00,51.310001373291016,51.95000076293945,50.18000030517578,50.900001525878906,42.89012908935547,77233900,0.0,0.0,0.0
2001-05-23 00:00:00-04:00,50.439998626708984,50.45000076293945,48.63999938964844,48.650001525878906,40.994197845458984,65618000,0.0,0.0,0.0
2001-05-24 00:00:00-04:00,48.970001220703125,49.9900016784668,48.27000045776367,49.900001525878906,42.0474967956543,61792500,0.0,0.0,0.0
2001-05-25 00:00:00-04:00,49.959999084472656,50.02000045776367,48.02000045776367,48.9900016784668,41.280696868896484,36191100,0.0,0.0,0.0
2001-05-29 00:00:00-04:00,48.5,48.5,46.099998474121094,46.119998931884766,38.862327575683594,66609600,0.0,0.0,0.0
2001-05-30 00:00:00-04:00,45.43000030517578,45.849998474121094,44.08000183105469,44.43000030517578,37.43828201293945,81397400,0.0,0.0,0.0
2001-05-31 00:00:00-04:00,44.540000915527344,45.849998474121094,44.29999923706055,44.72999954223633,37.69107437133789,68018300,0.0,0.0,0.0
2001-06-01 00:00:00-04:00,45.540000915527344,46.22999954223633,44.33000183105469,46.04999923706055,38.803340911865234,61874300,0.0,0.0,0.0
2001-06-04 00:00:00-04:00,46.33000183105469,46.65999984741211,45.290000915527344,45.83000183105469,38.61796188354492,41696000,0.0,0.0,0.0
2001-06-05 00:00:00-04:00,46.29999923706055,48.36000061035156,46.20000076293945,47.849998474121094,40.32008361816406,68146400,0.0,0.0,0.0
2001-06-06 00:00:00-04:00,48.08000183105469,48.88999938964844,47.06999969482422,47.47999954223633,40.00832748413086,61169500,0.0,0.0,0.0
2001-06-07 00:00:00-04:00,47.130001068115234,49.4900016784668,47.06999969482422,48.70000076293945,41.03631591796875,65400200,0.0,0.0,0.0
2001-06-08 00:00:00-04:00,48.720001220703125,48.77000045776367,46.95000076293945,47.349998474121094,39.89878463745117,56391400,0.0,0.0,0.0
2001-06-11 00:00:00-04:00,46.900001525878906,47.0,45.4900016784668,46.04999923706055,38.803340911865234,48809400,0.0,0.0,0.0
2001-06-12 00:00:00-04:00,44.869998931884766,46.79999923706055,44.22999954223633,45.79999923706055,38.592681884765625,78450500,0.0,0.0,0.0
2001-06-13 00:00:00-04:00,46.27000045776367,46.75,44.52000045776367,44.54999923706055,37.53938674926758,68535400,0.0,0.0,0.0
2001-06-14 00:00:00-04:00,44.02000045776367,44.400001525878906,42.0,42.25,35.601318359375,91050300,0.0,0.0,0.0
2001-06-15 00:00:00-04:00,41.79999923706055,43.06999969482422,41.279998779296875,42.599998474121094,35.8962516784668,84589400,0.0,0.0,0.0
2001-06-18 00:00:00-04:00,42.63999938964844,43.16999816894531,41.400001525878906,42.029998779296875,35.41594314575195,63539100,0.0,0.0,0.0
2001-06-19 00:00:00-04:00,43.31999969482422,43.560001373291016,41.2599983215332,41.81999969482422,35.239009857177734,73386900,0.0,0.0,0.0
2001-06-20 00:00:00-04:00,41.29999923706055,42.970001220703125,41.279998779296875,42.77000045776367,36.03949737548828,83588600,0.0,0.0,0.0
2001-06-21 00:00:00-04:00,42.66999816894531,44.22999954223633,42.29999923706055,43.349998474121094,36.52823257446289,67212600,0.0,0.0,0.0
2001-06-22 00:00:00-04:00,43.619998931884766,44.20000076293945,42.59000015258789,43.25,36.44397735595703,51870400,0.0,0.0,0.0
2001-06-25 00:00:00-04:00,43.61000061035156,43.79999923706055,42.650001525878906,43.36000061035156,36.536659240722656,39212100,0.0,0.0,0.0
2001-06-26 00:00:00-04:00,42.540000915527344,43.88999938964844,42.47999954223633,43.5099983215332,36.66304397583008,55155100,0.0,0.0,0.0
2001-06-27 00:00:00-04:00,43.68000030517578,44.150001525878906,43.0,43.790000915527344,36.89897918701172,53289400,0.0,0.0,0.0
2001-06-28 00:00:00-04:00,44.400001525878906,46.36000061035156,44.349998474121094,44.349998474121094,37.37085723876953,89963700,0.0,0.0,0.0
2001-06-29 00:00:00-04:00,45.09000015258789,46.52000045776367,44.70000076293945,45.70000076293945,38.5084228515625,59719600,0.0,0.0,0.0
2001-07-02 00:00:00-04:00,45.650001525878906,46.47999954223633,45.189998626708984,45.45000076293945,38.29775619506836,50884300,0.0,0.0,0.0
2001-07-03 00:00:00-04:00,45.25,45.689998626708984,44.79999923706055,45.63999938964844,38.45786666870117,24758400,0.0,0.0,0.0
2001-07-05 00:00:00-04:00,44.869998931884766,45.18000030517578,43.45000076293945,43.45000076293945,36.61249542236328,44409800,0.0,0.0,0.0
2001-07-06 00:00:00-04:00,43.0099983215332,43.11000061035156,41.4900016784668,41.650001525878906,35.09573745727539,53434800,0.0,0.0,0.0
2001-07-09 00:00:00-04:00,41.88999938964844,42.689998626708984,41.5,42.0099983215332,35.399105072021484,45547500,0.0,0.0,0.0
2001-07-10 00:00:00-04:00,42.7599983215332,42.880001068115234,40.400001525878906,40.5,34.12672424316406,58620000,0.0,0.0,0.0
2001-07-11 00:00:00-04:00,40.41999816894531,41.099998474121094,39.869998931884766,41.0,34.548030853271484,77840200,0.0,0.0,0.0
2001-07-12 00:00:00-04:00,42.630001068115234,43.83000183105469,42.29999923706055,43.599998474121094,36.73887634277344,70363300,0.0,0.0,0.0
2001-07-13 00:00:00-04:00,43.380001068115234,44.43000030517578,42.900001525878906,43.150001525878906,36.35970687866211,62474200,0.0,0.0,0.0
2001-07-16 00:00:00-04:00,43.369998931884766,43.86000061035156,41.900001525878906,42.349998474121094,35.68559265136719,53390800,0.0,0.0,0.0
2001-07-17 00:00:00-04:00,41.81999969482422,43.400001525878906,41.540000915527344,43.29999923706055,36.486080169677734,59813000,0.0,0.0,0.0
2001-07-18 00:00:00-04:00,42.27000045776367,42.849998474121094,41.13999938964844,41.650001525878906,35.09573745727539,64797200,0.0,0.0,0.0
2001-07-19 00:00:00-04:00,42.459999084472656,43.349998474121094,41.75,42.63999938964844,35.92994689941406,76590200,0.0,0.0,0.0
2001-07-20 00:00:00-04:00,41.4900016784668,42.13999938964844,41.36000061035156,41.650001525878906,35.09573745727539,49012800,0.0,0.0,0.0
2001-07-23 00:00:00-04:00,42.2400016784668,42.400001525878906,40.54999923706055,40.61000061035156,34.219398498535156,55329400,0.0,0.0,0.0
2001-07-24 00:00:00-04:00,40.380001068115234,40.900001525878906,39.310001373291016,40.150001525878906,33.83181381225586,70422900,0.0,0.0,0.0
2001-07-25 00:00:00-04:00,40.13999938964844,40.720001220703125,39.400001525878906,40.5,34.12672424316406,68859600,0.0,0.0,0.0
2001-07-26 00:00:00-04:00,40.45000076293945,41.88999938964844,39.97999954223633,41.099998474121094,34.63230514526367,69199300,0.0,0.0,0.0
2001-07-27 00:00:00-04:00,41.63999938964844,42.2599983215332,41.29999923706055,41.95000076293945,35.34855270385742,47452900,0.0,0.0,0.0
2001-07-30 00:00:00-04:00,42.130001068115234,42.29999923706055,41.400001525878906,41.70000076293945,35.13788604736328,39459400,0.0,0.0,0.0
2001-07-31 00:00:00-04:00,41.84000015258789,42.779998779296875,41.5,41.7599983215332,35.188446044921875,55732500,0.0,0.0,0.0
2001-08-01 00:00:00-04:00,42.630001068115234,43.5,42.40999984741211,43.099998474121094,36.317588806152344,53864800,0.0,0.0,0.0
2001-08-02 00:00:00-04:00,43.790000915527344,44.0,42.81999969482422,43.90999984741211,37.0001106262207,53187300,0.0,0.0,0.0
2001-08-03 00:00:00-04:00,43.529998779296875,43.529998779296875,42.560001373291016,43.18000030517578,36.384986877441406,51513700,0.0,0.0,0.0
2001-08-06 00:00:00-04:00,42.529998779296875,42.849998474121094,42.349998474121094,42.5,35.81199645996094,31105700,0.0,0.0,0.0
2001-08-07 00:00:00-04:00,42.099998474121094,42.81999969482422,41.939998626708984,42.279998779296875,35.62659454345703,38407500,0.0,0.0,0.0
2001-08-08 00:00:00-04:00,41.849998474121094,42.650001525878906,40.29999923706055,40.5,34.12672424316406,76045200,0.0,0.0,0.0
2001-08-09 00:00:00-04:00,40.40999984741211,40.880001068115234,39.97999954223633,40.66999816894531,34.26997375488281,66861400,0.0,0.0,0.0
2001-08-10 00:00:00-04:00,40.41999816894531,40.75,39.22999954223633,40.279998779296875,33.941349029541016,68491900,0.0,0.0,0.0
2001-08-13 00:00:00-04:00,40.59000015258789,41.34000015258789,40.20000076293945,41.099998474121094,34.63230514526367,48425700,0.0,0.0,0.0
2001-08-14 00:00:00-04:00,41.4900016784668,41.70000076293945,40.540000915527344,40.599998474121094,34.21098327636719,51267600,0.0,0.0,0.0
2001-08-15 00:00:00-04:00,40.619998931884766,40.93000030517578,39.06999969482422,39.099998474121094,32.94703674316406,58935300,0.0,0.0,0.0
2001-08-16 00:00:00-04:00,38.63999938964844,39.59000015258789,38.040000915527344,39.560001373291016,33.334632873535156,68227300,0.0,0.0,0.0
2001-08-17 00:00:00-04:00,38.439998626708984,38.79999923706055,37.709999084472656,37.7599983215332,31.81791114807129,56649300,0.0,0.0,0.0
2001-08-20 00:00:00-04:00,37.849998474121094,38.650001525878906,37.52000045776367,38.279998779296875,32.256072998046875,49921300,0.0,0.0,0.0
2001-08-21 00:00:00-04:00,38.290000915527344,38.650001525878906,36.650001525878906,36.689998626708984,30.91628074645996,56445600,0.0,0.0,0.0
2001-08-22 00:00:00-04:00,37.45000076293945,37.84000015258789,36.540000915527344,37.689998626708984,31.758914947509766,65221400,0.0,0.0,0.0
2001-08-23 00:00:00-04:00,37.66999816894531,38.459999084472656,37.29999923706055,37.31999969482422,31.447141647338867,54711800,0.0,0.0,0.0
2001-08-24 00:00:00-04:00,37.86000061035156,39.38999938964844,37.75,39.29999923706055,33.115570068359375,58450600,0.0,0.0,0.0
2001-08-27 00:00:00-04:00,39.279998779296875,39.900001525878906,38.83000183105469,39.349998474121094,33.15767288208008,50927500,0.0,0.0,0.0
2001-08-28 00:00:00-04:00,39.31999969482422,39.439998626708984,38.0099983215332,38.119998931884766,32.12123489379883,65275500,0.0,0.0,0.0
2001-08-29 00:00:00-04:00,38.369998931884766,38.45000076293945,37.130001068115234,37.560001373291016,31.649383544921875,59060500,0.0,0.0,0.0
2001-08-30 00:00:00-04:00,36.79999923706055,37.310001373291016,35.75,36.16999816894531,30.478111267089844,76105800,0.0,0.0,0.0
2001-08-31 00:00:00-04:00,36.029998779296875,37.029998779296875,35.939998626708984,36.630001068115234,30.86573028564453,54309000,0.0,0.0,0.0
2001-09-04 00:00:00-04:00,36.5099983215332,37.5,35.349998474121094,35.470001220703125,29.888273239135742,74073600,0.0,0.0,0.0
2001-09-05 00:00:00-04:00,35.4900016784668,35.90999984741211,34.150001525878906,35.33000183105469,29.770320892333984,95461200,0.0,0.0,0.0
2001-09-06 00:00:00-04:00,34.7400016784668,35.52000045776367,33.779998779296875,33.900001525878906,28.565322875976562,88701800,0.0,0.0,0.0
2001-09-07 00:00:00-04:00,33.619998931884766,35.099998474121094,33.349998474121094,33.70000076293945,28.396806716918945,95528800,0.0,0.0,0.0
2001-09-10 00:00:00-04:00,33.4900016784668,34.31999969482422,33.34000015258789,34.099998474121094,28.73387336730957,80371300,0.0,0.0,0.0
2001-09-17 00:00:00-04:00,31.25,32.79999923706055,31.09000015258789,31.200000762939453,26.29021644592285,97700900,0.0,0.0,0.0
2001-09-18 00:00:00-04:00,31.530000686645508,32.5,30.3700008392334,30.5,25.700366973876953,66285300,0.0,0.0,0.0
2001-09-19 00:00:00-04:00,30.639999389648438,31.0,28.260000228881836,29.969999313354492,25.253774642944336,116632800,0.0,0.0,0.0
2001-09-20 00:00:00-04:00,29.299999237060547,30.09000015258789,28.799999237060547,28.969999313354492,24.4111328125,90840200,0.0,0.0,0.0
2001-09-21 00:00:00-04:00,27.40999984741211,28.969999313354492,27.200000762939453,28.190000534057617,23.753883361816406,112341900,0.0,0.0,0.0
2001-09-24 00:00:00-04:00,29.079999923706055,30.0,28.59000015258789,29.610000610351562,24.950422286987305,85696500,0.0,0.0,0.0
2001-09-25 00:00:00-04:00,29.709999084472656,30.43000030517578,28.950000762939453,29.700000762939453,25.026264190673828,83860600,0.0,0.0,0.0
2001-09-26 00:00:00-04:00,29.950000762939453,30.0,28.40999984741211,28.670000076293945,24.158342361450195,59759800,0.0,0.0,0.0
2001-09-27 00:00:00-04:00,28.399999618530273,28.790000915527344,27.420000076293945,28.479999542236328,23.998249053955078,70050700,0.0,0.0,0.0
2001-09-28 00:00:00-04:00,28.84000015258789,29.920000076293945,28.309999465942383,28.979999542236328,24.419559478759766,84810800,0.0,0.0,0.0
2001-10-01 00:00:00-04:00,28.850000381469727,28.979999542236328,27.850000381469727,28.729999542236328,24.20890998840332,53460800,0.0,0.0,0.0
2001-10-02 00:00:00-04:00,28.649999618530273,29.40999984741211,28.399999618530273,28.81999969482422,24.284746170043945,74133400,0.0,0.0,0.0
2001-10-03 00:00:00-04:00,28.420000076293945,31.610000610351562,28.329999923706055,31.0,26.121679306030273,136198600,0.0,0.0,0.0
2001-10-04 00:00:00-04:00,31.649999618530273,33.20000076293945,30.940000534057617,31.299999237060547,26.374486923217773,127371500,0.0,0.0,0.0
2001-10-05 00:00:00-04:00,31.0,31.899999618530273,30.260000228881836,31.760000228881836,26.76209831237793,96443400,0.0,0.0,0.0
2001-10-08 00:00:00-04:00,31.1299991607666,32.349998474121094,30.959999084472656,31.860000610351562,26.84635353088379,67789600,0.0,0.0,0.0
2001-10-09 00:00:00-04:00,31.860000610351562,32.02000045776367,30.8700008392334,31.09000015258789,26.197526931762695,57564800,0.0,0.0,0.0
2001-10-10 00:00:00-04:00,30.8700008392334,32.540000915527344,30.75,32.5,27.385637283325195,73840600,0.0,0.0,0.0
2001-10-11 00:00:00-04:00,33.189998626708984,35.25,33.13999938964844,34.70000076293945,29.239450454711914,117232200,0.0,0.0,0.0
2001-10-12 00:00:00-04:00,34.33000183105469,34.79999923706055,33.13999938964844,34.54999923706055,29.113046646118164,111901600,0.0,0.0,0.0
2001-10-15 00:00:00-04:00,34.119998931884766,34.54999923706055,33.65999984741211,34.400001525878906,28.986656188964844,78322000,0.0,0.0,0.0
2001-10-16 00:00:00-04:00,34.65999984741211,35.099998474121094,34.06999969482422,34.959999084472656,29.458511352539062,81346800,0.0,0.0,0.0
2001-10-17 00:00:00-04:00,35.869998931884766,36.0,32.29999923706055,32.45000076293945,27.343507766723633,141530300,0.0,0.0,0.0
2001-10-18 00:00:00-04:00,32.70000076293945,33.540000915527344,32.400001525878906,33.33000183105469,28.08504867553711,94448200,0.0,0.0,0.0
2001-10-19 00:00:00-04:00,32.86000061035156,33.75,32.0,33.54999923706055,28.27039337158203,73434200,0.0,0.0,0.0
2001-10-22 00:00:00-04:00,33.439998626708984,34.5,33.220001220703125,34.45000076293945,29.028779983520508,74104900,0.0,0.0,0.0
2001-10-23 00:00:00-04:00,34.81999969482422,35.400001525878906,34.0,34.630001068115234,29.180450439453125,104062200,0.0,0.0,0.0
2001-10-24 00:00:00-04:00,34.599998474121094,35.68000030517578,34.31999969482422,35.380001068115234,29.81243133544922,90171400,0.0,0.0,0.0
2001-10-25 00:00:00-04:00,34.70000076293945,36.81999969482422,34.22999954223633,36.79999923706055,31.00896644592285,118551900,0.0,0.0,0.0
2001-10-26 00:00:00-04:00,36.5,37.060001373291016,36.0099983215332,36.0099983215332,30.34329605102539,93823900,0.0,0.0,0.0
2001-10-29 00:00:00-05:00,36.0,36.150001525878906,34.040000915527344,34.040000915527344,28.68329429626465,92146800,0.0,0.0,0.0
2001-10-30 00:00:00-05:00,33.709999084472656,34.09000015258789,32.84000015258789,33.380001068115234,28.127145767211914,96092200,0.0,0.0,0.0
2001-10-31 00:00:00-05:00,34.040000915527344,34.959999084472656,33.68000030517578,33.900001525878906,28.565322875976562,106175500,0.0,0.0,0.0
2001-11-01 00:00:00-05:00,34.439998626708984,35.560001373291016,33.779998779296875,35.34000015258789,29.77873420715332,92716000,0.0,0.0,0.0
2001-11-02 00:00:00-05:00,35.27000045776367,35.849998474121094,34.88999938964844,35.599998474121094,29.99779510498047,64917700,0.0,0.0,0.0
2001-11-05 00:00:00-05:00,36.2599983215332,37.15999984741211,36.15999984741211,36.7599983215332,30.975257873535156,64473000,0.0,0.0,0.0
2001-11-06 00:00:00-05:00,36.599998474121094,38.20000076293945,36.38999938964844,38.189998626708984,32.18025207519531,107214900,0.0,0.0,0.0
2001-11-07 00:00:00-05:00,37.61000061035156,38.84000015258789,37.5,38.13999938964844,32.13812255859375,92562100,0.0,0.0,0.0
2001-11-08 00:00:00-05:00,38.54999923706055,39.400001525878906,37.25,37.75,31.80946922302246,105916300,0.0,0.0,0.0
2001-11-09 00:00:00-05:00,37.59000015258789,38.08000183105469,37.119998931884766,37.72999954223633,31.792634963989258,74121900,0.0,0.0,0.0
2001-11-12 00:00:00-05:00,37.0,38.349998474121094,36.29999923706055,38.0,32.0201301574707,112994400,0.0,0.0,0.0
2001-11-13 00:00:00-05:00,39.029998779296875,39.5,38.630001068115234,39.36000061035156,33.166099548339844,97931800,0.0,0.0,0.0
2001-11-14 00:00:00-05:00,39.959999084472656,40.2400016784668,38.7400016784668,39.63999938964844,33.40206527709961,88660100,0.0,0.0,0.0
2001-11-15 00:00:00-05:00,39.15999984741211,40.11000061035156,38.95000076293945,39.47999954223633,33.26723861694336,86349700,0.0,0.0,0.0
2001-11-16 00:00:00-05:00,39.47999954223633,39.68000030517578,38.91999816894531,39.369998931884766,33.17455291748047,64035500,0.0,0.0,0.0
2001-11-19 00:00:00-05:00,39.790000915527344,40.4900016784668,39.4900016784668,40.4900016784668,34.1182861328125,69196300,0.0,0.0,0.0
2001-11-20 00:00:00-05:00,40.08000183105469,40.22999954223633,38.47999954223633,38.619998931884766,32.54258728027344,85176500,0.0,0.0,0.0
2001-11-21 00:00:00-05:00,38.470001220703125,38.95000076293945,37.97999954223633,38.41999816894531,32.37404251098633,60867900,0.0,0.0,0.0
2001-11-23 00:00:00-05:00,38.7599983215332,39.43000030517578,38.56999969482422,39.279998779296875,33.09870147705078,27046000,0.0,0.0,0.0
2001-11-26 00:00:00-05:00,39.58000183105469,40.36000061035156,39.0099983215332,40.25,33.91604232788086,75267500,0.0,0.0,0.0
2001-11-27 00:00:00-05:00,40.04999923706055,40.970001220703125,39.20000076293945,40.20000076293945,33.87394714355469,100289700,0.0,0.0,0.0
2001-11-28 00:00:00-05:00,39.72999954223633,40.369998931884766,38.689998626708984,38.75,32.65211868286133,101568200,0.0,0.0,0.0
2001-11-29 00:00:00-05:00,39.029998779296875,40.0,38.790000915527344,39.95000076293945,33.66328811645508,83774700,0.0,0.0,0.0
2001-11-30 00:00:00-05:00,39.72999954223633,40.040000915527344,39.36000061035156,39.650001525878906,33.410491943359375,66018200,0.0,0.0,0.0
2001-12-03 00:00:00-05:00,39.290000915527344,39.599998474121094,38.869998931884766,38.970001220703125,32.83749771118164,60449800,0.0,0.0,0.0
2001-12-04 00:00:00-05:00,39.34000015258789,40.84000015258789,38.439998626708984,40.83000183105469,34.404788970947266,79378700,0.0,0.0,0.0
2001-12-05 00:00:00-05:00,41.20000076293945,43.150001525878906,41.119998931884766,42.849998474121094,36.10692596435547,115773700,0.0,0.0,0.0
2001-12-06 00:00:00-05:00,42.70000076293945,43.2400016784668,42.36000061035156,42.90999984741211,36.15747833251953,77702100,0.0,0.0,0.0
2001-12-07 00:00:00-05:00,42.47999954223633,42.599998474121094,41.13999938964844,41.72999954223633,35.163185119628906,81632600,0.0,0.0,0.0
2001-12-10 00:00:00-05:00,41.31999969482422,42.22999954223633,40.880001068115234,41.0,34.548030853271484,69088000,0.0,0.0,0.0
2001-12-11 00:00:00-05:00,41.459999084472656,42.2599983215332,41.130001068115234,41.22999954223633,34.741851806640625,66056500,0.0,0.0,0.0
2001-12-12 00:00:00-05:00,41.5,41.939998626708984,40.599998474121094,41.560001373291016,35.0199089050293,76093400,0.0,0.0,0.0
2001-12-13 00:00:00-05:00,40.709999084472656,41.0,39.7599983215332,39.7599983215332,33.5031623840332,79582600,0.0,0.0,0.0
2001-12-14 00:00:00-05:00,39.869998931884766,40.459999084472656,39.56999969482422,40.11000061035156,33.79810333251953,70006300,0.0,0.0,0.0
2001-12-17 00:00:00-05:00,40.02000045776367,41.2400016784668,40.02000045776367,40.79999923706055,34.379512786865234,62295500,0.0,0.0,0.0
2001-12-18 00:00:00-05:00,41.15999984741211,41.5,40.15999984741211,41.2599983215332,34.767120361328125,50850400,0.0,0.0,0.0
2001-12-19 00:00:00-05:00,40.560001373291016,41.31999969482422,40.31999969482422,40.5099983215332,34.135162353515625,79596200,0.0,0.0,0.0
2001-12-20 00:00:00-05:00,40.099998474121094,40.29999923706055,38.68000030517578,38.790000915527344,32.685829162597656,83048800,0.0,0.0,0.0
2001-12-21 00:00:00-05:00,39.41999816894531,39.709999084472656,39.150001525878906,39.47999954223633,33.26723861694336,56205000,0.0,0.0,0.0
2001-12-24 00:00:00-05:00,39.540000915527344,39.630001068115234,39.150001525878906,39.31999969482422,33.13240432739258,13660400,0.0,0.0,0.0
2001-12-26 00:00:00-05:00,39.369998931884766,40.29999923706055,39.15999984741211,39.689998626708984,33.44417953491211,37672900,0.0,0.0,0.0
2001-12-27 00:00:00-05:00,39.849998474121094,40.20000076293945,39.599998474121094,40.0099983215332,33.71382522583008,34255200,0.0,0.0,0.0
2001-12-28 00:00:00-05:00,40.290000915527344,40.79999923706055,40.22999954223633,40.33000183105469,33.98347473144531,38240400,0.0,0.0,0.0
2001-12-31 00:00:00-05:00,40.310001373291016,40.45000076293945,38.90999984741211,38.90999984741211,32.78694534301758,46176900,0.0,0.0,0.0
2002-01-02 00:00:00-05:00,39.56999969482422,40.150001525878906,38.93000030517578,40.11000061035156,33.79810333251953,61708800,0.0,0.0,0.0
2002-01-03 00:00:00-05:00,40.310001373291016,41.54999923706055,40.2599983215332,41.5,34.96935272216797,85769100,0.0,0.0,0.0
2002-01-04 00:00:00-05:00,41.95000076293945,42.290000915527344,40.93000030517578,41.66999816894531,35.11260986328125,86876900,0.0,0.0,0.0
2002-01-07 00:00:00-05:00,42.11000061035156,42.220001220703125,40.11000061035156,41.209999084472656,34.72499465942383,75166200,0.0,0.0,0.0
2002-01-08 00:00:00-05:00,41.099998474121094,41.77000045776367,40.84000015258789,41.4900016784668,34.9609375,66956800,0.0,0.0,0.0
2002-01-09 00:00:00-05:00,42.040000915527344,42.599998474121094,40.900001525878906,41.11000061035156,34.64072036743164,85123000,0.0,0.0,0.0
2002-01-10 00:00:00-05:00,41.16999816894531,41.540000915527344,40.68000030517578,41.380001068115234,34.86823654174805,75548000,0.0,0.0,0.0
2002-01-11 00:00:00-05:00,41.349998474121094,41.599998474121094,40.470001220703125,40.849998474121094,34.42163848876953,60832900,0.0,0.0,0.0
2002-01-14 00:00:00-05:00,40.4900016784668,40.68000030517578,39.70000076293945,39.959999084472656,33.67169189453125,71310700,0.0,0.0,0.0
2002-01-15 00:00:00-05:00,40.029998779296875,40.75,39.560001373291016,40.34000015258789,33.99189758300781,66916100,0.0,0.0,0.0
2002-01-16 00:00:00-05:00,39.529998779296875,39.939998626708984,38.77000045776367,38.779998779296875,32.67738342285156,90942000,0.0,0.0,0.0
2002-01-17 00:00:00-05:00,39.47999954223633,39.970001220703125,39.0099983215332,39.650001525878906,33.410491943359375,75285900,0.0,0.0,0.0
2002-01-18 00:00:00-05:00,38.83000183105469,39.45000076293945,38.220001220703125,38.59000015258789,32.51729202270508,81985600,0.0,0.0,0.0
2002-01-22 00:00:00-05:00,39.0,39.02000045776367,37.33000183105469,37.400001525878906,31.514551162719727,81773800,0.0,0.0,0.0
2002-01-23 00:00:00-05:00,37.650001525878906,38.689998626708984,37.349998474121094,38.43000030517578,32.38246154785156,74968800,0.0,0.0,0.0
2002-01-24 00:00:00-05:00,38.939998626708984,39.5099983215332,38.77000045776367,38.939998626708984,32.81219482421875,77251200,0.0,0.0,0.0
2002-01-25 00:00:00-05:00,38.470001220703125,39.150001525878906,38.36000061035156,38.83000183105469,32.71953201293945,58832100,0.0,0.0,0.0
2002-01-28 00:00:00-05:00,39.150001525878906,39.38999938964844,38.41999816894531,39.04999923706055,32.9049072265625,47795900,0.0,0.0,0.0
2002-01-29 00:00:00-05:00,39.130001068115234,39.400001525878906,37.5099983215332,37.97999954223633,32.0032844543457,83339800,0.0,0.0,0.0
2002-01-30 00:00:00-05:00,38.0,38.849998474121094,36.849998474121094,38.27000045776367,32.24765396118164,101385500,0.0,0.0,0.0
2002-01-31 00:00:00-05:00,38.56999969482422,38.75,38.02000045776367,38.5099983215332,32.44987106323242,69655500,0.0,0.0,0.0
2002-02-01 00:00:00-05:00,38.400001525878906,38.880001068115234,37.70000076293945,38.13999938964844,32.13812255859375,61207100,0.0,0.0,0.0
2002-02-04 00:00:00-05:00,37.959999084472656,38.06999969482422,36.61000061035156,36.91999816894531,31.110088348388672,82763300,0.0,0.0,0.0
2002-02-05 00:00:00-05:00,36.59000015258789,37.33000183105469,36.189998626708984,36.310001373291016,30.596073150634766,86853800,0.0,0.0,0.0
2002-02-06 00:00:00-05:00,36.84000015258789,36.88999938964844,35.70000076293945,36.060001373291016,30.385425567626953,98507600,0.0,0.0,0.0
2002-02-07 00:00:00-05:00,35.9900016784668,36.54999923706055,35.0,35.189998626708984,29.652334213256836,97725900,0.0,0.0,0.0
2002-02-08 00:00:00-05:00,35.459999084472656,36.2400016784668,34.970001220703125,36.16999816894531,30.478111267089844,80483100,0.0,0.0,0.0
2002-02-11 00:00:00-05:00,36.13999938964844,36.79999923706055,35.97999954223633,36.630001068115234,30.86573028564453,57641200,0.0,0.0,0.0
2002-02-12 00:00:00-05:00,36.310001373291016,36.97999954223633,36.040000915527344,36.33000183105469,30.612947463989258,51477700,0.0,0.0,0.0
2002-02-13 00:00:00-05:00,36.720001220703125,37.150001525878906,36.61000061035156,36.95000076293945,31.135353088378906,60984700,0.0,0.0,0.0
2002-02-14 00:00:00-05:00,37.150001525878906,37.56999969482422,36.0,36.880001068115234,31.07638931274414,77482300,0.0,0.0,0.0
2002-02-15 00:00:00-05:00,36.83000183105469,36.90999984741211,35.63999938964844,35.779998779296875,30.14947509765625,79719900,0.0,0.0,0.0
2002-02-19 00:00:00-05:00,35.369998931884766,35.459999084472656,34.31999969482422,34.68000030517578,29.222585678100586,72437200,0.0,0.0,0.0
2002-02-20 00:00:00-05:00,34.900001525878906,35.16999816894531,33.93000030517578,35.150001525878906,29.61861228942871,106552700,0.0,0.0,0.0
2002-02-21 00:00:00-05:00,34.790000915527344,34.95000076293945,33.47999954223633,33.47999954223633,28.21141815185547,109307800,0.0,0.0,0.0
2002-02-22 00:00:00-05:00,33.61000061035156,34.20000076293945,33.09000015258789,33.650001525878906,28.35466766357422,99824200,0.0,0.0,0.0
2002-02-25 00:00:00-05:00,34.0,35.25,33.95000076293945,35.0099983215332,29.50065803527832,88994700,0.0,0.0,0.0
2002-02-26 00:00:00-05:00,35.22999954223633,35.43000030517578,34.369998931884766,34.880001068115234,29.391122817993164,94683300,0.0,0.0,0.0
2002-02-27 00:00:00-05:00,35.38999938964844,35.5099983215332,34.060001373291016,34.400001525878906,28.986656188964844,95159300,0.0,0.0,0.0
2002-02-28 00:00:00-05:00,34.5099983215332,34.970001220703125,33.75,33.779998779296875,28.46421241760254,95711200,0.0,0.0,0.0
2002-03-01 00:00:00-05:00,34.150001525878906,35.75,34.09000015258789,35.7400016784668,30.115787506103516,86081600,0.0,0.0,0.0
2002-03-04 00:00:00-05:00,35.70000076293945,37.22999954223633,35.400001525878906,37.150001525878906,31.303903579711914,105734600,0.0,0.0,0.0
2002-03-05 00:00:00-05:00,36.93000030517578,37.869998931884766,36.810001373291016,37.41999816894531,31.531408309936523,91452600,0.0,0.0,0.0
2002-03-06 00:00:00-05:00,37.08000183105469,37.95000076293945,36.599998474121094,37.599998474121094,31.683088302612305,86943400,0.0,0.0,0.0
2002-03-07 00:00:00-05:00,38.119998931884766,38.33000183105469,37.0099983215332,37.68000030517578,31.75050163269043,85496000,0.0,0.0,0.0
2002-03-08 00:00:00-05:00,38.22999954223633,39.029998779296875,38.130001068115234,38.66999816894531,32.58469009399414,84443700,0.0,0.0,0.0
2002-03-11 00:00:00-05:00,38.349998474121094,39.189998626708984,38.060001373291016,38.529998779296875,32.466739654541016,71035200,0.0,0.0,0.0
2002-03-12 00:00:00-05:00,37.56999969482422,38.0,37.31999969482422,38.0,32.0201301574707,82652100,0.0,0.0,0.0
2002-03-13 00:00:00-05:00,37.40999984741211,37.65999984741211,36.869998931884766,37.08000183105469,31.24492073059082,71376200,0.0,0.0,0.0
2002-03-14 00:00:00-05:00,37.060001373291016,37.400001525878906,36.72999954223633,36.86000061035156,31.059528350830078,70700500,0.0,0.0,0.0
2002-03-15 00:00:00-05:00,36.88999938964844,37.33000183105469,36.59000015258789,37.22999954223633,31.371318817138672,63966500,0.0,0.0,0.0
2002-03-18 00:00:00-05:00,37.630001068115234,37.939998626708984,37.04999923706055,37.439998626708984,31.54825782775879,78938300,0.0,0.0,0.0
2002-03-19 00:00:00-05:00,37.599998474121094,37.880001068115234,37.220001220703125,37.380001068115234,31.497703552246094,58947600,0.0,0.0,0.0
2002-03-20 00:00:00-05:00,36.869998931884766,37.08000183105469,36.040000915527344,36.060001373291016,30.385425567626953,61816500,0.0,0.0,0.0
2002-03-21 00:00:00-05:00,36.150001525878906,37.13999938964844,35.900001525878906,37.02000045776367,31.194358825683594,89198800,0.0,0.0,0.0
2002-03-22 00:00:00-05:00,36.939998626708984,37.13999938964844,36.470001220703125,36.68000030517578,30.907852172851562,58930100,0.0,0.0,0.0
2002-03-25 00:00:00-05:00,36.689998626708984,36.900001525878906,35.52000045776367,35.560001373291016,29.96409797668457,87421900,0.0,0.0,0.0
2002-03-26 00:00:00-05:00,35.41999816894531,36.41999816894531,35.400001525878906,35.88999938964844,30.242185592651367,92457500,0.0,0.0,0.0
2002-03-27 00:00:00-05:00,35.630001068115234,36.0,35.400001525878906,35.61000061035156,30.006235122680664,64531800,0.0,0.0,0.0
2002-03-28 00:00:00-05:00,36.02000045776367,36.369998931884766,35.900001525878906,36.060001373291016,30.385425567626953,59539400,0.0,0.0,0.0
2002-04-01 00:00:00-05:00,35.79999923706055,36.900001525878906,35.29999923706055,36.75,30.966833114624023,70730500,0.0,0.0,0.0
2002-04-02 00:00:00-05:00,35.97999954223633,36.150001525878906,35.0,35.09000015258789,29.56806182861328,77759800,0.0,0.0,0.0
2002-04-03 00:00:00-05:00,35.29999923706055,35.45000076293945,34.29999923706055,35.029998779296875,29.517499923706055,85766400,0.0,0.0,0.0
2002-04-04 00:00:00-05:00,34.5,35.15999984741211,34.279998779296875,34.7599983215332,29.289993286132812,90521500,0.0,0.0,0.0
2002-04-05 00:00:00-05:00,35.0099983215332,35.16999816894531,34.18000030517578,34.369998931884766,28.961368560791016,68426000,0.0,0.0,0.0
2002-04-08 00:00:00-04:00,33.470001220703125,34.79999923706055,33.41999816894531,34.79999923706055,29.323698043823242,74950700,0.0,0.0,0.0
2002-04-09 00:00:00-04:00,34.779998779296875,34.97999954223633,33.4900016784668,33.59000015258789,28.304113388061523,80910200,0.0,0.0,0.0
2002-04-10 00:00:00-04:00,33.7599983215332,34.25,33.130001068115234,33.84000015258789,28.514772415161133,85748700,0.0,0.0,0.0
2002-04-11 00:00:00-04:00,33.65999984741211,33.849998474121094,32.880001068115234,33.0,27.80695343017578,90665600,0.0,0.0,0.0
2002-04-12 00:00:00-04:00,33.31999969482422,33.79999923706055,32.95000076293945,33.52000045776367,28.24513816833496,78360100,0.0,0.0,0.0
2002-04-15 00:00:00-04:00,33.79999923706055,33.959999084472656,33.20000076293945,33.790000915527344,28.47264862060547,69306800,0.0,0.0,0.0
2002-04-16 00:00:00-04:00,34.43000030517578,35.220001220703125,34.40999984741211,35.20000076293945,29.660743713378906,72064700,0.0,0.0,0.0
2002-04-17 00:00:00-04:00,35.400001525878906,35.5,34.650001525878906,35.02000045776367,29.509090423583984,69130100,0.0,0.0,0.0
2002-04-18 00:00:00-04:00,34.779998779296875,35.150001525878906,34.0,34.349998474121094,28.94451904296875,91086100,0.0,0.0,0.0
2002-04-19 00:00:00-04:00,35.04999923706055,35.060001373291016,34.380001068115234,34.459999084472656,29.037199020385742,62286800,0.0,0.0,0.0
2002-04-22 00:00:00-04:00,34.0099983215332,34.0099983215332,33.25,33.59000015258789,28.304113388061523,64625600,0.0,0.0,0.0
2002-04-23 00:00:00-04:00,33.59000015258789,33.939998626708984,32.70000076293945,33.0099983215332,27.815393447875977,73070300,0.0,0.0,0.0
2002-04-24 00:00:00-04:00,33.209999084472656,33.310001373291016,32.20000076293945,32.5,27.385637283325195,68953900,0.0,0.0,0.0
2002-04-25 00:00:00-04:00,32.29999923706055,32.72999954223633,32.0,32.41999816894531,27.318239212036133,103073700,0.0,0.0,0.0
2002-04-26 00:00:00-04:00,32.65999984741211,32.779998779296875,31.010000228881836,31.040000915527344,26.1554012298584,100193400,0.0,0.0,0.0
2002-04-29 00:00:00-04:00,31.239999771118164,31.549999237060547,30.559999465942383,31.1200008392334,26.222803115844727,85326800,0.0,0.0,0.0
2002-04-30 00:00:00-04:00,31.030000686645508,32.189998626708984,30.940000534057617,31.729999542236328,26.736812591552734,95357900,0.0,0.0,0.0
2002-05-01 00:00:00-04:00,31.670000076293945,31.84000015258789,30.579999923706055,31.559999465942383,26.593557357788086,109975700,0.0,0.0,0.0
2002-05-02 00:00:00-04:00,31.389999389648438,31.989999771118164,30.459999084472656,30.510000228881836,25.708803176879883,85852200,0.0,0.0,0.0
2002-05-03 00:00:00-04:00,30.469999313354492,30.510000228881836,29.479999542236328,29.739999771118164,25.059968948364258,92103200,0.0,0.0,0.0
2002-05-06 00:00:00-04:00,29.6299991607666,29.979999542236328,28.850000381469727,28.969999313354492,24.4111328125,96491200,0.0,0.0,0.0
2002-05-07 00:00:00-04:00,29.270000457763672,29.350000381469727,28.420000076293945,28.700000762939453,24.18362808227539,101954400,0.0,0.0,0.0
2002-05-08 00:00:00-04:00,30.1299991607666,31.8799991607666,30.0,31.770000457763672,26.7705135345459,129741500,0.0,0.0,0.0
2002-05-09 00:00:00-04:00,31.56999969482422,31.889999389648438,30.799999237060547,30.950000762939453,26.079559326171875,106477200,0.0,0.0,0.0
2002-05-10 00:00:00-04:00,31.010000228881836,31.09000015258789,29.5,29.559999465942383,24.90829086303711,112282800,0.0,0.0,0.0
2002-05-13 00:00:00-04:00,29.8700008392334,30.979999542236328,29.670000076293945,30.760000228881836,25.91944694519043,93971200,0.0,0.0,0.0
2002-05-14 00:00:00-04:00,32.04999923706055,32.650001525878906,31.8700008392334,32.56999969482422,27.444623947143555,107284700,0.0,0.0,0.0
2002-05-15 00:00:00-04:00,32.08000183105469,33.630001068115234,31.850000381469727,32.810001373291016,27.646852493286133,150522100,0.0,0.0,0.0
2002-05-16 00:00:00-04:00,32.540000915527344,33.04999923706055,32.220001220703125,32.86000061035156,27.688987731933594,89916300,0.0,0.0,0.0
2002-05-17 00:00:00-04:00,33.290000915527344,33.40999984741211,32.470001220703125,32.93000030517578,27.747982025146484,82695000,0.0,0.0,0.0
2002-05-20 00:00:00-04:00,32.599998474121094,32.70000076293945,31.940000534057617,32.209999084472656,27.141267776489258,78144200,0.0,0.0,0.0
2002-05-21 00:00:00-04:00,32.36000061035156,32.59000015258789,31.0,31.329999923706055,26.39975357055664,104180000,0.0,0.0,0.0
2002-05-22 00:00:00-04:00,30.969999313354492,31.59000015258789,30.40999984741211,31.399999618530273,26.458740234375,89543100,0.0,0.0,0.0
2002-05-23 00:00:00-04:00,31.6299991607666,32.099998474121094,30.799999237060547,32.029998779296875,26.989608764648438,94445800,0.0,0.0,0.0
2002-05-24 00:00:00-04:00,31.59000015258789,31.690000534057617,31.010000228881836,31.239999771118164,26.32391357421875,55874600,0.0,0.0,0.0
2002-05-28 00:00:00-04:00,31.469999313354492,31.520000457763672,30.489999771118164,31.100000381469727,26.20595359802246,68829400,0.0,0.0,0.0
2002-05-29 00:00:00-04:00,30.65999984741211,30.899999618530273,30.239999771118164,30.280000686645508,25.514986038208008,73470200,0.0,0.0,0.0
2002-05-30 00:00:00-04:00,30.010000228881836,30.719999313354492,29.899999618530273,30.540000915527344,25.734085083007812,92080500,0.0,0.0,0.0
2002-05-31 00:00:00-04:00,30.760000228881836,31.040000915527344,30.0,30.040000915527344,25.31275749206543,79907400,0.0,0.0,0.0
2002-06-03 00:00:00-04:00,30.0,30.25,28.790000915527344,28.979999542236328,24.419559478759766,77043700,0.0,0.0,0.0
2002-06-04 00:00:00-04:00,28.75,29.68000030517578,28.610000610351562,29.360000610351562,24.73977279663086,98366200,0.0,0.0,0.0
2002-06-05 00:00:00-04:00,29.420000076293945,29.799999237060547,28.969999313354492,29.65999984741211,24.99256134033203,95347100,0.0,0.0,0.0
2002-06-06 00:00:00-04:00,29.510000228881836,29.510000228881836,27.899999618530273,28.8799991607666,24.335294723510742,91129700,0.0,0.0,0.0
2002-06-07 00:00:00-04:00,27.6299991607666,28.790000915527344,27.520000457763672,28.299999237060547,23.846572875976562,106049200,0.0,0.0,0.0
2002-06-10 00:00:00-04:00,28.360000610351562,28.75,28.139999389648438,28.25,23.804443359375,73142900,0.0,0.0,0.0
2002-06-11 00:00:00-04:00,28.600000381469727,28.690000534057617,27.360000610351562,27.459999084472656,23.13875961303711,84609500,0.0,0.0,0.0
2002-06-12 00:00:00-04:00,27.239999771118164,27.959999084472656,26.829999923706055,27.860000610351562,23.4758243560791,152974400,0.0,0.0,0.0
2002-06-13 00:00:00-04:00,27.760000228881836,28.209999084472656,27.350000381469727,27.68000030517578,23.32413673400879,97556300,0.0,0.0,0.0
2002-06-14 00:00:00-04:00,26.860000610351562,27.719999313354492,26.200000762939453,27.6200008392334,23.273582458496094,122106800,0.0,0.0,0.0
2002-06-17 00:00:00-04:00,28.0,28.75,27.90999984741211,28.559999465942383,24.06566047668457,87618100,0.0,0.0,0.0
2002-06-18 00:00:00-04:00,28.309999465942383,29.149999618530273,28.280000686645508,29.020000457763672,24.453271865844727,100513400,0.0,0.0,0.0
2002-06-19 00:00:00-04:00,28.100000381469727,28.31999969482422,27.25,27.34000015258789,23.037643432617188,93507600,0.0,0.0,0.0
2002-06-20 00:00:00-04:00,27.270000457763672,27.450000762939453,25.670000076293945,26.459999084472656,22.296123504638672,99913200,0.0,0.0,0.0
2002-06-21 00:00:00-04:00,26.360000610351562,26.780000686645508,25.649999618530273,25.81999969482422,21.75684928894043,168755100,0.0,0.0,0.0
2002-06-24 00:00:00-04:00,25.450000762939453,26.799999237060547,25.209999084472656,26.329999923706055,22.18657875061035,219672100,0.0,0.0,0.0
2002-06-25 00:00:00-04:00,26.579999923706055,26.719999313354492,25.299999237060547,25.459999084472656,21.453487396240234,136336400,0.0,0.0,0.0
2002-06-26 00:00:00-04:00,24.43000030517578,25.780000686645508,24.389999389648438,25.649999618530273,21.613590240478516,149080300,0.0,0.0,0.0
2002-06-27 00:00:00-04:00,26.0,26.25,25.020000457763672,26.209999084472656,22.085468292236328,121371100,0.0,0.0,0.0
2002-06-28 00:00:00-04:00,26.049999237060547,26.75,25.850000381469727,26.100000381469727,21.992786407470703,87842000,0.0,0.0,0.0
2002-07-01 00:00:00-04:00,25.969999313354492,26.139999389648438,24.780000686645508,24.850000381469727,20.939483642578125,64753900,0.0,0.0,0.0
2002-07-02 00:00:00-04:00,24.600000381469727,24.75,23.09000015258789,23.950000762939453,20.18111801147461,111629600,0.0,0.0,0.0
2002-07-03 00:00:00-04:00,23.850000381469727,24.75,23.6200008392334,24.75,20.85521697998047,101067000,0.0,0.0,0.0
2002-07-05 00:00:00-04:00,25.260000228881836,26.389999389648438,25.049999237060547,26.34000015258789,22.19500732421875,56768300,0.0,0.0,0.0
2002-07-08 00:00:00-04:00,26.200000762939453,26.549999237060547,25.079999923706055,25.3799991607666,21.38608169555664,97288500,0.0,0.0,0.0
2002-07-09 00:00:00-04:00,25.25,25.479999542236328,24.59000015258789,24.65999984741211,20.779380798339844,91039600,0.0,0.0,0.0
2002-07-10 00:00:00-04:00,24.989999771118164,25.030000686645508,23.829999923706055,23.899999618530273,20.13898468017578,115365200,0.0,0.0,0.0
2002-07-11 00:00:00-04:00,23.760000228881836,24.889999389648438,23.530000686645508,24.799999237060547,20.897348403930664,170271200,0.0,0.0,0.0
2002-07-12 00:00:00-04:00,25.25,25.520000457763672,24.549999237060547,24.799999237060547,20.897348403930664,130027800,0.0,0.0,0.0
2002-07-15 00:00:00-04:00,24.68000030517578,25.639999389648438,23.75,25.56999969482422,21.546178817749023,140207200,0.0,0.0,0.0
2002-07-16 00:00:00-04:00,25.25,26.020000457763672,24.899999618530273,25.190000534057617,21.225980758666992,148281700,0.0,0.0,0.0
2002-07-17 00:00:00-04:00,26.06999969482422,26.440000534057617,24.889999389648438,25.649999618530273,21.613590240478516,157954700,0.0,0.0,0.0
2002-07-18 00:00:00-04:00,25.3799991607666,25.56999969482422,24.520000457763672,24.729999542236328,20.838367462158203,114052300,0.0,0.0,0.0
2002-07-19 00:00:00-04:00,24.329999923706055,24.709999084472656,23.799999237060547,23.989999771118164,20.214813232421875,124116400,0.0,0.0,0.0
2002-07-22 00:00:00-04:00,23.850000381469727,24.5,23.09000015258789,23.399999618530273,19.717660903930664,150034800,0.0,0.0,0.0
2002-07-23 00:00:00-04:00,23.450000762939453,23.75,22.280000686645508,22.399999618530273,18.875019073486328,150786800,0.0,0.0,0.0
2002-07-24 00:00:00-04:00,21.809999465942383,23.65999984741211,21.639999389648438,23.6200008392334,19.903039932250977,186493600,0.0,0.0,0.0
2002-07-25 00:00:00-04:00,23.25,23.399999618530273,21.799999237060547,22.25,18.748640060424805,153915500,0.0,0.0,0.0
2002-07-26 00:00:00-04:00,22.559999465942383,22.84000015258789,22.010000228881836,22.670000076293945,19.102542877197266,96034200,0.0,0.0,0.0
2002-07-29 00:00:00-04:00,23.270000457763672,24.1200008392334,23.079999923706055,23.829999923706055,20.07999610900879,96735200,0.0,0.0,0.0
2002-07-30 00:00:00-04:00,23.729999542236328,24.690000534057617,23.59000015258789,24.309999465942383,20.48446273803711,117394300,0.0,0.0,0.0
2002-07-31 00:00:00-04:00,24.0,24.190000534057617,23.360000610351562,23.850000381469727,20.09684181213379,93831300,0.0,0.0,0.0
2002-08-01 00:00:00-04:00,23.739999771118164,23.899999618530273,22.65999984741211,22.729999542236328,19.15310287475586,85149700,0.0,0.0,0.0
2002-08-02 00:00:00-04:00,22.780000686645508,22.84000015258789,21.81999969482422,22.25,18.748640060424805,86706000,0.0,0.0,0.0
2002-08-05 00:00:00-04:00,22.110000610351562,22.31999969482422,21.299999237060547,21.440000534057617,18.066097259521484,84897800,0.0,0.0,0.0
2002-08-06 00:00:00-04:00,21.799999237060547,23.010000228881836,21.790000915527344,22.5,18.95928955078125,115364600,0.0,0.0,0.0
2002-08-07 00:00:00-04:00,23.200000762939453,23.3700008392334,21.959999084472656,22.799999237060547,19.212093353271484,125677100,0.0,0.0,0.0
2002-08-08 00:00:00-04:00,22.75,23.600000381469727,22.299999237060547,23.56999969482422,19.860912322998047,111697900,0.0,0.0,0.0
2002-08-09 00:00:00-04:00,23.200000762939453,23.709999084472656,22.8799991607666,23.329999923706055,19.65867805480957,93576900,0.0,0.0,0.0
2002-08-12 00:00:00-04:00,23.049999237060547,23.479999542236328,22.899999618530273,23.399999618530273,19.717660903930664,62870900,0.0,0.0,0.0
2002-08-13 00:00:00-04:00,23.229999542236328,23.8700008392334,22.549999237060547,22.600000381469727,19.04355239868164,88434400,0.0,0.0,0.0
2002-08-14 00:00:00-04:00,22.670000076293945,24.200000762939453,22.469999313354492,24.040000915527344,20.25695037841797,102613500,0.0,0.0,0.0
2002-08-15 00:00:00-04:00,24.239999771118164,24.549999237060547,23.719999313354492,24.530000686645508,20.669837951660156,120307800,0.0,0.0,0.0
2002-08-16 00:00:00-04:00,24.1299991607666,25.0,23.729999542236328,24.700000762939453,20.81309700012207,95853000,0.0,0.0,0.0
2002-08-19 00:00:00-04:00,24.770000457763672,25.59000015258789,24.68000030517578,25.299999237060547,21.318662643432617,76015900,0.0,0.0,0.0
2002-08-20 00:00:00-04:00,25.18000030517578,25.43000030517578,24.850000381469727,25.190000534057617,21.225980758666992,89981300,0.0,0.0,0.0
2002-08-21 00:00:00-04:00,25.389999389648438,25.850000381469727,25.0,25.75,21.697851181030273,101365500,0.0,0.0,0.0
2002-08-22 00:00:00-04:00,25.739999771118164,26.209999084472656,25.420000076293945,26.15999984741211,22.0433349609375,80345500,0.0,0.0,0.0
2002-08-23 00:00:00-04:00,25.799999237060547,25.809999465942383,24.950000762939453,25.149999618530273,21.192270278930664,75211200,0.0,0.0,0.0
2002-08-26 00:00:00-04:00,25.299999237060547,25.389999389648438,24.610000610351562,25.25,21.276538848876953,83335400,0.0,0.0,0.0
2002-08-27 00:00:00-04:00,25.43000030517578,25.510000228881836,24.149999618530273,24.3700008392334,20.535017013549805,92340400,0.0,0.0,0.0
2002-08-28 00:00:00-04:00,24.020000457763672,24.09000015258789,23.389999389648438,23.479999542236328,19.785066604614258,115562300,0.0,0.0,0.0
2002-08-29 00:00:00-04:00,23.200000762939453,24.219999313354492,23.020000457763672,23.790000915527344,20.046283721923828,97028200,0.0,0.0,0.0
2002-08-30 00:00:00-04:00,23.6200008392334,24.0,23.3799991607666,23.489999771118164,19.793502807617188,59474900,0.0,0.0,0.0
2002-09-03 00:00:00-04:00,23.059999465942383,23.43000030517578,22.34000015258789,22.639999389648438,19.0772705078125,81828100,0.0,0.0,0.0
2002-09-04 00:00:00-04:00,22.5,23.020000457763672,22.239999771118164,22.729999542236328,19.15310287475586,82717600,0.0,0.0,0.0
2002-09-05 00:00:00-04:00,22.399999618530273,22.5,21.93000030517578,22.170000076293945,18.68122673034668,91576600,0.0,0.0,0.0
2002-09-06 00:00:00-04:00,22.65999984741211,23.219999313354492,22.600000381469727,22.850000381469727,19.25421142578125,86008800,0.0,0.0,0.0
2002-09-09 00:00:00-04:00,22.670000076293945,23.3700008392334,22.389999389648438,23.079999923706055,19.448015213012695,72679500,0.0,0.0,0.0
2002-09-10 00:00:00-04:00,23.229999542236328,23.670000076293945,23.030000686645508,23.649999618530273,19.928314208984375,74615800,0.0,0.0,0.0
2002-09-11 00:00:00-04:00,24.1200008392334,24.350000381469727,23.420000076293945,23.450000762939453,19.75979232788086,73902800,0.0,0.0,0.0
2002-09-12 00:00:00-04:00,23.229999542236328,23.260000228881836,22.709999084472656,22.809999465942383,19.220504760742188,70763500,0.0,0.0,0.0
2002-09-13 00:00:00-04:00,22.600000381469727,23.079999923706055,22.520000457763672,22.989999771118164,19.37218475341797,79716100,0.0,0.0,0.0
2002-09-16 00:00:00-04:00,22.860000610351562,23.0,22.3700008392334,22.65999984741211,19.094112396240234,58853600,0.0,0.0,0.0
2002-09-17 00:00:00-04:00,23.049999237060547,23.209999084472656,22.18000030517578,22.18000030517578,18.68964385986328,89139700,0.0,0.0,0.0
2002-09-18 00:00:00-04:00,22.010000228881836,22.549999237060547,21.780000686645508,21.93000030517578,18.478986740112305,92358300,0.0,0.0,0.0
2002-09-19 00:00:00-04:00,21.700000762939453,22.1299991607666,21.549999237060547,21.579999923706055,18.18406867980957,86247700,0.0,0.0,0.0
2002-09-20 00:00:00-04:00,21.829999923706055,21.899999618530273,21.479999542236328,21.670000076293945,18.259899139404297,78116900,0.0,0.0,0.0
2002-09-23 00:00:00-04:00,21.450000762939453,21.520000457763672,20.809999465942383,21.020000457763672,17.712186813354492,72757500,0.0,0.0,0.0
2002-09-24 00:00:00-04:00,20.68000030517578,21.450000762939453,20.649999618530273,21.030000686645508,17.720617294311523,91507300,0.0,0.0,0.0
2002-09-25 00:00:00-04:00,21.350000381469727,22.040000915527344,21.100000381469727,21.8700008392334,18.42842674255371,98051900,0.0,0.0,0.0
2002-09-26 00:00:00-04:00,22.15999984741211,22.329999923706055,21.3700008392334,21.600000381469727,18.200925827026367,104453500,0.0,0.0,0.0
2002-09-27 00:00:00-04:00,21.549999237060547,22.209999084472656,21.309999465942383,21.309999465942383,17.95655059814453,92249700,0.0,0.0,0.0
2002-09-30 00:00:00-04:00,21.06999969482422,21.239999771118164,20.489999771118164,20.719999313354492,17.45940589904785,91502500,0.0,0.0,0.0
2002-10-01 00:00:00-04:00,20.90999984741211,21.989999771118164,20.469999313354492,21.979999542236328,18.5211181640625,102096000,0.0,0.0,0.0
2002-10-02 00:00:00-04:00,21.510000228881836,21.969999313354492,20.969999313354492,21.25,17.90599822998047,94829700,0.0,0.0,0.0
2002-10-03 00:00:00-04:00,21.059999465942383,21.399999618530273,20.68000030517578,20.739999771118164,17.47624969482422,74354800,0.0,0.0,0.0
2002-10-04 00:00:00-04:00,20.940000534057617,21.020000457763672,20.110000610351562,20.350000381469727,17.14762306213379,81837100,0.0,0.0,0.0
2002-10-07 00:00:00-04:00,20.260000228881836,20.59000015258789,19.850000381469727,20.15999984741211,16.98752784729004,79861800,0.0,0.0,0.0
2002-10-08 00:00:00-04:00,20.280000686645508,20.610000610351562,19.760000228881836,20.200000762939453,17.021221160888672,94103100,0.0,0.0,0.0
2002-10-09 00:00:00-04:00,19.940000534057617,20.530000686645508,19.84000015258789,20.059999465942383,16.903261184692383,103301000,0.0,0.0,0.0
2002-10-10 00:00:00-04:00,20.100000381469727,21.209999084472656,19.90999984741211,21.079999923706055,17.76274871826172,109610500,0.0,0.0,0.0
2002-10-11 00:00:00-04:00,21.549999237060547,22.3799991607666,21.420000076293945,22.219999313354492,18.72335433959961,124777400,0.0,0.0,0.0
2002-10-14 00:00:00-04:00,21.8700008392334,22.5,21.780000686645508,22.479999542236328,18.942432403564453,78890300,0.0,0.0,0.0
2002-10-15 00:00:00-04:00,23.440000534057617,23.6299991607666,23.18000030517578,23.559999465942383,19.852479934692383,118176000,0.0,0.0,0.0
2002-10-16 00:00:00-04:00,22.709999084472656,23.15999984741211,22.06999969482422,22.780000686645508,19.19522476196289,97441900,0.0,0.0,0.0
2002-10-17 00:00:00-04:00,23.600000381469727,23.809999465942383,22.579999923706055,23.549999237060547,19.84405517578125,95754500,0.0,0.0,0.0
2002-10-18 00:00:00-04:00,23.280000686645508,23.850000381469727,22.93000030517578,23.809999465942383,20.063146591186523,84941900,0.0,0.0,0.0
2002-10-21 00:00:00-04:00,23.520000457763672,24.450000762939453,23.299999237060547,24.290000915527344,20.467607498168945,85311500,0.0,0.0,0.0
2002-10-22 00:00:00-04:00,23.729999542236328,24.34000015258789,23.649999618530273,24.139999389648438,20.341211318969727,89947000,0.0,0.0,0.0
2002-10-23 00:00:00-04:00,23.850000381469727,24.6299991607666,23.670000076293945,24.600000381469727,20.728830337524414,88093500,0.0,0.0,0.0
2002-10-24 00:00:00-04:00,24.68000030517578,24.860000610351562,23.920000076293945,23.979999542236328,20.206396102905273,88674800,0.0,0.0,0.0
2002-10-25 00:00:00-04:00,23.989999771118164,24.75,23.989999771118164,24.700000762939453,20.81309700012207,71557300,0.0,0.0,0.0
2002-10-28 00:00:00-05:00,25.0,25.040000915527344,24.170000076293945,24.489999771118164,20.636133193969727,90272000,0.0,0.0,0.0
2002-10-29 00:00:00-05:00,24.309999465942383,24.469999313354492,23.3700008392334,23.920000076293945,20.155839920043945,90293800,0.0,0.0,0.0
2002-10-30 00:00:00-05:00,24.059999465942383,24.790000915527344,23.850000381469727,24.559999465942383,20.695110321044922,103531100,0.0,0.0,0.0
2002-10-31 00:00:00-05:00,24.65999984741211,25.040000915527344,24.360000610351562,24.549999237060547,20.686689376831055,81493100,0.0,0.0,0.0
2002-11-01 00:00:00-05:00,24.3700008392334,25.399999618530273,24.139999389648438,25.25,21.276538848876953,86658400,0.0,0.0,0.0
2002-11-04 00:00:00-05:00,26.049999237060547,26.81999969482422,25.799999237060547,25.899999618530273,21.82425308227539,110562400,0.0,0.0,0.0
2002-11-05 00:00:00-05:00,25.709999084472656,26.170000076293945,25.559999465942383,26.100000381469727,21.992786407470703,79603300,0.0,0.0,0.0
2002-11-06 00:00:00-05:00,26.290000915527344,26.610000610351562,25.639999389648438,26.469999313354492,22.30454444885254,116251700,0.0,0.0,0.0
2002-11-07 00:00:00-05:00,25.989999771118164,26.100000381469727,25.309999465942383,25.540000915527344,21.520910263061523,82711600,0.0,0.0,0.0
2002-11-08 00:00:00-05:00,25.489999771118164,25.8700008392334,24.959999084472656,25.06999969482422,21.124855041503906,76937600,0.0,0.0,0.0
2002-11-11 00:00:00-05:00,24.950000762939453,25.020000457763672,24.149999618530273,24.309999465942383,20.48446273803711,74384300,0.0,0.0,0.0
2002-11-12 00:00:00-05:00,24.399999618530273,25.399999618530273,24.399999618530273,24.93000030517578,21.006893157958984,88748800,0.0,0.0,0.0
2002-11-13 00:00:00-05:00,24.700000762939453,25.700000762939453,24.489999771118164,25.229999542236328,21.259685516357422,119341800,0.0,0.0,0.0
2002-11-14 00:00:00-05:00,25.579999923706055,26.420000076293945,25.520000457763672,26.100000381469727,21.992786407470703,85720100,0.0,0.0,0.0
2002-11-15 00:00:00-05:00,25.899999618530273,26.450000762939453,25.75,26.440000534057617,22.279272079467773,69291300,0.0,0.0,0.0
2002-11-18 00:00:00-05:00,26.709999084472656,26.770000457763672,25.989999771118164,26.049999237060547,21.950647354125977,76238000,0.0,0.0,0.0
2002-11-19 00:00:00-05:00,25.799999237060547,26.049999237060547,25.299999237060547,25.649999618530273,21.613590240478516,88139200,0.0,0.0,0.0
2002-11-20 00:00:00-05:00,25.559999465942383,26.75,25.540000915527344,26.739999771118164,22.532062530517578,75104700,0.0,0.0,0.0
2002-11-21 00:00:00-05:00,26.93000030517578,27.84000015258789,26.75,27.729999542236328,23.366273880004883,105472900,0.0,0.0,0.0
2002-11-22 00:00:00-05:00,27.3700008392334,27.940000534057617,27.31999969482422,27.719999313354492,23.35784339904785,73808600,0.0,0.0,0.0
2002-11-25 00:00:00-05:00,27.760000228881836,28.200000762939453,27.540000915527344,27.989999771118164,23.585357666015625,72666100,0.0,0.0,0.0
2002-11-26 00:00:00-05:00,27.780000686645508,27.8700008392334,26.899999618530273,27.049999237060547,22.79327964782715,80017900,0.0,0.0,0.0
2002-11-27 00:00:00-05:00,27.530000686645508,28.200000762939453,27.479999542236328,27.90999984741211,23.5179500579834,73643900,0.0,0.0,0.0
2002-11-29 00:00:00-05:00,28.209999084472656,28.290000915527344,27.219999313354492,27.719999313354492,23.35784339904785,34652100,0.0,0.0,0.0
2002-12-02 00:00:00-05:00,28.420000076293945,28.790000915527344,27.56999969482422,28.0,23.593780517578125,85136000,0.0,0.0,0.0
2002-12-03 00:00:00-05:00,27.549999237060547,27.579999923706055,26.93000030517578,27.170000076293945,22.894397735595703,76595500,0.0,0.0,0.0
2002-12-04 00:00:00-05:00,26.559999465942383,26.950000762939453,26.209999084472656,26.56999969482422,22.388809204101562,130115900,0.0,0.0,0.0
2002-12-05 00:00:00-05:00,26.950000762939453,27.0,26.1299991607666,26.200000762939453,22.077035903930664,84933200,0.0,0.0,0.0
2002-12-06 00:00:00-05:00,25.809999465942383,26.719999313354492,25.739999771118164,26.469999313354492,22.30454444885254,81727900,0.0,0.0,0.0
2002-12-09 00:00:00-05:00,26.219999313354492,26.549999237060547,25.200000762939453,25.219999313354492,21.25125503540039,75855200,0.0,0.0,0.0
2002-12-10 00:00:00-05:00,25.420000076293945,25.950000762939453,25.350000381469727,25.600000381469727,21.57146453857422,69578300,0.0,0.0,0.0
2002-12-11 00:00:00-05:00,25.440000534057617,26.06999969482422,25.31999969482422,25.719999313354492,21.672571182250977,64237600,0.0,0.0,0.0
2002-12-12 00:00:00-05:00,26.0,26.690000534057617,25.559999465942383,25.860000610351562,21.79054069519043,62296400,0.0,0.0,0.0
2002-12-13 00:00:00-05:00,25.520000457763672,25.56999969482422,25.010000228881836,25.040000915527344,21.099586486816406,72647800,0.0,0.0,0.0
2002-12-16 00:00:00-05:00,25.219999313354492,25.959999084472656,25.06999969482422,25.850000381469727,21.78211212158203,60278500,0.0,0.0,0.0
2002-12-17 00:00:00-05:00,25.809999465942383,26.200000762939453,25.65999984741211,25.93000030517578,21.849525451660156,62562700,0.0,0.0,0.0
2002-12-18 00:00:00-05:00,25.549999237060547,25.600000381469727,25.049999237060547,25.3799991607666,21.38608169555664,67130700,0.0,0.0,0.0
2002-12-19 00:00:00-05:00,25.170000076293945,25.780000686645508,24.809999465942383,25.059999465942383,21.11644172668457,95969700,0.0,0.0,0.0
2002-12-20 00:00:00-05:00,25.329999923706055,25.450000762939453,25.06999969482422,25.31999969482422,21.33551597595215,65578600,0.0,0.0,0.0
2002-12-23 00:00:00-05:00,25.18000030517578,25.760000228881836,25.1299991607666,25.670000076293945,21.63043975830078,45941700,0.0,0.0,0.0
2002-12-24 00:00:00-05:00,25.5,25.729999542236328,25.31999969482422,25.350000381469727,21.360795974731445,16772700,0.0,0.0,0.0
2002-12-26 00:00:00-05:00,25.530000686645508,25.90999984741211,25.170000076293945,25.280000686645508,21.30181312561035,33795400,0.0,0.0,0.0
2002-12-27 00:00:00-05:00,25.18000030517578,25.850000381469727,24.75,24.81999969482422,20.914201736450195,42490200,0.0,0.0,0.0
2002-12-30 00:00:00-05:00,24.84000015258789,24.969999313354492,24.360000610351562,24.6299991607666,20.754093170166016,57396400,0.0,0.0,0.0
2002-12-31 00:00:00-05:00,24.540000915527344,24.709999084472656,24.280000686645508,24.3700008392334,20.535017013549805,46015400,0.0,0.0,0.0
2003-01-02 00:00:00-05:00,24.719999313354492,25.549999237060547,24.450000762939453,25.399999618530273,21.402936935424805,65903200,0.0,0.0,0.0
2003-01-03 00:00:00-05:00,25.459999084472656,25.709999084472656,25.280000686645508,25.68000030517578,21.638870239257812,39059500,0.0,0.0,0.0
2003-01-06 00:00:00-05:00,25.709999084472656,26.59000015258789,25.200000762939453,26.31999969482422,22.178150177001953,67223400,0.0,0.0,0.0
2003-01-07 00:00:00-05:00,26.40999984741211,26.93000030517578,26.25,26.649999618530273,22.456222534179688,88726100,0.0,0.0,0.0
2003-01-08 00:00:00-05:00,26.389999389648438,26.969999313354492,25.84000015258789,25.899999618530273,21.82425308227539,74989900,0.0,0.0,0.0
2003-01-09 00:00:00-05:00,26.239999771118164,26.979999542236328,26.219999313354492,26.700000762939453,22.498361587524414,75391100,0.0,0.0,0.0
2003-01-10 00:00:00-05:00,26.350000381469727,27.260000228881836,26.219999313354492,27.100000381469727,22.835411071777344,82594300,0.0,0.0,0.0
2003-01-13 00:00:00-05:00,27.329999923706055,27.469999313354492,26.729999542236328,26.940000534057617,22.700597763061523,72870300,0.0,0.0,0.0
2003-01-14 00:00:00-05:00,26.90999984741211,27.31999969482422,26.850000381469727,27.079999923706055,22.818561553955078,46993800,0.0,0.0,0.0
2003-01-15 00:00:00-05:00,27.239999771118164,27.350000381469727,26.579999923706055,26.739999771118164,22.532062530517578,55131000,0.0,0.0,0.0
2003-01-16 00:00:00-05:00,26.790000915527344,26.979999542236328,26.25,26.440000534057617,22.279272079467773,68740300,0.0,0.0,0.0
2003-01-17 00:00:00-05:00,25.899999618530273,25.940000534057617,25.270000457763672,25.309999465942383,21.327096939086914,77289400,0.0,0.0,0.0
2003-01-21 00:00:00-05:00,25.40999984741211,25.549999237060547,25.020000457763672,25.030000686645508,21.091163635253906,67729600,0.0,0.0,0.0
2003-01-22 00:00:00-05:00,24.959999084472656,25.530000686645508,24.8700008392334,24.93000030517578,21.006893157958984,80020200,0.0,0.0,0.0
2003-01-23 00:00:00-05:00,25.399999618530273,25.84000015258789,25.110000610351562,25.510000228881836,21.495624542236328,78471100,0.0,0.0,0.0
2003-01-24 00:00:00-05:00,25.530000686645508,25.530000686645508,24.639999389648438,24.81999969482422,20.914201736450195,74519700,0.0,0.0,0.0
2003-01-27 00:00:00-05:00,24.450000762939453,25.030000686645508,24.3700008392334,24.530000686645508,20.669837951660156,76561000,0.0,0.0,0.0
2003-01-28 00:00:00-05:00,24.770000457763672,25.049999237060547,24.420000076293945,24.780000686645508,20.8804931640625,65217200,0.0,0.0,0.0
2003-01-29 00:00:00-05:00,24.760000228881836,25.450000762939453,24.34000015258789,25.149999618530273,21.192270278930664,95717500,0.0,0.0,0.0
2003-01-30 00:00:00-05:00,25.31999969482422,25.420000076293945,24.489999771118164,24.5,20.64455795288086,70333800,0.0,0.0,0.0
2003-01-31 00:00:00-05:00,24.059999465942383,24.760000228881836,24.010000228881836,24.440000534057617,20.593996047973633,90505600,0.0,0.0,0.0
2003-02-03 00:00:00-05:00,24.520000457763672,24.790000915527344,24.3799991607666,24.489999771118164,20.636133193969727,53158800,0.0,0.0,0.0
2003-02-04 00:00:00-05:00,24.18000030517578,24.299999237060547,23.81999969482422,24.190000534057617,20.383344650268555,68235700,0.0,0.0,0.0
2003-02-05 00:00:00-05:00,24.329999923706055,24.860000610351562,24.010000228881836,24.079999923706055,20.29065704345703,80107700,0.0,0.0,0.0
2003-02-06 00:00:00-05:00,24.040000915527344,24.350000381469727,23.860000610351562,24.209999084472656,20.400190353393555,103552000,0.0,0.0,0.0
2003-02-07 00:00:00-05:00,24.360000610351562,24.450000762939453,23.649999618530273,23.809999465942383,20.063146591186523,72312400,0.0,0.0,0.0
2003-02-10 00:00:00-05:00,23.889999389648438,24.25,23.6200008392334,24.020000457763672,20.240102767944336,67572600,0.0,0.0,0.0
2003-02-11 00:00:00-05:00,24.25,24.610000610351562,23.920000076293945,24.149999618530273,20.34963607788086,77823300,0.0,0.0,0.0
2003-02-12 00:00:00-05:00,24.06999969482422,24.329999923706055,23.780000686645508,23.81999969482422,20.071565628051758,51753000,0.0,0.0,0.0
2003-02-13 00:00:00-05:00,23.850000381469727,23.979999542236328,23.31999969482422,23.940000534057617,20.172677993774414,77387400,0.0,0.0,0.0
2003-02-14 00:00:00-05:00,23.829999923706055,24.5,23.6200008392334,24.489999771118164,20.636133193969727,67510400,0.0,0.0,0.0
2003-02-18 00:00:00-05:00,24.700000762939453,25.34000015258789,24.68000030517578,25.25,21.276538848876953,73976800,0.0,0.0,0.0
2003-02-19 00:00:00-05:00,25.200000762939453,25.239999771118164,24.709999084472656,25.079999923706055,21.13329315185547,45541400,0.0,0.0,0.0
2003-02-20 00:00:00-05:00,25.149999618530273,25.270000457763672,24.84000015258789,24.979999542236328,21.049015045166016,59759800,0.0,0.0,0.0
2003-02-21 00:00:00-05:00,24.93000030517578,25.3700008392334,24.510000228881836,25.170000076293945,21.209125518798828,70228500,0.0,0.0,0.0
2003-02-24 00:00:00-05:00,25.1299991607666,25.209999084472656,24.709999084472656,24.739999771118164,20.84679412841797,56646600,0.0,0.0,0.0
2003-02-25 00:00:00-05:00,24.450000762939453,24.950000762939453,24.079999923706055,24.770000457763672,20.872068405151367,74440700,0.0,0.0,0.0
2003-02-26 00:00:00-05:00,24.68000030517578,24.940000534057617,24.200000762939453,24.219999313354492,20.408615112304688,60005600,0.0,0.0,0.0
2003-02-27 00:00:00-05:00,24.420000076293945,24.920000076293945,24.270000457763672,24.770000457763672,20.872068405151367,66424000,0.0,0.0,0.0
2003-02-28 00:00:00-05:00,24.809999465942383,25.219999313354492,24.719999313354492,25.15999984741211,21.200702667236328,50185800,0.0,0.0,0.0
2003-03-03 00:00:00-05:00,25.270000457763672,25.479999542236328,24.559999465942383,24.649999618530273,20.770954132080078,60414400,0.0,0.0,0.0
2003-03-04 00:00:00-05:00,24.65999984741211,24.770000457763672,24.420000076293945,24.5,20.64455795288086,56043500,0.0,0.0,0.0
2003-03-05 00:00:00-05:00,24.399999618530273,24.780000686645508,24.31999969482422,24.549999237060547,20.686689376831055,69096500,0.0,0.0,0.0
2003-03-06 00:00:00-05:00,24.43000030517578,24.68000030517578,24.229999542236328,24.489999771118164,20.636133193969727,59108600,0.0,0.0,0.0
2003-03-07 00:00:00-05:00,24.079999923706055,24.690000534057617,23.959999084472656,24.540000915527344,20.67827606201172,73291000,0.0,0.0,0.0
2003-03-10 00:00:00-05:00,24.329999923706055,24.450000762939453,23.90999984741211,24.010000228881836,20.231672286987305,55948000,0.0,0.0,0.0
2003-03-11 00:00:00-05:00,24.059999465942383,24.239999771118164,23.780000686645508,23.799999237060547,20.05470848083496,54934200,0.0,0.0,0.0
2003-03-12 00:00:00-05:00,23.760000228881836,24.239999771118164,23.540000915527344,24.229999542236328,20.41704559326172,77859800,0.0,0.0,0.0
2003-03-13 00:00:00-05:00,24.639999389648438,25.649999618530273,24.399999618530273,25.6200008392334,21.588306427001953,128537600,0.0,0.0,0.0
2003-03-14 00:00:00-05:00,25.729999542236328,25.979999542236328,25.360000610351562,25.719999313354492,21.672571182250977,89794400,0.0,0.0,0.0
2003-03-17 00:00:00-05:00,25.43000030517578,26.799999237060547,25.350000381469727,26.600000381469727,22.414093017578125,141040800,0.0,0.0,0.0
2003-03-18 00:00:00-05:00,26.799999237060547,26.969999313354492,26.420000076293945,26.93000030517578,22.692155838012695,96548700,0.0,0.0,0.0
2003-03-19 00:00:00-05:00,26.850000381469727,26.950000762939453,26.329999923706055,26.700000762939453,22.498361587524414,91315100,0.0,0.0,0.0
2003-03-20 00:00:00-05:00,26.540000915527344,27.139999389648438,26.170000076293945,26.799999237060547,22.582622528076172,92789700,0.0,0.0,0.0
2003-03-21 00:00:00-05:00,27.209999084472656,27.3799991607666,26.200000762939453,27.170000076293945,22.894397735595703,93304600,0.0,0.0,0.0
2003-03-24 00:00:00-05:00,26.469999313354492,26.600000381469727,25.969999313354492,26.040000915527344,21.942211151123047,85244500,0.0,0.0,0.0
2003-03-25 00:00:00-05:00,26.149999618530273,26.760000228881836,26.010000228881836,26.40999984741211,22.253990173339844,78731500,0.0,0.0,0.0
2003-03-26 00:00:00-05:00,26.5,26.770000457763672,26.360000610351562,26.559999465942383,22.380390167236328,67880200,0.0,0.0,0.0
2003-03-27 00:00:00-05:00,26.270000457763672,26.649999618530273,26.100000381469727,26.3700008392334,22.220287322998047,64113100,0.0,0.0,0.0
2003-03-28 00:00:00-05:00,26.139999389648438,26.43000030517578,25.950000762939453,26.079999923706055,21.97591781616211,45374700,0.0,0.0,0.0
2003-03-31 00:00:00-05:00,25.600000381469727,25.729999542236328,25.209999084472656,25.25,21.276538848876953,89345300,0.0,0.0,0.0
2003-04-01 00:00:00-05:00,25.440000534057617,25.670000076293945,25.25,25.450000762939453,21.445064544677734,73159500,0.0,0.0,0.0
2003-04-02 00:00:00-05:00,26.059999465942383,26.559999465942383,26.030000686645508,26.149999618530273,22.034914016723633,75843800,0.0,0.0,0.0
2003-04-03 00:00:00-05:00,26.639999389648438,26.850000381469727,26.309999465942383,26.479999542236328,22.312965393066406,70138200,0.0,0.0,0.0
2003-04-04 00:00:00-05:00,26.56999969482422,26.600000381469727,25.969999313354492,26.049999237060547,21.950647354125977,65665700,0.0,0.0,0.0
2003-04-07 00:00:00-04:00,27.110000610351562,27.200000762939453,26.06999969482422,26.09000015258789,21.98434829711914,83842700,0.0,0.0,0.0
2003-04-08 00:00:00-04:00,26.149999618530273,26.290000915527344,25.8799991607666,26.059999465942383,21.959070205688477,54250600,0.0,0.0,0.0
2003-04-09 00:00:00-04:00,26.100000381469727,26.280000686645508,25.40999984741211,25.459999084472656,21.453487396240234,76457100,0.0,0.0,0.0
2003-04-10 00:00:00-04:00,25.459999084472656,25.770000457763672,25.299999237060547,25.770000457763672,21.71471405029297,57017500,0.0,0.0,0.0
2003-04-11 00:00:00-04:00,26.020000457763672,26.15999984741211,25.360000610351562,25.510000228881836,21.495624542236328,67974500,0.0,0.0,0.0
2003-04-14 00:00:00-04:00,25.600000381469727,26.139999389648438,25.489999771118164,26.030000686645508,21.933792114257812,52476200,0.0,0.0,0.0
2003-04-15 00:00:00-04:00,25.969999313354492,26.459999084472656,25.850000381469727,26.280000686645508,22.144439697265625,64655700,0.0,0.0,0.0
2003-04-16 00:00:00-04:00,26.649999618530273,26.829999923706055,26.1200008392334,26.219999313354492,22.093889236450195,70711600,0.0,0.0,0.0
2003-04-17 00:00:00-04:00,26.15999984741211,26.979999542236328,26.149999618530273,26.81999969482422,22.59947395324707,70179900,0.0,0.0,0.0
2003-04-21 00:00:00-04:00,26.940000534057617,27.100000381469727,26.6200008392334,26.920000076293945,22.683738708496094,52729600,0.0,0.0,0.0
2003-04-22 00:00:00-04:00,26.729999542236328,27.459999084472656,26.649999618530273,27.43000030517578,23.113487243652344,70757200,0.0,0.0,0.0
2003-04-23 00:00:00-04:00,27.5,27.75,27.260000228881836,27.6299991607666,23.28200340270996,70327100,0.0,0.0,0.0
2003-04-24 00:00:00-04:00,27.360000610351562,27.75,27.270000457763672,27.479999542236328,23.155609130859375,72383900,0.0,0.0,0.0
2003-04-25 00:00:00-04:00,27.31999969482422,27.420000076293945,26.860000610351562,26.950000762939453,22.709022521972656,63277900,0.0,0.0,0.0
2003-04-28 00:00:00-04:00,27.049999237060547,27.6299991607666,26.950000762939453,27.479999542236328,23.155609130859375,59666200,0.0,0.0,0.0
2003-04-29 00:00:00-04:00,27.639999389648438,28.059999465942383,27.40999984741211,27.729999542236328,23.366273880004883,79903800,0.0,0.0,0.0
2003-04-30 00:00:00-04:00,27.649999618530273,27.790000915527344,27.43000030517578,27.450000762939453,23.13033103942871,60202100,0.0,0.0,0.0
2003-05-01 00:00:00-04:00,27.440000534057617,27.8700008392334,27.190000534057617,27.690000534057617,23.332565307617188,66022600,0.0,0.0,0.0
2003-05-02 00:00:00-04:00,27.610000610351562,28.290000915527344,27.56999969482422,28.280000686645508,23.82971954345703,85004100,0.0,0.0,0.0
2003-05-05 00:00:00-04:00,28.329999923706055,28.709999084472656,28.170000076293945,28.25,23.804443359375,80520300,0.0,0.0,0.0
2003-05-06 00:00:00-04:00,28.219999313354492,28.899999618530273,28.209999084472656,28.610000610351562,24.1077823638916,77338300,0.0,0.0,0.0
2003-05-07 00:00:00-04:00,28.40999984741211,28.690000534057617,28.1200008392334,28.290000915527344,23.83814811706543,70353200,0.0,0.0,0.0
2003-05-08 00:00:00-04:00,27.850000381469727,28.190000534057617,27.760000228881836,27.770000457763672,23.39997673034668,80249100,0.0,0.0,0.0
2003-05-09 00:00:00-04:00,28.040000915527344,28.479999542236328,28.0,28.40999984741211,23.93925666809082,58528200,0.0,0.0,0.0
2003-05-12 00:00:00-04:00,28.360000610351562,28.959999084472656,28.170000076293945,28.84000015258789,24.301597595214844,67487300,0.0,0.0,0.0
2003-05-13 00:00:00-04:00,28.6299991607666,28.989999771118164,28.540000915527344,28.65999984741211,24.149921417236328,64934300,0.0,0.0,0.0
2003-05-14 00:00:00-04:00,28.8700008392334,28.969999313354492,28.360000610351562,28.600000381469727,24.09935760498047,62181200,0.0,0.0,0.0
2003-05-15 00:00:00-04:00,28.75,28.979999542236328,28.559999465942383,28.920000076293945,24.369003295898438,62232100,0.0,0.0,0.0
2003-05-16 00:00:00-04:00,28.729999542236328,28.940000534057617,28.479999542236328,28.700000762939453,24.18362808227539,70590400,0.0,0.0,0.0
2003-05-19 00:00:00-04:00,28.520000457763672,28.68000030517578,27.610000610351562,27.690000534057617,23.332565307617188,91334800,0.0,0.0,0.0
2003-05-20 00:00:00-04:00,27.760000228881836,27.959999084472656,27.40999984741211,27.770000457763672,23.39997673034668,71817800,0.0,0.0,0.0
2003-05-21 00:00:00-04:00,27.649999618530273,27.75,27.440000534057617,27.690000534057617,23.332565307617188,63648500,0.0,0.0,0.0
2003-05-22 00:00:00-04:00,27.760000228881836,28.31999969482422,27.6200008392334,28.09000015258789,23.66961669921875,62401400,0.0,0.0,0.0
2003-05-23 00:00:00-04:00,28.040000915527344,28.25,27.950000762939453,28.100000381469727,23.67804527282715,37922500,0.0,0.0,0.0
2003-05-27 00:00:00-04:00,27.93000030517578,29.219999313354492,27.899999618530273,29.100000381469727,24.52067756652832,101422100,0.0,0.0,0.0
2003-05-28 00:00:00-04:00,29.15999984741211,29.399999618530273,28.959999084472656,29.190000534057617,24.596513748168945,76290400,0.0,0.0,0.0
2003-05-29 00:00:00-04:00,29.229999542236328,29.799999237060547,29.15999984741211,29.309999465942383,24.697629928588867,97336000,0.0,0.0,0.0
2003-05-30 00:00:00-04:00,29.530000686645508,29.8700008392334,29.450000762939453,29.790000915527344,25.102102279663086,78093700,0.0,0.0,0.0
2003-06-02 00:00:00-04:00,30.079999923706055,30.200000762939453,29.309999465942383,29.579999923706055,24.925146102905273,102937000,0.0,0.0,0.0
2003-06-03 00:00:00-04:00,29.440000534057617,29.8799991607666,29.329999923706055,29.860000610351562,25.161088943481445,81672600,0.0,0.0,0.0
2003-06-04 00:00:00-04:00,29.809999465942383,30.579999923706055,29.719999313354492,30.420000076293945,25.632957458496094,87046100,0.0,0.0,0.0
2003-06-05 00:00:00-04:00,30.1299991607666,30.68000030517578,29.969999313354492,30.639999389648438,25.81834602355957,88747900,0.0,0.0,0.0
2003-06-06 00:00:00-04:00,31.209999084472656,31.469999313354492,30.040000915527344,30.1299991607666,25.388593673706055,157178100,0.0,0.0,0.0
2003-06-09 00:00:00-04:00,30.0,30.219999313354492,29.530000686645508,29.729999542236328,25.051542282104492,94941800,0.0,0.0,0.0
2003-06-10 00:00:00-04:00,29.860000610351562,30.200000762939453,29.68000030517578,30.18000030517578,25.430728912353516,69660100,0.0,0.0,0.0
2003-06-11 00:00:00-04:00,30.06999969482422,30.639999389648438,29.799999237060547,30.520000457763672,25.717220306396484,87338200,0.0,0.0,0.0
2003-06-12 00:00:00-04:00,30.639999389648438,30.75,30.260000228881836,30.649999618530273,25.826757431030273,79450500,0.0,0.0,0.0
2003-06-13 00:00:00-04:00,30.65999984741211,30.729999542236328,29.860000610351562,29.959999084472656,25.245351791381836,83353600,0.0,0.0,0.0
2003-06-16 00:00:00-04:00,30.170000076293945,30.899999618530273,30.0,30.8799991607666,26.020570755004883,71211800,0.0,0.0,0.0
2003-06-17 00:00:00-04:00,31.020000457763672,31.110000610351562,30.559999465942383,30.760000228881836,25.91944694519043,67571200,0.0,0.0,0.0
2003-06-18 00:00:00-04:00,30.65999984741211,31.229999542236328,30.450000762939453,30.920000076293945,26.054277420043945,80215700,0.0,0.0,0.0
2003-06-19 00:00:00-04:00,30.979999542236328,31.239999771118164,30.3799991607666,30.420000076293945,25.632957458496094,79467200,0.0,0.0,0.0
2003-06-20 00:00:00-04:00,30.690000534057617,30.780000686645508,30.25,30.3799991607666,25.59925079345703,71512400,0.0,0.0,0.0
2003-06-23 00:00:00-04:00,30.329999923706055,30.3700008392334,29.559999465942383,29.90999984741211,25.20321273803711,86509400,0.0,0.0,0.0
2003-06-24 00:00:00-04:00,29.729999542236328,30.1299991607666,29.530000686645508,29.68000030517578,25.009418487548828,83004400,0.0,0.0,0.0
2003-06-25 00:00:00-04:00,29.670000076293945,30.18000030517578,29.469999313354492,29.520000457763672,24.874591827392578,94255300,0.0,0.0,0.0
2003-06-26 00:00:00-04:00,29.709999084472656,30.280000686645508,29.610000610351562,30.219999313354492,25.464431762695312,79187500,0.0,0.0,0.0
2003-06-27 00:00:00-04:00,30.25,30.56999969482422,29.770000457763672,29.829999923706055,25.13581085205078,82451900,0.0,0.0,0.0
2003-06-30 00:00:00-04:00,30.15999984741211,30.34000015258789,29.799999237060547,29.950000762939453,25.236919403076172,72043000,0.0,0.0,0.0
2003-07-01 00:00:00-04:00,29.700000762939453,30.3799991607666,29.260000228881836,30.350000381469727,25.573974609375,105852500,0.0,0.0,0.0
2003-07-02 00:00:00-04:00,30.40999984741211,30.989999771118164,30.3799991607666,30.969999313354492,26.09641456604004,81972500,0.0,0.0,0.0
2003-07-03 00:00:00-04:00,30.700000762939453,31.100000381469727,30.469999313354492,30.579999923706055,25.767784118652344,50050400,0.0,0.0,0.0
2003-07-07 00:00:00-04:00,30.969999313354492,31.899999618530273,30.959999084472656,31.889999389648438,26.87163734436035,88554600,0.0,0.0,0.0
2003-07-08 00:00:00-04:00,31.780000686645508,32.310001373291016,31.6200008392334,32.279998779296875,27.200254440307617,81874500,0.0,0.0,0.0
2003-07-09 00:00:00-04:00,32.18000030517578,32.4900016784668,31.93000030517578,32.20000076293945,27.132848739624023,89588400,0.0,0.0,0.0
2003-07-10 00:00:00-04:00,31.850000381469727,31.989999771118164,31.329999923706055,31.600000381469727,26.627273559570312,102928700,0.0,0.0,0.0
2003-07-11 00:00:00-04:00,31.649999618530273,31.989999771118164,31.610000610351562,31.84000015258789,26.829500198364258,67728100,0.0,0.0,0.0
2003-07-14 00:00:00-04:00,32.34000015258789,32.75,32.06999969482422,32.220001220703125,27.149702072143555,84524600,0.0,0.0,0.0
2003-07-15 00:00:00-04:00,32.529998779296875,32.650001525878906,31.940000534057617,32.2599983215332,27.18341636657715,75059000,0.0,0.0,0.0
2003-07-16 00:00:00-04:00,32.459999084472656,32.5,31.729999542236328,32.15999984741211,27.09914207458496,80138700,0.0,0.0,0.0
2003-07-17 00:00:00-04:00,31.68000030517578,31.84000015258789,31.040000915527344,31.18000030517578,26.273361206054688,116260400,0.0,0.0,0.0
2003-07-18 00:00:00-04:00,31.399999618530273,31.549999237060547,30.920000076293945,31.280000686645508,26.357629776000977,80519000,0.0,0.0,0.0
2003-07-21 00:00:00-04:00,31.239999771118164,31.299999237060547,30.610000610351562,30.8799991607666,26.020570755004883,111325300,0.0,0.0,0.0
2003-07-22 00:00:00-04:00,31.110000610351562,31.5,30.860000610351562,31.34000015258789,26.408187866210938,91471500,0.0,0.0,0.0
2003-07-23 00:00:00-04:00,31.389999389648438,31.639999389648438,30.989999771118164,31.600000381469727,26.627273559570312,69050400,0.0,0.0,0.0
2003-07-24 00:00:00-04:00,31.850000381469727,32.02000045776367,31.079999923706055,31.18000030517578,26.273361206054688,82999700,0.0,0.0,0.0
2003-07-25 00:00:00-04:00,31.1299991607666,31.84000015258789,30.770000457763672,31.799999237060547,26.79580307006836,82709600,0.0,0.0,0.0
2003-07-28 00:00:00-04:00,31.860000610351562,31.989999771118164,31.600000381469727,31.889999389648438,26.87163734436035,56180800,0.0,0.0,0.0
2003-07-29 00:00:00-04:00,31.93000030517578,32.02000045776367,31.239999771118164,31.649999618530273,26.669397354125977,80560100,0.0,0.0,0.0
2003-07-30 00:00:00-04:00,31.709999084472656,31.739999771118164,31.329999923706055,31.420000076293945,26.475601196289062,56617300,0.0,0.0,0.0
2003-07-31 00:00:00-04:00,31.790000915527344,32.33000183105469,31.520000457763672,31.799999237060547,26.79580307006836,85544100,0.0,0.0,0.0
2003-08-01 00:00:00-04:00,31.690000534057617,31.790000915527344,31.299999237060547,31.459999084472656,26.509300231933594,73545400,0.0,0.0,0.0
2003-08-04 00:00:00-04:00,31.420000076293945,31.799999237060547,30.84000015258789,31.450000762939453,26.500864028930664,96344600,0.0,0.0,0.0
2003-08-05 00:00:00-04:00,31.40999984741211,31.479999542236328,30.100000381469727,30.209999084472656,25.456008911132812,111041800,0.0,0.0,0.0
2003-08-06 00:00:00-04:00,30.360000610351562,30.770000457763672,30.100000381469727,30.190000534057617,25.439151763916016,96816000,0.0,0.0,0.0
2003-08-07 00:00:00-04:00,30.219999313354492,30.510000228881836,30.020000457763672,30.309999465942383,25.540260314941406,67326600,0.0,0.0,0.0
2003-08-08 00:00:00-04:00,30.43000030517578,30.549999237060547,29.93000030517578,30.06999969482422,25.338037490844727,66677100,0.0,0.0,0.0
2003-08-11 00:00:00-04:00,30.079999923706055,30.600000381469727,30.030000686645508,30.399999618530273,25.61610984802246,63712200,0.0,0.0,0.0
2003-08-12 00:00:00-04:00,30.510000228881836,30.899999618530273,30.329999923706055,30.860000610351562,26.003719329833984,59676100,0.0,0.0,0.0
2003-08-13 00:00:00-04:00,30.979999542236328,31.06999969482422,30.649999618530273,30.8700008392334,26.01214599609375,57969700,0.0,0.0,0.0
2003-08-14 00:00:00-04:00,30.8799991607666,31.190000534057617,30.670000076293945,30.899999618530273,26.037416458129883,50271500,0.0,0.0,0.0
2003-08-15 00:00:00-04:00,31.0,31.290000915527344,30.93000030517578,31.170000076293945,26.26493263244629,28116300,0.0,0.0,0.0
2003-08-18 00:00:00-04:00,31.309999465942383,32.0099983215332,31.229999542236328,31.969999313354492,26.939044952392578,67224100,0.0,0.0,0.0
2003-08-19 00:00:00-04:00,32.11000061035156,32.380001068115234,31.850000381469727,32.369998931884766,27.276100158691406,68205000,0.0,0.0,0.0
2003-08-20 00:00:00-04:00,32.099998474121094,32.52000045776367,32.02000045776367,32.290000915527344,27.208690643310547,58233500,0.0,0.0,0.0
2003-08-21 00:00:00-04:00,32.59000015258789,32.81999969482422,32.27000045776367,32.63999938964844,27.50360679626465,77161400,0.0,0.0,0.0
2003-08-22 00:00:00-04:00,33.2599983215332,33.369998931884766,32.380001068115234,32.439998626708984,27.335081100463867,92989800,0.0,0.0,0.0
2003-08-25 00:00:00-04:00,32.36000061035156,32.540000915527344,32.209999084472656,32.5099983215332,27.394071578979492,43044700,0.0,0.0,0.0
2003-08-26 00:00:00-04:00,32.279998779296875,32.59000015258789,31.809999465942383,32.540000915527344,27.419353485107422,79838500,0.0,0.0,0.0
2003-08-27 00:00:00-04:00,32.4900016784668,32.83000183105469,32.369998931884766,32.79999923706055,27.638423919677734,47532100,0.0,0.0,0.0
2003-08-28 00:00:00-04:00,32.939998626708984,33.119998931884766,32.52000045776367,33.09000015258789,27.88279914855957,55311000,0.0,0.0,0.0
2003-08-29 00:00:00-04:00,33.040000915527344,33.459999084472656,32.97999954223633,33.38999938964844,28.135589599609375,53148800,0.0,0.0,0.0
2003-09-02 00:00:00-04:00,33.4900016784668,33.88999938964844,33.130001068115234,33.869998931884766,28.540048599243164,80303100,0.0,0.0,0.0
2003-09-03 00:00:00-04:00,34.099998474121094,34.20000076293945,33.650001525878906,33.849998474121094,28.52320098876953,85234800,0.0,0.0,0.0
2003-09-04 00:00:00-04:00,33.83000183105469,34.220001220703125,33.70000076293945,34.15999984741211,28.7844181060791,63736100,0.0,0.0,0.0
2003-09-05 00:00:00-04:00,33.970001220703125,34.34000015258789,33.66999816894531,33.939998626708984,28.59903907775879,91024100,0.0,0.0,0.0
2003-09-08 00:00:00-04:00,34.0,34.529998779296875,33.95000076293945,34.5,29.070905685424805,69296000,0.0,0.0,0.0
2003-09-09 00:00:00-04:00,34.31999969482422,34.38999938964844,33.91999816894531,34.09000015258789,28.725425720214844,87817500,0.0,0.0,0.0
2003-09-10 00:00:00-04:00,33.75,33.88999938964844,33.11000061035156,33.27000045776367,28.034467697143555,111624500,0.0,0.0,0.0
2003-09-11 00:00:00-04:00,33.279998779296875,33.779998779296875,33.0099983215332,33.63999938964844,28.34624481201172,96914900,0.0,0.0,0.0
2003-09-12 00:00:00-04:00,33.34000015258789,33.84000015258789,33.04999923706055,33.81999969482422,28.4979190826416,104963000,0.0,0.0,0.0
2003-09-15 00:00:00-04:00,33.84000015258789,33.90999984741211,33.439998626708984,33.4900016784668,28.219846725463867,54594200,0.0,0.0,0.0
2003-09-16 00:00:00-04:00,33.52000045776367,34.43000030517578,33.52000045776367,34.400001525878906,28.986656188964844,87463800,0.0,0.0,0.0
2003-09-17 00:00:00-04:00,34.33000183105469,34.5,34.029998779296875,34.2599983215332,28.868677139282227,79794700,0.0,0.0,0.0
2003-09-18 00:00:00-04:00,34.16999816894531,34.86000061035156,34.0,34.779998779296875,29.30685043334961,91469900,0.0,0.0,0.0
2003-09-19 00:00:00-04:00,34.790000915527344,34.86000061035156,34.36000061035156,34.58000183105469,29.138315200805664,69796000,0.0,0.0,0.0
2003-09-22 00:00:00-04:00,34.130001068115234,34.20000076293945,33.77000045776367,33.91999816894531,28.582170486450195,97477500,0.0,0.0,0.0
2003-09-23 00:00:00-04:00,33.970001220703125,34.560001373291016,33.90999984741211,34.52000045776367,29.0877628326416,77826500,0.0,0.0,0.0
2003-09-24 00:00:00-04:00,34.5099983215332,34.52000045776367,33.16999816894531,33.220001220703125,27.992332458496094,115057400,0.0,0.0,0.0
2003-09-25 00:00:00-04:00,33.380001068115234,33.7400016784668,32.7599983215332,32.790000915527344,27.6300048828125,117604800,0.0,0.0,0.0
2003-09-26 00:00:00-04:00,32.88999938964844,33.16999816894531,32.52000045776367,32.58000183105469,27.45305633544922,106581000,0.0,0.0,0.0
2003-09-29 00:00:00-04:00,32.7599983215332,33.16999816894531,32.45000076293945,33.13999938964844,27.92491912841797,96862800,0.0,0.0,0.0
2003-09-30 00:00:00-04:00,32.91999816894531,32.959999084472656,32.36000061035156,32.41999816894531,27.318239212036133,119122500,0.0,0.0,0.0
2003-10-01 00:00:00-04:00,32.61000061035156,33.22999954223633,32.41999816894531,33.150001525878906,27.933353424072266,106653600,0.0,0.0,0.0
2003-10-02 00:00:00-04:00,33.099998474121094,33.43000030517578,32.93000030517578,33.2599983215332,28.026031494140625,83911100,0.0,0.0,0.0
2003-10-03 00:00:00-04:00,33.849998474121094,34.470001220703125,33.81999969482422,34.189998626708984,28.8096866607666,112862800,0.0,0.0,0.0
2003-10-06 00:00:00-04:00,34.279998779296875,34.45000076293945,34.060001373291016,34.439998626708984,29.020355224609375,49162900,0.0,0.0,0.0
2003-10-07 00:00:00-04:00,34.15999984741211,34.650001525878906,34.0099983215332,34.650001525878906,29.197309494018555,80104600,0.0,0.0,0.0
2003-10-08 00:00:00-04:00,34.810001373291016,34.84000015258789,34.220001220703125,34.43000030517578,29.011934280395508,71387400,0.0,0.0,0.0
2003-10-09 00:00:00-04:00,34.90999984741211,35.27000045776367,34.43000030517578,34.689998626708984,29.230993270874023,118216100,0.0,0.0,0.0
2003-10-10 00:00:00-04:00,34.77000045776367,35.029998779296875,34.63999938964844,35.0099983215332,29.50065803527832,68356200,0.0,0.0,0.0
2003-10-13 00:00:00-04:00,35.13999938964844,35.369998931884766,34.91999816894531,35.2400016784668,29.694456100463867,60919800,0.0,0.0,0.0
2003-10-14 00:00:00-04:00,35.099998474121094,35.43000030517578,34.959999084472656,35.33000183105469,29.770320892333984,62274900,0.0,0.0,0.0
2003-10-15 00:00:00-04:00,35.79999923706055,35.849998474121094,35.029998779296875,35.18000030517578,29.643896102905273,97045200,0.0,0.0,0.0
2003-10-16 00:00:00-04:00,35.099998474121094,35.529998779296875,35.060001373291016,35.459999084472656,29.879846572875977,73955000,0.0,0.0,0.0
2003-10-17 00:00:00-04:00,35.40999984741211,35.4900016784668,34.599998474121094,34.61000061035156,29.16361427307129,97794400,0.0,0.0,0.0
2003-10-20 00:00:00-04:00,34.650001525878906,35.08000183105469,34.5,35.040000915527344,29.525941848754883,75544300,0.0,0.0,0.0
2003-10-21 00:00:00-04:00,35.13999938964844,35.45000076293945,34.939998626708984,35.25,29.702882766723633,73455600,0.0,0.0,0.0
2003-10-22 00:00:00-04:00,34.88999938964844,34.93000030517578,34.439998626708984,34.56999969482422,29.129892349243164,88141400,0.0,0.0,0.0
2003-10-23 00:00:00-04:00,34.150001525878906,34.5099983215332,34.04999923706055,34.16999816894531,28.792848587036133,95409600,0.0,0.0,0.0
2003-10-24 00:00:00-04:00,33.790000915527344,34.22999954223633,33.4900016784668,34.20000076293945,28.818124771118164,101778600,0.0,0.0,0.0
2003-10-27 00:00:00-05:00,34.279998779296875,34.45000076293945,34.040000915527344,34.209999084472656,28.826549530029297,63604500,0.0,0.0,0.0
2003-10-28 00:00:00-05:00,34.43000030517578,35.40999984741211,34.369998931884766,35.36000061035156,29.795578002929688,107375700,0.0,0.0,0.0
2003-10-29 00:00:00-05:00,35.20000076293945,35.40999984741211,35.06999969482422,35.31999969482422,29.761863708496094,74075200,0.0,0.0,0.0
2003-10-30 00:00:00-05:00,35.810001373291016,36.0,35.13999938964844,35.38999938964844,29.82084846496582,95062600,0.0,0.0,0.0
2003-10-31 00:00:00-05:00,35.439998626708984,35.4900016784668,35.060001373291016,35.18000030517578,29.643896102905273,55473200,0.0,0.0,0.0
2003-11-03 00:00:00-05:00,35.43000030517578,35.97999954223633,35.36000061035156,35.7599983215332,30.132625579833984,71141200,0.0,0.0,0.0
2003-11-04 00:00:00-05:00,35.689998626708984,35.869998931884766,35.45000076293945,35.52000045776367,29.930389404296875,60033900,0.0,0.0,0.0
2003-11-05 00:00:00-05:00,35.52000045776367,35.88999938964844,35.150001525878906,35.84000015258789,30.200050354003906,67412700,0.0,0.0,0.0
2003-11-06 00:00:00-05:00,35.790000915527344,35.970001220703125,35.34000015258789,35.939998626708984,30.2843017578125,90567400,0.0,0.0,0.0
2003-11-07 00:00:00-05:00,36.08000183105469,36.18000030517578,35.599998474121094,35.630001068115234,30.023088455200195,63505200,0.0,0.0,0.0
2003-11-10 00:00:00-05:00,35.70000076293945,35.7400016784668,35.09000015258789,35.189998626708984,29.652334213256836,68896400,0.0,0.0,0.0
2003-11-11 00:00:00-05:00,35.150001525878906,35.29999923706055,34.849998474121094,35.060001373291016,29.54280662536621,75607100,0.0,0.0,0.0
2003-11-12 00:00:00-05:00,35.16999816894531,35.959999084472656,35.13999938964844,35.810001373291016,30.174762725830078,80364600,0.0,0.0,0.0
2003-11-13 00:00:00-05:00,35.709999084472656,35.900001525878906,35.54999923706055,35.77000045776367,30.141069412231445,64243000,0.0,0.0,0.0
2003-11-14 00:00:00-05:00,35.810001373291016,36.02000045776367,34.95000076293945,35.040000915527344,29.525941848754883,90932200,0.0,0.0,0.0
2003-11-17 00:00:00-05:00,34.84000015258789,34.90999984741211,34.2599983215332,34.68000030517578,29.222585678100586,108063100,0.0,0.0,0.0
2003-11-18 00:00:00-05:00,34.869998931884766,34.970001220703125,33.81999969482422,33.880001068115234,28.54848861694336,108588500,0.0,0.0,0.0
2003-11-19 00:00:00-05:00,34.0099983215332,34.400001525878906,33.880001068115234,34.209999084472656,28.826549530029297,86320300,0.0,0.0,0.0
2003-11-20 00:00:00-05:00,33.91999816894531,34.68000030517578,33.810001373291016,33.880001068115234,28.54848861694336,117324500,0.0,0.0,0.0
2003-11-21 00:00:00-05:00,34.08000183105469,34.2599983215332,33.72999954223633,34.22999954223633,28.843395233154297,81787500,0.0,0.0,0.0
2003-11-24 00:00:00-05:00,34.52000045776367,35.25,34.470001220703125,35.18000030517578,29.643896102905273,92057500,0.0,0.0,0.0
2003-11-25 00:00:00-05:00,35.290000915527344,35.45000076293945,35.09000015258789,35.18000030517578,29.643896102905273,72519800,0.0,0.0,0.0
2003-11-26 00:00:00-05:00,35.400001525878906,35.52000045776367,34.810001373291016,35.34000015258789,29.77873420715332,72842900,0.0,0.0,0.0
2003-11-28 00:00:00-05:00,35.2599983215332,35.5,35.209999084472656,35.380001068115234,29.81243133544922,24802600,0.0,0.0,0.0
2003-12-01 00:00:00-05:00,35.709999084472656,36.0099983215332,35.470001220703125,35.900001525878906,30.25060272216797,82767300,0.0,0.0,0.0
2003-12-02 00:00:00-05:00,35.81999969482422,36.04999923706055,35.58000183105469,35.70000076293945,30.082063674926758,62504500,0.0,0.0,0.0
2003-12-03 00:00:00-05:00,35.84000015258789,36.119998931884766,35.25,35.25,29.702882766723633,107568500,0.0,0.0,0.0
2003-12-04 00:00:00-05:00,35.380001068115234,35.709999084472656,35.08000183105469,35.630001068115234,30.023088455200195,102334800,0.0,0.0,0.0
2003-12-05 00:00:00-05:00,35.27000045776367,35.5,34.959999084472656,35.040000915527344,29.525941848754883,87490200,0.0,0.0,0.0
2003-12-08 00:00:00-05:00,35.02000045776367,35.33000183105469,34.779998779296875,35.2400016784668,29.694456100463867,86961200,0.0,0.0,0.0
2003-12-09 00:00:00-05:00,35.439998626708984,35.459999084472656,34.349998474121094,34.43000030517578,29.011934280395508,109949500,0.0,0.0,0.0
2003-12-10 00:00:00-05:00,34.5,34.70000076293945,34.130001068115234,34.560001373291016,29.121475219726562,103504200,0.0,0.0,0.0
2003-12-11 00:00:00-05:00,34.5,35.38999938964844,34.4900016784668,35.29999923706055,29.74501609802246,108374700,0.0,0.0,0.0
2003-12-12 00:00:00-05:00,35.310001373291016,35.34000015258789,34.900001525878906,35.2400016784668,29.694456100463867,72189400,0.0,0.0,0.0
2003-12-15 00:00:00-05:00,35.93000030517578,35.9900016784668,34.650001525878906,34.779998779296875,29.30685043334961,106091400,0.0,0.0,0.0
2003-12-16 00:00:00-05:00,34.790000915527344,35.02000045776367,34.41999816894531,34.849998474121094,29.365833282470703,89854700,0.0,0.0,0.0
2003-12-17 00:00:00-05:00,34.810001373291016,35.0,34.56999969482422,34.90999984741211,29.41638946533203,68539900,0.0,0.0,0.0
2003-12-18 00:00:00-05:00,34.95000076293945,35.63999938964844,34.95000076293945,35.560001373291016,29.96409797668457,89978100,0.0,0.0,0.0
2003-12-19 00:00:00-05:00,35.61000061035156,35.650001525878906,35.20000076293945,35.459999084472656,29.879846572875977,89762300,0.0,0.0,0.0
2003-12-22 00:00:00-05:00,35.349998474121094,35.68000030517578,35.290000915527344,35.56999969482422,29.972549438476562,63580000,0.0,0.0,0.0
2003-12-23 00:00:00-05:00,35.599998474121094,36.02000045776367,35.529998779296875,35.84000015258789,30.200050354003906,66999800,0.0,0.0,0.0
2003-12-24 00:00:00-05:00,35.84000015258789,36.02000045776367,35.79999923706055,35.900001525878906,30.262426376342773,44840300,0.014,0.0,0.0
2003-12-26 00:00:00-05:00,35.959999084472656,36.09000015258789,35.81999969482422,35.849998474121094,30.220264434814453,25497600,0.0,0.0,0.0
2003-12-29 00:00:00-05:00,36.029998779296875,36.529998779296875,36.02000045776367,36.439998626708984,30.71762466430664,63296200,0.0,0.0,0.0
2003-12-30 00:00:00-05:00,36.529998779296875,36.58000183105469,36.29999923706055,36.560001373291016,30.818769454956055,48249400,0.0,0.0,0.0
2003-12-31 00:00:00-05:00,36.619998931884766,36.63999938964844,36.25,36.459999084472656,30.7344913482666,60494600,0.0,0.0,0.0
2004-01-02 00:00:00-05:00,36.65999984741211,36.790000915527344,36.220001220703125,36.36000061035156,30.65017318725586,55234100,0.0,0.0,0.0
2004-01-05 00:00:00-05:00,36.58000183105469,37.15999984741211,36.560001373291016,37.09000015258789,31.26556396484375,69717900,0.0,0.0,0.0
2004-01-06 00:00:00-05:00,37.08000183105469,37.41999816894531,36.95000076293945,37.34000015258789,31.47629165649414,60033000,0.0,0.0,0.0
2004-01-07 00:00:00-05:00,37.279998779296875,37.68000030517578,37.06999969482422,37.68000030517578,31.76291275024414,71830000,0.0,0.0,0.0
2004-01-08 00:00:00-05:00,37.849998474121094,38.0,37.599998474121094,37.97999954223633,32.015785217285156,76800900,0.0,0.0,0.0
2004-01-09 00:00:00-05:00,37.709999084472656,38.349998474121094,37.59000015258789,37.72999954223633,31.805055618286133,94296500,0.0,0.0,0.0
2004-01-12 00:00:00-05:00,37.849998474121094,38.349998474121094,37.68000030517578,38.33000183105469,32.31083679199219,77668400,0.0,0.0,0.0
2004-01-13 00:00:00-05:00,38.27000045776367,38.36000061035156,37.599998474121094,37.95000076293945,31.990495681762695,92973900,0.0,0.0,0.0
2004-01-14 00:00:00-05:00,38.08000183105469,38.25,37.75,38.08000183105469,32.10007858276367,68122400,0.0,0.0,0.0
2004-01-15 00:00:00-05:00,37.93000030517578,38.459999084472656,37.630001068115234,38.18000030517578,32.18437194824219,104427700,0.0,0.0,0.0
2004-01-16 00:00:00-05:00,38.380001068115234,38.630001068115234,38.16999816894531,38.56999969482422,32.51314163208008,77324100,0.0,0.0,0.0
2004-01-20 00:00:00-05:00,38.72999954223633,39.0,38.310001373291016,38.540000915527344,32.48784637451172,81998100,0.0,0.0,0.0
2004-01-21 00:00:00-05:00,38.38999938964844,38.65999984741211,38.0,38.380001068115234,32.35298156738281,112180300,0.0,0.0,0.0
2004-01-22 00:00:00-05:00,38.54999923706055,38.689998626708984,38.060001373291016,38.150001525878906,32.15910720825195,90061900,0.0,0.0,0.0
2004-01-23 00:00:00-05:00,38.209999084472656,38.459999084472656,37.779998779296875,38.0099983215332,32.04106521606445,88751300,0.0,0.0,0.0
2004-01-26 00:00:00-05:00,37.97999954223633,38.650001525878906,37.84000015258789,38.59000015258789,32.53001022338867,84538000,0.0,0.0,0.0
2004-01-27 00:00:00-05:00,38.5099983215332,38.630001068115234,37.689998626708984,37.7400016784668,31.8134765625,97191600,0.0,0.0,0.0
2004-01-28 00:00:00-05:00,37.939998626708984,38.060001373291016,37.0,37.099998474121094,31.27397918701172,127959700,0.0,0.0,0.0
2004-01-29 00:00:00-05:00,37.2400016784668,37.310001373291016,36.65999984741211,37.2400016784668,31.392000198364258,143925900,0.0,0.0,0.0
2004-01-30 00:00:00-05:00,37.20000076293945,37.439998626708984,36.970001220703125,37.06999969482422,31.248672485351562,84264700,0.0,0.0,0.0
2004-02-02 00:00:00-05:00,37.20000076293945,37.47999954223633,36.81999969482422,36.970001220703125,31.164390563964844,94507900,0.0,0.0,0.0
2004-02-03 00:00:00-05:00,36.90999984741211,37.2400016784668,36.84000015258789,36.93000030517578,31.13068199157715,73488700,0.0,0.0,0.0
2004-02-04 00:00:00-05:00,36.619998931884766,36.86000061035156,36.33000183105469,36.33000183105469,30.624910354614258,109933000,0.0,0.0,0.0
2004-02-05 00:00:00-05:00,36.5099983215332,36.709999084472656,36.33000183105469,36.470001220703125,30.742904663085938,96784500,0.0,0.0,0.0
2004-02-06 00:00:00-05:00,36.599998474121094,37.279998779296875,36.529998779296875,37.130001068115234,31.299272537231445,107174100,0.0,0.0,0.0
2004-02-09 00:00:00-05:00,37.34000015258789,37.380001068115234,37.04999923706055,37.119998931884766,31.290843963623047,58817700,0.0,0.0,0.0
2004-02-10 00:00:00-05:00,37.060001373291016,37.40999984741211,37.029998779296875,37.18000030517578,31.3414306640625,65042700,0.0,0.0,0.0
2004-02-11 00:00:00-05:00,37.2400016784668,37.66999816894531,37.06999969482422,37.58000183105469,31.67860221862793,92503000,0.0,0.0,0.0
2004-02-12 00:00:00-05:00,37.52000045776367,37.70000076293945,37.2400016784668,37.25,31.400423049926758,70556400,0.0,0.0,0.0
2004-02-13 00:00:00-05:00,37.38999938964844,37.970001220703125,36.7599983215332,36.939998626708984,31.139108657836914,90570400,0.0,0.0,0.0
2004-02-17 00:00:00-05:00,37.279998779296875,37.619998931884766,37.220001220703125,37.439998626708984,31.560590744018555,69678600,0.0,0.0,0.0
2004-02-18 00:00:00-05:00,37.5099983215332,37.66999816894531,37.31999969482422,37.54999923706055,31.65331268310547,70972100,0.0,0.0,0.0
2004-02-19 00:00:00-05:00,37.869998931884766,37.900001525878906,36.81999969482422,36.97999954223633,31.172832489013672,100843800,0.0,0.0,0.0
2004-02-20 00:00:00-05:00,37.0,37.13999938964844,36.54999923706055,36.86000061035156,31.071666717529297,132347600,0.0,0.0,0.0
2004-02-23 00:00:00-05:00,37.0,37.029998779296875,36.11000061035156,36.45000076293945,30.72606086730957,125199800,0.0,0.0,0.0
2004-02-24 00:00:00-05:00,36.29999923706055,36.650001525878906,36.099998474121094,36.36000061035156,30.65017318725586,124521900,0.0,0.0,0.0
2004-02-25 00:00:00-05:00,36.43000030517578,36.66999816894531,36.33000183105469,36.58000183105469,30.83564567565918,74457100,0.0,0.0,0.0
2004-02-26 00:00:00-05:00,36.470001220703125,36.84000015258789,36.310001373291016,36.66999816894531,30.9114990234375,71327600,0.0,0.0,0.0
2004-02-27 00:00:00-05:00,36.7599983215332,36.939998626708984,36.27000045776367,36.56999969482422,30.82720947265625,99383900,0.0,0.0,0.0
2004-03-01 00:00:00-05:00,36.68000030517578,37.06999969482422,36.470001220703125,37.04999923706055,31.231828689575195,79700700,0.0,0.0,0.0
2004-03-02 00:00:00-05:00,36.97999954223633,37.18000030517578,36.61000061035156,36.619998931884766,30.869361877441406,91536000,0.0,0.0,0.0
2004-03-03 00:00:00-05:00,36.5099983215332,36.630001068115234,36.209999084472656,36.41999816894531,30.700763702392578,83938300,0.0,0.0,0.0
2004-03-04 00:00:00-05:00,36.439998626708984,36.83000183105469,36.38999938964844,36.7599983215332,30.98736572265625,65905600,0.0,0.0,0.0
2004-03-05 00:00:00-05:00,36.41999816894531,37.150001525878906,36.36000061035156,36.630001068115234,30.877790451049805,118107100,0.0,0.0,0.0
2004-03-08 00:00:00-05:00,36.689998626708984,36.81999969482422,35.72999954223633,35.77000045776367,30.152847290039062,112599500,0.0,0.0,0.0
2004-03-09 00:00:00-05:00,35.810001373291016,35.97999954223633,35.52000045776367,35.65999984741211,30.060108184814453,126140400,0.0,0.0,0.0
2004-03-10 00:00:00-05:00,35.75,36.0,35.130001068115234,35.189998626708984,29.663923263549805,134226100,0.0,0.0,0.0
2004-03-11 00:00:00-05:00,35.06999969482422,35.529998779296875,34.79999923706055,34.869998931884766,29.39415740966797,152132000,0.0,0.0,0.0
2004-03-12 00:00:00-05:00,35.18000030517578,35.59000015258789,35.150001525878906,35.5099983215332,29.93366241455078,118369600,0.0,0.0,0.0
2004-03-15 00:00:00-05:00,35.36000061035156,35.400001525878906,34.810001373291016,34.88999938964844,29.41102409362793,115813600,0.0,0.0,0.0
2004-03-16 00:00:00-05:00,35.11000061035156,35.25,34.630001068115234,34.95000076293945,29.46160888671875,123265100,0.0,0.0,0.0
2004-03-17 00:00:00-05:00,35.209999084472656,35.619998931884766,35.18000030517578,35.5,29.92523956298828,91684700,0.0,0.0,0.0
2004-03-18 00:00:00-05:00,35.369998931884766,35.459999084472656,34.970001220703125,35.34000015258789,29.790369033813477,111249700,0.0,0.0,0.0
2004-03-19 00:00:00-05:00,35.279998779296875,35.459999084472656,34.720001220703125,34.75,29.29302215576172,99976700,0.0,0.0,0.0
2004-03-22 00:00:00-05:00,34.529998779296875,34.54999923706055,34.029998779296875,34.310001373291016,28.922100067138672,133870400,0.0,0.0,0.0
2004-03-23 00:00:00-05:00,34.59000015258789,34.650001525878906,34.0099983215332,34.029998779296875,28.68608283996582,125945800,0.0,0.0,0.0
2004-03-24 00:00:00-05:00,34.150001525878906,34.630001068115234,34.0099983215332,34.41999816894531,29.01483917236328,118876800,0.0,0.0,0.0
2004-03-25 00:00:00-05:00,34.650001525878906,35.459999084472656,34.619998931884766,35.34000015258789,29.790369033813477,142122000,0.0,0.0,0.0
2004-03-26 00:00:00-05:00,35.29999923706055,35.58000183105469,35.20000076293945,35.220001220703125,29.689199447631836,78430800,0.0,0.0,0.0
2004-03-29 00:00:00-05:00,35.5099983215332,35.959999084472656,35.4900016784668,35.790000915527344,30.169696807861328,103864000,0.0,0.0,0.0
2004-03-30 00:00:00-05:00,35.66999816894531,35.939998626708984,35.52000045776367,35.90999984741211,30.27085304260254,95716500,0.0,0.0,0.0
2004-03-31 00:00:00-05:00,35.91999816894531,36.0,35.61000061035156,35.84000015258789,30.211849212646484,85993900,0.0,0.0,0.0
2004-04-01 00:00:00-05:00,35.810001373291016,36.25,35.779998779296875,36.15999984741211,30.481592178344727,93048600,0.0,0.0,0.0
2004-04-02 00:00:00-05:00,36.88999938964844,37.15999984741211,36.52000045776367,37.099998474121094,31.27397918701172,145964000,0.0,0.0,0.0
2004-04-05 00:00:00-04:00,37.0099983215332,37.5,36.970001220703125,37.45000076293945,31.569013595581055,67351600,0.0,0.0,0.0
2004-04-06 00:00:00-04:00,37.15999984741211,37.25,36.91999816894531,36.97999954223633,31.172832489013672,98611400,0.0,0.0,0.0
2004-04-07 00:00:00-04:00,36.9900016784668,37.11000061035156,36.65999984741211,36.939998626708984,31.139108657836914,91004900,0.0,0.0,0.0
2004-04-08 00:00:00-04:00,37.349998474121094,37.38999938964844,36.7400016784668,36.939998626708984,31.139108657836914,77176300,0.0,0.0,0.0
2004-04-12 00:00:00-04:00,37.02000045776367,37.2400016784668,36.97999954223633,37.16999816894531,31.332971572875977,55285700,0.0,0.0,0.0
2004-04-13 00:00:00-04:00,37.34000015258789,37.36000061035156,36.459999084472656,36.630001068115234,30.877790451049805,100624400,0.0,0.0,0.0
2004-04-14 00:00:00-04:00,36.40999984741211,36.95000076293945,36.36000061035156,36.810001373291016,31.02952766418457,113663200,0.0,0.0,0.0
2004-04-15 00:00:00-04:00,36.75,36.86000061035156,36.02000045776367,36.150001525878906,30.473163604736328,123565500,0.0,0.0,0.0
2004-04-16 00:00:00-04:00,36.20000076293945,36.31999969482422,35.790000915527344,36.09000015258789,30.422571182250977,110736600,0.0,0.0,0.0
2004-04-19 00:00:00-04:00,36.0099983215332,36.59000015258789,35.97999954223633,36.529998779296875,30.79349136352539,85838700,0.0,0.0,0.0
2004-04-20 00:00:00-04:00,36.61000061035156,36.790000915527344,35.63999938964844,35.68000030517578,30.076967239379883,119545100,0.0,0.0,0.0
2004-04-21 00:00:00-04:00,35.900001525878906,36.11000061035156,35.650001525878906,35.9900016784668,30.338294982910156,117850500,0.0,0.0,0.0
2004-04-22 00:00:00-04:00,36.0,37.0099983215332,35.97999954223633,36.91999816894531,31.122241973876953,137623300,0.0,0.0,0.0
2004-04-23 00:00:00-04:00,37.08000183105469,37.2599983215332,36.900001525878906,37.209999084472656,31.366701126098633,91855600,0.0,0.0,0.0
2004-04-26 00:00:00-04:00,37.18000030517578,37.290000915527344,36.650001525878906,36.939998626708984,31.139108657836914,74392200,0.0,0.0,0.0
2004-04-27 00:00:00-04:00,36.95000076293945,37.189998626708984,36.689998626708984,36.869998931884766,31.08011245727539,87548500,0.0,0.0,0.0
2004-04-28 00:00:00-04:00,36.709999084472656,36.720001220703125,36.02000045776367,36.20000076293945,30.515308380126953,111740700,0.0,0.0,0.0
2004-04-29 00:00:00-04:00,36.09000015258789,36.34000015258789,35.29999923706055,35.63999938964844,30.04324722290039,156917100,0.0,0.0,0.0
2004-04-30 00:00:00-04:00,35.65999984741211,35.79999923706055,34.720001220703125,34.77000045776367,29.309879302978516,150829200,0.0,0.0,0.0
2004-05-03 00:00:00-04:00,35.0,35.52000045776367,34.88999938964844,35.099998474121094,29.588045120239258,117007200,0.0,0.0,0.0
2004-05-04 00:00:00-04:00,35.209999084472656,35.75,35.029998779296875,35.25,29.714488983154297,126176000,0.0,0.0,0.0
2004-05-05 00:00:00-04:00,35.41999816894531,35.70000076293945,35.20000076293945,35.529998779296875,29.95052719116211,97528500,0.0,0.0,0.0
2004-05-06 00:00:00-04:00,35.22999954223633,35.439998626708984,34.849998474121094,35.2599983215332,29.722915649414062,102733300,0.0,0.0,0.0
2004-05-07 00:00:00-04:00,35.09000015258789,35.63999938964844,34.90999984741211,34.970001220703125,29.478473663330078,137686000,0.0,0.0,0.0
2004-05-10 00:00:00-04:00,34.66999816894531,34.900001525878906,34.41999816894531,34.66999816894531,29.22557258605957,156951400,0.0,0.0,0.0
2004-05-11 00:00:00-04:00,34.970001220703125,35.380001068115234,34.91999816894531,35.189998626708984,29.663923263549805,120493600,0.0,0.0,0.0
2004-05-12 00:00:00-04:00,35.119998931884766,35.290000915527344,34.27000045776367,35.2599983215332,29.722915649414062,197765400,0.0,0.0,0.0
2004-05-13 00:00:00-04:00,35.060001373291016,35.45000076293945,34.91999816894531,35.0099983215332,29.512189865112305,137841700,0.0,0.0,0.0
2004-05-14 00:00:00-04:00,35.20000076293945,35.310001373291016,34.63999938964844,34.75,29.29302215576172,133689900,0.0,0.0,0.0
2004-05-17 00:00:00-04:00,34.380001068115234,34.65999984741211,34.11000061035156,34.41999816894531,29.01483917236328,150652400,0.0,0.0,0.0
2004-05-18 00:00:00-04:00,34.65999984741211,34.900001525878906,34.599998474121094,34.72999954223633,29.27614974975586,96686400,0.0,0.0,0.0
2004-05-19 00:00:00-04:00,35.15999984741211,35.5099983215332,34.630001068115234,34.689998626708984,29.242412567138672,141646900,0.0,0.0,0.0
2004-05-20 00:00:00-04:00,34.779998779296875,35.02000045776367,34.560001373291016,34.849998474121094,29.377307891845703,94938500,0.0,0.0,0.0
2004-05-21 00:00:00-04:00,35.0099983215332,35.16999816894531,34.7400016784668,35.02000045776367,29.52062225341797,111329200,0.0,0.0,0.0
2004-05-24 00:00:00-04:00,35.29999923706055,35.459999084472656,35.0,35.2599983215332,29.722915649414062,99861800,0.0,0.0,0.0
2004-05-25 00:00:00-04:00,35.150001525878906,36.08000183105469,34.95000076293945,35.959999084472656,30.31299591064453,146321400,0.0,0.0,0.0
2004-05-26 00:00:00-04:00,35.86000061035156,36.189998626708984,35.810001373291016,36.189998626708984,30.506864547729492,93789700,0.0,0.0,0.0
2004-05-27 00:00:00-04:00,36.290000915527344,36.5,36.060001373291016,36.41999816894531,30.700763702392578,110183400,0.0,0.0,0.0
2004-05-28 00:00:00-04:00,36.380001068115234,36.54999923706055,36.209999084472656,36.54999923706055,30.81035041809082,56379500,0.0,0.0,0.0
2004-06-01 00:00:00-04:00,36.27000045776367,36.54999923706055,36.11000061035156,36.5,30.768190383911133,90592700,0.0,0.0,0.0
2004-06-02 00:00:00-04:00,36.560001373291016,36.65999984741211,36.16999816894531,36.41999816894531,30.700763702392578,103519800,0.0,0.0,0.0
2004-06-03 00:00:00-04:00,36.29999923706055,36.36000061035156,35.81999969482422,35.97999954223633,30.329851150512695,97301400,0.0,0.0,0.0
2004-06-04 00:00:00-04:00,36.34000015258789,36.619998931884766,36.16999816894531,36.189998626708984,30.506864547729492,91233200,0.0,0.0,0.0
2004-06-07 00:00:00-04:00,36.439998626708984,37.099998474121094,36.34000015258789,37.04999923706055,31.231828689575195,107532600,0.0,0.0,0.0
2004-06-08 00:00:00-04:00,36.900001525878906,37.189998626708984,36.849998474121094,37.099998474121094,31.27397918701172,72530900,0.0,0.0,0.0
2004-06-09 00:00:00-04:00,36.97999954223633,37.04999923706055,36.5,36.58000183105469,30.83564567565918,98215200,0.0,0.0,0.0
2004-06-10 00:00:00-04:00,36.689998626708984,36.84000015258789,36.54999923706055,36.84000015258789,31.054811477661133,57101300,0.0,0.0,0.0
2004-06-14 00:00:00-04:00,36.61000061035156,36.61000061035156,36.099998474121094,36.31999969482422,30.616474151611328,85129900,0.0,0.0,0.0
2004-06-15 00:00:00-04:00,36.560001373291016,36.9900016784668,36.560001373291016,36.790000915527344,31.012649536132812,91937700,0.0,0.0,0.0
2004-06-16 00:00:00-04:00,36.77000045776367,36.900001525878906,36.650001525878906,36.72999954223633,30.96208381652832,64743300,0.0,0.0,0.0
2004-06-17 00:00:00-04:00,36.650001525878906,36.65999984741211,36.25,36.38999938964844,30.67547607421875,77844200,0.0,0.0,0.0
2004-06-18 00:00:00-04:00,36.29999923706055,36.84000015258789,36.2599983215332,36.439998626708984,30.71762466430664,78641500,0.0,0.0,0.0
2004-06-21 00:00:00-04:00,36.52000045776367,36.630001068115234,36.060001373291016,36.150001525878906,30.473163604736328,65373100,0.0,0.0,0.0
2004-06-22 00:00:00-04:00,36.15999984741211,36.70000076293945,36.02000045776367,36.68000030517578,30.91992950439453,101524300,0.0,0.0,0.0
2004-06-23 00:00:00-04:00,36.56999969482422,37.189998626708984,36.5099983215332,37.119998931884766,31.290843963623047,94393900,0.0,0.0,0.0
2004-06-24 00:00:00-04:00,37.02000045776367,37.349998474121094,36.91999816894531,37.04999923706055,31.231828689575195,92343200,0.0,0.0,0.0
2004-06-25 00:00:00-04:00,37.0,37.38999938964844,36.97999954223633,37.33000183105469,31.467863082885742,81005400,0.0,0.0,0.0
2004-06-28 00:00:00-04:00,37.4900016784668,37.52000045776367,36.900001525878906,37.02000045776367,31.206552505493164,94033200,0.0,0.0,0.0
2004-06-29 00:00:00-04:00,37.099998474121094,37.59000015258789,37.08000183105469,37.369998931884766,31.501564025878906,68265900,0.0,0.0,0.0
2004-06-30 00:00:00-04:00,37.45000076293945,37.900001525878906,37.349998474121094,37.7400016784668,31.8134765625,97809500,0.0,0.0,0.0
2004-07-01 00:00:00-04:00,37.65999984741211,37.65999984741211,36.77000045776367,37.040000915527344,31.223403930664062,122141800,0.0,0.0,0.0
2004-07-02 00:00:00-04:00,37.040000915527344,37.04999923706055,36.630001068115234,36.81999969482422,31.037952423095703,74056400,0.0,0.0,0.0
2004-07-06 00:00:00-04:00,36.599998474121094,36.599998474121094,35.83000183105469,36.029998779296875,30.371997833251953,130232600,0.0,0.0,0.0
2004-07-07 00:00:00-04:00,35.959999084472656,36.290000915527344,35.91999816894531,36.099998474121094,30.43100929260254,95623100,0.0,0.0,0.0
2004-07-08 00:00:00-04:00,35.810001373291016,36.130001068115234,35.54999923706055,35.70000076293945,30.09381866455078,108755400,0.0,0.0,0.0
2004-07-09 00:00:00-04:00,35.84000015258789,36.040000915527344,35.630001068115234,35.75,30.1359920501709,86014700,0.0,0.0,0.0
2004-07-12 00:00:00-04:00,35.56999969482422,35.689998626708984,35.2400016784668,35.599998474121094,30.009521484375,81844500,0.0,0.0,0.0
2004-07-13 00:00:00-04:00,35.68000030517578,35.810001373291016,35.40999984741211,35.54999923706055,29.96738624572754,81222000,0.0,0.0,0.0
2004-07-14 00:00:00-04:00,35.20000076293945,35.650001525878906,35.04999923706055,35.189998626708984,29.663923263549805,119489200,0.0,0.0,0.0
2004-07-15 00:00:00-04:00,35.31999969482422,35.4900016784668,35.060001373291016,35.06999969482422,29.562744140625,90405700,0.0,0.0,0.0
2004-07-16 00:00:00-04:00,35.43000030517578,35.45000076293945,34.619998931884766,34.66999816894531,29.22557258605957,120387100,0.0,0.0,0.0
2004-07-19 00:00:00-04:00,34.779998779296875,34.970001220703125,34.470001220703125,34.599998474121094,29.16656494140625,106387900,0.0,0.0,0.0
2004-07-20 00:00:00-04:00,34.7400016784668,35.59000015258789,34.709999084472656,35.43000030517578,29.866222381591797,117453700,0.0,0.0,0.0
2004-07-21 00:00:00-04:00,35.56999969482422,35.650001525878906,34.34000015258789,34.400001525878906,28.997982025146484,136086800,0.0,0.0,0.0
2004-07-22 00:00:00-04:00,34.47999954223633,35.11000061035156,34.25,34.869998931884766,29.39415740966797,132135800,0.0,0.0,0.0
2004-07-23 00:00:00-04:00,34.619998931884766,34.65999984741211,34.029998779296875,34.209999084472656,28.837812423706055,107107100,0.0,0.0,0.0
2004-07-26 00:00:00-04:00,34.2400016784668,34.40999984741211,33.70000076293945,34.060001373291016,28.711376190185547,112962200,0.0,0.0,0.0
2004-07-27 00:00:00-04:00,34.189998626708984,34.709999084472656,34.040000915527344,34.529998779296875,29.107553482055664,103474700,0.0,0.0,0.0
2004-07-28 00:00:00-04:00,34.40999984741211,34.630001068115234,33.810001373291016,34.380001068115234,28.981117248535156,154299800,0.0,0.0,0.0
2004-07-29 00:00:00-04:00,34.709999084472656,34.91999816894531,34.5,34.779998779296875,29.31830406188965,98959800,0.0,0.0,0.0
2004-07-30 00:00:00-04:00,34.7599983215332,35.099998474121094,34.650001525878906,34.88999938964844,29.41102409362793,83007800,0.0,0.0,0.0
2004-08-02 00:00:00-04:00,34.61000061035156,35.02000045776367,34.459999084472656,34.959999084472656,29.470022201538086,81249000,0.0,0.0,0.0
2004-08-03 00:00:00-04:00,34.84000015258789,34.93000030517578,34.189998626708984,34.22999954223633,28.85466957092285,85746500,0.0,0.0,0.0
2004-08-04 00:00:00-04:00,34.150001525878906,34.459999084472656,34.0099983215332,34.2400016784668,28.86310386657715,86721000,0.0,0.0,0.0
2004-08-05 00:00:00-04:00,34.349998474121094,34.400001525878906,33.599998474121094,33.599998474121094,28.323604583740234,109722900,0.0,0.0,0.0
2004-08-06 00:00:00-04:00,33.400001525878906,33.40999984741211,32.65999984741211,32.720001220703125,27.5817928314209,148808600,0.0,0.0,0.0
2004-08-09 00:00:00-04:00,32.810001373291016,32.959999084472656,32.650001525878906,32.79999923706055,27.64922332763672,79281900,0.0,0.0,0.0
2004-08-10 00:00:00-04:00,32.959999084472656,33.47999954223633,32.91999816894531,33.209999084472656,27.99483871459961,105819800,0.0,0.0,0.0
2004-08-11 00:00:00-04:00,32.849998474121094,33.040000915527344,32.54999923706055,32.91999816894531,27.75039291381836,121217700,0.0,0.0,0.0
2004-08-12 00:00:00-04:00,32.689998626708984,32.86000061035156,32.369998931884766,32.470001220703125,27.371057510375977,113691800,0.0,0.0,0.0
2004-08-13 00:00:00-04:00,32.650001525878906,32.7400016784668,32.349998474121094,32.52000045776367,27.4132022857666,91416100,0.0,0.0,0.0
2004-08-16 00:00:00-04:00,32.61000061035156,33.189998626708984,32.59000015258789,32.88999938964844,27.725095748901367,77851300,0.0,0.0,0.0
2004-08-17 00:00:00-04:00,33.119998931884766,33.439998626708984,32.9900016784668,33.2599983215332,28.036989212036133,89573100,0.0,0.0,0.0
2004-08-18 00:00:00-04:00,33.060001373291016,33.90999984741211,33.0099983215332,33.849998474121094,28.534345626831055,106608500,0.0,0.0,0.0
2004-08-19 00:00:00-04:00,33.72999954223633,33.849998474121094,33.40999984741211,33.66999816894531,28.38260841369629,104690200,0.0,0.0,0.0
2004-08-20 00:00:00-04:00,33.56999969482422,34.13999938964844,33.5099983215332,34.0099983215332,28.669227600097656,91962400,0.0,0.0,0.0
2004-08-23 00:00:00-04:00,34.04999923706055,34.27000045776367,33.90999984741211,34.09000015258789,28.736650466918945,83390800,0.0,0.0,0.0
2004-08-24 00:00:00-04:00,34.25,34.310001373291016,33.810001373291016,34.08000183105469,28.72822380065918,86610500,0.0,0.0,0.0
2004-08-25 00:00:00-04:00,34.06999969482422,34.599998474121094,33.900001525878906,34.54999923706055,29.12442398071289,88394600,0.0,0.0,0.0
2004-08-26 00:00:00-04:00,34.459999084472656,34.54999923706055,34.310001373291016,34.400001525878906,28.997982025146484,57663400,0.0,0.0,0.0
2004-08-27 00:00:00-04:00,34.470001220703125,34.68000030517578,34.439998626708984,34.560001373291016,29.132858276367188,58597200,0.0,0.0,0.0
2004-08-30 00:00:00-04:00,34.40999984741211,34.43000030517578,33.939998626708984,33.97999954223633,28.6439266204834,62355700,0.0,0.0,0.0
2004-08-31 00:00:00-04:00,34.02000045776367,34.119998931884766,33.650001525878906,34.02000045776367,28.677644729614258,81262000,0.0,0.0,0.0
2004-09-01 00:00:00-04:00,33.93000030517578,34.470001220703125,33.79999923706055,34.27000045776367,28.888391494750977,96630600,0.0,0.0,0.0
2004-09-02 00:00:00-04:00,34.18000030517578,34.880001068115234,34.15999984741211,34.779998779296875,29.31830406188965,83054000,0.0,0.0,0.0
2004-09-03 00:00:00-04:00,34.439998626708984,34.66999816894531,34.04999923706055,34.13999938964844,28.77880096435547,90213700,0.0,0.0,0.0
2004-09-07 00:00:00-04:00,34.400001525878906,34.61000061035156,34.119998931884766,34.43000030517578,29.02326774597168,95556500,0.0,0.0,0.0
2004-09-08 00:00:00-04:00,34.310001373291016,34.68000030517578,34.18000030517578,34.29999923706055,28.91368865966797,101466100,0.0,0.0,0.0
2004-09-09 00:00:00-04:00,34.45000076293945,34.75,34.13999938964844,34.59000015258789,29.158140182495117,104397500,0.0,0.0,0.0
2004-09-10 00:00:00-04:00,34.61000061035156,35.189998626708984,34.470001220703125,35.119998931884766,29.604915618896484,108591600,0.0,0.0,0.0
2004-09-13 00:00:00-04:00,35.25,35.720001220703125,35.13999938964844,35.58000183105469,29.9926815032959,109350500,0.0,0.0,0.0
2004-09-14 00:00:00-04:00,35.45000076293945,35.720001220703125,35.36000061035156,35.630001068115234,30.034820556640625,76466300,0.0,0.0,0.0
2004-09-15 00:00:00-04:00,35.41999816894531,35.45000076293945,35.119998931884766,35.25,29.714488983154297,90128700,0.0,0.0,0.0
2004-09-16 00:00:00-04:00,35.2599983215332,35.56999969482422,35.130001068115234,35.31999969482422,29.773494720458984,67121000,0.0,0.0,0.0
2004-09-17 00:00:00-04:00,35.22999954223633,35.52000045776367,35.15999984741211,35.43000030517578,29.866222381591797,83903400,0.0,0.0,0.0
2004-09-20 00:00:00-04:00,35.290000915527344,35.77000045776367,35.18000030517578,35.43000030517578,29.866222381591797,110678100,0.0,0.0,0.0
2004-09-21 00:00:00-04:00,35.540000915527344,35.849998474121094,35.41999816894531,35.56999969482422,29.98426628112793,93688400,0.0,0.0,0.0
2004-09-22 00:00:00-04:00,35.439998626708984,35.459999084472656,34.869998931884766,34.95000076293945,29.46160888671875,101393400,0.0,0.0,0.0
2004-09-23 00:00:00-04:00,34.97999954223633,35.150001525878906,34.880001068115234,34.91999816894531,29.436315536499023,92503200,0.0,0.0,0.0
2004-09-24 00:00:00-04:00,34.9900016784668,35.189998626708984,34.75,34.79999923706055,29.33515739440918,103247400,0.0,0.0,0.0
2004-09-27 00:00:00-04:00,34.619998931884766,34.7400016784668,34.380001068115234,34.5,29.082271575927734,86017600,0.0,0.0,0.0
2004-09-28 00:00:00-04:00,34.54999923706055,34.689998626708984,34.22999954223633,34.56999969482422,29.141277313232422,87070300,0.0,0.0,0.0
2004-09-29 00:00:00-04:00,34.540000915527344,35.119998931884766,34.529998779296875,35.08000183105469,29.571210861206055,95096200,0.0,0.0,0.0
2004-09-30 00:00:00-04:00,35.02000045776367,35.27000045776367,34.88999938964844,35.13999938964844,29.62177085876465,74514600,0.0,0.0,0.0
2004-10-01 00:00:00-04:00,35.45000076293945,36.150001525878906,35.36000061035156,36.099998474121094,30.43100929260254,118252700,0.0,0.0,0.0
2004-10-04 00:00:00-04:00,36.36000061035156,36.619998931884766,36.25,36.310001373291016,30.608036041259766,108032600,0.0,0.0,0.0
2004-10-05 00:00:00-04:00,36.22999954223633,36.4900016784668,36.15999984741211,36.36000061035156,30.65017318725586,89754400,0.0,0.0,0.0
2004-10-06 00:00:00-04:00,36.310001373291016,36.689998626708984,36.11000061035156,36.650001525878906,30.89463996887207,87815500,0.0,0.0,0.0
2004-10-07 00:00:00-04:00,36.540000915527344,36.66999816894531,36.16999816894531,36.2400016784668,30.54903221130371,82374300,0.0,0.0,0.0
2004-10-08 00:00:00-04:00,36.08000183105469,36.2400016784668,35.5,35.58000183105469,29.9926815032959,115073000,0.0,0.0,0.0
2004-10-11 00:00:00-04:00,35.720001220703125,35.86000061035156,35.599998474121094,35.75,30.1359920501709,51181600,0.0,0.0,0.0
2004-10-12 00:00:00-04:00,35.43000030517578,35.84000015258789,35.20000076293945,35.689998626708984,30.085399627685547,97884100,0.0,0.0,0.0
2004-10-13 00:00:00-04:00,36.04999923706055,36.13999938964844,35.43000030517578,35.61000061035156,30.01796531677246,132442500,0.0,0.0,0.0
2004-10-14 00:00:00-04:00,35.689998626708984,35.779998779296875,35.33000183105469,35.45000076293945,29.88308334350586,99383700,0.0,0.0,0.0
2004-10-15 00:00:00-04:00,35.4900016784668,35.86000061035156,35.279998779296875,35.630001068115234,30.034820556640625,129183400,0.0,0.0,0.0
2004-10-18 00:00:00-04:00,35.5099983215332,36.25,35.400001525878906,36.13999938964844,30.464719772338867,108933400,0.0,0.0,0.0
2004-10-19 00:00:00-04:00,36.380001068115234,36.56999969482422,35.790000915527344,35.880001068115234,30.24557113647461,129973500,0.0,0.0,0.0
2004-10-20 00:00:00-04:00,35.83000183105469,36.22999954223633,35.650001525878906,36.04999923706055,30.388864517211914,106524200,0.0,0.0,0.0
2004-10-21 00:00:00-04:00,36.2400016784668,36.790000915527344,36.099998474121094,36.599998474121094,30.85250473022461,122627600,0.0,0.0,0.0
2004-10-22 00:00:00-04:00,36.61000061035156,36.68000030517578,35.7400016784668,35.79999923706055,30.178117752075195,114321100,0.0,0.0,0.0
2004-10-25 00:00:00-04:00,35.72999954223633,35.810001373291016,35.4900016784668,35.630001068115234,30.034820556640625,102863000,0.0,0.0,0.0
2004-10-26 00:00:00-04:00,35.650001525878906,35.84000015258789,35.40999984741211,35.81999969482422,30.194990158081055,98164500,0.0,0.0,0.0
2004-10-27 00:00:00-04:00,35.84000015258789,36.88999938964844,35.709999084472656,36.72999954223633,30.96208381652832,152423400,0.0,0.0,0.0
2004-10-28 00:00:00-04:00,36.68000030517578,37.119998931884766,36.56999969482422,36.959999084472656,31.155967712402344,111113900,0.0,0.0,0.0
2004-10-29 00:00:00-04:00,36.90999984741211,37.2400016784668,36.66999816894531,36.900001525878906,31.105388641357422,100779200,0.0,0.0,0.0
2004-11-01 00:00:00-05:00,36.97999954223633,37.18000030517578,36.79999923706055,37.040000915527344,31.223403930664062,72356000,0.0,0.0,0.0
2004-11-02 00:00:00-05:00,37.09000015258789,37.54999923706055,37.02000045776367,37.15999984741211,31.324552536010742,108930700,0.0,0.0,0.0
2004-11-03 00:00:00-05:00,37.7599983215332,37.900001525878906,37.150001525878906,37.40999984741211,31.535301208496094,140980100,0.0,0.0,0.0
2004-11-04 00:00:00-05:00,37.2599983215332,37.779998779296875,37.11000061035156,37.619998931884766,31.712331771850586,112513700,0.0,0.0,0.0
2004-11-05 00:00:00-05:00,38.02000045776367,38.15999984741211,37.61000061035156,37.959999084472656,31.99892807006836,117017900,0.0,0.0,0.0
2004-11-08 00:00:00-05:00,37.95000076293945,38.099998474121094,37.849998474121094,38.0,32.03264236450195,66486000,0.0,0.0,0.0
2004-11-09 00:00:00-05:00,37.93000030517578,38.150001525878906,37.810001373291016,37.91999816894531,31.965206146240234,85038700,0.0,0.0,0.0
2004-11-10 00:00:00-05:00,37.93000030517578,38.060001373291016,37.650001525878906,37.790000915527344,31.855632781982422,95122300,0.0,0.0,0.0
2004-11-11 00:00:00-05:00,37.90999984741211,38.380001068115234,37.86000061035156,38.290000915527344,32.27711486816406,99338800,0.0,0.0,0.0
2004-11-12 00:00:00-05:00,38.34000015258789,38.7599983215332,38.16999816894531,38.65999984741211,32.5889892578125,102418100,0.0,0.0,0.0
2004-11-15 00:00:00-05:00,38.63999938964844,38.86000061035156,38.5,38.83000183105469,32.73231887817383,82696000,0.0,0.0,0.0
2004-11-16 00:00:00-05:00,38.65999984741211,38.68000030517578,38.31999969482422,38.59000015258789,32.53001022338867,97197500,0.0,0.0,0.0
2004-11-17 00:00:00-05:00,38.83000183105469,39.31999969482422,38.83000183105469,39.11000061035156,32.968345642089844,125242500,0.0,0.0,0.0
2004-11-18 00:00:00-05:00,38.97999954223633,39.36000061035156,38.88999938964844,39.290000915527344,33.12006759643555,94901100,0.0,0.0,0.0
2004-11-19 00:00:00-05:00,39.2400016784668,39.290000915527344,38.59000015258789,38.68000030517578,32.60586929321289,118448900,0.0,0.0,0.0
2004-11-22 00:00:00-05:00,38.61000061035156,39.06999969482422,38.47999954223633,39.04999923706055,32.91775894165039,79882600,0.0,0.0,0.0
2004-11-23 00:00:00-05:00,39.0099983215332,39.150001525878906,38.61000061035156,38.9900016784668,32.8671760559082,91925300,0.0,0.0,0.0
2004-11-24 00:00:00-05:00,39.09000015258789,39.38999938964844,39.06999969482422,39.33000183105469,33.153778076171875,74051700,0.0,0.0,0.0
2004-11-26 00:00:00-05:00,39.369998931884766,39.47999954223633,39.16999816894531,39.209999084472656,33.0526237487793,31248900,0.0,0.0,0.0
2004-11-29 00:00:00-05:00,39.459999084472656,39.63999938964844,38.970001220703125,39.20000076293945,33.044189453125,94765400,0.0,0.0,0.0
2004-11-30 00:00:00-05:00,39.29999923706055,39.38999938964844,39.060001373291016,39.119998931884766,32.97676467895508,87663100,0.0,0.0,0.0
2004-12-01 00:00:00-05:00,39.27000045776367,39.959999084472656,39.27000045776367,39.91999816894531,33.65113830566406,102375000,0.0,0.0,0.0
2004-12-02 00:00:00-05:00,39.81999969482422,40.38999938964844,39.7599983215332,40.06999969482422,33.77758026123047,122005600,0.0,0.0,0.0
2004-12-03 00:00:00-05:00,40.349998474121094,40.59000015258789,40.08000183105469,40.130001068115234,33.82817459106445,114227700,0.0,0.0,0.0
2004-12-06 00:00:00-05:00,40.119998931884766,40.43000030517578,39.90999984741211,40.27000045776367,33.946189880371094,70415100,0.0,0.0,0.0
2004-12-07 00:00:00-05:00,40.349998474121094,40.5,39.529998779296875,39.58000183105469,33.36452102661133,121439800,0.0,0.0,0.0
2004-12-08 00:00:00-05:00,39.599998474121094,39.97999954223633,39.5,39.810001373291016,33.558414459228516,10121300,0.0,0.0,0.0
2004-12-09 00:00:00-05:00,39.4900016784668,40.189998626708984,39.2400016784668,40.04999923706055,33.760711669921875,134346000,0.0,0.0,0.0
2004-12-10 00:00:00-05:00,39.84000015258789,40.06999969482422,39.7400016784668,39.93000030517578,33.6595573425293,86177300,0.0,0.0,0.0
2004-12-13 00:00:00-05:00,40.22999954223633,40.34000015258789,39.97999954223633,40.279998779296875,33.95460891723633,74296400,0.0,0.0,0.0
2004-12-14 00:00:00-05:00,40.279998779296875,40.59000015258789,40.25,40.47999954223633,34.12321472167969,91985000,0.0,0.0,0.0
2004-12-15 00:00:00-05:00,40.4900016784668,40.68000030517578,40.150001525878906,40.33000183105469,33.99674606323242,95179300,0.0,0.0,0.0
2004-12-16 00:00:00-05:00,40.34000015258789,40.45000076293945,39.81999969482422,39.95000076293945,33.676448822021484,86101300,0.0,0.0,0.0
2004-12-17 00:00:00-05:00,39.63999938964844,39.810001373291016,39.43000030517578,39.470001220703125,33.590484619140625,97947000,0.379,0.0,0.0
2004-12-20 00:00:00-05:00,39.56999969482422,39.77000045776367,39.09000015258789,39.20000076293945,33.36070251464844,106397600,0.0,0.0,0.0
2004-12-21 00:00:00-05:00,39.38999938964844,39.709999084472656,39.279998779296875,39.68000030517578,33.76921844482422,83184700,0.0,0.0,0.0
2004-12-22 00:00:00-05:00,39.540000915527344,39.93000030517578,39.4900016784668,39.72999954223633,33.811729431152344,75298000,0.0,0.0,0.0
2004-12-23 00:00:00-05:00,39.61000061035156,39.90999984741211,39.540000915527344,39.7599983215332,33.83726501464844,45782000,0.0,0.0,0.0
2004-12-27 00:00:00-05:00,39.97999954223633,40.02000045776367,39.400001525878906,39.59000015258789,33.69259262084961,67157700,0.0,0.0,0.0
2004-12-28 00:00:00-05:00,39.66999816894531,40.0,39.61000061035156,39.970001220703125,34.0159912109375,62563100,0.0,0.0,0.0
2004-12-29 00:00:00-05:00,39.91999816894531,40.15999984741211,39.900001525878906,40.02000045776367,34.05855178833008,46594800,0.0,0.0,0.0
2004-12-30 00:00:00-05:00,40.06999969482422,40.119998931884766,39.93000030517578,39.9900016784668,34.03300476074219,41717600,0.0,0.0,0.0
2004-12-31 00:00:00-05:00,40.029998779296875,40.119998931884766,39.779998779296875,39.91999816894531,33.97343444824219,44112300,0.0,0.0,0.0
2005-01-03 00:00:00-05:00,40.09000015258789,40.290000915527344,39.369998931884766,39.5,33.616004943847656,100970900,0.0,0.0,0.0
2005-01-04 00:00:00-05:00,39.66999816894531,39.7400016784668,38.54999923706055,38.779998779296875,33.00326156616211,136623200,0.0,0.0,0.0
2005-01-05 00:00:00-05:00,38.68000030517578,38.959999084472656,38.470001220703125,38.540000915527344,32.79899597167969,127925500,0.0,0.0,0.0
2005-01-06 00:00:00-05:00,38.630001068115234,38.709999084472656,38.34000015258789,38.349998474121094,32.63731384277344,102934600,0.0,0.0,0.0
2005-01-07 00:00:00-05:00,38.560001373291016,38.869998931884766,38.209999084472656,38.54999923706055,32.80751419067383,123104000,0.0,0.0,0.0
2005-01-10 00:00:00-05:00,38.439998626708984,38.869998931884766,38.38999938964844,38.529998779296875,32.790496826171875,88764200,0.0,0.0,0.0
2005-01-11 00:00:00-05:00,38.369998931884766,38.5,38.06999969482422,38.2599983215332,32.560699462890625,106398800,0.0,0.0,0.0
2005-01-12 00:00:00-05:00,38.43000030517578,38.599998474121094,38.0099983215332,38.58000183105469,32.83304214477539,127754900,0.0,0.0,0.0
2005-01-13 00:00:00-05:00,38.58000183105469,38.849998474121094,38.0099983215332,38.06999969482422,32.39901351928711,101982400,0.0,0.0,0.0
2005-01-14 00:00:00-05:00,38.20000076293945,38.52000045776367,38.189998626708984,38.43000030517578,32.70539093017578,93460900,0.0,0.0,0.0
2005-01-18 00:00:00-05:00,38.279998779296875,38.790000915527344,38.220001220703125,38.720001220703125,32.95219039916992,91760400,0.0,0.0,0.0
2005-01-19 00:00:00-05:00,38.72999954223633,38.75,38.060001373291016,38.08000183105469,32.407527923583984,104981000,0.0,0.0,0.0
2005-01-20 00:00:00-05:00,37.650001525878906,37.810001373291016,37.31999969482422,37.349998474121094,31.7862606048584,120963900,0.0,0.0,0.0
2005-01-21 00:00:00-05:00,37.47999954223633,37.54999923706055,36.9900016784668,37.04999923706055,31.530963897705078,138569200,0.0,0.0,0.0
2005-01-24 00:00:00-05:00,37.119998931884766,37.20000076293945,36.459999084472656,36.529998779296875,31.088420867919922,137499000,0.0,0.0,0.0
2005-01-25 00:00:00-05:00,36.77000045776367,37.09000015258789,36.65999984741211,36.709999084472656,31.241607666015625,119171300,0.0,0.0,0.0
2005-01-26 00:00:00-05:00,36.959999084472656,37.290000915527344,36.81999969482422,37.150001525878906,31.616073608398438,107465800,0.0,0.0,0.0
2005-01-27 00:00:00-05:00,37.09000015258789,37.27000045776367,36.869998931884766,37.099998474121094,31.573511123657227,103654700,0.0,0.0,0.0
2005-01-28 00:00:00-05:00,37.220001220703125,37.27000045776367,36.619998931884766,36.91999816894531,31.420318603515625,111648600,0.0,0.0,0.0
2005-01-31 00:00:00-05:00,37.36000061035156,37.529998779296875,37.2599983215332,37.400001525878906,31.828811645507812,89139900,0.0,0.0,0.0
2005-02-01 00:00:00-05:00,37.4900016784668,37.650001525878906,37.369998931884766,37.52000045776367,31.93094825744629,76610300,0.0,0.0,0.0
2005-02-02 00:00:00-05:00,37.63999938964844,37.72999954223633,37.310001373291016,37.58000183105469,31.982019424438477,100160500,0.0,0.0,0.0
2005-02-03 00:00:00-05:00,37.380001068115234,37.40999984741211,37.0,37.150001525878906,31.616073608398438,90157900,0.0,0.0,0.0
2005-02-04 00:00:00-05:00,37.150001525878906,37.81999969482422,37.150001525878906,37.75,32.12668991088867,99302000,0.0,0.0,0.0
2005-02-07 00:00:00-05:00,37.79999923706055,37.90999984741211,37.52000045776367,37.66999816894531,32.05859375,71551400,0.0,0.0,0.0
2005-02-08 00:00:00-05:00,37.65999984741211,38.0099983215332,37.619998931884766,37.7400016784668,32.118160247802734,72821700,0.0,0.0,0.0
2005-02-09 00:00:00-05:00,37.77000045776367,37.79999923706055,37.060001373291016,37.11000061035156,31.58201026916504,93276600,0.0,0.0,0.0
2005-02-10 00:00:00-05:00,37.2599983215332,37.31999969482422,36.880001068115234,37.150001525878906,31.616073608398438,110373000,0.0,0.0,0.0
2005-02-11 00:00:00-05:00,37.029998779296875,37.849998474121094,36.93000030517578,37.70000076293945,32.08414840698242,108684100,0.0,0.0,0.0
2005-02-14 00:00:00-05:00,37.70000076293945,37.939998626708984,37.689998626708984,37.869998931884766,32.228816986083984,54908900,0.0,0.0,0.0
2005-02-15 00:00:00-05:00,37.900001525878906,38.47999954223633,37.81999969482422,38.119998931884766,32.441551208496094,131406500,0.0,0.0,0.0
2005-02-16 00:00:00-05:00,38.029998779296875,38.15999984741211,37.83000183105469,37.97999954223633,32.322418212890625,80273900,0.0,0.0,0.0
2005-02-17 00:00:00-05:00,38.04999923706055,38.13999938964844,37.43000030517578,37.470001220703125,31.88840675354004,115628300,0.0,0.0,0.0
2005-02-18 00:00:00-05:00,37.47999954223633,37.56999969482422,37.2599983215332,37.349998474121094,31.7862606048584,69158800,0.0,0.0,0.0
2005-02-22 00:00:00-05:00,37.029998779296875,37.54999923706055,36.790000915527344,36.88999938964844,31.394792556762695,121232000,0.0,0.0,0.0
2005-02-23 00:00:00-05:00,37.040000915527344,37.06999969482422,36.70000076293945,36.939998626708984,31.437355041503906,95010100,0.0,0.0,0.0
2005-02-24 00:00:00-05:00,36.849998474121094,37.439998626708984,36.7599983215332,37.40999984741211,31.837329864501953,99334600,0.0,0.0,0.0
2005-02-25 00:00:00-05:00,37.380001068115234,37.70000076293945,37.290000915527344,37.619998931884766,32.01605987548828,79988700,0.0,0.0,0.0
2005-02-28 00:00:00-05:00,37.459999084472656,37.599998474121094,36.91999816894531,37.220001220703125,31.67564582824707,95731300,0.0,0.0,0.0
2005-03-01 00:00:00-05:00,37.369998931884766,37.70000076293945,37.33000183105469,37.630001068115234,32.024566650390625,78460600,0.0,0.0,0.0
2005-03-02 00:00:00-05:00,37.40999984741211,38.02000045776367,37.36000061035156,37.61000061035156,32.00755310058594,107270600,0.0,0.0,0.0
2005-03-03 00:00:00-05:00,37.709999084472656,37.72999954223633,37.02000045776367,37.29999923706055,31.74372673034668,89793800,0.0,0.0,0.0
2005-03-04 00:00:00-05:00,37.599998474121094,37.75,37.400001525878906,37.52000045776367,31.93094825744629,86622300,0.0,0.0,0.0
2005-03-07 00:00:00-05:00,37.599998474121094,38.290000915527344,37.560001373291016,38.060001373291016,32.39051818847656,93563900,0.0,0.0,0.0
2005-03-08 00:00:00-05:00,38.0099983215332,38.209999084472656,37.650001525878906,37.68000030517578,32.06712341308594,89595200,0.0,0.0,0.0
2005-03-09 00:00:00-05:00,37.66999816894531,37.93000030517578,37.470001220703125,37.56999969482422,31.9735107421875,98063000,0.0,0.0,0.0
2005-03-10 00:00:00-05:00,37.61000061035156,37.66999816894531,37.08000183105469,37.52000045776367,31.93094825744629,97043600,0.0,0.0,0.0
2005-03-11 00:00:00-05:00,37.689998626708984,37.81999969482422,37.02000045776367,37.16999816894531,31.63307762145996,102857500,0.0,0.0,0.0
2005-03-14 00:00:00-05:00,37.2400016784668,37.36000061035156,37.029998779296875,37.34000015258789,31.77776336669922,65576200,0.0,0.0,0.0
2005-03-15 00:00:00-05:00,37.41999816894531,37.47999954223633,36.9900016784668,37.040000915527344,31.522443771362305,93856300,0.0,0.0,0.0
2005-03-16 00:00:00-05:00,36.90999984741211,37.18000030517578,36.529998779296875,36.619998931884766,31.165019989013672,159578000,0.0,0.0,0.0
2005-03-17 00:00:00-05:00,36.61000061035156,36.88999938964844,36.540000915527344,36.709999084472656,31.241607666015625,100429600,0.0,0.0,0.0
2005-03-18 00:00:00-05:00,36.75,36.790000915527344,36.349998474121094,36.5099983215332,31.07138442993164,108899400,0.0,0.0,0.0
2005-03-21 00:00:00-05:00,36.599998474121094,36.75,36.25,36.58000183105469,31.1309757232666,92752500,0.0,0.0,0.0
2005-03-22 00:00:00-05:00,36.61000061035156,36.75,36.11000061035156,36.130001068115234,30.748014450073242,114016300,0.0,0.0,0.0
2005-03-23 00:00:00-05:00,36.09000015258789,36.4900016784668,36.06999969482422,36.2599983215332,30.858640670776367,97444900,0.0,0.0,0.0
2005-03-24 00:00:00-05:00,36.38999938964844,36.650001525878906,36.27000045776367,36.27000045776367,30.867151260375977,77566800,0.0,0.0,0.0
2005-03-28 00:00:00-05:00,36.40999984741211,36.61000061035156,36.310001373291016,36.34000015258789,30.926721572875977,59739000,0.0,0.0,0.0
2005-03-29 00:00:00-05:00,36.27000045776367,36.58000183105469,35.939998626708984,36.04999923706055,30.679922103881836,119554300,0.0,0.0,0.0
2005-03-30 00:00:00-05:00,36.22999954223633,36.779998779296875,36.220001220703125,36.72999954223633,31.25862693786621,114711000,0.0,0.0,0.0
2005-03-31 00:00:00-05:00,36.72999954223633,36.75,36.439998626708984,36.56999969482422,31.12246322631836,86578900,0.0,0.0,0.0
2005-04-01 00:00:00-05:00,36.81999969482422,36.880001068115234,36.130001068115234,36.20000076293945,30.807571411132812,143814300,0.0,0.0,0.0
2005-04-04 00:00:00-04:00,36.25,36.599998474121094,36.029998779296875,36.459999084472656,31.02885627746582,100090300,0.0,0.0,0.0
2005-04-05 00:00:00-04:00,36.4900016784668,36.66999816894531,36.41999816894531,36.560001373291016,31.113941192626953,66266600,0.0,0.0,0.0
2005-04-06 00:00:00-04:00,36.65999984741211,36.90999984741211,36.41999816894531,36.5,31.062885284423828,82168900,0.0,0.0,0.0
2005-04-07 00:00:00-04:00,36.529998779296875,36.95000076293945,36.5099983215332,36.939998626708984,31.437355041503906,88618000,0.0,0.0,0.0
2005-04-08 00:00:00-04:00,37.0,37.06999969482422,36.599998474121094,36.63999938964844,31.182029724121094,92332900,0.0,0.0,0.0
2005-04-11 00:00:00-04:00,36.75,36.779998779296875,36.400001525878906,36.47999954223633,31.045875549316406,70976000,0.0,0.0,0.0
2005-04-12 00:00:00-04:00,36.439998626708984,36.7400016784668,35.90999984741211,36.65999984741211,31.199052810668945,144848500,0.0,0.0,0.0
2005-04-13 00:00:00-04:00,36.560001373291016,36.599998474121094,35.97999954223633,36.060001373291016,30.68843650817871,108995500,0.0,0.0,0.0
2005-04-14 00:00:00-04:00,36.060001373291016,36.099998474121094,35.5,35.54999923706055,30.254405975341797,158057900,0.0,0.0,0.0
2005-04-15 00:00:00-04:00,35.2400016784668,35.369998931884766,34.68000030517578,34.7400016784668,29.565061569213867,170013300,0.0,0.0,0.0
2005-04-18 00:00:00-04:00,34.709999084472656,35.0,34.63999938964844,34.75,29.573577880859375,110084000,0.0,0.0,0.0
2005-04-19 00:00:00-04:00,35.02000045776367,35.099998474121094,34.75,34.9900016784668,29.777822494506836,96922100,0.0,0.0,0.0
2005-04-20 00:00:00-04:00,35.209999084472656,35.290000915527344,34.59000015258789,34.70000076293945,29.531028747558594,140457400,0.0,0.0,0.0
2005-04-21 00:00:00-04:00,35.119998931884766,35.709999084472656,34.959999084472656,35.619998931884766,30.313983917236328,124505100,0.0,0.0,0.0
2005-04-22 00:00:00-04:00,35.459999084472656,35.470001220703125,34.81999969482422,35.09000015258789,29.862930297851562,114996800,0.0,0.0,0.0
2005-04-25 00:00:00-04:00,35.29999923706055,35.459999084472656,35.150001525878906,35.380001068115234,30.109718322753906,72170100,0.0,0.0,0.0
2005-04-26 00:00:00-04:00,35.290000915527344,35.70000076293945,35.040000915527344,35.04999923706055,29.82889175415039,104958800,0.0,0.0,0.0
2005-04-27 00:00:00-04:00,34.869998931884766,35.25,34.72999954223633,35.099998474121094,29.87143325805664,112539300,0.0,0.0,0.0
2005-04-28 00:00:00-04:00,34.91999816894531,35.150001525878906,34.720001220703125,34.75,29.573577880859375,98181900,0.0,0.0,0.0
2005-04-29 00:00:00-04:00,35.0,35.060001373291016,34.349998474121094,34.97999954223633,29.76930809020996,144435900,0.0,0.0,0.0
2005-05-02 00:00:00-04:00,35.099998474121094,35.2599983215332,34.88999938964844,35.119998931884766,29.888460159301758,67648800,0.0,0.0,0.0
2005-05-03 00:00:00-04:00,35.04999923706055,35.43000030517578,35.029998779296875,35.29999923706055,30.04163932800293,103428700,0.0,0.0,0.0
2005-05-04 00:00:00-04:00,35.290000915527344,35.83000183105469,35.2400016784668,35.72999954223633,30.4075927734375,90480600,0.0,0.0,0.0
2005-05-05 00:00:00-04:00,35.75,35.91999816894531,35.529998779296875,35.7599983215332,30.433116912841797,79341700,0.0,0.0,0.0
2005-05-06 00:00:00-04:00,35.970001220703125,36.02000045776367,35.720001220703125,35.86000061035156,30.518234252929688,77310200,0.0,0.0,0.0
2005-05-09 00:00:00-04:00,35.869998931884766,36.060001373291016,35.65999984741211,36.029998779296875,30.662891387939453,66298400,0.0,0.0,0.0
2005-05-10 00:00:00-04:00,35.86000061035156,35.959999084472656,35.619998931884766,35.77000045776367,30.44164276123047,77194700,0.0,0.0,0.0
2005-05-11 00:00:00-04:00,35.81999969482422,36.029998779296875,35.29999923706055,35.95000076293945,30.594833374023438,131952400,0.0,0.0,0.0
2005-05-12 00:00:00-04:00,36.029998779296875,36.20000076293945,35.65999984741211,35.849998474121094,30.509714126586914,116602200,0.0,0.0,0.0
2005-05-13 00:00:00-04:00,35.9900016784668,36.470001220703125,35.88999938964844,36.2400016784668,30.84162139892578,133273500,0.0,0.0,0.0
2005-05-16 00:00:00-04:00,36.2400016784668,36.540000915527344,36.130001068115234,36.47999954223633,31.045875549316406,79093200,0.0,0.0,0.0
2005-05-17 00:00:00-04:00,36.349998474121094,36.7400016784668,36.209999084472656,36.70000076293945,31.23309326171875,91665900,0.0,0.0,0.0
2005-05-18 00:00:00-04:00,36.79999923706055,37.36000061035156,36.709999084472656,37.20000076293945,31.658620834350586,128105900,0.0,0.0,0.0
2005-05-19 00:00:00-04:00,37.290000915527344,37.52000045776367,37.20000076293945,37.5099983215332,31.922435760498047,92619700,0.0,0.0,0.0
2005-05-20 00:00:00-04:00,37.45000076293945,37.689998626708984,37.349998474121094,37.65999984741211,32.050106048583984,66530100,0.0,0.0,0.0
2005-05-23 00:00:00-04:00,37.65999984741211,37.9900016784668,37.599998474121094,37.849998474121094,32.2118034362793,93068200,0.0,0.0,0.0
2005-05-24 00:00:00-04:00,37.7599983215332,38.0,37.70000076293945,37.970001220703125,32.31393051147461,100830000,0.0,0.0,0.0
2005-05-25 00:00:00-04:00,37.84000015258789,37.880001068115234,37.59000015258789,37.810001373291016,32.17774963378906,76470600,0.0,0.0,0.0
2005-05-26 00:00:00-04:00,37.97999954223633,38.27000045776367,37.97999954223633,38.189998626708984,32.50114440917969,84066800,0.0,0.0,0.0
2005-05-27 00:00:00-04:00,38.13999938964844,38.25,38.02000045776367,38.209999084472656,32.518157958984375,50076900,0.0,0.0,0.0
2005-05-31 00:00:00-04:00,38.189998626708984,38.2400016784668,37.91999816894531,38.08000183105469,32.407527923583984,75281500,0.0,0.0,0.0
2005-06-01 00:00:00-04:00,38.029998779296875,38.68000030517578,38.02000045776367,38.38999938964844,32.671348571777344,110875700,0.0,0.0,0.0
2005-06-02 00:00:00-04:00,38.33000183105469,38.65999984741211,38.29999923706055,38.65999984741211,32.90113830566406,75926500,0.0,0.0,0.0
2005-06-03 00:00:00-04:00,38.630001068115234,38.63999938964844,38.02000045776367,38.099998474121094,32.42454147338867,96998400,0.0,0.0,0.0
2005-06-06 00:00:00-04:00,38.119998931884766,38.189998626708984,37.959999084472656,38.11000061035156,32.433067321777344,52681400,0.0,0.0,0.0
2005-06-07 00:00:00-04:00,38.150001525878906,38.470001220703125,37.7400016784668,37.790000915527344,32.16073226928711,108953400,0.0,0.0,0.0
2005-06-08 00:00:00-04:00,37.880001068115234,37.95000076293945,37.560001373291016,37.709999084472656,32.0926399230957,79211900,0.0,0.0,0.0
2005-06-09 00:00:00-04:00,37.65999984741211,38.060001373291016,37.5,37.95000076293945,32.29689407348633,99383300,0.0,0.0,0.0
2005-06-10 00:00:00-04:00,37.900001525878906,37.900001525878906,37.380001068115234,37.54999923706055,31.95648193359375,85971700,0.0,0.0,0.0
2005-06-13 00:00:00-04:00,37.47999954223633,37.95000076293945,37.459999084472656,37.72999954223633,32.10968017578125,82331300,0.0,0.0,0.0
2005-06-14 00:00:00-04:00,37.689998626708984,37.84000015258789,37.5,37.58000183105469,31.982019424438477,62593600,0.0,0.0,0.0
2005-06-15 00:00:00-04:00,37.83000183105469,37.869998931884766,37.25,37.70000076293945,32.08414840698242,103952000,0.0,0.0,0.0
2005-06-16 00:00:00-04:00,37.7400016784668,38.0,37.65999984741211,37.900001525878906,32.254356384277344,90450100,0.0,0.0,0.0
2005-06-17 00:00:00-04:00,38.11000061035156,38.209999084472656,37.75,37.869998931884766,32.25859832763672,83915700,0.035,0.0,0.0
2005-06-20 00:00:00-04:00,37.720001220703125,38.08000183105469,37.58000183105469,37.869998931884766,32.25859832763672,67580000,0.0,0.0,0.0
2005-06-21 00:00:00-04:00,37.84000015258789,38.0099983215332,37.70000076293945,37.849998474121094,32.2415771484375,97845600,0.0,0.0,0.0
2005-06-22 00:00:00-04:00,38.0,38.099998474121094,37.630001068115234,37.810001373291016,32.207489013671875,75221100,0.0,0.0,0.0
2005-06-23 00:00:00-04:00,37.869998931884766,38.18000030517578,37.33000183105469,37.38999938964844,31.849720001220703,122163300,0.0,0.0,0.0
2005-06-24 00:00:00-04:00,37.380001068115234,37.40999984741211,36.959999084472656,36.970001220703125,31.491954803466797,142144100,0.0,0.0,0.0
2005-06-27 00:00:00-04:00,36.95000076293945,37.060001373291016,36.70000076293945,36.79999923706055,31.347129821777344,72780800,0.0,0.0,0.0
2005-06-28 00:00:00-04:00,36.95000076293945,37.2599983215332,36.900001525878906,37.150001525878906,31.645301818847656,73330300,0.0,0.0,0.0
2005-06-29 00:00:00-04:00,37.25,37.2599983215332,36.970001220703125,37.06999969482422,31.577129364013672,71513600,0.0,0.0,0.0
2005-06-30 00:00:00-04:00,37.13999938964844,37.209999084472656,36.75,36.779998779296875,31.330114364624023,87803700,0.0,0.0,0.0
2005-07-01 00:00:00-04:00,36.86000061035156,37.0,36.68000030517578,36.72999954223633,31.287521362304688,55254800,0.0,0.0,0.0
2005-07-05 00:00:00-04:00,36.599998474121094,37.189998626708984,36.599998474121094,37.11000061035156,31.6112117767334,79288700,0.0,0.0,0.0
2005-07-06 00:00:00-04:00,37.029998779296875,37.279998779296875,36.86000061035156,36.93000030517578,31.45789337158203,79101000,0.0,0.0,0.0
2005-07-07 00:00:00-04:00,36.58000183105469,37.09000015258789,36.54999923706055,37.060001373291016,31.568614959716797,119466300,0.0,0.0,0.0
2005-07-08 00:00:00-04:00,37.08000183105469,37.810001373291016,36.9900016784668,37.77000045776367,32.17341613769531,101320700,0.0,0.0,0.0
2005-07-11 00:00:00-04:00,37.869998931884766,38.15999984741211,37.79999923706055,38.119998931884766,32.47154235839844,96283700,0.0,0.0,0.0
2005-07-12 00:00:00-04:00,38.119998931884766,38.459999084472656,38.0099983215332,38.29999923706055,32.62489700317383,86059300,0.0,0.0,0.0
2005-07-13 00:00:00-04:00,38.31999969482422,38.43000030517578,38.16999816894531,38.38999938964844,32.7015495300293,72135400,0.0,0.0,0.0
2005-07-14 00:00:00-04:00,38.66999816894531,38.880001068115234,38.52000045776367,38.77000045776367,33.02525329589844,99135200,0.0,0.0,0.0
2005-07-15 00:00:00-04:00,38.83000183105469,39.0,38.650001525878906,38.88999938964844,33.127464294433594,67239200,0.0,0.0,0.0
2005-07-18 00:00:00-04:00,38.790000915527344,38.88999938964844,38.689998626708984,38.72999954223633,32.99118423461914,58644000,0.0,0.0,0.0
2005-07-19 00:00:00-04:00,38.90999984741211,39.20000076293945,38.84000015258789,39.18000030517578,33.374488830566406,77860900,0.0,0.0,0.0
2005-07-20 00:00:00-04:00,38.939998626708984,39.56999969482422,38.900001525878906,39.459999084472656,33.61301040649414,91433100,0.0,0.0,0.0
2005-07-21 00:00:00-04:00,39.560001373291016,39.689998626708984,39.209999084472656,39.470001220703125,33.62152099609375,127286000,0.0,0.0,0.0
2005-07-22 00:00:00-04:00,39.47999954223633,39.59000015258789,39.220001220703125,39.41999816894531,33.578941345214844,71666600,0.0,0.0,0.0
2005-07-25 00:00:00-04:00,39.459999084472656,39.630001068115234,39.20000076293945,39.27000045776367,33.45114517211914,51872700,0.0,0.0,0.0
2005-07-26 00:00:00-04:00,39.38999938964844,39.529998779296875,39.189998626708984,39.41999816894531,33.578941345214844,67324900,0.0,0.0,0.0
2005-07-27 00:00:00-04:00,39.45000076293945,39.7599983215332,39.22999954223633,39.720001220703125,33.834468841552734,78351100,0.0,0.0,0.0
2005-07-28 00:00:00-04:00,39.75,39.91999816894531,39.63999938964844,39.90999984741211,33.996307373046875,66163700,0.0,0.0,0.0
2005-07-29 00:00:00-04:00,39.869998931884766,39.91999816894531,39.52000045776367,39.58000183105469,33.71521759033203,74725700,0.0,0.0,0.0
2005-08-01 00:00:00-04:00,39.63999938964844,39.83000183105469,39.52000045776367,39.650001525878906,33.77486038208008,59748300,0.0,0.0,0.0
2005-08-02 00:00:00-04:00,39.70000076293945,40.13999938964844,39.650001525878906,40.08000183105469,34.141136169433594,79284100,0.0,0.0,0.0
2005-08-03 00:00:00-04:00,39.90999984741211,40.130001068115234,39.880001068115234,40.060001373291016,34.12409210205078,61916400,0.0,0.0,0.0
2005-08-04 00:00:00-04:00,39.880001068115234,39.939998626708984,39.56999969482422,39.66999816894531,33.791893005371094,72035500,0.0,0.0,0.0
2005-08-05 00:00:00-04:00,39.61000061035156,39.790000915527344,39.43000030517578,39.47999954223633,33.63003921508789,66029500,0.0,0.0,0.0
2005-08-08 00:00:00-04:00,39.52000045776367,39.61000061035156,39.13999938964844,39.189998626708984,33.38301086425781,63415400,0.0,0.0,0.0
2005-08-09 00:00:00-04:00,39.369998931884766,39.59000015258789,39.310001373291016,39.45000076293945,33.604488372802734,62143600,0.0,0.0,0.0
2005-08-10 00:00:00-04:00,39.54999923706055,39.689998626708984,38.970001220703125,39.11000061035156,33.31486511230469,102317500,0.0,0.0,0.0
2005-08-11 00:00:00-04:00,39.130001068115234,39.540000915527344,39.099998474121094,39.43000030517578,33.58744430541992,92446700,0.0,0.0,0.0
2005-08-12 00:00:00-04:00,39.119998931884766,39.31999969482422,38.970001220703125,39.209999084472656,33.40004348754883,86367300,0.0,0.0,0.0
2005-08-15 00:00:00-04:00,39.13999938964844,39.630001068115234,39.08000183105469,39.45000076293945,33.604488372802734,63061100,0.0,0.0,0.0
2005-08-16 00:00:00-04:00,39.29999923706055,39.33000183105469,38.7400016784668,38.810001373291016,33.059326171875,94596000,0.0,0.0,0.0
2005-08-17 00:00:00-04:00,38.91999816894531,39.16999816894531,38.790000915527344,39.040000915527344,33.25524139404297,74470500,0.0,0.0,0.0
2005-08-18 00:00:00-04:00,38.869998931884766,39.099998474121094,38.77000045776367,38.84000015258789,33.08487319946289,72559400,0.0,0.0,0.0
2005-08-19 00:00:00-04:00,38.88999938964844,39.0,38.790000915527344,38.81999969482422,33.06783676147461,52024300,0.0,0.0,0.0
2005-08-22 00:00:00-04:00,38.880001068115234,39.18000030517578,38.599998474121094,38.84000015258789,33.08487319946289,88056300,0.0,0.0,0.0
2005-08-23 00:00:00-04:00,38.84000015258789,38.91999816894531,38.61000061035156,38.72999954223633,32.99118423461914,57482900,0.0,0.0,0.0
2005-08-24 00:00:00-04:00,38.650001525878906,39.18000030517578,38.459999084472656,38.5,32.795257568359375,95025700,0.0,0.0,0.0
2005-08-25 00:00:00-04:00,38.56999969482422,38.689998626708984,38.4900016784668,38.59000015258789,32.87192153930664,52328800,0.0,0.0,0.0
2005-08-26 00:00:00-04:00,38.529998779296875,38.599998474121094,38.27000045776367,38.459999084472656,32.76117706298828,63840700,0.0,0.0,0.0
2005-08-29 00:00:00-04:00,38.2599983215332,38.849998474121094,38.2599983215332,38.7599983215332,33.016727447509766,74940400,0.0,0.0,0.0
2005-08-30 00:00:00-04:00,38.560001373291016,38.65999984741211,38.31999969482422,38.619998931884766,32.89748001098633,87373600,0.0,0.0,0.0
2005-08-31 00:00:00-04:00,38.63999938964844,39.0099983215332,38.47999954223633,38.97999954223633,33.204132080078125,93426300,0.0,0.0,0.0
2005-09-01 00:00:00-04:00,39.0,39.150001525878906,38.779998779296875,38.91999816894531,33.153018951416016,74884400,0.0,0.0,0.0
2005-09-02 00:00:00-04:00,39.0,39.029998779296875,38.7400016784668,38.77000045776367,33.02525329589844,53244900,0.0,0.0,0.0
2005-09-06 00:00:00-04:00,38.95000076293945,39.40999984741211,38.900001525878906,39.34000015258789,33.510799407958984,78106600,0.0,0.0,0.0
2005-09-07 00:00:00-04:00,39.29999923706055,39.47999954223633,39.209999084472656,39.40999984741211,33.57040023803711,57440100,0.0,0.0,0.0
2005-09-08 00:00:00-04:00,39.290000915527344,39.56999969482422,39.27000045776367,39.400001525878906,33.561893463134766,73529700,0.0,0.0,0.0
2005-09-09 00:00:00-04:00,39.40999984741211,39.689998626708984,39.310001373291016,39.619998931884766,33.749290466308594,75342100,0.0,0.0,0.0
2005-09-12 00:00:00-04:00,39.630001068115234,39.86000061035156,39.58000183105469,39.72999954223633,33.842987060546875,51689900,0.0,0.0,0.0
2005-09-13 00:00:00-04:00,39.68000030517578,39.90999984741211,39.540000915527344,39.630001068115234,33.75779724121094,66145800,0.0,0.0,0.0
2005-09-14 00:00:00-04:00,39.650001525878906,39.68000030517578,39.150001525878906,39.18000030517578,33.374488830566406,98644000,0.0,0.0,0.0
2005-09-15 00:00:00-04:00,39.2599983215332,39.34000015258789,39.04999923706055,39.15999984741211,33.35745620727539,80421500,0.0,0.0,0.0
2005-09-16 00:00:00-04:00,39.25,39.459999084472656,39.11000061035156,39.400001525878906,33.561893463134766,71034100,0.0,0.0,0.0
2005-09-19 00:00:00-04:00,39.31999969482422,39.380001068115234,38.90999984741211,39.09000015258789,33.29783630371094,73387500,0.0,0.0,0.0
2005-09-20 00:00:00-04:00,39.15999984741211,39.540000915527344,38.810001373291016,38.93000030517578,33.16153335571289,115202800,0.0,0.0,0.0
2005-09-21 00:00:00-04:00,38.81999969482422,38.869998931884766,38.470001220703125,38.5,32.795257568359375,116404300,0.0,0.0,0.0
2005-09-22 00:00:00-04:00,38.439998626708984,38.72999954223633,38.2400016784668,38.63999938964844,32.914512634277344,118686100,0.0,0.0,0.0
2005-09-23 00:00:00-04:00,38.5,38.880001068115234,38.40999984741211,38.75,33.008209228515625,70154000,0.0,0.0,0.0
2005-09-26 00:00:00-04:00,38.970001220703125,39.029998779296875,38.54999923706055,38.7599983215332,33.016727447509766,69327600,0.0,0.0,0.0
2005-09-27 00:00:00-04:00,38.790000915527344,38.900001525878906,38.5099983215332,38.66999816894531,32.9400520324707,64089500,0.0,0.0,0.0
2005-09-28 00:00:00-04:00,38.7599983215332,38.95000076293945,38.560001373291016,38.68000030517578,32.948585510253906,72044500,0.0,0.0,0.0
2005-09-29 00:00:00-04:00,38.630001068115234,39.209999084472656,38.45000076293945,39.20000076293945,33.39152908325195,117634600,0.0,0.0,0.0
2005-09-30 00:00:00-04:00,39.16999816894531,39.47999954223633,39.130001068115234,39.459999084472656,33.61301040649414,79248500,0.0,0.0,0.0
2005-10-03 00:00:00-04:00,39.540000915527344,39.75,39.5099983215332,39.560001373291016,33.69818115234375,81685600,0.0,0.0,0.0
2005-10-04 00:00:00-04:00,39.619998931884766,39.880001068115234,39.290000915527344,39.29999923706055,33.476715087890625,85348600,0.0,0.0,0.0
2005-10-05 00:00:00-04:00,39.310001373291016,39.34000015258789,38.72999954223633,38.7599983215332,33.016727447509766,106152200,0.0,0.0,0.0
2005-10-06 00:00:00-04:00,38.72999954223633,38.86000061035156,37.91999816894531,38.25,32.58230972290039,162213700,0.0,0.0,0.0
2005-10-07 00:00:00-04:00,38.400001525878906,38.56999969482422,38.18000030517578,38.34000015258789,32.65896987915039,91119900,0.0,0.0,0.0
2005-10-10 00:00:00-04:00,38.27000045776367,38.459999084472656,38.060001373291016,38.130001068115234,32.48008346557617,64012000,0.0,0.0,0.0
2005-10-11 00:00:00-04:00,38.2400016784668,38.2400016784668,37.79999923706055,37.939998626708984,32.31822967529297,114736900,0.0,0.0,0.0
2005-10-12 00:00:00-04:00,37.720001220703125,38.060001373291016,37.43000030517578,37.4900016784668,31.934894561767578,146109500,0.0,0.0,0.0
2005-10-13 00:00:00-04:00,37.470001220703125,37.90999984741211,37.33000183105469,37.779998779296875,32.18193435668945,138569600,0.0,0.0,0.0
2005-10-14 00:00:00-04:00,37.880001068115234,38.06999969482422,37.63999938964844,38.060001373291016,32.420448303222656,131463200,0.0,0.0,0.0
2005-10-17 00:00:00-04:00,38.06999969482422,38.189998626708984,37.81999969482422,38.18000030517578,32.52266311645508,64080400,0.0,0.0,0.0
2005-10-18 00:00:00-04:00,38.13999938964844,38.18000030517578,37.90999984741211,37.90999984741211,32.29267501831055,88070400,0.0,0.0,0.0
2005-10-19 00:00:00-04:00,37.720001220703125,38.66999816894531,37.61000061035156,38.66999816894531,32.9400520324707,132879900,0.0,0.0,0.0
2005-10-20 00:00:00-04:00,38.709999084472656,38.849998474121094,38.099998474121094,38.310001373291016,32.633399963378906,132576900,0.0,0.0,0.0
2005-10-21 00:00:00-04:00,38.66999816894531,38.75,38.33000183105469,38.54999923706055,32.837833404541016,110032000,0.0,0.0,0.0
2005-10-24 00:00:00-04:00,38.72999954223633,39.18000030517578,38.470001220703125,39.15999984741211,33.35745620727539,110820900,0.0,0.0,0.0
2005-10-25 00:00:00-04:00,39.09000015258789,39.189998626708984,38.77000045776367,39.0099983215332,33.22968673706055,86665800,0.0,0.0,0.0
2005-10-26 00:00:00-04:00,38.97999954223633,39.27000045776367,38.7599983215332,38.810001373291016,33.059326171875,89878100,0.0,0.0,0.0
2005-10-27 00:00:00-04:00,38.779998779296875,38.79999923706055,38.029998779296875,38.029998779296875,32.394901275634766,132231100,0.0,0.0,0.0
2005-10-28 00:00:00-04:00,38.15999984741211,38.38999938964844,37.91999816894531,38.31999969482422,32.64192199707031,95243900,0.0,0.0,0.0
2005-10-31 00:00:00-05:00,38.45000076293945,39.04999923706055,38.41999816894531,38.869998931884766,33.11043167114258,115279100,0.0,0.0,0.0
2005-11-01 00:00:00-05:00,38.779998779296875,39.0099983215332,38.709999084472656,38.84000015258789,33.08487319946289,73502300,0.0,0.0,0.0
2005-11-02 00:00:00-05:00,38.72999954223633,39.459999084472656,38.709999084472656,39.349998474121094,33.519287109375,101409900,0.0,0.0,0.0
2005-11-03 00:00:00-05:00,39.7400016784668,40.09000015258789,39.68000030517578,39.939998626708984,34.02189636230469,137054000,0.0,0.0,0.0
2005-11-04 00:00:00-05:00,40.0,40.22999954223633,39.84000015258789,40.08000183105469,34.141136169433594,100944500,0.0,0.0,0.0
2005-11-07 00:00:00-05:00,40.209999084472656,40.290000915527344,39.95000076293945,40.130001068115234,34.18373489379883,65324500,0.0,0.0,0.0
2005-11-08 00:00:00-05:00,40.08000183105469,40.349998474121094,39.9900016784668,40.13999938964844,34.1922607421875,78859700,0.0,0.0,0.0
2005-11-09 00:00:00-05:00,40.119998931884766,40.33000183105469,40.029998779296875,40.15999984741211,34.209285736083984,72458800,0.0,0.0,0.0
2005-11-10 00:00:00-05:00,40.18000030517578,40.689998626708984,39.91999816894531,40.599998474121094,34.584083557128906,120763100,0.0,0.0,0.0
2005-11-11 00:00:00-05:00,40.77000045776367,40.91999816894531,40.68000030517578,40.709999084472656,34.677772521972656,80057200,0.0,0.0,0.0
2005-11-14 00:00:00-05:00,40.77000045776367,40.86000061035156,40.599998474121094,40.709999084472656,34.677772521972656,53652400,0.0,0.0,0.0
2005-11-15 00:00:00-05:00,40.72999954223633,40.900001525878906,40.380001068115234,40.52000045776367,34.515933990478516,79543500,0.0,0.0,0.0
2005-11-16 00:00:00-05:00,40.630001068115234,40.779998779296875,40.459999084472656,40.77000045776367,34.728904724121094,65895700,0.0,0.0,0.0
2005-11-17 00:00:00-05:00,40.90999984741211,41.31999969482422,40.849998474121094,41.310001373291016,35.18887710571289,94425500,0.0,0.0,0.0
2005-11-18 00:00:00-05:00,41.52000045776367,41.650001525878906,41.27000045776367,41.45000076293945,35.30812454223633,108820200,0.0,0.0,0.0
2005-11-21 00:00:00-05:00,41.400001525878906,41.58000183105469,41.2400016784668,41.54999923706055,35.39333724975586,69731400,0.0,0.0,0.0
2005-11-22 00:00:00-05:00,41.470001220703125,41.869998931884766,41.36000061035156,41.70000076293945,35.521087646484375,88814000,0.0,0.0,0.0
2005-11-23 00:00:00-05:00,41.72999954223633,42.02000045776367,41.709999084472656,41.79999923706055,35.60626220703125,64101200,0.0,0.0,0.0
2005-11-25 00:00:00-05:00,41.84000015258789,41.939998626708984,41.72999954223633,41.88999938964844,35.68293762207031,22930200,0.0,0.0,0.0
2005-11-28 00:00:00-05:00,42.0,42.0,41.5,41.540000915527344,35.38480758666992,74716200,0.0,0.0,0.0
2005-11-29 00:00:00-05:00,41.77000045776367,41.849998474121094,41.34000015258789,41.34000015258789,35.21443176269531,77443000,0.0,0.0,0.0
2005-11-30 00:00:00-05:00,41.279998779296875,41.4900016784668,41.189998626708984,41.2400016784668,35.129241943359375,88044400,0.0,0.0,0.0
2005-12-01 00:00:00-05:00,41.5099983215332,42.04999923706055,41.5,42.0099983215332,35.785160064697266,91914100,0.0,0.0,0.0
2005-12-02 00:00:00-05:00,41.939998626708984,42.130001068115234,41.869998931884766,42.11000061035156,35.870330810546875,72929200,0.0,0.0,0.0
2005-12-05 00:00:00-05:00,42.060001373291016,42.060001373291016,41.630001068115234,41.79999923706055,35.60626220703125,61519900,0.0,0.0,0.0
2005-12-06 00:00:00-05:00,42.029998779296875,42.310001373291016,41.900001525878906,41.939998626708984,35.725521087646484,81509400,0.0,0.0,0.0
2005-12-07 00:00:00-05:00,42.0,42.029998779296875,41.630001068115234,41.86000061035156,35.65739822387695,83885500,0.0,0.0,0.0
2005-12-08 00:00:00-05:00,41.959999084472656,42.0,41.27000045776367,41.560001373291016,35.40184020996094,112043200,0.0,0.0,0.0
2005-12-09 00:00:00-05:00,41.560001373291016,41.77000045776367,41.380001068115234,41.720001220703125,35.538116455078125,56526900,0.0,0.0,0.0
2005-12-12 00:00:00-05:00,41.869998931884766,41.939998626708984,41.68000030517578,41.869998931884766,35.66590118408203,44863600,0.0,0.0,0.0
2005-12-13 00:00:00-05:00,41.81999969482422,42.209999084472656,41.7599983215332,42.040000915527344,35.81071472167969,76611600,0.0,0.0,0.0
2005-12-14 00:00:00-05:00,41.95000076293945,42.099998474121094,41.709999084472656,41.900001525878906,35.69145202636719,73581600,0.0,0.0,0.0
2005-12-15 00:00:00-05:00,42.0,42.06999969482422,41.61000061035156,41.970001220703125,35.751068115234375,72607200,0.0,0.0,0.0
2005-12-16 00:00:00-05:00,41.86000061035156,41.939998626708984,41.54999923706055,41.58000183105469,35.50431823730469,63743000,0.101,0.0,0.0
2005-12-19 00:00:00-05:00,41.66999816894531,41.709999084472656,40.900001525878906,40.91999816894531,34.94074630737305,75341700,0.0,0.0,0.0
2005-12-20 00:00:00-05:00,40.95000076293945,41.150001525878906,40.75,40.95000076293945,34.96636962890625,70257700,0.0,0.0,0.0
2005-12-21 00:00:00-05:00,41.02000045776367,41.40999984741211,40.95000076293945,41.130001068115234,35.12006759643555,68935000,0.0,0.0,0.0
2005-12-22 00:00:00-05:00,41.11000061035156,41.459999084472656,41.099998474121094,41.400001525878906,35.35060501098633,59149500,0.0,0.0,0.0
2005-12-23 00:00:00-05:00,41.5099983215332,41.59000015258789,41.29999923706055,41.400001525878906,35.35060501098633,38000400,0.0,0.0,0.0
2005-12-27 00:00:00-05:00,41.52000045776367,41.68000030517578,40.970001220703125,41.040000915527344,35.04322052001953,55656300,0.0,0.0,0.0
2005-12-28 00:00:00-05:00,41.060001373291016,41.22999954223633,40.869998931884766,40.9900016784668,35.00052261352539,50302400,0.0,0.0,0.0
2005-12-29 00:00:00-05:00,41.029998779296875,41.119998931884766,40.650001525878906,40.720001220703125,34.76997375488281,47301700,0.0,0.0,0.0
2005-12-30 00:00:00-05:00,40.540000915527344,40.58000183105469,40.36000061035156,40.40999984741211,34.50525665283203,60026500,0.0,0.0,0.0
2006-01-03 00:00:00-05:00,40.650001525878906,41.4900016784668,40.15999984741211,41.310001373291016,35.27375793457031,109350400,0.0,0.0,0.0
2006-01-04 00:00:00-05:00,41.40999984741211,41.7400016784668,41.31999969482422,41.7400016784668,35.64094924926758,92769400,0.0,0.0,0.0
2006-01-05 00:00:00-05:00,41.75,42.0,41.709999084472656,41.91999816894531,35.79463577270508,77656900,0.0,0.0,0.0
2006-01-06 00:00:00-05:00,42.2599983215332,42.70000076293945,42.060001373291016,42.68000030517578,36.44358444213867,110053900,0.0,0.0,0.0
2006-01-09 00:00:00-05:00,42.68000030517578,42.91999816894531,42.52000045776367,42.849998474121094,36.588748931884766,80768800,0.0,0.0,0.0
2006-01-10 00:00:00-05:00,42.65999984741211,42.91999816894531,42.54999923706055,42.880001068115234,36.614356994628906,84369400,0.0,0.0,0.0
2006-01-11 00:00:00-05:00,43.0,43.310001373291016,42.869998931884766,43.209999084472656,36.89612579345703,100761400,0.0,0.0,0.0
2006-01-12 00:00:00-05:00,43.15999984741211,43.290000915527344,42.849998474121094,43.0,36.716819763183594,82429200,0.0,0.0,0.0
2006-01-13 00:00:00-05:00,42.939998626708984,43.04999923706055,42.72999954223633,42.97999954223633,36.69973373413086,64572100,0.0,0.0,0.0
2006-01-17 00:00:00-05:00,42.650001525878906,42.790000915527344,42.5,42.70000076293945,36.46066665649414,77962100,0.0,0.0,0.0
2006-01-18 00:00:00-05:00,42.029998779296875,42.459999084472656,42.02000045776367,42.209999084472656,36.04226303100586,121021900,0.0,0.0,0.0
2006-01-19 00:00:00-05:00,42.41999816894531,42.81999969482422,42.290000915527344,42.52000045776367,36.30695724487305,111094000,0.0,0.0,0.0
2006-01-20 00:00:00-05:00,42.459999084472656,42.4900016784668,41.150001525878906,41.25,35.2225456237793,188569400,0.0,0.0,0.0
2006-01-23 00:00:00-05:00,41.36000061035156,41.45000076293945,41.08000183105469,41.2599983215332,35.2310905456543,111381900,0.0,0.0,0.0
2006-01-24 00:00:00-05:00,41.36000061035156,41.70000076293945,41.310001373291016,41.439998626708984,35.384765625,77956900,0.0,0.0,0.0
2006-01-25 00:00:00-05:00,41.63999938964844,41.66999816894531,41.08000183105469,41.2599983215332,35.2310905456543,99826400,0.0,0.0,0.0
2006-01-26 00:00:00-05:00,41.5,41.689998626708984,41.22999954223633,41.54999923706055,35.478694915771484,112600600,0.0,0.0,0.0
2006-01-27 00:00:00-05:00,41.79999923706055,42.38999938964844,41.7400016784668,42.11000061035156,35.95688247680664,110830400,0.0,0.0,0.0
2006-01-30 00:00:00-05:00,42.18000030517578,42.31999969482422,42.06999969482422,42.189998626708984,36.02517318725586,53942600,0.0,0.0,0.0
2006-01-31 00:00:00-05:00,42.16999816894531,42.27000045776367,41.810001373291016,42.0,35.862945556640625,100988100,0.0,0.0,0.0
2006-02-01 00:00:00-05:00,41.7400016784668,42.16999816894531,41.70000076293945,42.150001525878906,35.99102020263672,89168700,0.0,0.0,0.0
2006-02-02 00:00:00-05:00,42.0099983215332,42.08000183105469,41.40999984741211,41.43000030517578,35.37623977661133,94047400,0.0,0.0,0.0
2006-02-03 00:00:00-05:00,41.119998931884766,41.22999954223633,40.779998779296875,40.91999816894531,34.94074630737305,121094200,0.0,0.0,0.0
2006-02-06 00:00:00-05:00,40.720001220703125,41.0099983215332,40.59000015258789,40.810001373291016,34.84682846069336,58162800,0.0,0.0,0.0
2006-02-07 00:00:00-05:00,40.7400016784668,40.93000030517578,40.439998626708984,40.630001068115234,34.69312286376953,87327000,0.0,0.0,0.0
2006-02-08 00:00:00-05:00,40.91999816894531,41.150001525878906,40.689998626708984,41.099998474121094,35.09442901611328,89907800,0.0,0.0,0.0
2006-02-09 00:00:00-05:00,41.209999084472656,41.369998931884766,40.630001068115234,40.709999084472656,34.761436462402344,78213400,0.0,0.0,0.0
2006-02-10 00:00:00-05:00,40.68000030517578,41.060001373291016,40.2599983215332,40.959999084472656,34.974918365478516,102575900,0.0,0.0,0.0
2006-02-13 00:00:00-05:00,40.70000076293945,40.7400016784668,40.29999923706055,40.4900016784668,34.5735969543457,70643100,0.0,0.0,0.0
2006-02-14 00:00:00-05:00,40.56999969482422,41.02000045776367,40.40999984741211,40.900001525878906,34.92365646362305,94340300,0.0,0.0,0.0
2006-02-15 00:00:00-05:00,40.790000915527344,41.2599983215332,40.72999954223633,41.15999984741211,35.14567184448242,92254300,0.0,0.0,0.0
2006-02-16 00:00:00-05:00,41.310001373291016,41.54999923706055,41.150001525878906,41.540000915527344,35.47016143798828,103859600,0.0,0.0,0.0
2006-02-17 00:00:00-05:00,41.459999084472656,41.459999084472656,41.20000076293945,41.209999084472656,35.188377380371094,81770200,0.0,0.0,0.0
2006-02-21 00:00:00-05:00,41.209999084472656,41.27000045776367,40.61000061035156,40.75,34.795589447021484,85101400,0.0,0.0,0.0
2006-02-22 00:00:00-05:00,40.779998779296875,41.540000915527344,40.68000030517578,41.2599983215332,35.2310905456543,91983900,0.0,0.0,0.0
2006-02-23 00:00:00-05:00,41.189998626708984,41.540000915527344,41.08000183105469,41.150001525878906,35.13713455200195,66517100,0.0,0.0,0.0
2006-02-24 00:00:00-05:00,41.189998626708984,41.290000915527344,41.0099983215332,41.2599983215332,35.2310905456543,57085400,0.0,0.0,0.0
2006-02-27 00:00:00-05:00,41.36000061035156,41.869998931884766,41.33000183105469,41.720001220703125,35.62385940551758,64945000,0.0,0.0,0.0
2006-02-28 00:00:00-05:00,41.61000061035156,41.720001220703125,40.970001220703125,41.099998474121094,35.09442901611328,117564600,0.0,0.0,0.0
2006-03-01 00:00:00-05:00,41.22999954223633,41.77000045776367,41.150001525878906,41.65999984741211,35.57261657714844,80962300,0.0,0.0,0.0
2006-03-02 00:00:00-05:00,41.54999923706055,41.84000015258789,41.40999984741211,41.689998626708984,35.59824752807617,69856500,0.0,0.0,0.0
2006-03-03 00:00:00-05:00,41.45000076293945,42.0099983215332,41.38999938964844,41.45000076293945,35.39332580566406,112066100,0.0,0.0,0.0
2006-03-06 00:00:00-05:00,41.540000915527344,41.630001068115234,40.959999084472656,41.09000015258789,35.08591079711914,99581000,0.0,0.0,0.0
2006-03-07 00:00:00-05:00,41.02000045776367,41.06999969482422,40.650001525878906,40.849998474121094,34.880977630615234,96441100,0.0,0.0,0.0
2006-03-08 00:00:00-05:00,40.7599983215332,41.09000015258789,40.5,40.869998931884766,34.898048400878906,103961900,0.0,0.0,0.0
2006-03-09 00:00:00-05:00,41.0,41.150001525878906,40.470001220703125,40.52000045776367,34.59920120239258,108556700,0.0,0.0,0.0
2006-03-10 00:00:00-05:00,40.47999954223633,40.790000915527344,40.189998626708984,40.560001373291016,34.63335418701172,124474900,0.0,0.0,0.0
2006-03-13 00:00:00-05:00,40.7400016784668,40.939998626708984,40.619998931884766,40.68000030517578,34.7358283996582,69169100,0.0,0.0,0.0
2006-03-14 00:00:00-05:00,40.63999938964844,41.41999816894531,40.63999938964844,41.369998931884766,35.32499313354492,118201000,0.0,0.0,0.0
2006-03-15 00:00:00-05:00,41.529998779296875,41.720001220703125,41.31999969482422,41.720001220703125,35.62385940551758,84375800,0.0,0.0,0.0
2006-03-16 00:00:00-05:00,41.849998474121094,41.91999816894531,41.33000183105469,41.369998931884766,35.32499313354492,101371200,0.0,0.0,0.0
2006-03-17 00:00:00-05:00,41.34000015258789,41.59000015258789,41.22999954223633,41.45000076293945,35.41814041137695,78219600,0.029,0.0,0.0
2006-03-20 00:00:00-05:00,41.56999969482422,41.68000030517578,41.400001525878906,41.54999923706055,35.503570556640625,60240100,0.0,0.0,0.0
2006-03-21 00:00:00-05:00,41.11000061035156,42.0099983215332,41.08000183105469,41.11000061035156,35.127628326416016,136566000,0.0,0.0,0.0
2006-03-22 00:00:00-05:00,40.880001068115234,41.279998779296875,40.86000061035156,41.209999084472656,35.21305847167969,112282800,0.0,0.0,0.0
2006-03-23 00:00:00-05:00,41.09000015258789,41.220001220703125,40.81999969482422,41.09000015258789,35.11052703857422,75158200,0.0,0.0,0.0
2006-03-24 00:00:00-05:00,41.22999954223633,41.5,41.02000045776367,41.29999923706055,35.28997039794922,81795500,0.0,0.0,0.0
2006-03-27 00:00:00-05:00,41.279998779296875,41.5099983215332,41.2400016784668,41.310001373291016,35.29849624633789,54400400,0.0,0.0,0.0
2006-03-28 00:00:00-05:00,41.38999938964844,41.66999816894531,40.9900016784668,41.13999938964844,35.15325927734375,100522800,0.0,0.0,0.0
2006-03-29 00:00:00-05:00,41.20000076293945,42.099998474121094,41.16999816894531,41.91999816894531,35.81975173950195,130669100,0.0,0.0,0.0
2006-03-30 00:00:00-05:00,42.0099983215332,42.29999923706055,41.790000915527344,42.04999923706055,35.93082809448242,115915600,0.0,0.0,0.0
2006-03-31 00:00:00-05:00,42.130001068115234,42.189998626708984,41.84000015258789,41.93000030517578,35.828269958496094,71074600,0.0,0.0,0.0
2006-04-03 00:00:00-04:00,42.150001525878906,42.369998931884766,41.900001525878906,41.97999954223633,35.871002197265625,80730700,0.0,0.0,0.0
2006-04-04 00:00:00-04:00,42.04999923706055,42.310001373291016,41.93000030517578,42.209999084472656,36.06753158569336,89952600,0.0,0.0,0.0
2006-04-05 00:00:00-04:00,42.29999923706055,42.66999816894531,42.209999084472656,42.61000061035156,36.40933609008789,91628200,0.0,0.0,0.0
2006-04-06 00:00:00-04:00,42.59000015258789,42.939998626708984,42.439998626708984,42.72999954223633,36.511871337890625,91712800,0.0,0.0,0.0
2006-04-07 00:00:00-04:00,42.880001068115234,43.04999923706055,42.29999923706055,42.31999969482422,36.16154098510742,116604300,0.0,0.0,0.0
2006-04-10 00:00:00-04:00,42.400001525878906,42.5,42.09000015258789,42.2599983215332,36.11024856567383,58981900,0.0,0.0,0.0
2006-04-11 00:00:00-04:00,42.38999938964844,42.43000030517578,41.709999084472656,41.91999816894531,35.81975173950195,91481900,0.0,0.0,0.0
2006-04-12 00:00:00-04:00,41.939998626708984,42.08000183105469,41.79999923706055,41.93000030517578,35.828269958496094,58751200,0.0,0.0,0.0
2006-04-13 00:00:00-04:00,41.900001525878906,42.33000183105469,41.790000915527344,42.099998474121094,35.973548889160156,63476900,0.0,0.0,0.0
2006-04-17 00:00:00-04:00,42.040000915527344,42.209999084472656,41.38999938964844,41.65999984741211,35.59756851196289,104072100,0.0,0.0,0.0
2006-04-18 00:00:00-04:00,41.77000045776367,42.560001373291016,41.77000045776367,42.459999084472656,36.28115463256836,124291700,0.0,0.0,0.0
2006-04-19 00:00:00-04:00,42.540000915527344,42.650001525878906,42.29999923706055,42.650001525878906,36.44349670410156,79050300,0.0,0.0,0.0
2006-04-20 00:00:00-04:00,42.63999938964844,42.81999969482422,42.380001068115234,42.5,36.31533432006836,81408000,0.0,0.0,0.0
2006-04-21 00:00:00-04:00,42.65999984741211,42.720001220703125,41.81999969482422,42.0,35.88810729980469,130181200,0.0,0.0,0.0
2006-04-24 00:00:00-04:00,41.95000076293945,42.06999969482422,41.720001220703125,41.959999084472656,35.85394287109375,78556400,0.0,0.0,0.0
2006-04-25 00:00:00-04:00,42.06999969482422,42.099998474121094,41.650001525878906,41.869998931884766,35.77702331542969,77660800,0.0,0.0,0.0
2006-04-26 00:00:00-04:00,41.86000061035156,42.060001373291016,41.70000076293945,41.86000061035156,35.768470764160156,82537000,0.0,0.0,0.0
2006-04-27 00:00:00-04:00,41.66999816894531,42.4900016784668,41.5,42.2599983215332,36.11024856567383,173950100,0.0,0.0,0.0
2006-04-28 00:00:00-04:00,42.0,42.220001220703125,41.779998779296875,41.849998474121094,35.759918212890625,88876600,0.0,0.0,0.0
2006-05-01 00:00:00-04:00,41.91999816894531,42.04999923706055,41.310001373291016,41.439998626708984,35.409584045410156,92875500,0.0,0.0,0.0
2006-05-02 00:00:00-04:00,41.619998931884766,41.72999954223633,41.400001525878906,41.54999923706055,35.503570556640625,85148100,0.0,0.0,0.0
2006-05-03 00:00:00-04:00,41.56999969482422,41.63999938964844,41.279998779296875,41.4900016784668,35.45232009887695,74971600,0.0,0.0,0.0
2006-05-04 00:00:00-04:00,41.529998779296875,41.9900016784668,41.529998779296875,41.83000183105469,35.74284362792969,88696800,0.0,0.0,0.0
2006-05-05 00:00:00-04:00,42.099998474121094,42.209999084472656,41.939998626708984,42.15999984741211,36.02482604980469,80392200,0.0,0.0,0.0
2006-05-08 00:00:00-04:00,42.08000183105469,42.279998779296875,42.06999969482422,42.20000076293945,36.05899429321289,45079100,0.0,0.0,0.0
2006-05-09 00:00:00-04:00,42.099998474121094,42.18000030517578,41.970001220703125,42.040000915527344,35.92226791381836,48528800,0.0,0.0,0.0
2006-05-10 00:00:00-04:00,41.93000030517578,41.97999954223633,41.54999923706055,41.66999816894531,35.60613250732422,92424200,0.0,0.0,0.0
2006-05-11 00:00:00-04:00,41.630001068115234,41.650001525878906,40.630001068115234,40.7400016784668,34.81146240234375,140989700,0.0,0.0,0.0
2006-05-12 00:00:00-04:00,40.560001373291016,40.619998931884766,40.18000030517578,40.189998626708984,34.341495513916016,153920800,0.0,0.0,0.0
2006-05-15 00:00:00-04:00,40.02000045776367,40.34000015258789,39.790000915527344,40.15999984741211,34.31586837768555,127896500,0.0,0.0,0.0
2006-05-16 00:00:00-04:00,40.16999816894531,40.2599983215332,39.77000045776367,39.86000061035156,34.059513092041016,132397500,0.0,0.0,0.0
2006-05-17 00:00:00-04:00,39.68000030517578,39.810001373291016,39.22999954223633,39.31999969482422,33.59809494018555,207897100,0.0,0.0,0.0
2006-05-18 00:00:00-04:00,39.4900016784668,39.65999984741211,39.0,39.04999923706055,33.36738586425781,139690900,0.0,0.0,0.0
2006-05-19 00:00:00-04:00,39.20000076293945,39.470001220703125,38.75,39.349998474121094,33.62371063232422,194306300,0.0,0.0,0.0
2006-05-22 00:00:00-04:00,39.0099983215332,39.2400016784668,38.619998931884766,38.970001220703125,33.299015045166016,169591800,0.0,0.0,0.0
2006-05-23 00:00:00-04:00,39.2599983215332,39.380001068115234,38.56999969482422,38.59000015258789,32.97431564331055,142243900,0.0,0.0,0.0
2006-05-24 00:00:00-04:00,38.529998779296875,39.040000915527344,38.22999954223633,38.849998474121094,33.19647216796875,234981600,0.0,0.0,0.0
2006-05-25 00:00:00-04:00,39.11000061035156,39.380001068115234,38.81999969482422,39.36000061035156,33.63228225708008,123510900,0.0,0.0,0.0
2006-05-26 00:00:00-04:00,39.45000076293945,39.58000183105469,39.22999954223633,39.4900016784668,33.74335861206055,91319600,0.0,0.0,0.0
2006-05-30 00:00:00-04:00,39.29999923706055,39.33000183105469,38.61000061035156,38.63999938964844,33.017051696777344,105606200,0.0,0.0,0.0
2006-05-31 00:00:00-04:00,38.709999084472656,39.060001373291016,38.540000915527344,38.81999969482422,33.170867919921875,137066200,0.0,0.0,0.0
2006-06-01 00:00:00-04:00,38.93000030517578,39.7400016784668,38.84000015258789,39.7400016784668,33.95698547363281,119357400,0.0,0.0,0.0
2006-06-02 00:00:00-04:00,39.959999084472656,40.0,39.310001373291016,39.63999938964844,33.87152862548828,128864100,0.0,0.0,0.0
2006-06-05 00:00:00-04:00,39.560001373291016,39.560001373291016,38.779998779296875,38.779998779296875,33.13667678833008,103190600,0.0,0.0,0.0
2006-06-06 00:00:00-04:00,38.849998474121094,38.95000076293945,38.349998474121094,38.75,33.111045837402344,127271000,0.0,0.0,0.0
2006-06-07 00:00:00-04:00,38.79999923706055,39.16999816894531,38.45000076293945,38.459999084472656,32.86323165893555,130754700,0.0,0.0,0.0
2006-06-08 00:00:00-04:00,38.27000045776367,38.560001373291016,37.4900016784668,38.400001525878906,32.81196975708008,280562200,0.0,0.0,0.0
2006-06-09 00:00:00-04:00,38.560001373291016,38.7400016784668,38.11000061035156,38.150001525878906,32.59836196899414,144146200,0.0,0.0,0.0
2006-06-12 00:00:00-04:00,38.20000076293945,38.2599983215332,37.38999938964844,37.400001525878906,31.957489013671875,145607500,0.0,0.0,0.0
2006-06-13 00:00:00-04:00,37.4900016784668,37.79999923706055,37.15999984741211,37.25,31.829341888427734,207099500,0.0,0.0,0.0
2006-06-14 00:00:00-04:00,37.36000061035156,37.709999084472656,37.20000076293945,37.630001068115234,32.15402603149414,201876800,0.0,0.0,0.0
2006-06-15 00:00:00-04:00,37.849998474121094,38.790000915527344,37.79999923706055,38.650001525878906,33.02560043334961,200700400,0.0,0.0,0.0
2006-06-16 00:00:00-04:00,38.54999923706055,38.68000030517578,38.20000076293945,38.34000015258789,32.78276443481445,120006100,0.026,0.0,0.0
2006-06-19 00:00:00-04:00,38.5,38.540000915527344,37.90999984741211,38.029998779296875,32.517696380615234,129450100,0.0,0.0,0.0
2006-06-20 00:00:00-04:00,38.09000015258789,38.47999954223633,37.939998626708984,38.08000183105469,32.560455322265625,102871700,0.0,0.0,0.0
2006-06-21 00:00:00-04:00,38.13999938964844,38.9900016784668,38.130001068115234,38.68000030517578,33.07347106933594,129548100,0.0,0.0,0.0
2006-06-22 00:00:00-04:00,38.59000015258789,38.68000030517578,37.9900016784668,38.189998626708984,32.65449523925781,143100500,0.0,0.0,0.0
2006-06-23 00:00:00-04:00,38.15999984741211,38.529998779296875,37.93000030517578,38.150001525878906,32.62031173706055,88050200,0.0,0.0,0.0
2006-06-26 00:00:00-04:00,38.16999816894531,38.38999938964844,38.06999969482422,38.25,32.705806732177734,65157700,0.0,0.0,0.0
2006-06-27 00:00:00-04:00,38.27000045776367,38.33000183105469,37.4900016784668,37.529998779296875,32.09016799926758,128227500,0.0,0.0,0.0
2006-06-28 00:00:00-04:00,37.619998931884766,37.84000015258789,37.380001068115234,37.810001373291016,32.3295783996582,91576300,0.0,0.0,0.0
2006-06-29 00:00:00-04:00,37.97999954223633,38.959999084472656,37.900001525878906,38.959999084472656,33.312896728515625,181997200,0.0,0.0,0.0
2006-06-30 00:00:00-04:00,39.119998931884766,39.13999938964844,38.68000030517578,38.77000045776367,33.150421142578125,82719200,0.0,0.0,0.0
2006-07-03 00:00:00-04:00,38.88999938964844,39.0,38.810001373291016,39.0,33.34709548950195,21598500,0.0,0.0,0.0
2006-07-05 00:00:00-04:00,38.63999938964844,38.68000030517578,38.09000015258789,38.150001525878906,32.62031173706055,93724000,0.0,0.0,0.0
2006-07-06 00:00:00-04:00,38.27000045776367,38.47999954223633,38.0099983215332,38.11000061035156,32.58611297607422,70615200,0.0,0.0,0.0
2006-07-07 00:00:00-04:00,37.900001525878906,38.16999816894531,37.56999969482422,37.689998626708984,32.226951599121094,108063300,0.0,0.0,0.0
2006-07-10 00:00:00-04:00,37.790000915527344,37.93000030517578,37.16999816894531,37.36000061035156,31.944808959960938,105109800,0.0,0.0,0.0
2006-07-11 00:00:00-04:00,37.279998779296875,37.7400016784668,37.08000183105469,37.63999938964844,32.18421173095703,136114200,0.0,0.0,0.0
2006-07-12 00:00:00-04:00,37.560001373291016,37.63999938964844,36.84000015258789,36.93000030517578,31.577144622802734,154458900,0.0,0.0,0.0
2006-07-13 00:00:00-04:00,36.63999938964844,37.040000915527344,36.310001373291016,36.310001373291016,31.046998977661133,177745500,0.0,0.0,0.0
2006-07-14 00:00:00-04:00,36.29999923706055,36.380001068115234,35.790000915527344,35.939998626708984,30.730634689331055,172448500,0.0,0.0,0.0
2006-07-17 00:00:00-04:00,35.95000076293945,36.25,35.869998931884766,36.029998779296875,30.807571411132812,134311000,0.0,0.0,0.0
2006-07-18 00:00:00-04:00,36.220001220703125,36.33000183105469,35.540000915527344,36.150001525878906,30.910188674926758,206964900,0.0,0.0,0.0
2006-07-19 00:00:00-04:00,36.119998931884766,36.83000183105469,36.09000015258789,36.619998931884766,31.312061309814453,192517600,0.0,0.0,0.0
2006-07-20 00:00:00-04:00,36.75,36.79999923706055,36.040000915527344,36.08000183105469,30.8503475189209,152292100,0.0,0.0,0.0
2006-07-21 00:00:00-04:00,35.880001068115234,35.959999084472656,35.619998931884766,35.70000076293945,30.52541732788086,119343000,0.0,0.0,0.0
2006-07-24 00:00:00-04:00,35.84000015258789,36.43000030517578,35.79999923706055,36.40999984741211,31.132522583007812,130269300,0.0,0.0,0.0
2006-07-25 00:00:00-04:00,36.4900016784668,36.7400016784668,36.2400016784668,36.619998931884766,31.312061309814453,108869600,0.0,0.0,0.0
2006-07-26 00:00:00-04:00,36.5099983215332,36.869998931884766,36.22999954223633,36.59000015258789,31.28642463684082,107170500,0.0,0.0,0.0
2006-07-27 00:00:00-04:00,36.7400016784668,37.040000915527344,36.25,36.349998474121094,31.081209182739258,99698700,0.0,0.0,0.0
2006-07-28 00:00:00-04:00,36.529998779296875,37.13999938964844,36.5,37.11000061035156,31.731048583984375,93556100,0.0,0.0,0.0
2006-07-31 00:00:00-04:00,37.08000183105469,37.31999969482422,36.88999938964844,37.099998474121094,31.722497940063477,78015300,0.0,0.0,0.0
2006-08-01 00:00:00-04:00,36.77000045776367,36.79999923706055,36.2599983215332,36.47999954223633,31.192359924316406,98552800,0.0,0.0,0.0
2006-08-02 00:00:00-04:00,36.61000061035156,37.130001068115234,36.61000061035156,36.88999938964844,31.542917251586914,87370600,0.0,0.0,0.0
2006-08-03 00:00:00-04:00,36.52000045776367,37.34000015258789,36.47999954223633,37.119998931884766,31.73959732055664,99205600,0.0,0.0,0.0
2006-08-04 00:00:00-04:00,37.45000076293945,37.630001068115234,36.619998931884766,36.95000076293945,31.59423065185547,123493800,0.0,0.0,0.0
2006-08-07 00:00:00-04:00,36.90999984741211,36.939998626708984,36.529998779296875,36.709999084472656,31.389009475708008,69634800,0.0,0.0,0.0
2006-08-08 00:00:00-04:00,36.810001373291016,36.900001525878906,36.2599983215332,36.47999954223633,31.192359924316406,124139900,0.0,0.0,0.0
2006-08-09 00:00:00-04:00,36.9900016784668,37.310001373291016,36.43000030517578,36.529998779296875,31.235116958618164,145342200,0.0,0.0,0.0
2006-08-10 00:00:00-04:00,36.43000030517578,36.880001068115234,36.310001373291016,36.790000915527344,31.457433700561523,102481300,0.0,0.0,0.0
2006-08-11 00:00:00-04:00,36.650001525878906,36.689998626708984,36.369998931884766,36.529998779296875,31.235116958618164,86903200,0.0,0.0,0.0
2006-08-14 00:00:00-04:00,36.84000015258789,37.27000045776367,36.70000076293945,36.77000045776367,31.440326690673828,109281100,0.0,0.0,0.0
2006-08-15 00:00:00-04:00,37.20000076293945,37.75,37.09000015258789,37.70000076293945,32.235538482666016,133712100,0.0,0.0,0.0
2006-08-16 00:00:00-04:00,37.97999954223633,38.61000061035156,37.84000015258789,38.59000015258789,32.99652862548828,135452100,0.0,0.0,0.0
2006-08-17 00:00:00-04:00,38.459999084472656,38.97999954223633,38.439998626708984,38.72999954223633,33.11623001098633,129492200,0.0,0.0,0.0
2006-08-18 00:00:00-04:00,38.630001068115234,38.83000183105469,38.279998779296875,38.790000915527344,33.16753387451172,97754500,0.0,0.0,0.0
2006-08-21 00:00:00-04:00,38.5,38.560001373291016,38.2599983215332,38.41999816894531,32.85114669799805,66668400,0.0,0.0,0.0
2006-08-22 00:00:00-04:00,38.36000061035156,38.810001373291016,38.20000076293945,38.43000030517578,32.859718322753906,102058600,0.0,0.0,0.0
2006-08-23 00:00:00-04:00,38.459999084472656,38.66999816894531,37.91999816894531,38.13999938964844,32.61176300048828,96056300,0.0,0.0,0.0
2006-08-24 00:00:00-04:00,38.25,38.349998474121094,37.91999816894531,38.25,32.705806732177734,78985300,0.0,0.0,0.0
2006-08-25 00:00:00-04:00,38.16999816894531,38.63999938964844,38.060001373291016,38.31999969482422,32.76566696166992,73572900,0.0,0.0,0.0
2006-08-28 00:00:00-04:00,38.290000915527344,38.790000915527344,38.2400016784668,38.61000061035156,33.01362609863281,80035000,0.0,0.0,0.0
2006-08-29 00:00:00-04:00,38.58000183105469,38.7599983215332,38.18000030517578,38.72999954223633,33.11623001098633,104842000,0.0,0.0,0.0
2006-08-30 00:00:00-04:00,38.720001220703125,39.029998779296875,38.599998474121094,38.90999984741211,33.2701416015625,75687200,0.0,0.0,0.0
2006-08-31 00:00:00-04:00,38.959999084472656,39.029998779296875,38.7599983215332,38.869998931884766,33.23594284057617,61207200,0.0,0.0,0.0
2006-09-01 00:00:00-04:00,39.08000183105469,39.209999084472656,38.900001525878906,39.08000183105469,33.41550827026367,69388500,0.0,0.0,0.0
2006-09-05 00:00:00-04:00,39.099998474121094,39.47999954223633,38.849998474121094,39.459999084472656,33.74041748046875,85582800,0.0,0.0,0.0
2006-09-06 00:00:00-04:00,39.099998474121094,39.189998626708984,38.61000061035156,38.66999816894531,33.06491470336914,97888600,0.0,0.0,0.0
2006-09-07 00:00:00-04:00,38.54999923706055,38.900001525878906,38.36000061035156,38.4900016784668,32.911014556884766,115877400,0.0,0.0,0.0
2006-09-08 00:00:00-04:00,38.540000915527344,38.81999969482422,38.459999084472656,38.720001220703125,33.107688903808594,96627000,0.0,0.0,0.0
2006-09-11 00:00:00-04:00,38.40999984741211,39.150001525878906,38.31999969482422,38.959999084472656,33.312896728515625,142377500,0.0,0.0,0.0
2006-09-12 00:00:00-04:00,38.95000076293945,39.79999923706055,38.95000076293945,39.68000030517578,33.92854309082031,124102400,0.0,0.0,0.0
2006-09-13 00:00:00-04:00,39.709999084472656,39.97999954223633,39.630001068115234,39.95000076293945,34.15938949584961,116054300,0.0,0.0,0.0
2006-09-14 00:00:00-04:00,39.849998474121094,40.220001220703125,39.7599983215332,39.9900016784668,34.193599700927734,98116000,0.0,0.0,0.0
2006-09-15 00:00:00-04:00,40.29999923706055,40.459999084472656,40.0,40.11000061035156,34.31595230102539,137825600,0.023,0.0,0.0
2006-09-18 00:00:00-04:00,40.119998931884766,40.400001525878906,39.939998626708984,40.119998931884766,34.32449722290039,117806700,0.0,0.0,0.0
2006-09-19 00:00:00-04:00,40.220001220703125,40.25,39.52000045776367,39.849998474121094,34.093509674072266,159060800,0.0,0.0,0.0
2006-09-20 00:00:00-04:00,40.20000076293945,40.540000915527344,40.189998626708984,40.43000030517578,34.5897102355957,116635500,0.0,0.0,0.0
2006-09-21 00:00:00-04:00,40.529998779296875,40.66999816894531,40.08000183105469,40.18000030517578,34.37582778930664,121886900,0.0,0.0,0.0
2006-09-22 00:00:00-04:00,40.150001525878906,40.15999984741211,39.70000076293945,39.869998931884766,34.1106071472168,100996400,0.0,0.0,0.0
2006-09-25 00:00:00-04:00,40.040000915527344,40.65999984741211,39.68000030517578,40.56999969482422,34.7094612121582,136473400,0.0,0.0,0.0
2006-09-26 00:00:00-04:00,40.52000045776367,40.79999923706055,40.400001525878906,40.77000045776367,34.8806037902832,113375600,0.0,0.0,0.0
2006-09-27 00:00:00-04:00,40.66999816894531,40.95000076293945,40.5,40.720001220703125,34.83782196044922,113003800,0.0,0.0,0.0
2006-09-28 00:00:00-04:00,40.77000045776367,40.88999938964844,40.43000030517578,40.83000183105469,34.93194580078125,85943600,0.0,0.0,0.0
2006-09-29 00:00:00-04:00,40.900001525878906,40.93000030517578,40.619998931884766,40.650001525878906,34.777957916259766,85438200,0.0,0.0,0.0
2006-10-02 00:00:00-04:00,40.599998474121094,40.70000076293945,40.08000183105469,40.13999938964844,34.341617584228516,97068800,0.0,0.0,0.0
2006-10-03 00:00:00-04:00,40.02000045776367,40.47999954223633,39.880001068115234,40.310001373291016,34.487037658691406,116261400,0.0,0.0,0.0
2006-10-04 00:00:00-04:00,40.2400016784668,41.310001373291016,40.13999938964844,41.29999923706055,35.33403396606445,149209500,0.0,0.0,0.0
2006-10-05 00:00:00-04:00,41.29999923706055,41.560001373291016,41.18000030517578,41.5,35.505157470703125,91799900,0.0,0.0,0.0
2006-10-06 00:00:00-04:00,41.36000061035156,41.560001373291016,41.2400016784668,41.40999984741211,35.42815399169922,85450400,0.0,0.0,0.0
2006-10-09 00:00:00-04:00,41.36000061035156,41.7400016784668,41.31999969482422,41.54999923706055,35.547935485839844,62786100,0.0,0.0,0.0
2006-10-10 00:00:00-04:00,41.599998474121094,41.75,41.310001373291016,41.619998931884766,35.60780715942383,98181800,0.0,0.0,0.0
2006-10-11 00:00:00-04:00,41.43000030517578,41.83000183105469,41.16999816894531,41.540000915527344,35.53936767578125,136561300,0.0,0.0,0.0
2006-10-12 00:00:00-04:00,41.7599983215332,42.25,41.70000076293945,42.20000076293945,36.10403823852539,95260200,0.0,0.0,0.0
2006-10-13 00:00:00-04:00,42.22999954223633,42.52000045776367,42.13999938964844,42.43000030517578,36.300804138183594,80470200,0.0,0.0,0.0
2006-10-16 00:00:00-04:00,42.43000030517578,42.619998931884766,42.400001525878906,42.470001220703125,36.335044860839844,62017400,0.0,0.0,0.0
2006-10-17 00:00:00-04:00,42.16999816894531,42.20000076293945,41.7599983215332,42.0,35.932926177978516,146149100,0.0,0.0,0.0
2006-10-18 00:00:00-04:00,42.220001220703125,42.310001373291016,41.650001525878906,41.79999923706055,35.761802673339844,120366100,0.0,0.0,0.0
2006-10-19 00:00:00-04:00,41.689998626708984,42.11000061035156,41.59000015258789,41.900001525878906,35.84736633300781,108198400,0.0,0.0,0.0
2006-10-20 00:00:00-04:00,42.040000915527344,42.08000183105469,41.63999938964844,42.0,35.932926177978516,105454300,0.0,0.0,0.0
2006-10-23 00:00:00-04:00,41.91999816894531,42.58000183105469,41.81999969482422,42.43000030517578,36.300804138183594,126960500,0.0,0.0,0.0
2006-10-24 00:00:00-04:00,42.279998779296875,42.45000076293945,41.91999816894531,42.13999938964844,36.052711486816406,103541700,0.0,0.0,0.0
2006-10-25 00:00:00-04:00,42.15999984741211,42.52000045776367,42.04999923706055,42.43000030517578,36.300804138183594,125399500,0.0,0.0,0.0
2006-10-26 00:00:00-04:00,42.58000183105469,42.91999816894531,42.220001220703125,42.81999969482422,36.634483337402344,130260700,0.0,0.0,0.0
2006-10-27 00:00:00-04:00,42.720001220703125,42.81999969482422,42.08000183105469,42.209999084472656,36.11259460449219,129375000,0.0,0.0,0.0
2006-10-30 00:00:00-05:00,42.15999984741211,42.650001525878906,42.060001373291016,42.47999954223633,36.343570709228516,103899900,0.0,0.0,0.0
2006-10-31 00:00:00-05:00,42.560001373291016,42.7599983215332,42.310001373291016,42.58000183105469,36.42915344238281,135811800,0.0,0.0,0.0
2006-11-01 00:00:00-05:00,42.72999954223633,42.77000045776367,41.81999969482422,42.0,35.932926177978516,148960600,0.0,0.0,0.0
2006-11-02 00:00:00-05:00,41.810001373291016,42.13999938964844,41.7400016784668,42.040000915527344,35.9671516418457,100216400,0.0,0.0,0.0
2006-11-03 00:00:00-05:00,42.099998474121094,42.189998626708984,41.61000061035156,41.93000030517578,35.87302017211914,119263300,0.0,0.0,0.0
2006-11-06 00:00:00-05:00,42.06999969482422,42.709999084472656,42.060001373291016,42.540000915527344,36.39491653442383,101283300,0.0,0.0,0.0
2006-11-07 00:00:00-05:00,42.540000915527344,43.09000015258789,42.470001220703125,42.83000183105469,36.64302444458008,139706500,0.0,0.0,0.0
2006-11-08 00:00:00-05:00,42.59000015258789,43.20000076293945,42.470001220703125,43.029998779296875,36.81414031982422,180245700,0.0,0.0,0.0
2006-11-09 00:00:00-05:00,43.2599983215332,43.349998474121094,42.66999816894531,42.83000183105469,36.64302444458008,124278000,0.0,0.0,0.0
2006-11-10 00:00:00-05:00,42.84000015258789,43.040000915527344,42.66999816894531,43.029998779296875,36.81414031982422,82419400,0.0,0.0,0.0
2006-11-13 00:00:00-05:00,43.04999923706055,43.540000915527344,43.0,43.470001220703125,37.190574645996094,89146200,0.0,0.0,0.0
2006-11-14 00:00:00-05:00,43.5,43.970001220703125,43.2400016784668,43.93000030517578,37.5841178894043,121962800,0.0,0.0,0.0
2006-11-15 00:00:00-05:00,43.9900016784668,44.400001525878906,43.91999816894531,44.11000061035156,37.73810577392578,116565900,0.0,0.0,0.0
2006-11-16 00:00:00-05:00,44.2599983215332,44.41999816894531,44.02000045776367,44.29999923706055,37.90068054199219,113513200,0.0,0.0,0.0
2006-11-17 00:00:00-05:00,44.060001373291016,44.29999923706055,43.95000076293945,44.29999923706055,37.90068054199219,95162500,0.0,0.0,0.0
2006-11-20 00:00:00-05:00,44.15999984741211,44.47999954223633,44.0099983215332,44.38999938964844,37.97767639160156,107184100,0.0,0.0,0.0
2006-11-21 00:00:00-05:00,44.41999816894531,44.5099983215332,44.25,44.45000076293945,38.028995513916016,68092200,0.0,0.0,0.0
2006-11-22 00:00:00-05:00,44.58000183105469,44.75,44.2599983215332,44.72999954223633,38.26856231689453,69852700,0.0,0.0,0.0
2006-11-24 00:00:00-05:00,44.400001525878906,44.86000061035156,44.380001068115234,44.650001525878906,38.200111389160156,51762900,0.0,0.0,0.0
2006-11-27 00:00:00-05:00,44.5099983215332,44.61000061035156,43.63999938964844,43.63999938964844,37.33603286743164,159506300,0.0,0.0,0.0
2006-11-28 00:00:00-05:00,43.5099983215332,43.84000015258789,43.34000015258789,43.77000045776367,37.44724655151367,118268400,0.0,0.0,0.0
2006-11-29 00:00:00-05:00,44.0,44.18000030517578,43.65999984741211,44.06999969482422,37.70390701293945,139515500,0.0,0.0,0.0
2006-11-30 00:00:00-05:00,44.04999923706055,44.279998779296875,43.790000915527344,44.040000915527344,37.6782341003418,123457100,0.0,0.0,0.0
2006-12-01 00:00:00-05:00,44.0,44.349998474121094,43.2599983215332,43.65999984741211,37.35314178466797,144559600,0.0,0.0,0.0
2006-12-04 00:00:00-05:00,43.790000915527344,44.47999954223633,43.790000915527344,44.2599983215332,37.866458892822266,89782400,0.0,0.0,0.0
2006-12-05 00:00:00-05:00,44.38999938964844,44.54999923706055,44.189998626708984,44.41999816894531,38.00334167480469,84697500,0.0,0.0,0.0
2006-12-06 00:00:00-05:00,44.279998779296875,44.400001525878906,44.06999969482422,44.2599983215332,37.866458892822266,78207500,0.0,0.0,0.0
2006-12-07 00:00:00-05:00,44.34000015258789,44.47999954223633,43.70000076293945,43.70000076293945,37.38735580444336,124936100,0.0,0.0,0.0
2006-12-08 00:00:00-05:00,43.560001373291016,44.2599983215332,43.470001220703125,43.900001525878906,37.55845642089844,133798700,0.0,0.0,0.0
2006-12-11 00:00:00-05:00,43.83000183105469,44.369998931884766,43.75,44.060001373291016,37.69535827636719,72931300,0.0,0.0,0.0
2006-12-12 00:00:00-05:00,44.04999923706055,44.130001068115234,43.560001373291016,43.79999923706055,37.47291564941406,110985900,0.0,0.0,0.0
2006-12-13 00:00:00-05:00,44.099998474121094,44.11000061035156,43.619998931884766,43.880001068115234,37.541358947753906,79035500,0.0,0.0,0.0
2006-12-14 00:00:00-05:00,43.970001220703125,44.56999969482422,43.939998626708984,44.369998931884766,37.9605827331543,109104200,0.0,0.0,0.0
2006-12-15 00:00:00-05:00,44.68000030517578,44.7599983215332,44.349998474121094,44.43000030517578,38.0582160949707,99942300,0.054,0.0,0.0
2006-12-18 00:00:00-05:00,44.58000183105469,44.75,43.79999923706055,43.9900016784668,37.68131637573242,121588700,0.0,0.0,0.0
2006-12-19 00:00:00-05:00,43.650001525878906,44.060001373291016,43.380001068115234,43.849998474121094,37.5613899230957,136535200,0.0,0.0,0.0
2006-12-20 00:00:00-05:00,43.900001525878906,44.11000061035156,43.66999816894531,43.689998626708984,37.42433547973633,67213400,0.0,0.0,0.0
2006-12-21 00:00:00-05:00,43.7400016784668,43.790000915527344,43.209999084472656,43.380001068115234,37.15882110595703,102952300,0.0,0.0,0.0
2006-12-22 00:00:00-05:00,43.400001525878906,43.40999984741211,42.93000030517578,42.93000030517578,36.77333450317383,92858600,0.0,0.0,0.0
2006-12-26 00:00:00-05:00,42.93000030517578,43.119998931884766,42.880001068115234,43.11000061035156,36.927528381347656,50848600,0.0,0.0,0.0
2006-12-27 00:00:00-05:00,43.209999084472656,43.400001525878906,43.099998474121094,43.33000183105469,37.115966796875,54129200,0.0,0.0,0.0
2006-12-28 00:00:00-05:00,43.20000076293945,43.380001068115234,43.04999923706055,43.119998931884766,36.93608093261719,69016000,0.0,0.0,0.0
2006-12-29 00:00:00-05:00,43.189998626708984,43.61000061035156,43.119998931884766,43.15999984741211,36.97035217285156,75152500,0.0,0.0,0.0
2007-01-03 00:00:00-05:00,43.459999084472656,44.060001373291016,42.52000045776367,43.2400016784668,37.038909912109375,167689500,0.0,0.0,0.0
2007-01-04 00:00:00-05:00,43.29999923706055,44.209999084472656,43.150001525878906,44.060001373291016,37.741275787353516,136853500,0.0,0.0,0.0
2007-01-05 00:00:00-05:00,43.95000076293945,43.95000076293945,43.47999954223633,43.849998474121094,37.5613899230957,138958800,0.0,0.0,0.0
2007-01-08 00:00:00-05:00,43.88999938964844,44.119998931884766,43.63999938964844,43.880001068115234,37.58710479736328,106401600,0.0,0.0,0.0
2007-01-09 00:00:00-05:00,44.0099983215332,44.290000915527344,43.630001068115234,44.099998474121094,37.77555847167969,121577500,0.0,0.0,0.0
2007-01-10 00:00:00-05:00,43.959999084472656,44.65999984741211,43.81999969482422,44.619998931884766,38.220970153808594,121070100,0.0,0.0,0.0
2007-01-11 00:00:00-05:00,44.709999084472656,45.2400016784668,44.650001525878906,45.08000183105469,38.6150016784668,174029800,0.0,0.0,0.0
2007-01-12 00:00:00-05:00,45.02000045776367,45.349998474121094,44.970001220703125,45.310001373291016,38.8120231628418,104217300,0.0,0.0,0.0
2007-01-16 00:00:00-05:00,45.349998474121094,45.400001525878906,45.130001068115234,45.279998779296875,38.78632736206055,95690500,0.0,0.0,0.0
2007-01-17 00:00:00-05:00,45.09000015258789,45.290000915527344,44.83000183105469,44.90999984741211,38.469390869140625,127142600,0.0,0.0,0.0
2007-01-18 00:00:00-05:00,44.790000915527344,44.84000015258789,43.95000076293945,44.08000183105469,37.75841522216797,189029800,0.0,0.0,0.0
2007-01-19 00:00:00-05:00,43.970001220703125,44.279998779296875,43.90999984741211,44.16999816894531,37.835487365722656,127544300,0.0,0.0,0.0
2007-01-22 00:00:00-05:00,44.209999084472656,44.22999954223633,43.5099983215332,43.689998626708984,37.42433547973633,123441700,0.0,0.0,0.0
2007-01-23 00:00:00-05:00,43.65999984741211,43.97999954223633,43.5,43.58000183105469,37.33012390136719,133103600,0.0,0.0,0.0
2007-01-24 00:00:00-05:00,43.86000061035156,44.31999969482422,43.77000045776367,44.29999923706055,37.94684600830078,117615300,0.0,0.0,0.0
2007-01-25 00:00:00-05:00,44.36000061035156,44.470001220703125,43.58000183105469,43.72999954223633,37.4586067199707,158337600,0.0,0.0,0.0
2007-01-26 00:00:00-05:00,43.810001373291016,43.83000183105469,43.290000915527344,43.56999969482422,37.32155227661133,146284300,0.0,0.0,0.0
2007-01-29 00:00:00-05:00,43.459999084472656,43.90999984741211,43.400001525878906,43.61000061035156,37.35582733154297,104191500,0.0,0.0,0.0
2007-01-30 00:00:00-05:00,43.68000030517578,43.790000915527344,43.52000045776367,43.630001068115234,37.372955322265625,69605900,0.0,0.0,0.0
2007-01-31 00:00:00-05:00,43.58000183105469,44.189998626708984,43.33000183105469,44.06999969482422,37.749855041503906,157772500,0.0,0.0,0.0
2007-02-01 00:00:00-05:00,44.27000045776367,44.400001525878906,43.849998474121094,44.0,37.689884185791016,147365600,0.0,0.0,0.0
2007-02-02 00:00:00-05:00,44.119998931884766,44.25,43.939998626708984,44.15999984741211,37.82693862915039,98189200,0.0,0.0,0.0
2007-02-05 00:00:00-05:00,44.13999938964844,44.36000061035156,43.959999084472656,44.119998931884766,37.79267120361328,96347800,0.0,0.0,0.0
2007-02-06 00:00:00-05:00,44.20000076293945,44.22999954223633,43.63999938964844,44.060001373291016,37.741275787353516,121110200,0.0,0.0,0.0
2007-02-07 00:00:00-05:00,44.279998779296875,44.650001525878906,44.119998931884766,44.459999084472656,38.08393096923828,117823800,0.0,0.0,0.0
2007-02-08 00:00:00-05:00,44.400001525878906,44.599998474121094,44.22999954223633,44.45000076293945,38.07534408569336,89521900,0.0,0.0,0.0
2007-02-09 00:00:00-05:00,44.56999969482422,44.720001220703125,43.72999954223633,43.880001068115234,37.58710479736328,133472000,0.0,0.0,0.0
2007-02-12 00:00:00-05:00,43.869998931884766,43.88999938964844,43.59000015258789,43.709999084472656,37.44145584106445,126940000,0.0,0.0,0.0
2007-02-13 00:00:00-05:00,43.779998779296875,44.0,43.70000076293945,43.86000061035156,37.569976806640625,93648000,0.0,0.0,0.0
2007-02-14 00:00:00-05:00,44.040000915527344,44.709999084472656,44.040000915527344,44.599998474121094,38.20382308959961,133370000,0.0,0.0,0.0
2007-02-15 00:00:00-05:00,44.630001068115234,44.86000061035156,44.54999923706055,44.86000061035156,38.42654800415039,110452500,0.0,0.0,0.0
2007-02-16 00:00:00-05:00,44.65999984741211,44.83000183105469,44.56999969482422,44.709999084472656,38.298057556152344,72342200,0.0,0.0,0.0
2007-02-20 00:00:00-05:00,44.63999938964844,45.119998931884766,44.43000030517578,45.04999923706055,38.58930206298828,93629000,0.0,0.0,0.0
2007-02-21 00:00:00-05:00,44.91999816894531,45.209999084472656,44.83000183105469,45.189998626708984,38.70920944213867,95864000,0.0,0.0,0.0
2007-02-22 00:00:00-05:00,45.36000061035156,45.54999923706055,45.06999969482422,45.41999816894531,38.90624237060547,116344400,0.0,0.0,0.0
2007-02-23 00:00:00-05:00,45.41999816894531,45.459999084472656,45.060001373291016,45.2599983215332,38.76919174194336,113467100,0.0,0.0,0.0
2007-02-26 00:00:00-05:00,45.47999954223633,45.5,44.7599983215332,45.040000915527344,38.580726623535156,101623700,0.0,0.0,0.0
2007-02-27 00:00:00-05:00,44.369998931884766,44.47999954223633,43.060001373291016,43.189998626708984,36.99605178833008,317813200,0.0,0.0,0.0
2007-02-28 00:00:00-05:00,43.150001525878906,43.7599983215332,42.93000030517578,43.33000183105469,37.115966796875,214978700,0.0,0.0,0.0
2007-03-01 00:00:00-05:00,42.54999923706055,43.540000915527344,42.2400016784668,43.130001068115234,36.94467544555664,231806500,0.0,0.0,0.0
2007-03-02 00:00:00-05:00,42.779998779296875,43.13999938964844,42.470001220703125,42.47999954223633,36.38787078857422,183359400,0.0,0.0,0.0
2007-03-05 00:00:00-05:00,42.150001525878906,42.79999923706055,42.060001373291016,42.150001525878906,36.105194091796875,171885400,0.0,0.0,0.0
2007-03-06 00:00:00-05:00,42.529998779296875,42.9900016784668,42.5,42.849998474121094,36.70480728149414,155551800,0.0,0.0,0.0
2007-03-07 00:00:00-05:00,42.86000061035156,42.97999954223633,42.650001525878906,42.68000030517578,36.55918884277344,119979300,0.0,0.0,0.0
2007-03-08 00:00:00-05:00,43.130001068115234,43.2400016784668,42.84000015258789,42.970001220703125,36.807613372802734,120900700,0.0,0.0,0.0
2007-03-09 00:00:00-05:00,43.33000183105469,43.34000015258789,42.650001525878906,42.93000030517578,36.77333450317383,128597600,0.0,0.0,0.0
2007-03-12 00:00:00-04:00,42.869998931884766,43.279998779296875,42.83000183105469,43.209999084472656,37.013179779052734,81310100,0.0,0.0,0.0
2007-03-13 00:00:00-04:00,43.0,43.2400016784668,42.36000061035156,42.369998931884766,36.293643951416016,171231800,0.0,0.0,0.0
2007-03-14 00:00:00-04:00,42.43000030517578,43.0,42.099998474121094,42.9900016784668,36.82472229003906,192586700,0.0,0.0,0.0
2007-03-15 00:00:00-04:00,42.900001525878906,43.060001373291016,42.720001220703125,42.88999938964844,36.73907470703125,111627400,0.0,0.0,0.0
2007-03-16 00:00:00-04:00,42.939998626708984,43.040000915527344,42.61000061035156,42.83000183105469,36.710784912109375,108328800,0.027,0.0,0.0
2007-03-19 00:00:00-04:00,43.060001373291016,43.38999938964844,42.95000076293945,43.27000045776367,37.087913513183594,95913200,0.0,0.0,0.0
2007-03-20 00:00:00-04:00,43.2599983215332,43.59000015258789,43.209999084472656,43.58000183105469,37.353641510009766,78755700,0.0,0.0,0.0
2007-03-21 00:00:00-04:00,43.63999938964844,44.439998626708984,43.349998474121094,44.41999816894531,38.07362747192383,173333500,0.0,0.0,0.0
2007-03-22 00:00:00-04:00,44.439998626708984,44.45000076293945,44.09000015258789,44.2599983215332,37.93648147583008,114856300,0.0,0.0,0.0
2007-03-23 00:00:00-04:00,44.2599983215332,44.369998931884766,44.06999969482422,44.119998931884766,37.81648254394531,68530300,0.0,0.0,0.0
2007-03-26 00:00:00-04:00,44.13999938964844,44.31999969482422,43.630001068115234,44.29999923706055,37.97075653076172,114237300,0.0,0.0,0.0
2007-03-27 00:00:00-04:00,44.22999954223633,44.2400016784668,43.95000076293945,43.9900016784668,37.705055236816406,76419200,0.0,0.0,0.0
2007-03-28 00:00:00-04:00,43.79999923706055,44.029998779296875,43.5099983215332,43.52000045776367,37.30220413208008,142795000,0.0,0.0,0.0
2007-03-29 00:00:00-04:00,43.81999969482422,43.849998474121094,43.099998474121094,43.56999969482422,37.34506607055664,124407000,0.0,0.0,0.0
2007-03-30 00:00:00-04:00,43.560001373291016,43.869998931884766,43.220001220703125,43.529998779296875,37.31076431274414,120418700,0.0,0.0,0.0
2007-04-02 00:00:00-04:00,43.66999816894531,43.7599983215332,43.29999923706055,43.59000015258789,37.36221694946289,89617700,0.0,0.0,0.0
2007-04-03 00:00:00-04:00,43.81999969482422,44.310001373291016,43.790000915527344,44.15999984741211,37.85076141357422,105814500,0.0,0.0,0.0
2007-04-04 00:00:00-04:00,44.189998626708984,44.380001068115234,44.130001068115234,44.34000015258789,38.00505447387695,85147200,0.0,0.0,0.0
2007-04-05 00:00:00-04:00,44.290000915527344,44.58000183105469,44.22999954223633,44.560001373291016,38.19361877441406,54220200,0.0,0.0,0.0
2007-04-09 00:00:00-04:00,44.709999084472656,44.75,44.380001068115234,44.45000076293945,38.099334716796875,63050200,0.0,0.0,0.0
2007-04-10 00:00:00-04:00,44.439998626708984,44.68000030517578,44.40999984741211,44.68000030517578,38.296451568603516,76364500,0.0,0.0,0.0
2007-04-11 00:00:00-04:00,44.63999938964844,44.65999984741211,44.06999969482422,44.209999084472656,37.89360809326172,114012300,0.0,0.0,0.0
2007-04-12 00:00:00-04:00,44.13999938964844,44.619998931884766,43.95000076293945,44.560001373291016,38.19361877441406,113801300,0.0,0.0,0.0
2007-04-13 00:00:00-04:00,44.56999969482422,44.720001220703125,44.290000915527344,44.650001525878906,38.2707633972168,94572000,0.0,0.0,0.0
2007-04-16 00:00:00-04:00,44.83000183105469,45.150001525878906,44.83000183105469,45.060001373291016,38.622169494628906,72803200,0.0,0.0,0.0
2007-04-17 00:00:00-04:00,45.150001525878906,45.20000076293945,44.959999084472656,45.15999984741211,38.70789337158203,81852300,0.0,0.0,0.0
2007-04-18 00:00:00-04:00,44.93000030517578,45.22999954223633,44.83000183105469,45.0099983215332,38.57932662963867,82002500,0.0,0.0,0.0
2007-04-19 00:00:00-04:00,44.810001373291016,45.25,44.720001220703125,45.150001525878906,38.6993408203125,95413000,0.0,0.0,0.0
2007-04-20 00:00:00-04:00,45.52000045776367,45.66999816894531,45.20000076293945,45.400001525878906,38.91360092163086,122377400,0.0,0.0,0.0
2007-04-23 00:00:00-04:00,45.459999084472656,45.599998474121094,45.34000015258789,45.470001220703125,38.973602294921875,85303300,0.0,0.0,0.0
2007-04-24 00:00:00-04:00,45.630001068115234,45.83000183105469,45.33000183105469,45.70000076293945,39.17074966430664,108143700,0.0,0.0,0.0
2007-04-25 00:00:00-04:00,45.849998474121094,46.31999969482422,45.70000076293945,46.310001373291016,39.69358444213867,106818100,0.0,0.0,0.0
2007-04-26 00:00:00-04:00,46.41999816894531,46.650001525878906,46.33000183105469,46.54999923706055,39.899295806884766,99308300,0.0,0.0,0.0
2007-04-27 00:00:00-04:00,46.369998931884766,46.70000076293945,46.290000915527344,46.56999969482422,39.91645050048828,96536500,0.0,0.0,0.0
2007-04-30 00:00:00-04:00,46.4900016784668,46.529998779296875,45.91999816894531,45.959999084472656,39.39359664916992,93290500,0.0,0.0,0.0
2007-05-01 00:00:00-04:00,45.970001220703125,46.13999938964844,45.65999984741211,45.91999816894531,39.35929489135742,135044400,0.0,0.0,0.0
2007-05-02 00:00:00-04:00,46.09000015258789,46.58000183105469,46.04999923706055,46.41999816894531,39.787879943847656,91971600,0.0,0.0,0.0
2007-05-03 00:00:00-04:00,46.5099983215332,46.720001220703125,46.43000030517578,46.59000015258789,39.93358612060547,98003600,0.0,0.0,0.0
2007-05-04 00:00:00-04:00,46.77000045776367,46.88999938964844,46.41999816894531,46.630001068115234,39.967872619628906,93591800,0.0,0.0,0.0
2007-05-07 00:00:00-04:00,46.65999984741211,46.779998779296875,46.56999969482422,46.630001068115234,39.967872619628906,47487900,0.0,0.0,0.0
2007-05-08 00:00:00-04:00,46.470001220703125,46.77000045776367,46.29999923706055,46.72999954223633,40.053585052490234,95138900,0.0,0.0,0.0
2007-05-09 00:00:00-04:00,46.4900016784668,46.970001220703125,46.459999084472656,46.83000183105469,40.1392936706543,116021000,0.0,0.0,0.0
2007-05-10 00:00:00-04:00,46.66999816894531,46.779998779296875,46.06999969482422,46.189998626708984,39.590736389160156,171196300,0.0,0.0,0.0
2007-05-11 00:00:00-04:00,46.2400016784668,46.779998779296875,46.18000030517578,46.779998779296875,40.09645080566406,104767900,0.0,0.0,0.0
2007-05-14 00:00:00-04:00,46.77000045776367,46.880001068115234,46.189998626708984,46.459999084472656,39.82217025756836,118899200,0.0,0.0,0.0
2007-05-15 00:00:00-04:00,46.41999816894531,46.70000076293945,45.9900016784668,46.099998474121094,39.51359558105469,179438500,0.0,0.0,0.0
2007-05-16 00:00:00-04:00,46.20000076293945,46.560001373291016,45.90999984741211,46.54999923706055,39.899295806884766,144420500,0.0,0.0,0.0
2007-05-17 00:00:00-04:00,46.4900016784668,46.56999969482422,46.290000915527344,46.33000183105469,39.71073913574219,109869100,0.0,0.0,0.0
2007-05-18 00:00:00-04:00,46.47999954223633,46.709999084472656,46.380001068115234,46.709999084472656,40.036441802978516,104961700,0.0,0.0,0.0
2007-05-21 00:00:00-04:00,46.7400016784668,47.2400016784668,46.66999816894531,47.0099983215332,40.293601989746094,112831400,0.0,0.0,0.0
2007-05-22 00:00:00-04:00,47.040000915527344,47.279998779296875,46.869998931884766,47.04999923706055,40.32786560058594,98029100,0.0,0.0,0.0
2007-05-23 00:00:00-04:00,47.189998626708984,47.369998931884766,46.79999923706055,46.83000183105469,40.1392936706543,119220600,0.0,0.0,0.0
2007-05-24 00:00:00-04:00,46.86000061035156,47.040000915527344,45.970001220703125,46.15999984741211,39.56501007080078,206268600,0.0,0.0,0.0
2007-05-25 00:00:00-04:00,46.2599983215332,46.560001373291016,46.18000030517578,46.45000076293945,39.8135871887207,87143200,0.0,0.0,0.0
2007-05-29 00:00:00-04:00,46.5,46.86000061035156,46.40999984741211,46.810001373291016,40.122169494628906,99702400,0.0,0.0,0.0
2007-05-30 00:00:00-04:00,46.47999954223633,47.20000076293945,46.349998474121094,47.189998626708984,40.44786834716797,132036500,0.0,0.0,0.0
2007-05-31 00:00:00-04:00,47.31999969482422,47.52000045776367,47.209999084472656,47.40999984741211,40.636444091796875,109457700,0.0,0.0,0.0
2007-06-01 00:00:00-04:00,47.58000183105469,47.77000045776367,47.369998931884766,47.439998626708984,40.66214370727539,125089800,0.0,0.0,0.0
2007-06-04 00:00:00-04:00,47.27000045776367,47.63999938964844,47.2400016784668,47.58000183105469,40.78213882446289,64782700,0.0,0.0,0.0
2007-06-05 00:00:00-04:00,47.45000076293945,47.58000183105469,47.0,47.58000183105469,40.78213882446289,151160400,0.0,0.0,0.0
2007-06-06 00:00:00-04:00,47.369998931884766,47.380001068115234,46.959999084472656,47.06999969482422,40.345008850097656,183166500,0.0,0.0,0.0
2007-06-07 00:00:00-04:00,46.90999984741211,47.209999084472656,46.31999969482422,46.34000015258789,39.71931457519531,221373300,0.0,0.0,0.0
2007-06-08 00:00:00-04:00,46.31999969482422,46.93000030517578,46.15999984741211,46.90999984741211,40.20786666870117,177587800,0.0,0.0,0.0
2007-06-11 00:00:00-04:00,46.880001068115234,47.189998626708984,46.7599983215332,46.81999969482422,40.1307373046875,97100400,0.0,0.0,0.0
2007-06-12 00:00:00-04:00,46.56999969482422,47.040000915527344,46.45000076293945,46.540000915527344,39.89072799682617,153967700,0.0,0.0,0.0
2007-06-13 00:00:00-04:00,46.7400016784668,47.09000015258789,46.540000915527344,47.04999923706055,40.32786560058594,147985300,0.0,0.0,0.0
2007-06-14 00:00:00-04:00,47.099998474121094,47.4900016784668,47.09000015258789,47.36000061035156,40.593570709228516,101531900,0.0,0.0,0.0
2007-06-15 00:00:00-04:00,47.7599983215332,47.869998931884766,47.650001525878906,47.7599983215332,40.968421936035156,100378400,0.037,0.0,0.0
2007-06-18 00:00:00-04:00,47.849998474121094,47.869998931884766,47.66999816894531,47.77000045776367,40.97700500488281,75713200,0.0,0.0,0.0
2007-06-19 00:00:00-04:00,47.630001068115234,47.86000061035156,47.5099983215332,47.7599983215332,40.968421936035156,109621300,0.0,0.0,0.0
2007-06-20 00:00:00-04:00,47.83000183105469,47.91999816894531,47.2400016784668,47.310001373291016,40.582420349121094,161889500,0.0,0.0,0.0
2007-06-21 00:00:00-04:00,47.290000915527344,47.790000915527344,47.08000183105469,47.7400016784668,40.95127868652344,143181300,0.0,0.0,0.0
2007-06-22 00:00:00-04:00,47.63999938964844,47.709999084472656,47.13999938964844,47.290000915527344,40.565277099609375,153328700,0.0,0.0,0.0
2007-06-25 00:00:00-04:00,47.29999923706055,47.58000183105469,46.81999969482422,47.09000015258789,40.393714904785156,136602600,0.0,0.0,0.0
2007-06-26 00:00:00-04:00,47.310001373291016,47.31999969482422,46.7400016784668,46.81999969482422,40.1620979309082,128211900,0.0,0.0,0.0
2007-06-27 00:00:00-04:00,46.77000045776367,47.560001373291016,46.70000076293945,47.540000915527344,40.77970504760742,141196200,0.0,0.0,0.0
2007-06-28 00:00:00-04:00,47.52000045776367,47.849998474121094,47.470001220703125,47.52000045776367,40.76256561279297,116546300,0.0,0.0,0.0
2007-06-29 00:00:00-04:00,47.779998779296875,47.880001068115234,47.209999084472656,47.599998474121094,40.83119583129883,124794700,0.0,0.0,0.0
2007-07-02 00:00:00-04:00,47.709999084472656,48.04999923706055,47.68000030517578,48.029998779296875,41.20003128051758,80863100,0.0,0.0,0.0
2007-07-03 00:00:00-04:00,48.09000015258789,48.31999969482422,48.040000915527344,48.310001373291016,41.440223693847656,34803300,0.0,0.0,0.0
2007-07-05 00:00:00-04:00,48.34000015258789,48.77000045776367,48.290000915527344,48.65999984741211,41.74045944213867,73588500,0.0,0.0,0.0
2007-07-06 00:00:00-04:00,48.709999084472656,48.90999984741211,48.5,48.86000061035156,41.9119987487793,65804300,0.0,0.0,0.0
2007-07-09 00:00:00-04:00,48.900001525878906,48.97999954223633,48.720001220703125,48.88999938964844,41.93775177001953,66768800,0.0,0.0,0.0
2007-07-10 00:00:00-04:00,48.619998931884766,48.900001525878906,48.43000030517578,48.47999954223633,41.58605194091797,104383100,0.0,0.0,0.0
2007-07-11 00:00:00-04:00,48.369998931884766,48.810001373291016,48.31999969482422,48.810001373291016,41.869110107421875,99637600,0.0,0.0,0.0
2007-07-12 00:00:00-04:00,48.970001220703125,49.66999816894531,48.91999816894531,49.560001373291016,42.51247024536133,107667100,0.0,0.0,0.0
2007-07-13 00:00:00-04:00,49.630001068115234,49.970001220703125,49.56999969482422,49.900001525878906,42.80411148071289,74232200,0.0,0.0,0.0
2007-07-16 00:00:00-04:00,49.88999938964844,50.08000183105469,49.7599983215332,49.849998474121094,42.761226654052734,77799500,0.0,0.0,0.0
2007-07-17 00:00:00-04:00,49.959999084472656,50.29999923706055,49.91999816894531,50.22999954223633,43.08720016479492,124833700,0.0,0.0,0.0
2007-07-18 00:00:00-04:00,49.95000076293945,50.16999816894531,49.63999938964844,50.16999816894531,43.03572082519531,144915900,0.0,0.0,0.0
2007-07-19 00:00:00-04:00,50.40999984741211,50.65999984741211,50.310001373291016,50.31999969482422,43.164398193359375,116563800,0.0,0.0,0.0
2007-07-20 00:00:00-04:00,50.290000915527344,50.36000061035156,49.7400016784668,50.04999923706055,42.93279266357422,163721300,0.0,0.0,0.0
2007-07-23 00:00:00-04:00,50.220001220703125,50.310001373291016,49.91999816894531,50.06999969482422,42.94995880126953,107464100,0.0,0.0,0.0
2007-07-24 00:00:00-04:00,49.70000076293945,50.099998474121094,49.04999923706055,49.33000183105469,42.31516647338867,175496200,0.0,0.0,0.0
2007-07-25 00:00:00-04:00,49.58000183105469,49.66999816894531,49.060001373291016,49.400001525878906,42.37522888183594,170258700,0.0,0.0,0.0
2007-07-26 00:00:00-04:00,49.060001373291016,49.470001220703125,48.04999923706055,48.97999954223633,42.014949798583984,318522000,0.0,0.0,0.0
2007-07-27 00:00:00-04:00,48.88999938964844,49.119998931884766,47.9900016784668,47.9900016784668,41.16572952270508,246387600,0.0,0.0,0.0
2007-07-30 00:00:00-04:00,48.220001220703125,48.72999954223633,47.95000076293945,48.54999923706055,41.64610290527344,166517200,0.0,0.0,0.0
2007-07-31 00:00:00-04:00,48.970001220703125,48.9900016784668,47.43000030517578,47.529998779296875,40.771141052246094,260224500,0.0,0.0,0.0
2007-08-01 00:00:00-04:00,47.38999938964844,47.93000030517578,46.97999954223633,47.900001525878906,41.0885124206543,301153900,0.0,0.0,0.0
2007-08-02 00:00:00-04:00,47.93000030517578,48.43000030517578,47.790000915527344,48.34000015258789,41.46595764160156,177369900,0.0,0.0,0.0
2007-08-03 00:00:00-04:00,48.25,48.310001373291016,47.150001525878906,47.41999816894531,40.676780700683594,166048400,0.0,0.0,0.0
2007-08-06 00:00:00-04:00,47.470001220703125,48.02000045776367,47.029998779296875,47.970001220703125,41.14857864379883,190869100,0.0,0.0,0.0
2007-08-07 00:00:00-04:00,47.880001068115234,48.619998931884766,47.47999954223633,48.310001373291016,41.440223693847656,167109700,0.0,0.0,0.0
2007-08-08 00:00:00-04:00,48.5099983215332,49.060001373291016,48.400001525878906,48.84000015258789,41.894832611083984,164831200,0.0,0.0,0.0
2007-08-09 00:00:00-04:00,48.189998626708984,48.970001220703125,47.689998626708984,47.709999084472656,40.92554473876953,242418200,0.0,0.0,0.0
2007-08-10 00:00:00-04:00,47.20000076293945,47.83000183105469,46.630001068115234,47.279998779296875,40.55668258666992,247006400,0.0,0.0,0.0
2007-08-13 00:00:00-04:00,47.68000030517578,47.880001068115234,47.47999954223633,47.599998474121094,40.83119583129883,116935100,0.0,0.0,0.0
2007-08-14 00:00:00-04:00,47.70000076293945,47.7400016784668,46.72999954223633,46.790000915527344,40.13637161254883,153529800,0.0,0.0,0.0
2007-08-15 00:00:00-04:00,46.68000030517578,47.09000015258789,45.810001373291016,45.900001525878906,39.37293243408203,214854100,0.0,0.0,0.0
2007-08-16 00:00:00-04:00,45.529998779296875,45.90999984741211,44.38999938964844,45.45000076293945,38.98691940307617,362468700,0.0,0.0,0.0
2007-08-17 00:00:00-04:00,46.310001373291016,46.59000015258789,45.59000015258789,46.310001373291016,39.724632263183594,223246600,0.0,0.0,0.0
2007-08-20 00:00:00-04:00,46.4900016784668,46.720001220703125,46.08000183105469,46.529998779296875,39.91334533691406,144715100,0.0,0.0,0.0
2007-08-21 00:00:00-04:00,46.47999954223633,47.130001068115234,46.38999938964844,47.02000045776367,40.33367156982422,115027200,0.0,0.0,0.0
2007-08-22 00:00:00-04:00,47.380001068115234,47.70000076293945,47.27000045776367,47.65999984741211,40.88266372680664,115814100,0.0,0.0,0.0
2007-08-23 00:00:00-04:00,47.790000915527344,47.849998474121094,47.22999954223633,47.529998779296875,40.771141052246094,118663400,0.0,0.0,0.0
2007-08-24 00:00:00-04:00,47.380001068115234,48.22999954223633,47.31999969482422,48.20000076293945,41.345882415771484,88189200,0.0,0.0,0.0
2007-08-27 00:00:00-04:00,48.060001373291016,48.20000076293945,47.84000015258789,47.880001068115234,41.071380615234375,72490400,0.0,0.0,0.0
2007-08-28 00:00:00-04:00,47.599998474121094,47.70000076293945,46.709999084472656,46.7400016784668,40.09349060058594,106024800,0.0,0.0,0.0
2007-08-29 00:00:00-04:00,47.04999923706055,48.119998931884766,47.04999923706055,48.08000183105469,41.242919921875,113201000,0.0,0.0,0.0
2007-08-30 00:00:00-04:00,47.83000183105469,48.7400016784668,47.75,48.33000183105469,41.4573860168457,138930000,0.0,0.0,0.0
2007-08-31 00:00:00-04:00,48.86000061035156,49.060001373291016,48.61000061035156,48.869998931884766,41.92060470581055,94687200,0.0,0.0,0.0
2007-09-04 00:00:00-04:00,48.93000030517578,50.0,48.90999984741211,49.68000030517578,42.615421295166016,98480900,0.0,0.0,0.0
2007-09-05 00:00:00-04:00,49.560001373291016,49.650001525878906,48.869998931884766,49.18000030517578,42.18649673461914,114049300,0.0,0.0,0.0
2007-09-06 00:00:00-04:00,49.22999954223633,49.36000061035156,48.810001373291016,49.13999938964844,42.15218734741211,99222600,0.0,0.0,0.0
2007-09-07 00:00:00-04:00,48.529998779296875,48.599998474121094,47.95000076293945,48.22999954223633,41.371604919433594,152438000,0.0,0.0,0.0
2007-09-10 00:00:00-04:00,48.619998931884766,48.75,47.810001373291016,48.20000076293945,41.345882415771484,125199400,0.0,0.0,0.0
2007-09-11 00:00:00-04:00,48.5099983215332,48.9900016784668,48.43000030517578,48.93000030517578,41.972084045410156,103064500,0.0,0.0,0.0
2007-09-12 00:00:00-04:00,48.84000015258789,49.369998931884766,48.779998779296875,48.939998626708984,41.98064422607422,93993400,0.0,0.0,0.0
2007-09-13 00:00:00-04:00,49.290000915527344,49.349998474121094,48.939998626708984,49.18000030517578,42.18649673461914,80807500,0.0,0.0,0.0
2007-09-14 00:00:00-04:00,48.79999923706055,49.310001373291016,48.72999954223633,49.220001220703125,42.2208366394043,99801200,0.0,0.0,0.0
2007-09-17 00:00:00-04:00,49.0,49.099998474121094,48.59000015258789,48.810001373291016,41.869110107421875,84882300,0.0,0.0,0.0
2007-09-18 00:00:00-04:00,49.09000015258789,50.08000183105469,48.83000183105469,50.040000915527344,42.92422103881836,151452100,0.0,0.0,0.0
2007-09-19 00:00:00-04:00,50.290000915527344,50.59000015258789,49.97999954223633,50.16999816894531,43.03572082519531,127025800,0.0,0.0,0.0
2007-09-20 00:00:00-04:00,50.060001373291016,50.2599983215332,49.91999816894531,50.029998779296875,42.91563415527344,109970600,0.0,0.0,0.0
2007-09-21 00:00:00-04:00,50.279998779296875,50.52000045776367,50.0099983215332,50.36000061035156,43.221153259277344,86829500,0.026,0.0,0.0
2007-09-24 00:00:00-04:00,50.4900016784668,50.959999084472656,50.33000183105469,50.59000015258789,43.41856384277344,107226800,0.0,0.0,0.0
2007-09-25 00:00:00-04:00,50.41999816894531,51.06999969482422,50.36000061035156,51.06999969482422,43.830528259277344,101102200,0.0,0.0,0.0
2007-09-26 00:00:00-04:00,51.36000061035156,51.5099983215332,51.119998931884766,51.31999969482422,44.045074462890625,96124600,0.0,0.0,0.0
2007-09-27 00:00:00-04:00,51.619998931884766,51.650001525878906,51.36000061035156,51.58000183105469,44.268245697021484,73423200,0.0,0.0,0.0
2007-09-28 00:00:00-04:00,51.540000915527344,51.68000030517578,51.18000030517578,51.40999984741211,44.12232208251953,75546000,0.0,0.0,0.0
2007-10-01 00:00:00-04:00,51.45000076293945,52.15999984741211,51.380001068115234,52.0,44.62869644165039,100404100,0.0,0.0,0.0
2007-10-02 00:00:00-04:00,52.040000915527344,52.060001373291016,51.720001220703125,52.0099983215332,44.637271881103516,71046000,0.0,0.0,0.0
2007-10-03 00:00:00-04:00,51.84000015258789,52.06999969482422,51.5,51.650001525878906,44.328304290771484,106785000,0.0,0.0,0.0
2007-10-04 00:00:00-04:00,51.75,51.83000183105469,51.34000015258789,51.77000045776367,44.43132781982422,84129300,0.0,0.0,0.0
2007-10-05 00:00:00-04:00,52.16999816894531,52.900001525878906,52.060001373291016,52.81999969482422,45.33245849609375,115674700,0.0,0.0,0.0
2007-10-08 00:00:00-04:00,52.79999923706055,53.15999984741211,52.709999084472656,53.150001525878906,45.615665435791016,63022400,0.0,0.0,0.0
2007-10-09 00:00:00-04:00,53.27000045776367,53.45000076293945,53.029998779296875,53.380001068115234,45.81307601928711,93965600,0.0,0.0,0.0
2007-10-10 00:00:00-04:00,53.38999938964844,53.56999969482422,53.209999084472656,53.5099983215332,45.92463302612305,91777500,0.0,0.0,0.0
2007-10-11 00:00:00-04:00,53.790000915527344,53.939998626708984,52.279998779296875,52.65999984741211,45.19514083862305,239786700,0.0,0.0,0.0
2007-10-12 00:00:00-04:00,52.900001525878906,53.540000915527344,52.79999923706055,53.529998779296875,45.94178771972656,131676000,0.0,0.0,0.0
2007-10-15 00:00:00-04:00,53.61000061035156,53.709999084472656,52.70000076293945,53.119998931884766,45.58993148803711,121578700,0.0,0.0,0.0
2007-10-16 00:00:00-04:00,52.790000915527344,53.279998779296875,52.68000030517578,52.869998931884766,45.375362396240234,193676600,0.0,0.0,0.0
2007-10-17 00:00:00-04:00,53.619998931884766,53.65999984741211,52.68000030517578,53.54999923706055,45.95896911621094,183985200,0.0,0.0,0.0
2007-10-18 00:00:00-04:00,53.33000183105469,53.88999938964844,53.119998931884766,53.779998779296875,46.15635299682617,144491200,0.0,0.0,0.0
2007-10-19 00:00:00-04:00,53.77000045776367,53.77000045776367,52.38999938964844,52.439998626708984,45.00632858276367,245111500,0.0,0.0,0.0
2007-10-22 00:00:00-04:00,52.15999984741211,53.119998931884766,52.02000045776367,53.06999969482422,45.5470085144043,207052100,0.0,0.0,0.0
2007-10-23 00:00:00-04:00,53.61000061035156,54.209999084472656,53.34000015258789,54.18000030517578,46.49966812133789,162360600,0.0,0.0,0.0
2007-10-24 00:00:00-04:00,53.7400016784668,53.939998626708984,52.599998474121094,53.77000045776367,46.14780044555664,298293400,0.0,0.0,0.0
2007-10-25 00:00:00-04:00,53.88999938964844,53.97999954223633,52.75,53.04999923706055,45.52986145019531,233833100,0.0,0.0,0.0
2007-10-26 00:00:00-04:00,54.08000183105469,54.20000076293945,53.439998626708984,53.93000030517578,46.28510284423828,146690300,0.0,0.0,0.0
2007-10-29 00:00:00-04:00,54.189998626708984,54.33000183105469,53.84000015258789,54.150001525878906,46.473915100097656,101896600,0.0,0.0,0.0
2007-10-30 00:00:00-04:00,53.939998626708984,54.560001373291016,53.900001525878906,54.2599983215332,46.56832504272461,114616600,0.0,0.0,0.0
2007-10-31 00:00:00-04:00,54.470001220703125,55.06999969482422,54.040000915527344,55.029998779296875,47.22916793823242,148431900,0.0,0.0,0.0
2007-11-01 00:00:00-04:00,54.68000030517578,54.77000045776367,53.970001220703125,54.0,46.34516143798828,181974200,0.0,0.0,0.0
2007-11-02 00:00:00-04:00,54.41999816894531,54.54999923706055,53.599998474121094,54.41999816894531,46.70564270019531,217882900,0.0,0.0,0.0
2007-11-05 00:00:00-05:00,53.86000061035156,54.400001525878906,53.59000015258789,54.06999969482422,46.4052619934082,150588900,0.0,0.0,0.0
2007-11-06 00:00:00-05:00,54.33000183105469,54.689998626708984,53.779998779296875,54.68000030517578,46.92878723144531,131884700,0.0,0.0,0.0
2007-11-07 00:00:00-05:00,54.220001220703125,54.58000183105469,53.310001373291016,53.349998474121094,45.787330627441406,197908200,0.0,0.0,0.0
2007-11-08 00:00:00-05:00,53.13999938964844,53.33000183105469,50.79999923706055,51.72999954223633,44.3969612121582,380626400,0.0,0.0,0.0
2007-11-09 00:00:00-05:00,50.72999954223633,51.119998931884766,50.0,50.0,42.912193298339844,309414900,0.0,0.0,0.0
2007-11-12 00:00:00-05:00,49.91999816894531,50.2400016784668,48.650001525878906,48.72999954223633,41.82223892211914,283216000,0.0,0.0,0.0
2007-11-13 00:00:00-05:00,49.38999938964844,50.790000915527344,49.349998474121094,50.7400016784668,43.54732131958008,255625900,0.0,0.0,0.0
2007-11-14 00:00:00-05:00,51.38999938964844,51.439998626708984,49.900001525878906,50.09000015258789,42.98945617675781,263284100,0.0,0.0,0.0
2007-11-15 00:00:00-05:00,50.0,50.540000915527344,49.369998931884766,49.81999969482422,42.757720947265625,251548800,0.0,0.0,0.0
2007-11-16 00:00:00-05:00,50.15999984741211,50.4900016784668,49.34000015258789,50.279998779296875,43.15251541137695,263623700,0.0,0.0,0.0
2007-11-19 00:00:00-05:00,50.15999984741211,50.45000076293945,49.40999984741211,49.70000076293945,42.654720306396484,198651100,0.0,0.0,0.0
2007-11-20 00:00:00-05:00,49.959999084472656,50.779998779296875,48.93000030517578,49.900001525878906,42.82637023925781,300763600,0.0,0.0,0.0
2007-11-21 00:00:00-05:00,49.45000076293945,50.16999816894531,48.849998474121094,49.310001373291016,42.32002258300781,212225400,0.0,0.0,0.0
2007-11-23 00:00:00-05:00,49.630001068115234,49.970001220703125,49.369998931884766,49.84000015258789,42.77488708496094,46463300,0.0,0.0,0.0
2007-11-26 00:00:00-05:00,49.970001220703125,50.369998931884766,48.900001525878906,48.97999954223633,42.03679656982422,150352100,0.0,0.0,0.0
2007-11-27 00:00:00-05:00,49.400001525878906,50.04999923706055,49.099998474121094,49.959999084472656,42.87786865234375,211369300,0.0,0.0,0.0
2007-11-28 00:00:00-05:00,50.630001068115234,51.70000076293945,50.599998474121094,51.47999954223633,44.182403564453125,216868100,0.0,0.0,0.0
2007-11-29 00:00:00-05:00,51.279998779296875,51.88999938964844,51.20000076293945,51.70000076293945,44.37120819091797,172087300,0.0,0.0,0.0
2007-11-30 00:00:00-05:00,52.209999084472656,52.25,50.95000076293945,51.310001373291016,44.036495208740234,171417400,0.0,0.0,0.0
2007-12-03 00:00:00-05:00,51.09000015258789,51.529998779296875,50.81999969482422,50.880001068115234,43.66746139526367,108625700,0.0,0.0,0.0
2007-12-04 00:00:00-05:00,50.4900016784668,50.939998626708984,50.380001068115234,50.66999816894531,43.48722839355469,113374100,0.0,0.0,0.0
2007-12-05 00:00:00-05:00,51.20000076293945,52.0,51.15999984741211,51.58000183105469,44.268245697021484,137614200,0.0,0.0,0.0
2007-12-06 00:00:00-05:00,51.630001068115234,52.369998931884766,51.61000061035156,52.31999969482422,44.903324127197266,99724500,0.0,0.0,0.0
2007-12-07 00:00:00-05:00,52.290000915527344,52.540000915527344,52.08000183105469,52.33000183105469,44.91191864013672,88992300,0.0,0.0,0.0
2007-12-10 00:00:00-05:00,52.459999084472656,52.689998626708984,52.31999969482422,52.540000915527344,45.09212875366211,75657900,0.0,0.0,0.0
2007-12-11 00:00:00-05:00,52.619998931884766,52.84000015258789,51.209999084472656,51.31999969482422,44.045074462890625,167064300,0.0,0.0,0.0
2007-12-12 00:00:00-05:00,52.25,52.43000030517578,50.88999938964844,51.779998779296875,44.43988037109375,162975200,0.0,0.0,0.0
2007-12-13 00:00:00-05:00,51.33000183105469,51.630001068115234,50.97999954223633,51.5,44.19956588745117,153476200,0.0,0.0,0.0
2007-12-14 00:00:00-05:00,51.09000015258789,51.599998474121094,50.91999816894531,50.970001220703125,43.74469757080078,128396700,0.0,0.0,0.0
2007-12-17 00:00:00-05:00,50.779998779296875,50.9900016784668,49.709999084472656,49.72999954223633,42.680484771728516,134377000,0.0,0.0,0.0
2007-12-18 00:00:00-05:00,50.2400016784668,50.27000045776367,49.18000030517578,49.88999938964844,42.817779541015625,154251700,0.0,0.0,0.0
2007-12-19 00:00:00-05:00,49.88999938964844,50.20000076293945,49.61000061035156,49.880001068115234,42.80923080444336,137970900,0.0,0.0,0.0
2007-12-20 00:00:00-05:00,50.619998931884766,50.959999084472656,50.20000076293945,50.900001525878906,43.68463134765625,167341700,0.0,0.0,0.0
2007-12-21 00:00:00-05:00,51.68000030517578,51.900001525878906,51.47999954223633,51.849998474121094,44.54633331298828,107573500,0.053,0.0,0.0
2007-12-24 00:00:00-05:00,52.0099983215332,52.400001525878906,51.95000076293945,52.2400016784668,44.881404876708984,34499800,0.0,0.0,0.0
2007-12-26 00:00:00-05:00,52.130001068115234,52.630001068115234,52.0,52.5,45.10477828979492,58492100,0.0,0.0,0.0
2007-12-27 00:00:00-05:00,52.33000183105469,52.5,51.709999084472656,51.869998931884766,44.56352233886719,65778900,0.0,0.0,0.0
2007-12-28 00:00:00-05:00,52.040000915527344,52.15999984741211,51.43000030517578,51.81999969482422,44.52055740356445,67545400,0.0,0.0,0.0
2007-12-31 00:00:00-05:00,51.56999969482422,51.68000030517578,51.209999084472656,51.220001220703125,44.00508117675781,70135600,0.0,0.0,0.0
2008-01-02 00:00:00-05:00,51.27000045776367,51.470001220703125,50.130001068115234,50.40999984741211,43.309173583984375,152344100,0.0,0.0,0.0
2008-01-03 00:00:00-05:00,50.40999984741211,50.7599983215332,50.150001525878906,50.619998931884766,43.489601135253906,114103700,0.0,0.0,0.0
2008-01-04 00:00:00-05:00,49.810001373291016,49.83000183105469,48.209999084472656,48.400001525878906,41.582313537597656,212617600,0.0,0.0,0.0
2008-01-07 00:00:00-05:00,48.400001525878906,48.599998474121094,47.43000030517578,48.16999816894531,41.384727478027344,235083600,0.0,0.0,0.0
2008-01-08 00:00:00-05:00,48.27000045776367,48.7599983215332,46.91999816894531,46.91999816894531,40.31077575683594,261669800,0.0,0.0,0.0
2008-01-09 00:00:00-05:00,47.11000061035156,47.959999084472656,46.459999084472656,47.91999816894531,41.169918060302734,254011800,0.0,0.0,0.0
2008-01-10 00:00:00-05:00,47.43000030517578,48.40999984741211,47.290000915527344,47.9900016784668,41.23004913330078,249958500,0.0,0.0,0.0
2008-01-11 00:00:00-05:00,47.72999954223633,47.77000045776367,46.70000076293945,47.04999923706055,40.42246627807617,211685200,0.0,0.0,0.0
2008-01-14 00:00:00-05:00,47.689998626708984,48.0099983215332,47.310001373291016,47.869998931884766,41.12697219848633,168048500,0.0,0.0,0.0
2008-01-15 00:00:00-05:00,47.369998931884766,47.52000045776367,46.349998474121094,46.54999923706055,39.99290084838867,241094900,0.0,0.0,0.0
2008-01-16 00:00:00-05:00,46.189998626708984,46.90999984741211,45.459999084472656,46.04999923706055,39.563323974609375,265625900,0.0,0.0,0.0
2008-01-17 00:00:00-05:00,46.2400016784668,46.58000183105469,45.20000076293945,45.40999984741211,39.01346969604492,254098800,0.0,0.0,0.0
2008-01-18 00:00:00-05:00,45.63999938964844,46.13999938964844,44.97999954223633,45.349998474121094,38.961936950683594,273063300,0.0,0.0,0.0
2008-01-22 00:00:00-05:00,42.83000183105469,44.77000045776367,42.72999954223633,44.18000030517578,37.95674133300781,325732000,0.0,0.0,0.0
2008-01-23 00:00:00-05:00,42.540000915527344,44.150001525878906,41.61000061035156,44.0099983215332,37.81071472167969,390129000,0.0,0.0,0.0
2008-01-24 00:00:00-05:00,44.189998626708984,44.93000030517578,44.060001373291016,44.90999984741211,38.58392333984375,250249100,0.0,0.0,0.0
2008-01-25 00:00:00-05:00,45.869998931884766,45.869998931884766,43.939998626708984,43.9900016784668,37.793514251708984,199299100,0.0,0.0,0.0
2008-01-28 00:00:00-05:00,44.02000045776367,44.439998626708984,43.56999969482422,44.33000183105469,38.08561325073242,163711200,0.0,0.0,0.0
2008-01-29 00:00:00-05:00,44.560001373291016,44.68000030517578,44.040000915527344,44.40999984741211,38.15434646606445,138520000,0.0,0.0,0.0
2008-01-30 00:00:00-05:00,44.25,45.31999969482422,44.18000030517578,44.369998931884766,38.1199836730957,220824400,0.0,0.0,0.0
2008-01-31 00:00:00-05:00,43.869998931884766,45.59000015258789,43.81999969482422,45.130001068115234,38.772926330566406,246824100,0.0,0.0,0.0
2008-02-01 00:00:00-05:00,45.5,45.880001068115234,44.880001068115234,45.59000015258789,39.168121337890625,161920300,0.0,0.0,0.0
2008-02-04 00:00:00-05:00,45.58000183105469,45.61000061035156,44.939998626708984,44.95000076293945,38.6182746887207,100209900,0.0,0.0,0.0
2008-02-05 00:00:00-05:00,44.16999816894531,44.599998474121094,43.63999938964844,43.66999816894531,37.518577575683594,188990400,0.0,0.0,0.0
2008-02-06 00:00:00-05:00,43.91999816894531,44.16999816894531,42.77000045776367,42.810001373291016,36.779720306396484,178285000,0.0,0.0,0.0
2008-02-07 00:00:00-05:00,42.33000183105469,43.790000915527344,42.150001525878906,43.11000061035156,37.0374641418457,286254800,0.0,0.0,0.0
2008-02-08 00:00:00-05:00,43.20000076293945,43.77000045776367,42.939998626708984,43.599998474121094,37.45845031738281,173781300,0.0,0.0,0.0
2008-02-11 00:00:00-05:00,43.77000045776367,44.220001220703125,43.540000915527344,44.06999969482422,37.86223602294922,119562300,0.0,0.0,0.0
2008-02-12 00:00:00-05:00,44.34000015258789,44.68000030517578,43.5099983215332,43.81999969482422,37.647464752197266,145412400,0.0,0.0,0.0
2008-02-13 00:00:00-05:00,44.38999938964844,44.880001068115234,44.15999984741211,44.779998779296875,38.47222900390625,148685900,0.0,0.0,0.0
2008-02-14 00:00:00-05:00,44.849998474121094,44.849998474121094,43.88999938964844,43.970001220703125,37.77631378173828,170868900,0.0,0.0,0.0
2008-02-15 00:00:00-05:00,43.72999954223633,43.97999954223633,43.45000076293945,43.81999969482422,37.647464752197266,100053300,0.0,0.0,0.0
2008-02-19 00:00:00-05:00,44.400001525878906,44.5,43.27000045776367,43.7400016784668,37.578731536865234,110507600,0.0,0.0,0.0
2008-02-20 00:00:00-05:00,43.2599983215332,44.09000015258789,43.2400016784668,43.939998626708984,37.750545501708984,137338800,0.0,0.0,0.0
2008-02-21 00:00:00-05:00,44.36000061035156,44.470001220703125,43.34000015258789,43.52000045776367,37.38970947265625,127857000,0.0,0.0,0.0
2008-02-22 00:00:00-05:00,43.66999816894531,43.689998626708984,42.599998474121094,43.68000030517578,37.527183532714844,157364700,0.0,0.0,0.0
2008-02-25 00:00:00-05:00,43.630001068115234,44.06999969482422,43.34000015258789,43.900001525878906,37.71616744995117,121444300,0.0,0.0,0.0
2008-02-26 00:00:00-05:00,43.650001525878906,44.47999954223633,43.369998931884766,44.06999969482422,37.86223602294922,148375900,0.0,0.0,0.0
2008-02-27 00:00:00-05:00,43.77000045776367,44.459999084472656,43.66999816894531,44.290000915527344,38.051265716552734,125682600,0.0,0.0,0.0
2008-02-28 00:00:00-05:00,44.119998931884766,44.529998779296875,43.95000076293945,44.119998931884766,37.905189514160156,129196700,0.0,0.0,0.0
2008-02-29 00:00:00-05:00,43.650001525878906,43.77000045776367,42.849998474121094,42.95000076293945,36.89999008178711,188724500,0.0,0.0,0.0
2008-03-03 00:00:00-05:00,42.91999816894531,42.9900016784668,42.2400016784668,42.66999816894531,36.65945053100586,132963800,0.0,0.0,0.0
2008-03-04 00:00:00-05:00,42.400001525878906,43.040000915527344,42.02000045776367,42.90999984741211,36.86564636230469,183851000,0.0,0.0,0.0
2008-03-05 00:00:00-05:00,42.9900016784668,43.540000915527344,42.75,43.119998931884766,37.046058654785156,183208300,0.0,0.0,0.0
2008-03-06 00:00:00-05:00,43.09000015258789,43.27000045776367,42.099998474121094,42.16999816894531,36.229881286621094,152752200,0.0,0.0,0.0
2008-03-07 00:00:00-05:00,41.91999816894531,42.63999938964844,41.380001068115234,42.06999969482422,36.14396286010742,242552400,0.0,0.0,0.0
2008-03-10 00:00:00-04:00,42.0099983215332,42.13999938964844,41.16999816894531,41.2599983215332,35.44805908203125,146801900,0.0,0.0,0.0
2008-03-11 00:00:00-04:00,41.86000061035156,42.849998474121094,41.5099983215332,42.83000183105469,36.79690933227539,196755300,0.0,0.0,0.0
2008-03-12 00:00:00-04:00,43.0,43.439998626708984,42.599998474121094,42.709999084472656,36.693809509277344,155566100,0.0,0.0,0.0
2008-03-13 00:00:00-04:00,42.22999954223633,43.33000183105469,41.810001373291016,43.040000915527344,36.97731399536133,208967900,0.0,0.0,0.0
2008-03-14 00:00:00-04:00,43.33000183105469,43.380001068115234,41.7400016784668,42.25,36.298606872558594,309589800,0.0,0.0,0.0
2008-03-17 00:00:00-04:00,41.290000915527344,42.0099983215332,41.04999923706055,41.47999954223633,35.63707733154297,193130600,0.0,0.0,0.0
2008-03-18 00:00:00-04:00,42.2400016784668,43.34000015258789,42.11000061035156,43.33000183105469,37.22648239135742,216300400,0.0,0.0,0.0
2008-03-19 00:00:00-04:00,43.5099983215332,43.599998474121094,42.22999954223633,42.2599983215332,36.30720138549805,216157200,0.0,0.0,0.0
2008-03-20 00:00:00-04:00,42.349998474121094,43.099998474121094,42.099998474121094,43.09000015258789,37.04920959472656,128397000,0.033,0.0,0.0
2008-03-24 00:00:00-04:00,43.279998779296875,44.7599983215332,43.279998779296875,44.58000183105469,38.330322265625,125018000,0.0,0.0,0.0
2008-03-25 00:00:00-04:00,44.70000076293945,45.06999969482422,44.279998779296875,44.83000183105469,38.5452995300293,118107500,0.0,0.0,0.0
2008-03-26 00:00:00-04:00,44.66999816894531,44.849998474121094,44.279998779296875,44.70000076293945,38.43352127075195,124824600,0.0,0.0,0.0
2008-03-27 00:00:00-04:00,44.439998626708984,44.5099983215332,43.709999084472656,43.709999084472656,37.58229064941406,143868600,0.0,0.0,0.0
2008-03-28 00:00:00-04:00,44.02000045776367,44.34000015258789,43.33000183105469,43.4900016784668,37.39312744140625,111822300,0.0,0.0,0.0
2008-03-31 00:00:00-04:00,43.650001525878906,44.02000045776367,43.45000076293945,43.720001220703125,37.59088897705078,113644800,0.0,0.0,0.0
2008-04-01 00:00:00-04:00,44.41999816894531,45.61000061035156,44.40999984741211,45.59000015258789,39.198734283447266,137494400,0.0,0.0,0.0
2008-04-02 00:00:00-04:00,45.70000076293945,46.02000045776367,45.16999816894531,45.4900016784668,39.11274719238281,132486800,0.0,0.0,0.0
2008-04-03 00:00:00-04:00,45.290000915527344,45.90999984741211,45.13999938964844,45.59000015258789,39.198734283447266,140033800,0.0,0.0,0.0
2008-04-04 00:00:00-04:00,45.77000045776367,46.349998474121094,45.400001525878906,45.86000061035156,39.430885314941406,139261000,0.0,0.0,0.0
2008-04-07 00:00:00-04:00,46.13999938964844,46.40999984741211,45.650001525878906,45.7599983215332,39.34489822387695,102297100,0.0,0.0,0.0
2008-04-08 00:00:00-04:00,45.40999984741211,45.720001220703125,45.18000030517578,45.40999984741211,39.0439567565918,97435200,0.0,0.0,0.0
2008-04-09 00:00:00-04:00,45.470001220703125,45.4900016784668,44.630001068115234,44.900001525878906,38.60547637939453,127182300,0.0,0.0,0.0
2008-04-10 00:00:00-04:00,44.93000030517578,45.84000015258789,44.93000030517578,45.540000915527344,39.15574645996094,112773800,0.0,0.0,0.0
2008-04-11 00:00:00-04:00,45.02000045776367,45.099998474121094,44.119998931884766,44.279998779296875,38.0723876953125,120135400,0.0,0.0,0.0
2008-04-14 00:00:00-04:00,44.209999084472656,44.47999954223633,43.95000076293945,44.08000183105469,37.90042495727539,89274600,0.0,0.0,0.0
2008-04-15 00:00:00-04:00,44.2400016784668,44.349998474121094,43.68000030517578,44.13999938964844,37.95200729370117,124232300,0.0,0.0,0.0
2008-04-16 00:00:00-04:00,44.689998626708984,45.47999954223633,44.650001525878906,45.369998931884766,39.00957107543945,134027900,0.0,0.0,0.0
2008-04-17 00:00:00-04:00,45.41999816894531,45.470001220703125,44.97999954223633,45.27000045776367,38.92360305786133,124953100,0.0,0.0,0.0
2008-04-18 00:00:00-04:00,46.470001220703125,46.93000030517578,46.220001220703125,46.709999084472656,40.161739349365234,133022500,0.0,0.0,0.0
2008-04-21 00:00:00-04:00,46.619998931884766,47.08000183105469,46.4900016784668,47.040000915527344,40.445465087890625,83303200,0.0,0.0,0.0
2008-04-22 00:00:00-04:00,46.75,46.77000045776367,45.93000030517578,46.34000015258789,39.843605041503906,104689600,0.0,0.0,0.0
2008-04-23 00:00:00-04:00,46.68000030517578,47.060001373291016,46.27000045776367,46.849998474121094,40.28211212158203,131086200,0.0,0.0,0.0
2008-04-24 00:00:00-04:00,46.869998931884766,47.790000915527344,46.38999938964844,47.27000045776367,40.64323043823242,166509000,0.0,0.0,0.0
2008-04-25 00:00:00-04:00,47.31999969482422,47.349998474121094,46.56999969482422,47.150001525878906,40.5400390625,121945400,0.0,0.0,0.0
2008-04-28 00:00:00-04:00,47.2599983215332,47.619998931884766,47.130001068115234,47.2400016784668,40.61742401123047,71244000,0.0,0.0,0.0
2008-04-29 00:00:00-04:00,47.150001525878906,47.7599983215332,47.060001373291016,47.599998474121094,40.92695617675781,91270600,0.0,0.0,0.0
2008-04-30 00:00:00-04:00,47.70000076293945,48.060001373291016,47.029998779296875,47.209999084472656,40.59160614013672,132152700,0.0,0.0,0.0
2008-05-01 00:00:00-04:00,47.22999954223633,48.720001220703125,47.220001220703125,48.70000076293945,41.87275314331055,143596900,0.0,0.0,0.0
2008-05-02 00:00:00-04:00,49.15999984741211,49.189998626708984,48.34000015258789,48.77000045776367,41.93293380737305,124990000,0.0,0.0,0.0
2008-05-05 00:00:00-04:00,48.77000045776367,49.029998779296875,48.400001525878906,48.630001068115234,41.812557220458984,75624700,0.0,0.0,0.0
2008-05-06 00:00:00-04:00,48.4900016784668,49.130001068115234,48.13999938964844,48.93000030517578,42.070499420166016,139582600,0.0,0.0,0.0
2008-05-07 00:00:00-04:00,48.939998626708984,49.22999954223633,47.869998931884766,48.040000915527344,41.30527877807617,140008300,0.0,0.0,0.0
2008-05-08 00:00:00-04:00,48.2400016784668,48.70000076293945,48.060001373291016,48.400001525878906,41.61480712890625,128058700,0.0,0.0,0.0
2008-05-09 00:00:00-04:00,48.040000915527344,48.459999084472656,47.900001525878906,48.209999084472656,41.45145797729492,97062000,0.0,0.0,0.0
2008-05-12 00:00:00-04:00,48.279998779296875,49.189998626708984,48.20000076293945,49.09000015258789,42.20808029174805,89606500,0.0,0.0,0.0
2008-05-13 00:00:00-04:00,49.11000061035156,49.33000183105469,48.7599983215332,49.220001220703125,42.31985092163086,85448100,0.0,0.0,0.0
2008-05-14 00:00:00-04:00,49.40999984741211,49.93000030517578,49.040000915527344,49.11000061035156,42.22526931762695,143598200,0.0,0.0,0.0
2008-05-15 00:00:00-04:00,49.119998931884766,50.02000045776367,48.97999954223633,49.970001220703125,42.964698791503906,157248900,0.0,0.0,0.0
2008-05-16 00:00:00-04:00,50.06999969482422,50.11000061035156,49.45000076293945,50.0099983215332,42.99911117553711,146563200,0.0,0.0,0.0
2008-05-19 00:00:00-04:00,50.04999923706055,50.470001220703125,49.34000015258789,49.650001525878906,42.689579010009766,140048700,0.0,0.0,0.0
2008-05-20 00:00:00-04:00,49.470001220703125,49.470001220703125,48.88999938964844,49.27000045776367,42.362831115722656,137163700,0.0,0.0,0.0
2008-05-21 00:00:00-04:00,49.33000183105469,49.599998474121094,48.02000045776367,48.18000030517578,41.42566680908203,192806700,0.0,0.0,0.0
2008-05-22 00:00:00-04:00,48.29999923706055,48.689998626708984,48.11000061035156,48.349998474121094,41.57182312011719,153198200,0.0,0.0,0.0
2008-05-23 00:00:00-04:00,48.18000030517578,48.349998474121094,47.81999969482422,48.20000076293945,41.442832946777344,121698400,0.0,0.0,0.0
2008-05-27 00:00:00-04:00,48.29999923706055,49.11000061035156,48.290000915527344,49.04999923706055,42.173709869384766,106984300,0.0,0.0,0.0
2008-05-28 00:00:00-04:00,49.279998779296875,49.36000061035156,48.75,49.25,42.34565353393555,121363000,0.0,0.0,0.0
2008-05-29 00:00:00-04:00,49.279998779296875,49.970001220703125,49.25,49.689998626708984,42.723960876464844,143993000,0.0,0.0,0.0
2008-05-30 00:00:00-04:00,49.880001068115234,50.2400016784668,49.75,50.0099983215332,42.99911117553711,94153600,0.0,0.0,0.0
2008-06-02 00:00:00-04:00,49.91999816894531,49.91999816894531,48.959999084472656,49.400001525878906,42.4746208190918,144359900,0.0,0.0,0.0
2008-06-03 00:00:00-04:00,49.59000015258789,49.900001525878906,48.66999816894531,49.130001068115234,42.24248123168945,167606900,0.0,0.0,0.0
2008-06-04 00:00:00-04:00,48.97999954223633,50.099998474121094,48.939998626708984,49.7599983215332,42.78415298461914,174870800,0.0,0.0,0.0
2008-06-05 00:00:00-04:00,49.88999938964844,50.61000061035156,49.70000076293945,50.54999923706055,43.463401794433594,126653700,0.0,0.0,0.0
2008-06-06 00:00:00-04:00,50.11000061035156,50.209999084472656,49.02000045776367,49.029998779296875,42.1564826965332,189136000,0.0,0.0,0.0
2008-06-09 00:00:00-04:00,49.130001068115234,49.189998626708984,47.95000076293945,48.77000045776367,41.93293380737305,208897300,0.0,0.0,0.0
2008-06-10 00:00:00-04:00,48.27000045776367,48.939998626708984,48.15999984741211,48.540000915527344,41.735164642333984,162798500,0.0,0.0,0.0
2008-06-11 00:00:00-04:00,48.439998626708984,48.52000045776367,47.349998474121094,47.369998931884766,40.72919845581055,170366900,0.0,0.0,0.0
2008-06-12 00:00:00-04:00,47.709999084472656,48.11000061035156,47.0,47.41999816894531,40.772193908691406,189913200,0.0,0.0,0.0
2008-06-13 00:00:00-04:00,47.709999084472656,48.470001220703125,47.459999084472656,48.369998931884766,41.58902359008789,167855000,0.0,0.0,0.0
2008-06-16 00:00:00-04:00,48.119998931884766,49.02000045776367,48.06999969482422,48.79999923706055,41.958709716796875,136343900,0.0,0.0,0.0
2008-06-17 00:00:00-04:00,48.95000076293945,49.060001373291016,48.470001220703125,48.540000915527344,41.735164642333984,122932000,0.0,0.0,0.0
2008-06-18 00:00:00-04:00,48.2599983215332,48.45000076293945,47.83000183105469,48.02000045776367,41.28809356689453,169338100,0.0,0.0,0.0
2008-06-19 00:00:00-04:00,47.93000030517578,49.0099983215332,47.61000061035156,48.77000045776367,41.93293380737305,221304200,0.0,0.0,0.0
2008-06-20 00:00:00-04:00,48.33000183105469,48.349998474121094,47.209999084472656,47.41999816894531,40.80063247680664,197434200,0.034,0.0,0.0
2008-06-23 00:00:00-04:00,47.61000061035156,47.7400016784668,46.97999954223633,47.04999923706055,40.482303619384766,131488800,0.0,0.0,0.0
2008-06-24 00:00:00-04:00,46.83000183105469,47.369998931884766,46.40999984741211,46.810001373291016,40.27579116821289,178293800,0.0,0.0,0.0
2008-06-25 00:00:00-04:00,47.0099983215332,48.0,46.939998626708984,47.56999969482422,40.929691314697266,179023400,0.0,0.0,0.0
2008-06-26 00:00:00-04:00,46.689998626708984,46.70000076293945,45.63999938964844,45.650001525878906,39.27769470214844,190028300,0.0,0.0,0.0
2008-06-27 00:00:00-04:00,45.599998474121094,45.900001525878906,44.970001220703125,45.650001525878906,39.27769470214844,181351800,0.0,0.0,0.0
2008-06-30 00:00:00-04:00,45.5099983215332,45.83000183105469,45.150001525878906,45.16999816894531,38.86470031738281,132912400,0.0,0.0,0.0
2008-07-01 00:00:00-04:00,44.810001373291016,45.86000061035156,44.68000030517578,45.810001373291016,39.415382385253906,245494300,0.0,0.0,0.0
2008-07-02 00:00:00-04:00,45.95000076293945,46.130001068115234,44.63999938964844,44.709999084472656,38.468929290771484,199576400,0.0,0.0,0.0
2008-07-03 00:00:00-04:00,44.97999954223633,45.08000183105469,44.279998779296875,44.630001068115234,38.40009689331055,123118300,0.0,0.0,0.0
2008-07-07 00:00:00-04:00,45.040000915527344,45.459999084472656,44.2400016784668,44.900001525878906,38.63239288330078,181011300,0.0,0.0,0.0
2008-07-08 00:00:00-04:00,44.95000076293945,46.0099983215332,44.77000045776367,45.970001220703125,39.55303955078125,206151200,0.0,0.0,0.0
2008-07-09 00:00:00-04:00,45.959999084472656,46.029998779296875,44.72999954223633,44.75,38.50333023071289,168500300,0.0,0.0,0.0
2008-07-10 00:00:00-04:00,44.81999969482422,45.41999816894531,44.380001068115234,45.279998779296875,38.95935821533203,238811500,0.0,0.0,0.0
2008-07-11 00:00:00-04:00,44.810001373291016,45.27000045776367,43.849998474121094,44.560001373291016,38.33986282348633,265514700,0.0,0.0,0.0
2008-07-14 00:00:00-04:00,45.13999938964844,45.18000030517578,44.06999969482422,44.22999954223633,38.05592346191406,177389800,0.0,0.0,0.0
2008-07-15 00:00:00-04:00,44.0099983215332,44.93000030517578,43.29999923706055,44.2400016784668,38.06453323364258,283891100,0.0,0.0,0.0
2008-07-16 00:00:00-04:00,44.36000061035156,45.380001068115234,43.91999816894531,45.34000015258789,39.0109977722168,186047800,0.0,0.0,0.0
2008-07-17 00:00:00-04:00,45.61000061035156,45.81999969482422,44.97999954223633,45.63999938964844,39.26909637451172,197555100,0.0,0.0,0.0
2008-07-18 00:00:00-04:00,45.13999938964844,45.16999816894531,44.59000015258789,44.59000015258789,38.36567306518555,160661000,0.0,0.0,0.0
2008-07-21 00:00:00-04:00,45.0,45.189998626708984,44.4900016784668,44.779998779296875,38.52915954589844,128107800,0.0,0.0,0.0
2008-07-22 00:00:00-04:00,44.029998779296875,44.810001373291016,43.86000061035156,44.779998779296875,38.52915954589844,152524500,0.0,0.0,0.0
2008-07-23 00:00:00-04:00,44.849998474121094,45.88999938964844,44.720001220703125,45.369998931884766,39.03679275512695,169259100,0.0,0.0,0.0
2008-07-24 00:00:00-04:00,45.58000183105469,45.61000061035156,44.650001525878906,44.689998626708984,38.45170974731445,145561000,0.0,0.0,0.0
2008-07-25 00:00:00-04:00,44.97999954223633,45.47999954223633,44.7599983215332,45.27000045776367,38.95075988769531,111616700,0.0,0.0,0.0
2008-07-28 00:00:00-04:00,45.2599983215332,45.52000045776367,44.209999084472656,44.41999816894531,38.21940231323242,124028500,0.0,0.0,0.0
2008-07-29 00:00:00-04:00,44.61000061035156,45.540000915527344,44.56999969482422,45.34000015258789,39.0109977722168,142290900,0.0,0.0,0.0
2008-07-30 00:00:00-04:00,45.470001220703125,45.81999969482422,44.880001068115234,45.56999969482422,39.2088737487793,165679900,0.0,0.0,0.0
2008-07-31 00:00:00-04:00,45.119998931884766,46.150001525878906,45.02000045776367,45.459999084472656,39.11423110961914,180473100,0.0,0.0,0.0
2008-08-01 00:00:00-04:00,45.5099983215332,45.54999923706055,44.400001525878906,44.880001068115234,38.61520004272461,180350400,0.0,0.0,0.0
2008-08-04 00:00:00-04:00,44.869998931884766,44.91999816894531,44.29999923706055,44.43000030517578,38.22800064086914,116298000,0.0,0.0,0.0
2008-08-05 00:00:00-04:00,44.88999938964844,45.970001220703125,44.84000015258789,45.93000030517578,39.51863098144531,151657400,0.0,0.0,0.0
2008-08-06 00:00:00-04:00,45.95000076293945,46.810001373291016,45.58000183105469,46.630001068115234,40.12090301513672,133463700,0.0,0.0,0.0
2008-08-07 00:00:00-04:00,46.349998474121094,46.849998474121094,46.08000183105469,46.27000045776367,39.8111686706543,152805800,0.0,0.0,0.0
2008-08-08 00:00:00-04:00,46.2400016784668,47.439998626708984,46.150001525878906,47.31999969482422,40.7146110534668,143121500,0.0,0.0,0.0
2008-08-11 00:00:00-04:00,47.29999923706055,48.279998779296875,47.13999938964844,47.75,41.08456039428711,157290100,0.0,0.0,0.0
2008-08-12 00:00:00-04:00,47.7400016784668,48.15999984741211,47.5099983215332,47.79999923706055,41.12759780883789,140549300,0.0,0.0,0.0
2008-08-13 00:00:00-04:00,47.720001220703125,48.119998931884766,47.25,47.70000076293945,41.04155731201172,169652100,0.0,0.0,0.0
2008-08-14 00:00:00-04:00,47.540000915527344,48.459999084472656,47.4900016784668,48.25,41.51478958129883,158069200,0.0,0.0,0.0
2008-08-15 00:00:00-04:00,48.33000183105469,48.56999969482422,47.959999084472656,48.15999984741211,41.43734359741211,123115900,0.0,0.0,0.0
2008-08-18 00:00:00-04:00,48.29999923706055,48.310001373291016,47.2599983215332,47.599998474121094,40.955509185791016,151399100,0.0,0.0,0.0
2008-08-19 00:00:00-04:00,47.36000061035156,47.59000015258789,46.75,47.0099983215332,40.44785690307617,155410600,0.0,0.0,0.0
2008-08-20 00:00:00-04:00,47.34000015258789,47.560001373291016,46.7400016784668,47.09000015258789,40.51670455932617,155466700,0.0,0.0,0.0
2008-08-21 00:00:00-04:00,46.7400016784668,47.08000183105469,46.380001068115234,46.869998931884766,40.32741928100586,118916200,0.0,0.0,0.0
2008-08-22 00:00:00-04:00,47.119998931884766,47.68000030517578,47.08000183105469,47.4900016784668,40.86087417602539,96515500,0.0,0.0,0.0
2008-08-25 00:00:00-04:00,47.15999984741211,47.209999084472656,46.369998931884766,46.4900016784668,40.000450134277344,128076500,0.0,0.0,0.0
2008-08-26 00:00:00-04:00,46.52000045776367,46.77000045776367,46.119998931884766,46.43000030517578,39.948822021484375,107225500,0.0,0.0,0.0
2008-08-27 00:00:00-04:00,46.45000076293945,47.09000015258789,46.290000915527344,46.72999954223633,40.206966400146484,108489900,0.0,0.0,0.0
2008-08-28 00:00:00-04:00,46.91999816894531,47.279998779296875,46.83000183105469,47.11000061035156,40.53390121459961,112808600,0.0,0.0,0.0
2008-08-29 00:00:00-04:00,46.61000061035156,47.119998931884766,45.91999816894531,46.119998931884766,39.68210220336914,133184300,0.0,0.0,0.0
2008-09-02 00:00:00-04:00,46.869998931884766,47.08000183105469,45.34000015258789,45.54999923706055,39.1916618347168,162277500,0.0,0.0,0.0
2008-09-03 00:00:00-04:00,45.45000076293945,45.63999938964844,44.790000915527344,45.119998931884766,38.82169723510742,161682900,0.0,0.0,0.0
2008-09-04 00:00:00-04:00,44.86000061035156,44.90999984741211,43.65999984741211,43.65999984741211,37.565486907958984,219004700,0.0,0.0,0.0
2008-09-05 00:00:00-04:00,43.279998779296875,43.779998779296875,42.810001373291016,43.45000076293945,37.38481140136719,247977500,0.0,0.0,0.0
2008-09-08 00:00:00-04:00,44.02000045776367,44.220001220703125,42.68000030517578,43.369998931884766,37.31598663330078,311065100,0.0,0.0,0.0
2008-09-09 00:00:00-04:00,43.349998474121094,43.790000915527344,42.349998474121094,42.45000076293945,36.5244026184082,214180600,0.0,0.0,0.0
2008-09-10 00:00:00-04:00,42.86000061035156,43.18000030517578,42.45000076293945,42.79999923706055,36.825531005859375,160658100,0.0,0.0,0.0
2008-09-11 00:00:00-04:00,42.20000076293945,43.689998626708984,42.16999816894531,43.599998474121094,37.51388931274414,203398200,0.0,0.0,0.0
2008-09-12 00:00:00-04:00,43.22999954223633,43.709999084472656,42.900001525878906,43.43000030517578,37.36760711669922,172094300,0.0,0.0,0.0
2008-09-15 00:00:00-04:00,42.400001525878906,43.290000915527344,42.029998779296875,42.08000183105469,36.206050872802734,616772300,0.0,0.0,0.0
2008-09-16 00:00:00-04:00,41.47999954223633,42.84000015258789,41.43000030517578,42.40999984741211,36.48997497558594,349506500,0.0,0.0,0.0
2008-09-17 00:00:00-04:00,41.869998931884766,42.41999816894531,40.189998626708984,40.209999084472656,34.59708023071289,340088000,0.0,0.0,0.0
2008-09-18 00:00:00-04:00,41.099998474121094,41.970001220703125,39.5,41.56999969482422,35.76723098754883,423934000,0.0,0.0,0.0
2008-09-19 00:00:00-04:00,43.77000045776367,43.83000183105469,42.099998474121094,42.900001525878906,36.93645477294922,263394000,0.028,0.0,0.0
2008-09-22 00:00:00-04:00,42.7400016784668,42.84000015258789,40.79999923706055,40.880001068115234,35.197261810302734,164698200,0.0,0.0,0.0
2008-09-23 00:00:00-04:00,41.20000076293945,41.75,40.439998626708984,40.56999969482422,34.93034362792969,184011200,0.0,0.0,0.0
2008-09-24 00:00:00-04:00,40.810001373291016,41.2599983215332,40.52000045776367,40.849998474121094,35.17144012451172,159270800,0.0,0.0,0.0
2008-09-25 00:00:00-04:00,41.22999954223633,42.02000045776367,41.029998779296875,41.5,35.7310791015625,148586800,0.0,0.0,0.0
2008-09-26 00:00:00-04:00,40.310001373291016,41.4900016784668,40.220001220703125,41.08000183105469,35.36945724487305,182678600,0.0,0.0,0.0
2008-09-29 00:00:00-04:00,40.2599983215332,40.380001068115234,37.18000030517578,37.81999969482422,32.56263732910156,307954400,0.0,0.0,0.0
2008-09-30 00:00:00-04:00,37.720001220703125,39.29999923706055,37.599998474121094,38.90999984741211,33.5010986328125,195436700,0.0,0.0,0.0
2008-10-01 00:00:00-04:00,38.84000015258789,38.970001220703125,38.029998779296875,38.5,33.14810562133789,174033300,0.0,0.0,0.0
2008-10-02 00:00:00-04:00,38.25,38.25,36.63999938964844,36.75,31.641387939453125,192124000,0.0,0.0,0.0
2008-10-03 00:00:00-04:00,37.2599983215332,38.18000030517578,36.099998474121094,36.18000030517578,31.15061378479004,272116100,0.0,0.0,0.0
2008-10-06 00:00:00-04:00,35.2599983215332,35.529998779296875,32.90999984741211,34.86000061035156,30.01409339904785,394046600,0.0,0.0,0.0
2008-10-07 00:00:00-04:00,35.13999938964844,35.20000076293945,32.27000045776367,32.650001525878906,28.111326217651367,329365700,0.0,0.0,0.0
2008-10-08 00:00:00-04:00,31.950000762939453,34.119998931884766,31.84000015258789,32.38999938964844,27.887462615966797,452066500,0.0,0.0,0.0
2008-10-09 00:00:00-04:00,33.150001525878906,33.68000030517578,30.969999313354492,31.520000457763672,27.13840103149414,352433900,0.0,0.0,0.0
2008-10-10 00:00:00-04:00,30.520000457763672,32.47999954223633,29.3799991607666,31.31999969482422,26.966201782226562,472339100,0.0,0.0,0.0
2008-10-13 00:00:00-04:00,32.86000061035156,35.25,32.400001525878906,35.130001068115234,30.246570587158203,276998700,0.0,0.0,0.0
2008-10-14 00:00:00-04:00,36.150001525878906,36.150001525878906,33.189998626708984,33.61000061035156,28.937868118286133,341595900,0.0,0.0,0.0
2008-10-15 00:00:00-04:00,33.22999954223633,33.349998474121094,30.540000915527344,30.600000381469727,26.34629249572754,312088500,0.0,0.0,0.0
2008-10-16 00:00:00-04:00,30.809999465942383,32.27000045776367,29.25,32.2599983215332,27.775524139404297,494783500,0.0,0.0,0.0
2008-10-17 00:00:00-04:00,31.670000076293945,33.650001525878906,31.40999984741211,32.29999923706055,27.809972763061523,326571300,0.0,0.0,0.0
2008-10-20 00:00:00-04:00,32.7599983215332,33.2599983215332,31.700000762939453,33.20000076293945,28.584861755371094,232783400,0.0,0.0,0.0
2008-10-21 00:00:00-04:00,32.65999984741211,33.2599983215332,31.479999542236328,31.479999542236328,27.103958129882812,239932400,0.0,0.0,0.0
2008-10-22 00:00:00-04:00,31.3700008392334,31.600000381469727,29.709999084472656,30.610000610351562,26.354894638061523,289993600,0.0,0.0,0.0
2008-10-23 00:00:00-04:00,30.489999771118164,31.09000015258789,28.899999618530273,30.489999771118164,26.251577377319336,377966900,0.0,0.0,0.0
2008-10-24 00:00:00-04:00,28.229999542236328,30.25,28.09000015258789,29.510000228881836,25.407814025878906,322129500,0.0,0.0,0.0
2008-10-27 00:00:00-04:00,29.170000076293945,30.200000762939453,28.65999984741211,28.690000534057617,24.701799392700195,239302300,0.0,0.0,0.0
2008-10-28 00:00:00-04:00,29.68000030517578,31.8799991607666,28.850000381469727,31.860000610351562,27.431137084960938,327239500,0.0,0.0,0.0
2008-10-29 00:00:00-04:00,31.90999984741211,33.08000183105469,31.25,31.780000686645508,27.362258911132812,341316000,0.0,0.0,0.0
2008-10-30 00:00:00-04:00,32.66999816894531,33.060001373291016,31.979999542236328,32.84000015258789,28.274919509887695,255292100,0.0,0.0,0.0
2008-10-31 00:00:00-04:00,32.369998931884766,33.43000030517578,32.09000015258789,32.88999938964844,28.317951202392578,224261000,0.0,0.0,0.0
2008-11-03 00:00:00-05:00,32.810001373291016,33.290000915527344,32.5099983215332,32.81999969482422,28.2576904296875,128455500,0.0,0.0,0.0
2008-11-04 00:00:00-05:00,33.459999084472656,34.0099983215332,32.97999954223633,33.75,29.058401107788086,182487600,0.0,0.0,0.0
2008-11-05 00:00:00-05:00,33.529998779296875,33.599998474121094,31.920000076293945,31.989999771118164,27.54306411743164,183893900,0.0,0.0,0.0
2008-11-06 00:00:00-05:00,31.489999771118164,31.8700008392334,30.399999618530273,30.559999465942383,26.311840057373047,220677200,0.0,0.0,0.0
2008-11-07 00:00:00-05:00,30.920000076293945,31.479999542236328,30.59000015258789,31.190000534057617,26.854276657104492,176946200,0.0,0.0,0.0
2008-11-10 00:00:00-05:00,31.969999313354492,31.969999313354492,30.399999618530273,30.770000457763672,26.492658615112305,142584500,0.0,0.0,0.0
2008-11-11 00:00:00-05:00,30.479999542236328,30.760000228881836,29.719999313354492,30.100000381469727,25.915794372558594,162869800,0.0,0.0,0.0
2008-11-12 00:00:00-05:00,29.649999618530273,29.799999237060547,28.649999618530273,28.709999084472656,24.719009399414062,184946400,0.0,0.0,0.0
2008-11-13 00:00:00-05:00,28.610000610351562,30.530000686645508,27.280000686645508,30.459999084472656,26.225751876831055,317943900,0.0,0.0,0.0
2008-11-14 00:00:00-05:00,29.780000686645508,30.420000076293945,28.8700008392334,28.979999542236328,24.95148468017578,259407000,0.0,0.0,0.0
2008-11-17 00:00:00-05:00,28.489999771118164,29.229999542236328,28.260000228881836,28.3700008392334,24.42628288269043,202835200,0.0,0.0,0.0
2008-11-18 00:00:00-05:00,28.559999465942383,28.75,27.389999389648438,28.34000015258789,24.400447845458984,252661800,0.0,0.0,0.0
2008-11-19 00:00:00-05:00,28.399999618530273,28.780000686645508,26.790000915527344,26.860000610351562,23.126190185546875,244180600,0.0,0.0,0.0
2008-11-20 00:00:00-05:00,26.530000686645508,27.450000762939453,25.469999313354492,25.559999465942383,22.006900787353516,342472400,0.0,0.0,0.0
2008-11-21 00:00:00-05:00,26.010000228881836,26.68000030517578,25.049999237060547,26.670000076293945,22.962600708007812,282746800,0.0,0.0,0.0
2008-11-24 00:00:00-05:00,27.219999313354492,28.639999389648438,26.979999542236328,28.299999237060547,24.366016387939453,225058200,0.0,0.0,0.0
2008-11-25 00:00:00-05:00,28.610000610351562,28.639999389648438,27.520000457763672,28.170000076293945,24.25408172607422,202968700,0.0,0.0,0.0
2008-11-26 00:00:00-05:00,27.8799991607666,29.360000610351562,27.809999465942383,29.350000381469727,25.270051956176758,164912000,0.0,0.0,0.0
2008-11-28 00:00:00-05:00,29.020000457763672,29.190000534057617,28.829999923706055,29.1200008392334,25.072025299072266,41238200,0.0,0.0,0.0
2008-12-01 00:00:00-05:00,28.5,28.510000228881836,26.889999389648438,26.93000030517578,23.18646240234375,149161500,0.0,0.0,0.0
2008-12-02 00:00:00-05:00,27.299999237060547,27.889999389648438,26.84000015258789,27.829999923706055,23.961347579956055,181743000,0.0,0.0,0.0
2008-12-03 00:00:00-05:00,27.1299991607666,28.709999084472656,27.06999969482422,28.6200008392334,24.64153480529785,230944900,0.0,0.0,0.0
2008-12-04 00:00:00-05:00,28.170000076293945,28.780000686645508,27.31999969482422,27.809999465942383,23.94412612915039,188868700,0.0,0.0,0.0
2008-12-05 00:00:00-05:00,27.5,29.06999969482422,26.950000762939453,28.940000534057617,24.91704750061035,212283700,0.0,0.0,0.0
2008-12-08 00:00:00-05:00,29.59000015258789,30.459999084472656,29.440000534057617,30.079999923706055,25.898569107055664,185782500,0.0,0.0,0.0
2008-12-09 00:00:00-05:00,29.68000030517578,30.829999923706055,29.56999969482422,30.010000228881836,25.838306427001953,178148300,0.0,0.0,0.0
2008-12-10 00:00:00-05:00,30.100000381469727,30.459999084472656,29.6200008392334,29.90999984741211,25.7522029876709,162335100,0.0,0.0,0.0
2008-12-11 00:00:00-05:00,29.809999465942383,30.270000457763672,28.940000534057617,29.09000015258789,25.046194076538086,167161400,0.0,0.0,0.0
2008-12-12 00:00:00-05:00,28.690000534057617,29.860000610351562,28.469999313354492,29.68000030517578,25.554182052612305,158600100,0.0,0.0,0.0
2008-12-15 00:00:00-05:00,29.729999542236328,29.760000228881836,28.739999771118164,29.15999984741211,25.10645866394043,107887000,0.0,0.0,0.0
2008-12-16 00:00:00-05:00,29.420000076293945,30.65999984741211,29.100000381469727,30.559999465942383,26.311840057373047,169300100,0.0,0.0,0.0
2008-12-17 00:00:00-05:00,30.25,30.600000381469727,29.81999969482422,30.190000534057617,25.993282318115234,159813500,0.0,0.0,0.0
2008-12-18 00:00:00-05:00,30.190000534057617,30.399999618530273,29.360000610351562,29.65999984741211,25.53696060180664,142656400,0.0,0.0,0.0
2008-12-19 00:00:00-05:00,29.93000030517578,30.3700008392334,29.65999984741211,29.860000610351562,25.746482849121094,118308900,0.043,0.0,0.0
2008-12-22 00:00:00-05:00,29.860000610351562,29.920000076293945,28.739999771118164,29.209999084472656,25.186023712158203,95379600,0.0,0.0,0.0
2008-12-23 00:00:00-05:00,29.329999923706055,29.6200008392334,28.889999389648438,29.059999465942383,25.05669403076172,68764800,0.0,0.0,0.0
2008-12-24 00:00:00-05:00,29.200000762939453,29.209999084472656,28.979999542236328,29.139999389648438,25.125669479370117,27194700,0.0,0.0,0.0
2008-12-26 00:00:00-05:00,29.200000762939453,29.229999542236328,28.969999313354492,29.1299991607666,25.11704444885254,20937000,0.0,0.0,0.0
2008-12-29 00:00:00-05:00,29.209999084472656,29.239999771118164,28.459999084472656,28.889999389648438,24.910110473632812,52688300,0.0,0.0,0.0
2008-12-30 00:00:00-05:00,28.969999313354492,29.59000015258789,28.940000534057617,29.489999771118164,25.427461624145508,77089500,0.0,0.0,0.0
2008-12-31 00:00:00-05:00,29.459999084472656,30.079999923706055,29.450000762939453,29.739999771118164,25.643014907836914,89189700,0.0,0.0,0.0
2009-01-02 00:00:00-05:00,29.75,31.1299991607666,29.690000534057617,31.030000686645508,26.75530433654785,107891500,0.0,0.0,0.0
2009-01-05 00:00:00-05:00,30.829999923706055,31.329999923706055,30.59000015258789,31.020000457763672,26.746685028076172,91751900,0.0,0.0,0.0
2009-01-06 00:00:00-05:00,31.25,31.6299991607666,31.110000610351562,31.329999923706055,27.013973236083984,136791700,0.0,0.0,0.0
2009-01-07 00:00:00-05:00,30.729999542236328,30.899999618530273,30.190000534057617,30.440000534057617,26.246585845947266,133879800,0.0,0.0,0.0
2009-01-08 00:00:00-05:00,30.3799991607666,30.799999237060547,30.079999923706055,30.760000228881836,26.522504806518555,131926600,0.0,0.0,0.0
2009-01-09 00:00:00-05:00,30.770000457763672,30.790000915527344,29.920000076293945,30.06999969482422,25.927547454833984,117137900,0.0,0.0,0.0
2009-01-12 00:00:00-05:00,30.110000610351562,30.149999618530273,29.200000762939453,29.520000457763672,25.453319549560547,102726200,0.0,0.0,0.0
2009-01-13 00:00:00-05:00,29.510000228881836,29.979999542236328,29.18000030517578,29.530000686645508,25.461944580078125,186266700,0.0,0.0,0.0
2009-01-14 00:00:00-05:00,29.190000534057617,29.280000686645508,28.469999313354492,28.6299991607666,24.685932159423828,136294000,0.0,0.0,0.0
2009-01-15 00:00:00-05:00,28.56999969482422,29.34000015258789,28.06999969482422,29.100000381469727,25.091175079345703,192567200,0.0,0.0,0.0
2009-01-16 00:00:00-05:00,29.5,29.600000381469727,28.700000762939453,29.420000076293945,25.367097854614258,175478100,0.0,0.0,0.0
2009-01-20 00:00:00-05:00,29.299999237060547,29.43000030517578,27.959999084472656,27.959999084472656,24.108230590820312,135105800,0.0,0.0,0.0
2009-01-21 00:00:00-05:00,28.43000030517578,29.190000534057617,28.100000381469727,29.149999618530273,25.134288787841797,149179600,0.0,0.0,0.0
2009-01-22 00:00:00-05:00,28.520000457763672,29.229999542236328,28.260000228881836,28.760000228881836,24.79802703857422,200602700,0.0,0.0,0.0
2009-01-23 00:00:00-05:00,28.290000915527344,29.350000381469727,28.139999389648438,28.899999618530273,24.918733596801758,170164100,0.0,0.0,0.0
2009-01-26 00:00:00-05:00,28.940000534057617,29.59000015258789,28.75,29.110000610351562,25.099796295166016,140398700,0.0,0.0,0.0
2009-01-27 00:00:00-05:00,29.1200008392334,29.56999969482422,29.1200008392334,29.31999969482422,25.280874252319336,110591300,0.0,0.0,0.0
2009-01-28 00:00:00-05:00,29.809999465942383,30.649999618530273,29.809999465942383,30.350000381469727,26.168975830078125,139722800,0.0,0.0,0.0
2009-01-29 00:00:00-05:00,29.979999542236328,30.399999618530273,29.479999542236328,29.579999923706055,25.505062103271484,130731800,0.0,0.0,0.0
2009-01-30 00:00:00-05:00,29.799999237060547,29.93000030517578,28.940000534057617,29.059999465942383,25.05669403076172,140334200,0.0,0.0,0.0
2009-02-02 00:00:00-05:00,28.780000686645508,29.610000610351562,28.739999771118164,29.40999984741211,25.35848045349121,126796100,0.0,0.0,0.0
2009-02-03 00:00:00-05:00,29.469999313354492,30.43000030517578,29.030000686645508,29.8700008392334,25.755104064941406,120541100,0.0,0.0,0.0
2009-02-04 00:00:00-05:00,29.940000534057617,30.8700008392334,29.790000915527344,29.90999984741211,25.789587020874023,175780900,0.0,0.0,0.0
2009-02-05 00:00:00-05:00,29.479999542236328,30.770000457763672,29.459999084472656,30.56999969482422,26.358673095703125,217578900,0.0,0.0,0.0
2009-02-06 00:00:00-05:00,30.68000030517578,31.510000228881836,30.579999923706055,31.3700008392334,27.048463821411133,164513200,0.0,0.0,0.0
2009-02-09 00:00:00-05:00,31.389999389648438,31.670000076293945,31.190000534057617,31.5,27.160552978515625,98856900,0.0,0.0,0.0
2009-02-10 00:00:00-05:00,31.299999237060547,31.68000030517578,30.100000381469727,30.34000015258789,26.160364151000977,232795200,0.0,0.0,0.0
2009-02-11 00:00:00-05:00,30.3799991607666,30.530000686645508,29.729999542236328,30.200000762939453,26.039644241333008,169117200,0.0,0.0,0.0
2009-02-12 00:00:00-05:00,29.850000381469727,30.610000610351562,29.639999389648438,30.56999969482422,26.358673095703125,201151400,0.0,0.0,0.0
2009-02-13 00:00:00-05:00,30.479999542236328,30.780000686645508,30.290000915527344,30.43000030517578,26.23796272277832,145066700,0.0,0.0,0.0
2009-02-17 00:00:00-05:00,29.489999771118164,29.670000076293945,29.059999465942383,29.219999313354492,25.194650650024414,157783300,0.0,0.0,0.0
2009-02-18 00:00:00-05:00,29.40999984741211,29.670000076293945,28.8700008392334,29.239999771118164,25.211891174316406,161271900,0.0,0.0,0.0
2009-02-19 00:00:00-05:00,29.420000076293945,29.610000610351562,28.719999313354492,28.790000915527344,24.823877334594727,155322400,0.0,0.0,0.0
2009-02-20 00:00:00-05:00,28.469999313354492,29.149999618530273,28.389999389648438,28.8700008392334,24.892864227294922,210752400,0.0,0.0,0.0
2009-02-23 00:00:00-05:00,29.030000686645508,29.049999237060547,27.729999542236328,27.860000610351562,24.022005081176758,169473500,0.0,0.0,0.0
2009-02-24 00:00:00-05:00,28.010000228881836,28.979999542236328,27.959999084472656,28.780000686645508,24.81526756286621,181337300,0.0,0.0,0.0
2009-02-25 00:00:00-05:00,28.610000610351562,29.170000076293945,28.139999389648438,28.59000015258789,24.651439666748047,220224700,0.0,0.0,0.0
2009-02-26 00:00:00-05:00,28.780000686645508,28.950000762939453,27.700000762939453,27.790000915527344,23.961654663085938,211218500,0.0,0.0,0.0
2009-02-27 00:00:00-05:00,27.5,27.979999542236328,27.389999389648438,27.530000686645508,23.737464904785156,204492600,0.0,0.0,0.0
2009-03-02 00:00:00-05:00,27.1200008392334,27.510000228881836,26.469999313354492,26.639999389648438,22.97006607055664,188180400,0.0,0.0,0.0
2009-03-03 00:00:00-05:00,26.860000610351562,27.15999984741211,26.420000076293945,26.6200008392334,22.95282745361328,158758800,0.0,0.0,0.0
2009-03-04 00:00:00-05:00,27.010000228881836,27.709999084472656,26.920000076293945,27.329999923706055,23.565019607543945,164911000,0.0,0.0,0.0
2009-03-05 00:00:00-05:00,27.030000686645508,27.239999771118164,26.420000076293945,26.510000228881836,22.85797882080078,199626900,0.0,0.0,0.0
2009-03-06 00:00:00-05:00,26.649999618530273,26.809999465942383,25.709999084472656,26.299999237060547,22.676910400390625,218421600,0.0,0.0,0.0
2009-03-09 00:00:00-04:00,26.09000015258789,26.809999465942383,25.6299991607666,25.739999771118164,22.194055557250977,181098800,0.0,0.0,0.0
2009-03-10 00:00:00-04:00,26.25,27.389999389648438,26.15999984741211,27.329999923706055,23.565019607543945,175068200,0.0,0.0,0.0
2009-03-11 00:00:00-04:00,27.610000610351562,27.989999771118164,27.260000228881836,27.75,23.927160263061523,173094900,0.0,0.0,0.0
2009-03-12 00:00:00-04:00,27.729999542236328,28.760000228881836,27.440000534057617,28.670000076293945,24.720415115356445,184395100,0.0,0.0,0.0
2009-03-13 00:00:00-04:00,28.65999984741211,28.84000015258789,28.31999969482422,28.739999771118164,24.780773162841797,156783500,0.0,0.0,0.0
2009-03-16 00:00:00-04:00,28.93000030517578,28.979999542236328,28.190000534057617,28.260000228881836,24.366899490356445,190269800,0.0,0.0,0.0
2009-03-17 00:00:00-04:00,28.399999618530273,29.329999923706055,28.299999237060547,29.329999923706055,25.28949737548828,169773800,0.0,0.0,0.0
2009-03-18 00:00:00-04:00,29.209999084472656,30.200000762939453,29.079999923706055,29.700000762939453,25.6085205078125,208033900,0.0,0.0,0.0
2009-03-19 00:00:00-04:00,30.110000610351562,30.1299991607666,29.459999084472656,29.68000030517578,25.591279983520508,146753400,0.0,0.0,0.0
2009-03-20 00:00:00-04:00,29.690000534057617,30.030000686645508,28.979999542236328,29.18000030517578,25.201770782470703,149410800,0.049,0.0,0.0
2009-03-23 00:00:00-04:00,29.899999618530273,30.940000534057617,29.200000762939453,30.899999618530273,26.6872615814209,179499000,0.0,0.0,0.0
2009-03-24 00:00:00-04:00,30.639999389648438,30.8799991607666,30.309999465942383,30.329999923706055,26.19497299194336,118757600,0.0,0.0,0.0
2009-03-25 00:00:00-04:00,30.59000015258789,31.049999237060547,29.65999984741211,30.469999313354492,26.315898895263672,190555200,0.0,0.0,0.0
2009-03-26 00:00:00-04:00,30.799999237060547,31.459999084472656,30.420000076293945,31.40999984741211,27.12774085998535,182459500,0.0,0.0,0.0
2009-03-27 00:00:00-04:00,31.0,31.18000030517578,30.709999084472656,30.81999969482422,26.61817741394043,156108100,0.0,0.0,0.0
2009-03-30 00:00:00-04:00,30.299999237060547,30.31999969482422,29.6200008392334,30.059999465942383,25.9617919921875,162919700,0.0,0.0,0.0
2009-03-31 00:00:00-04:00,30.290000915527344,30.950000762939453,30.270000457763672,30.31999969482422,26.186349868774414,150243800,0.0,0.0,0.0
2009-04-01 00:00:00-04:00,29.940000534057617,30.8799991607666,29.790000915527344,30.770000457763672,26.57499122619629,137950000,0.0,0.0,0.0
2009-04-02 00:00:00-04:00,31.31999969482422,32.27000045776367,31.229999542236328,31.760000228881836,27.43002700805664,212272400,0.0,0.0,0.0
2009-04-03 00:00:00-04:00,32.09000015258789,32.400001525878906,31.829999923706055,32.349998474121094,27.939584732055664,134577300,0.0,0.0,0.0
2009-04-06 00:00:00-04:00,31.989999771118164,32.33000183105469,31.649999618530273,32.27000045776367,27.8704891204834,160413700,0.0,0.0,0.0
2009-04-07 00:00:00-04:00,31.920000076293945,31.920000076293945,31.209999084472656,31.420000076293945,27.136383056640625,147531200,0.0,0.0,0.0
2009-04-08 00:00:00-04:00,31.729999542236328,32.150001525878906,31.489999771118164,31.950000762939453,27.594118118286133,126126000,0.0,0.0,0.0
2009-04-09 00:00:00-04:00,32.54999923706055,33.0099983215332,32.43000030517578,32.939998626708984,28.449155807495117,131871500,0.0,0.0,0.0
2009-04-13 00:00:00-04:00,32.84000015258789,33.06999969482422,32.529998779296875,32.88999938964844,28.40596580505371,119310500,0.0,0.0,0.0
2009-04-14 00:00:00-04:00,32.689998626708984,32.880001068115234,32.27000045776367,32.4900016784668,28.06049346923828,124069000,0.0,0.0,0.0
2009-04-15 00:00:00-04:00,32.2599983215332,32.43000030517578,31.850000381469727,32.400001525878906,27.982769012451172,124808200,0.0,0.0,0.0
2009-04-16 00:00:00-04:00,32.849998474121094,33.43000030517578,32.5099983215332,33.2400016784668,28.7082462310791,171168000,0.0,0.0,0.0
2009-04-17 00:00:00-04:00,33.16999816894531,33.5,32.93000030517578,33.310001373291016,28.768707275390625,129835400,0.0,0.0,0.0
2009-04-20 00:00:00-04:00,32.709999084472656,32.81999969482422,32.060001373291016,32.2400016784668,27.844589233398438,123080500,0.0,0.0,0.0
2009-04-21 00:00:00-04:00,32.119998931884766,32.7400016784668,32.08000183105469,32.689998626708984,28.23324203491211,145490200,0.0,0.0,0.0
2009-04-22 00:00:00-04:00,32.5,33.529998779296875,32.38999938964844,32.790000915527344,28.319608688354492,165040500,0.0,0.0,0.0
2009-04-23 00:00:00-04:00,33.0,33.13999938964844,32.4900016784668,33.11000061035156,28.595972061157227,181666600,0.0,0.0,0.0
2009-04-24 00:00:00-04:00,33.34000015258789,33.93000030517578,33.06999969482422,33.689998626708984,29.09689712524414,141170000,0.0,0.0,0.0
2009-04-27 00:00:00-04:00,33.41999816894531,34.060001373291016,33.349998474121094,33.72999954223633,29.13144302368164,120749100,0.0,0.0,0.0
2009-04-28 00:00:00-04:00,33.52000045776367,33.90999984741211,33.36000061035156,33.47999954223633,28.915525436401367,108968000,0.0,0.0,0.0
2009-04-29 00:00:00-04:00,33.75,34.400001525878906,33.70000076293945,33.939998626708984,29.31280517578125,141413600,0.0,0.0,0.0
2009-04-30 00:00:00-04:00,34.38999938964844,34.900001525878906,34.040000915527344,34.279998779296875,29.606454849243164,144120400,0.0,0.0,0.0
2009-05-01 00:00:00-04:00,34.27000045776367,34.540000915527344,34.0099983215332,34.369998931884766,29.6841983795166,100112000,0.0,0.0,0.0
2009-05-04 00:00:00-04:00,34.68000030517578,35.09000015258789,34.52000045776367,35.04999923706055,30.271486282348633,119317400,0.0,0.0,0.0
2009-05-05 00:00:00-04:00,34.9900016784668,35.060001373291016,34.630001068115234,35.02000045776367,30.24557876586914,113569500,0.0,0.0,0.0
2009-05-06 00:00:00-04:00,35.290000915527344,35.34000015258789,34.459999084472656,35.029998779296875,30.25420570373535,178840500,0.0,0.0,0.0
2009-05-07 00:00:00-04:00,35.27000045776367,35.27000045776367,33.880001068115234,34.209999084472656,29.546005249023438,216484700,0.0,0.0,0.0
2009-05-08 00:00:00-04:00,34.470001220703125,34.7400016784668,33.880001068115234,34.22999954223633,29.563262939453125,183507300,0.0,0.0,0.0
2009-05-11 00:00:00-04:00,33.790000915527344,34.720001220703125,33.68000030517578,34.349998474121094,29.666915893554688,142775900,0.0,0.0,0.0
2009-05-12 00:00:00-04:00,34.41999816894531,34.47999954223633,33.52000045776367,33.93000030517578,29.304170608520508,147842200,0.0,0.0,0.0
2009-05-13 00:00:00-04:00,33.630001068115234,33.650001525878906,32.959999084472656,33.02000045776367,28.51824378967285,175548300,0.0,0.0,0.0
2009-05-14 00:00:00-04:00,33.099998474121094,33.70000076293945,33.08000183105469,33.38999938964844,28.837804794311523,140021700,0.0,0.0,0.0
2009-05-15 00:00:00-04:00,33.34000015258789,33.81999969482422,33.22999954223633,33.369998931884766,28.820524215698242,121326400,0.0,0.0,0.0
2009-05-18 00:00:00-04:00,33.599998474121094,34.279998779296875,33.38999938964844,34.2400016784668,29.571922302246094,114333400,0.0,0.0,0.0
2009-05-19 00:00:00-04:00,34.15999984741211,34.7400016784668,33.95000076293945,34.400001525878906,29.710100173950195,129086400,0.0,0.0,0.0
2009-05-20 00:00:00-04:00,34.529998779296875,35.040000915527344,34.18000030517578,34.279998779296875,29.606454849243164,131873700,0.0,0.0,0.0
2009-05-21 00:00:00-04:00,34.02000045776367,34.2599983215332,33.310001373291016,33.650001525878906,29.062347412109375,139253200,0.0,0.0,0.0
2009-05-22 00:00:00-04:00,33.779998779296875,33.970001220703125,33.31999969482422,33.540000915527344,28.96735382080078,83510600,0.0,0.0,0.0
2009-05-26 00:00:00-04:00,33.25,34.83000183105469,33.18000030517578,34.790000915527344,30.04692840576172,144857200,0.0,0.0,0.0
2009-05-27 00:00:00-04:00,34.689998626708984,35.189998626708984,34.43000030517578,34.54999923706055,29.839643478393555,121348800,0.0,0.0,0.0
2009-05-28 00:00:00-04:00,34.7599983215332,35.06999969482422,34.209999084472656,34.95000076293945,30.185121536254883,118931300,0.0,0.0,0.0
2009-05-29 00:00:00-04:00,34.970001220703125,35.5,34.7599983215332,35.380001068115234,30.55649185180664,111535700,0.0,0.0,0.0
2009-06-01 00:00:00-04:00,35.7599983215332,36.5,35.61000061035156,36.38999938964844,31.428802490234375,119126200,0.0,0.0,0.0
2009-06-02 00:00:00-04:00,36.189998626708984,36.790000915527344,36.11000061035156,36.439998626708984,31.47197723388672,126858600,0.0,0.0,0.0
2009-06-03 00:00:00-04:00,36.33000183105469,36.369998931884766,35.93000030517578,36.33000183105469,31.37699317932129,93329800,0.0,0.0,0.0
2009-06-04 00:00:00-04:00,36.40999984741211,36.790000915527344,36.34000015258789,36.7400016784668,31.73106575012207,89280600,0.0,0.0,0.0
2009-06-05 00:00:00-04:00,36.959999084472656,37.08000183105469,36.41999816894531,36.779998779296875,31.765626907348633,121958800,0.0,0.0,0.0
2009-06-08 00:00:00-04:00,36.54999923706055,36.95000076293945,36.119998931884766,36.66999816894531,31.670629501342773,89194100,0.0,0.0,0.0
2009-06-09 00:00:00-04:00,36.84000015258789,37.16999816894531,36.66999816894531,36.95000076293945,31.912433624267578,109187800,0.0,0.0,0.0
2009-06-10 00:00:00-04:00,37.15999984741211,37.16999816894531,36.290000915527344,36.81999969482422,31.800180435180664,133404700,0.0,0.0,0.0
2009-06-11 00:00:00-04:00,36.77000045776367,37.22999954223633,36.75,36.81999969482422,31.800180435180664,147909800,0.0,0.0,0.0
2009-06-12 00:00:00-04:00,36.66999816894531,36.720001220703125,36.20000076293945,36.650001525878906,31.65336036682129,109452500,0.0,0.0,0.0
2009-06-15 00:00:00-04:00,36.29999923706055,36.33000183105469,35.58000183105469,35.900001525878906,31.005584716796875,112152900,0.0,0.0,0.0
2009-06-16 00:00:00-04:00,36.040000915527344,36.189998626708984,35.52000045776367,35.54999923706055,30.703310012817383,110550300,0.0,0.0,0.0
2009-06-17 00:00:00-04:00,35.70000076293945,36.209999084472656,35.45000076293945,35.88999938964844,30.996965408325195,153421800,0.0,0.0,0.0
2009-06-18 00:00:00-04:00,35.83000183105469,36.060001373291016,35.56999969482422,35.81999969482422,30.936519622802734,126266700,0.0,0.0,0.0
2009-06-19 00:00:00-04:00,36.04999923706055,36.36000061035156,35.90999984741211,36.15999984741211,31.268558502197266,122044700,0.044,0.0,0.0
2009-06-22 00:00:00-04:00,35.83000183105469,35.88999938964844,35.02000045776367,35.08000183105469,30.334653854370117,137714900,0.0,0.0,0.0
2009-06-23 00:00:00-04:00,35.18000030517578,35.2599983215332,34.77000045776367,35.0,30.265472412109375,114903100,0.0,0.0,0.0
2009-06-24 00:00:00-04:00,35.29999923706055,35.869998931884766,35.279998779296875,35.59000015258789,30.77566146850586,103314600,0.0,0.0,0.0
2009-06-25 00:00:00-04:00,35.36000061035156,36.36000061035156,35.279998779296875,36.290000915527344,31.380970001220703,112538200,0.0,0.0,0.0
2009-06-26 00:00:00-04:00,36.119998931884766,36.5,36.04999923706055,36.369998931884766,31.450151443481445,87677300,0.0,0.0,0.0
2009-06-29 00:00:00-04:00,36.470001220703125,36.75,36.119998931884766,36.45000076293945,31.51932716369629,93817600,0.0,0.0,0.0
2009-06-30 00:00:00-04:00,36.54999923706055,36.72999954223633,36.11000061035156,36.380001068115234,31.458803176879883,97843000,0.0,0.0,0.0
2009-07-01 00:00:00-04:00,36.560001373291016,36.84000015258789,36.38999938964844,36.400001525878906,31.47611427307129,85976000,0.0,0.0,0.0
2009-07-02 00:00:00-04:00,36.09000015258789,36.099998474121094,35.5,35.599998474121094,30.784317016601562,113309800,0.0,0.0,0.0
2009-07-06 00:00:00-04:00,35.380001068115234,35.540000915527344,35.040000915527344,35.40999984741211,30.62000846862793,107632500,0.0,0.0,0.0
2009-07-07 00:00:00-04:00,35.41999816894531,35.4900016784668,34.5099983215332,34.529998779296875,29.85906410217285,149773000,0.0,0.0,0.0
2009-07-08 00:00:00-04:00,34.7400016784668,34.869998931884766,34.29999923706055,34.709999084472656,30.014719009399414,152776400,0.0,0.0,0.0
2009-07-09 00:00:00-04:00,34.84000015258789,35.0099983215332,34.650001525878906,34.77000045776367,30.06659698486328,97851500,0.0,0.0,0.0
2009-07-10 00:00:00-04:00,34.66999816894531,35.13999938964844,34.560001373291016,34.91999816894531,30.196300506591797,108482000,0.0,0.0,0.0
2009-07-13 00:00:00-04:00,34.95000076293945,35.599998474121094,34.47999954223633,35.59000015258789,30.77566146850586,127140300,0.0,0.0,0.0
2009-07-14 00:00:00-04:00,35.54999923706055,35.790000915527344,35.400001525878906,35.720001220703125,30.888076782226562,115631700,0.0,0.0,0.0
2009-07-15 00:00:00-04:00,36.31999969482422,36.93000030517578,36.13999938964844,36.91999816894531,31.92573356628418,160869700,0.0,0.0,0.0
2009-07-16 00:00:00-04:00,36.75,37.439998626708984,36.720001220703125,37.36000061035156,32.30624771118164,120142500,0.0,0.0,0.0
2009-07-17 00:00:00-04:00,37.349998474121094,37.56999969482422,37.16999816894531,37.560001373291016,32.479190826416016,104906500,0.0,0.0,0.0
2009-07-20 00:00:00-04:00,37.7599983215332,38.0,37.61000061035156,37.91999816894531,32.79048538208008,97168800,0.0,0.0,0.0
2009-07-21 00:00:00-04:00,38.06999969482422,38.18000030517578,37.63999938964844,38.18000030517578,33.01530838012695,130587600,0.0,0.0,0.0
2009-07-22 00:00:00-04:00,38.209999084472656,38.689998626708984,38.130001068115234,38.5,33.292022705078125,113808600,0.0,0.0,0.0
2009-07-23 00:00:00-04:00,38.459999084472656,39.4900016784668,38.38999938964844,39.349998474121094,34.027034759521484,160239300,0.0,0.0,0.0
2009-07-24 00:00:00-04:00,38.93000030517578,39.369998931884766,38.779998779296875,39.04999923706055,33.767635345458984,109312300,0.0,0.0,0.0
2009-07-27 00:00:00-04:00,39.33000183105469,39.40999984741211,38.869998931884766,39.349998474121094,34.027034759521484,94718600,0.0,0.0,0.0
2009-07-28 00:00:00-04:00,39.18000030517578,39.59000015258789,38.93000030517578,39.08000183105469,33.79356002807617,111564300,0.0,0.0,0.0
2009-07-29 00:00:00-04:00,39.31999969482422,39.43000030517578,39.0,39.34000015258789,34.01840591430664,126538200,0.0,0.0,0.0
2009-07-30 00:00:00-04:00,39.75,40.18000030517578,39.5099983215332,39.56999969482422,34.21727752685547,108969900,0.0,0.0,0.0
2009-07-31 00:00:00-04:00,39.56999969482422,39.849998474121094,39.40999984741211,39.45000076293945,34.113525390625,78208300,0.0,0.0,0.0
2009-08-03 00:00:00-04:00,39.869998931884766,40.060001373291016,39.63999938964844,40.040000915527344,34.62370681762695,111722800,0.0,0.0,0.0
2009-08-04 00:00:00-04:00,39.849998474121094,40.189998626708984,39.77000045776367,40.040000915527344,34.62370681762695,100690800,0.0,0.0,0.0
2009-08-05 00:00:00-04:00,40.130001068115234,40.13999938964844,39.459999084472656,39.72999954223633,34.35563659667969,118093000,0.0,0.0,0.0
2009-08-06 00:00:00-04:00,39.81999969482422,39.93000030517578,39.2400016784668,39.380001068115234,34.05299377441406,116937500,0.0,0.0,0.0
2009-08-07 00:00:00-04:00,39.91999816894531,40.06999969482422,39.59000015258789,39.880001068115234,34.4853401184082,107442100,0.0,0.0,0.0
2009-08-10 00:00:00-04:00,39.7400016784668,39.849998474121094,39.34000015258789,39.599998474121094,34.24322509765625,87163200,0.0,0.0,0.0
2009-08-11 00:00:00-04:00,39.470001220703125,39.5,39.04999923706055,39.2599983215332,33.94922637939453,91922700,0.0,0.0,0.0
2009-08-12 00:00:00-04:00,39.22999954223633,40.220001220703125,39.20000076293945,39.869998931884766,34.47671127319336,147240000,0.0,0.0,0.0
2009-08-13 00:00:00-04:00,40.11000061035156,40.15999984741211,39.63999938964844,40.09000015258789,34.66695785522461,110107000,0.0,0.0,0.0
2009-08-14 00:00:00-04:00,39.869998931884766,39.959999084472656,39.279998779296875,39.630001068115234,34.269168853759766,124480200,0.0,0.0,0.0
2009-08-17 00:00:00-04:00,38.959999084472656,39.0099983215332,38.459999084472656,38.47999954223633,33.27472686767578,131797200,0.0,0.0,0.0
2009-08-18 00:00:00-04:00,38.720001220703125,39.11000061035156,38.61000061035156,39.029998779296875,33.75032043457031,84496200,0.0,0.0,0.0
2009-08-19 00:00:00-04:00,38.56999969482422,39.400001525878906,38.540000915527344,39.29999923706055,33.983821868896484,88036300,0.0,0.0,0.0
2009-08-20 00:00:00-04:00,39.279998779296875,39.84000015258789,39.20000076293945,39.7599983215332,34.38157272338867,81473500,0.0,0.0,0.0
2009-08-21 00:00:00-04:00,39.9900016784668,40.36000061035156,39.7400016784668,40.290000915527344,34.83989715576172,114660200,0.0,0.0,0.0
2009-08-24 00:00:00-04:00,40.36000061035156,40.56999969482422,40.099998474121094,40.25,34.805301666259766,109904900,0.0,0.0,0.0
2009-08-25 00:00:00-04:00,40.34000015258789,40.7599983215332,40.25,40.369998931884766,34.909061431884766,92900400,0.0,0.0,0.0
2009-08-26 00:00:00-04:00,40.279998779296875,40.599998474121094,40.08000183105469,40.29999923706055,34.84854507446289,96407500,0.0,0.0,0.0
2009-08-27 00:00:00-04:00,40.290000915527344,40.470001220703125,39.66999816894531,40.400001525878906,34.935001373291016,121957800,0.0,0.0,0.0
2009-08-28 00:00:00-04:00,40.900001525878906,41.08000183105469,40.15999984741211,40.439998626708984,34.96958541870117,114300900,0.0,0.0,0.0
2009-08-31 00:00:00-04:00,40.13999938964844,40.20000076293945,39.790000915527344,40.029998779296875,34.61505889892578,96415300,0.0,0.0,0.0
2009-09-01 00:00:00-04:00,39.88999938964844,40.59000015258789,39.15999984741211,39.279998779296875,33.96652603149414,162958900,0.0,0.0,0.0
2009-09-02 00:00:00-04:00,39.06999969482422,39.470001220703125,39.040000915527344,39.25,33.94056701660156,92757200,0.0,0.0,0.0
2009-09-03 00:00:00-04:00,39.439998626708984,39.56999969482422,39.02000045776367,39.5099983215332,34.1654052734375,76783100,0.0,0.0,0.0
2009-09-04 00:00:00-04:00,39.58000183105469,40.380001068115234,39.52000045776367,40.36000061035156,34.900421142578125,74866600,0.0,0.0,0.0
2009-09-08 00:00:00-04:00,40.68000030517578,40.779998779296875,40.459999084472656,40.7400016784668,35.229026794433594,71024400,0.0,0.0,0.0
2009-09-09 00:00:00-04:00,40.77000045776367,41.290000915527344,40.59000015258789,41.09000015258789,35.53166580200195,99280800,0.0,0.0,0.0
2009-09-10 00:00:00-04:00,41.11000061035156,41.529998779296875,41.0,41.47999954223633,35.8689079284668,99289100,0.0,0.0,0.0
2009-09-11 00:00:00-04:00,41.5099983215332,41.619998931884766,41.220001220703125,41.52000045776367,35.90349197387695,93868400,0.0,0.0,0.0
2009-09-14 00:00:00-04:00,41.25,41.709999084472656,41.209999084472656,41.68000030517578,36.04185104370117,90435600,0.0,0.0,0.0
2009-09-15 00:00:00-04:00,41.650001525878906,41.95000076293945,41.56999969482422,41.810001373291016,36.154293060302734,91594600,0.0,0.0,0.0
2009-09-16 00:00:00-04:00,42.0,42.47999954223633,41.84000015258789,42.41999816894531,36.68175506591797,96888500,0.0,0.0,0.0
2009-09-17 00:00:00-04:00,42.310001373291016,42.65999984741211,42.209999084472656,42.40999984741211,36.67311477661133,102169600,0.0,0.0,0.0
2009-09-18 00:00:00-04:00,42.540000915527344,42.619998931884766,42.209999084472656,42.439998626708984,36.73455810546875,87444200,0.041,0.0,0.0
2009-09-21 00:00:00-04:00,42.20000076293945,42.70000076293945,42.15999984741211,42.56999969482422,36.847068786621094,71351400,0.0,0.0,0.0
2009-09-22 00:00:00-04:00,42.810001373291016,42.83000183105469,42.439998626708984,42.650001525878906,36.91632080078125,75638400,0.0,0.0,0.0
2009-09-23 00:00:00-04:00,42.83000183105469,43.16999816894531,42.380001068115234,42.45000076293945,36.74321746826172,143924100,0.0,0.0,0.0
2009-09-24 00:00:00-04:00,42.619998931884766,42.689998626708984,41.77000045776367,42.06999969482422,36.41431427001953,111016400,0.0,0.0,0.0
2009-09-25 00:00:00-04:00,41.7599983215332,42.09000015258789,41.58000183105469,41.70000076293945,36.094051361083984,109216000,0.0,0.0,0.0
2009-09-28 00:00:00-04:00,41.93000030517578,42.65999984741211,41.88999938964844,42.40999984741211,36.70859146118164,84478500,0.0,0.0,0.0
2009-09-29 00:00:00-04:00,42.40999984741211,42.619998931884766,42.029998779296875,42.220001220703125,36.54414367675781,106686400,0.0,0.0,0.0
2009-09-30 00:00:00-04:00,42.38999938964844,42.599998474121094,41.599998474121094,42.25,36.57009506225586,173102700,0.0,0.0,0.0
2009-10-01 00:00:00-04:00,42.099998474121094,42.130001068115234,41.0,41.0,35.488162994384766,140119100,0.0,0.0,0.0
2009-10-02 00:00:00-04:00,40.720001220703125,41.25,40.720001220703125,40.880001068115234,35.3842658996582,145286400,0.0,0.0,0.0
2009-10-05 00:00:00-04:00,41.09000015258789,41.400001525878906,40.83000183105469,41.209999084472656,35.669921875,97054200,0.0,0.0,0.0
2009-10-06 00:00:00-04:00,41.439998626708984,42.13999938964844,41.41999816894531,41.939998626708984,36.3017578125,124628000,0.0,0.0,0.0
2009-10-07 00:00:00-04:00,41.88999938964844,42.08000183105469,41.77000045776367,42.060001373291016,36.4056510925293,93787600,0.0,0.0,0.0
2009-10-08 00:00:00-04:00,42.310001373291016,42.619998931884766,42.13999938964844,42.2400016784668,36.561458587646484,107850400,0.0,0.0,0.0
2009-10-09 00:00:00-04:00,42.150001525878906,42.54999923706055,42.060001373291016,42.47999954223633,36.769187927246094,62828000,0.0,0.0,0.0
2009-10-12 00:00:00-04:00,42.650001525878906,42.869998931884766,42.279998779296875,42.56999969482422,36.847068786621094,53221900,0.0,0.0,0.0
2009-10-13 00:00:00-04:00,42.529998779296875,42.75,42.369998931884766,42.58000183105469,36.855735778808594,70939300,0.0,0.0,0.0
2009-10-14 00:00:00-04:00,43.11000061035156,43.209999084472656,42.849998474121094,43.15999984741211,37.357765197753906,91004900,0.0,0.0,0.0
2009-10-15 00:00:00-04:00,42.93000030517578,43.119998931884766,42.869998931884766,43.060001373291016,37.271236419677734,85772800,0.0,0.0,0.0
2009-10-16 00:00:00-04:00,42.900001525878906,42.9900016784668,42.47999954223633,42.779998779296875,37.02886199951172,111859300,0.0,0.0,0.0
2009-10-19 00:00:00-04:00,42.810001373291016,43.27000045776367,42.59000015258789,43.209999084472656,37.40105056762695,83512000,0.0,0.0,0.0
2009-10-20 00:00:00-04:00,43.459999084472656,43.459999084472656,42.939998626708984,43.220001220703125,37.409706115722656,89847900,0.0,0.0,0.0
2009-10-21 00:00:00-04:00,43.209999084472656,43.81999969482422,43.060001373291016,43.13999938964844,37.3404655456543,110397400,0.0,0.0,0.0
2009-10-22 00:00:00-04:00,43.060001373291016,43.4900016784668,42.790000915527344,43.310001373291016,37.48759841918945,85871800,0.0,0.0,0.0
2009-10-23 00:00:00-04:00,43.72999954223633,43.72999954223633,43.02000045776367,43.130001068115234,37.33180236816406,117020400,0.0,0.0,0.0
2009-10-26 00:00:00-04:00,43.20000076293945,43.7599983215332,42.790000915527344,42.9900016784668,37.210636138916016,107068600,0.0,0.0,0.0
2009-10-27 00:00:00-04:00,42.93000030517578,43.11000061035156,42.18000030517578,42.34000015258789,36.648014068603516,121438200,0.0,0.0,0.0
2009-10-28 00:00:00-04:00,42.189998626708984,42.31999969482422,41.29999923706055,41.38999938964844,35.82572555541992,143553600,0.0,0.0,0.0
2009-10-29 00:00:00-04:00,41.630001068115234,42.189998626708984,41.540000915527344,42.09000015258789,36.43162155151367,85207600,0.0,0.0,0.0
2009-10-30 00:00:00-04:00,42.060001373291016,42.150001525878906,40.91999816894531,40.959999084472656,35.453514099121094,162796500,0.0,0.0,0.0
2009-11-02 00:00:00-05:00,41.0,41.56999969482422,40.63999938964844,41.130001068115234,35.600677490234375,142456600,0.0,0.0,0.0
2009-11-03 00:00:00-05:00,40.90999984741211,41.31999969482422,40.84000015258789,41.2599983215332,35.713199615478516,95107000,0.0,0.0,0.0
2009-11-04 00:00:00-05:00,41.529998779296875,41.869998931884766,41.279998779296875,41.33000183105469,35.77378845214844,107970600,0.0,0.0,0.0
2009-11-05 00:00:00-05:00,41.810001373291016,42.400001525878906,41.779998779296875,42.349998474121094,36.65665817260742,135204800,0.0,0.0,0.0
2009-11-06 00:00:00-05:00,42.119998931884766,42.650001525878906,42.08000183105469,42.599998474121094,36.87305450439453,96312300,0.0,0.0,0.0
2009-11-09 00:00:00-05:00,42.93000030517578,43.52000045776367,42.880001068115234,43.5099983215332,37.66071319580078,101620800,0.0,0.0,0.0
2009-11-10 00:00:00-05:00,43.459999084472656,43.77000045776367,43.400001525878906,43.619998931884766,37.75593185424805,72846500,0.0,0.0,0.0
2009-11-11 00:00:00-05:00,43.95000076293945,44.13999938964844,43.61000061035156,43.900001525878906,37.998287200927734,84676200,0.0,0.0,0.0
2009-11-12 00:00:00-05:00,43.93000030517578,44.15999984741211,43.54999923706055,43.650001525878906,37.781898498535156,92426100,0.0,0.0,0.0
2009-11-13 00:00:00-05:00,43.779998779296875,44.13999938964844,43.630001068115234,44.0099983215332,38.093505859375,87959500,0.0,0.0,0.0
2009-11-16 00:00:00-05:00,44.20000076293945,44.650001525878906,44.119998931884766,44.459999084472656,38.48301696777344,87776100,0.0,0.0,0.0
2009-11-17 00:00:00-05:00,44.34000015258789,44.599998474121094,44.25,44.599998474121094,38.60416793823242,81884000,0.0,0.0,0.0
2009-11-18 00:00:00-05:00,44.459999084472656,44.4900016784668,44.04999923706055,44.349998474121094,38.387794494628906,100240800,0.0,0.0,0.0
2009-11-19 00:00:00-05:00,44.04999923706055,44.08000183105469,43.349998474121094,43.65999984741211,37.79056167602539,114558000,0.0,0.0,0.0
2009-11-20 00:00:00-05:00,43.43000030517578,43.54999923706055,43.279998779296875,43.439998626708984,37.600128173828125,70912100,0.0,0.0,0.0
2009-11-23 00:00:00-05:00,43.88999938964844,44.400001525878906,43.86000061035156,44.13999938964844,38.206016540527344,91621500,0.0,0.0,0.0
2009-11-24 00:00:00-05:00,44.119998931884766,44.150001525878906,43.72999954223633,43.9900016784668,38.0761833190918,60670000,0.0,0.0,0.0
2009-11-25 00:00:00-05:00,44.13999938964844,44.220001220703125,44.0099983215332,44.18000030517578,38.24065399169922,37630100,0.0,0.0,0.0
2009-11-27 00:00:00-05:00,42.970001220703125,43.83000183105469,42.900001525878906,43.5099983215332,37.66071319580078,61230000,0.0,0.0,0.0
2009-11-30 00:00:00-05:00,43.40999984741211,43.619998931884766,43.11000061035156,43.560001373291016,37.70399475097656,84819400,0.0,0.0,0.0
2009-12-01 00:00:00-05:00,43.88999938964844,44.29999923706055,43.880001068115234,44.0099983215332,38.093505859375,81817800,0.0,0.0,0.0
2009-12-02 00:00:00-05:00,44.15999984741211,44.4900016784668,43.97999954223633,44.06999969482422,38.14542770385742,81653600,0.0,0.0,0.0
2009-12-03 00:00:00-05:00,44.22999954223633,44.5,43.880001068115234,43.88999938964844,37.98964309692383,72460400,0.0,0.0,0.0
2009-12-04 00:00:00-05:00,44.45000076293945,44.72999954223633,43.65999984741211,44.119998931884766,38.1887092590332,125062600,0.0,0.0,0.0
2009-12-07 00:00:00-05:00,44.09000015258789,44.290000915527344,43.81999969482422,43.90999984741211,38.0069694519043,67471900,0.0,0.0,0.0
2009-12-08 00:00:00-05:00,43.65999984741211,44.0,43.36000061035156,43.63999938964844,37.77324676513672,86621400,0.0,0.0,0.0
2009-12-09 00:00:00-05:00,43.599998474121094,44.119998931884766,43.31999969482422,44.08000183105469,38.15409469604492,78820500,0.0,0.0,0.0
2009-12-10 00:00:00-05:00,44.27000045776367,44.540000915527344,44.2400016784668,44.29999923706055,38.344520568847656,76722400,0.0,0.0,0.0
2009-12-11 00:00:00-05:00,44.540000915527344,44.59000015258789,43.95000076293945,44.130001068115234,38.19738006591797,66643700,0.0,0.0,0.0
2009-12-14 00:00:00-05:00,44.43000030517578,44.599998474121094,44.189998626708984,44.54999923706055,38.5609130859375,47965500,0.0,0.0,0.0
2009-12-15 00:00:00-05:00,44.40999984741211,44.66999816894531,44.16999816894531,44.29999923706055,38.344520568847656,61171100,0.0,0.0,0.0
2009-12-16 00:00:00-05:00,44.470001220703125,44.70000076293945,44.290000915527344,44.36000061035156,38.396446228027344,61629700,0.0,0.0,0.0
2009-12-17 00:00:00-05:00,44.15999984741211,44.209999084472656,43.7599983215332,43.81999969482422,37.92906188964844,90440900,0.0,0.0,0.0
2009-12-18 00:00:00-05:00,44.15999984741211,44.47999954223633,44.0,44.459999084472656,38.54722213745117,96442600,0.073,0.0,0.0
2009-12-21 00:00:00-05:00,44.689998626708984,45.130001068115234,44.66999816894531,44.959999084472656,38.98073196411133,82357400,0.0,0.0,0.0
2009-12-22 00:00:00-05:00,45.11000061035156,45.290000915527344,45.029998779296875,45.22999954223633,39.21480178833008,51569100,0.0,0.0,0.0
2009-12-23 00:00:00-05:00,45.31999969482422,45.56999969482422,45.209999084472656,45.560001373291016,39.500938415527344,73932200,0.0,0.0,0.0
2009-12-24 00:00:00-05:00,45.61000061035156,45.97999954223633,45.599998474121094,45.97999954223633,39.865074157714844,31770400,0.0,0.0,0.0
2009-12-28 00:00:00-05:00,46.09000015258789,46.29999923706055,45.939998626708984,46.220001220703125,40.07316589355469,49381400,0.0,0.0,0.0
2009-12-29 00:00:00-05:00,46.22999954223633,46.25,45.9900016784668,46.029998779296875,39.9084358215332,32410200,0.0,0.0,0.0
2009-12-30 00:00:00-05:00,45.97999954223633,46.2599983215332,45.959999084472656,46.16999816894531,40.02980041503906,57612700,0.0,0.0,0.0
2009-12-31 00:00:00-05:00,46.2599983215332,46.279998779296875,45.75,45.75,39.66566467285156,50079200,0.0,0.0,0.0
2010-01-04 00:00:00-05:00,46.33000183105469,46.4900016784668,46.27000045776367,46.41999816894531,40.246551513671875,62822800,0.0,0.0,0.0
2010-01-05 00:00:00-05:00,46.38999938964844,46.5,46.15999984741211,46.41999816894531,40.246551513671875,62935600,0.0,0.0,0.0
2010-01-06 00:00:00-05:00,46.400001525878906,46.54999923706055,46.06999969482422,46.13999938964844,40.0037841796875,96033000,0.0,0.0,0.0
2010-01-07 00:00:00-05:00,46.209999084472656,46.27000045776367,45.91999816894531,46.16999816894531,40.02980041503906,77094100,0.0,0.0,0.0
2010-01-08 00:00:00-05:00,46.06999969482422,46.54999923706055,45.93000030517578,46.54999923706055,40.3592529296875,88886600,0.0,0.0,0.0
2010-01-11 00:00:00-05:00,46.61000061035156,46.63999938964844,46.119998931884766,46.36000061035156,40.19453811645508,104673400,0.0,0.0,0.0
2010-01-12 00:00:00-05:00,46.08000183105469,46.13999938964844,45.529998779296875,45.779998779296875,39.691680908203125,90673900,0.0,0.0,0.0
2010-01-13 00:00:00-05:00,45.91999816894531,46.4900016784668,45.61000061035156,46.349998474121094,40.18586730957031,100661000,0.0,0.0,0.0
2010-01-14 00:00:00-05:00,46.2599983215332,46.52000045776367,46.220001220703125,46.38999938964844,40.22055435180664,75209000,0.0,0.0,0.0
2010-01-15 00:00:00-05:00,46.470001220703125,46.54999923706055,45.650001525878906,45.849998474121094,39.75236892700195,126849300,0.0,0.0,0.0
2010-01-19 00:00:00-05:00,45.959999084472656,46.63999938964844,45.95000076293945,46.59000015258789,40.393943786621094,84388200,0.0,0.0,0.0
2010-01-20 00:00:00-05:00,46.2599983215332,46.599998474121094,45.43000030517578,45.91999816894531,39.81304931640625,145680000,0.0,0.0,0.0
2010-01-21 00:00:00-05:00,46.04999923706055,46.349998474121094,45.29999923706055,45.4900016784668,39.44023513793945,204939600,0.0,0.0,0.0
2010-01-22 00:00:00-05:00,45.34000015258789,45.47999954223633,44.040000915527344,44.15999984741211,38.2871208190918,171098700,0.0,0.0,0.0
2010-01-25 00:00:00-05:00,44.43000030517578,44.599998474121094,44.119998931884766,44.310001373291016,38.41717529296875,154218700,0.0,0.0,0.0
2010-01-26 00:00:00-05:00,44.2599983215332,44.88999938964844,44.04999923706055,44.349998474121094,38.45185470581055,140816500,0.0,0.0,0.0
2010-01-27 00:00:00-05:00,44.27000045776367,44.849998474121094,44.0099983215332,44.70000076293945,38.755306243896484,161632700,0.0,0.0,0.0
2010-01-28 00:00:00-05:00,44.400001525878906,44.43000030517578,43.31999969482422,43.54999923706055,37.75824737548828,221439800,0.0,0.0,0.0
2010-01-29 00:00:00-05:00,43.90999984741211,44.02000045776367,42.630001068115234,42.790000915527344,37.09931182861328,212099600,0.0,0.0,0.0
2010-02-01 00:00:00-05:00,42.900001525878906,43.279998779296875,42.880001068115234,43.2599983215332,37.506805419921875,136827100,0.0,0.0,0.0
2010-02-02 00:00:00-05:00,43.33000183105469,43.779998779296875,43.029998779296875,43.650001525878906,37.844947814941406,110727700,0.0,0.0,0.0
2010-02-03 00:00:00-05:00,43.439998626708984,43.970001220703125,43.41999816894531,43.88999938964844,38.05303192138672,93581600,0.0,0.0,0.0
2010-02-04 00:00:00-05:00,43.56999969482422,43.65999984741211,42.619998931884766,42.619998931884766,36.951934814453125,151652500,0.0,0.0,0.0
2010-02-05 00:00:00-05:00,42.72999954223633,43.02000045776367,42.119998931884766,42.97999954223633,37.2640495300293,213618600,0.0,0.0,0.0
2010-02-08 00:00:00-05:00,42.90999984741211,43.18000030517578,42.63999938964844,42.66999816894531,36.99528121948242,94354400,0.0,0.0,0.0
2010-02-09 00:00:00-05:00,43.18000030517578,43.5099983215332,42.7599983215332,43.11000061035156,37.37675476074219,118956000,0.0,0.0,0.0
2010-02-10 00:00:00-05:00,43.11000061035156,43.310001373291016,42.75,43.02000045776367,37.29872131347656,94102900,0.0,0.0,0.0
2010-02-11 00:00:00-05:00,43.029998779296875,43.790000915527344,42.7599983215332,43.66999816894531,37.862281799316406,93050800,0.0,0.0,0.0
2010-02-12 00:00:00-05:00,43.279998779296875,43.880001068115234,43.15999984741211,43.7599983215332,37.940330505371094,93938500,0.0,0.0,0.0
2010-02-16 00:00:00-05:00,44.08000183105469,44.349998474121094,43.849998474121094,44.31999969482422,38.425846099853516,83861400,0.0,0.0,0.0
2010-02-17 00:00:00-05:00,44.52000045776367,44.56999969482422,44.2599983215332,44.56999969482422,38.64261245727539,82691700,0.0,0.0,0.0
2010-02-18 00:00:00-05:00,44.540000915527344,44.93000030517578,44.45000076293945,44.849998474121094,38.88535690307617,65752600,0.0,0.0,0.0
2010-02-19 00:00:00-05:00,44.72999954223633,45.04999923706055,44.619998931884766,44.83000183105469,38.868011474609375,80416500,0.0,0.0,0.0
2010-02-22 00:00:00-05:00,45.0099983215332,45.029998779296875,44.560001373291016,44.7400016784668,38.789981842041016,72055000,0.0,0.0,0.0
2010-02-23 00:00:00-05:00,44.709999084472656,44.7400016784668,43.95000076293945,44.15999984741211,38.2871208190918,95814400,0.0,0.0,0.0
2010-02-24 00:00:00-05:00,44.38999938964844,44.790000915527344,44.31999969482422,44.61000061035156,38.677276611328125,86591000,0.0,0.0,0.0
2010-02-25 00:00:00-05:00,44.13999938964844,44.70000076293945,43.83000183105469,44.599998474121094,38.66859817504883,97961300,0.0,0.0,0.0
2010-02-26 00:00:00-05:00,44.59000015258789,44.86000061035156,44.400001525878906,44.7599983215332,38.80731964111328,66222400,0.0,0.0,0.0
2010-03-01 00:00:00-05:00,44.959999084472656,45.4900016784668,44.95000076293945,45.40999984741211,39.370872497558594,77290100,0.0,0.0,0.0
2010-03-02 00:00:00-05:00,45.56999969482422,45.849998474121094,45.45000076293945,45.54999923706055,39.49224853515625,76368500,0.0,0.0,0.0
2010-03-03 00:00:00-05:00,45.65999984741211,45.81999969482422,45.43000030517578,45.599998474121094,39.53561782836914,65735500,0.0,0.0,0.0
2010-03-04 00:00:00-05:00,45.630001068115234,45.810001373291016,45.400001525878906,45.75,39.66566467285156,54470900,0.0,0.0,0.0
2010-03-05 00:00:00-05:00,46.09000015258789,46.540000915527344,45.9900016784668,46.439998626708984,40.263885498046875,68136300,0.0,0.0,0.0
2010-03-08 00:00:00-05:00,46.459999084472656,46.63999938964844,46.439998626708984,46.529998779296875,40.34192657470703,58712400,0.0,0.0,0.0
2010-03-09 00:00:00-05:00,46.43000030517578,47.04999923706055,46.400001525878906,46.790000915527344,40.56735610961914,98002800,0.0,0.0,0.0
2010-03-10 00:00:00-05:00,46.81999969482422,47.279998779296875,46.79999923706055,47.16999816894531,40.896820068359375,102578900,0.0,0.0,0.0
2010-03-11 00:00:00-05:00,47.060001373291016,47.349998474121094,46.97999954223633,47.349998474121094,41.05288314819336,67510300,0.0,0.0,0.0
2010-03-12 00:00:00-05:00,47.5,47.529998779296875,47.099998474121094,47.36000061035156,41.061546325683594,64068300,0.0,0.0,0.0
2010-03-15 00:00:00-04:00,47.2599983215332,47.380001068115234,46.90999984741211,47.2400016784668,40.95751190185547,60150500,0.0,0.0,0.0
2010-03-16 00:00:00-04:00,47.38999938964844,47.61000061035156,47.22999954223633,47.540000915527344,41.21762466430664,74950600,0.0,0.0,0.0
2010-03-17 00:00:00-04:00,47.61000061035156,47.900001525878906,47.529998779296875,47.66999816894531,41.3303108215332,75643500,0.0,0.0,0.0
2010-03-18 00:00:00-04:00,47.709999084472656,47.880001068115234,47.599998474121094,47.83000183105469,41.469032287597656,77829400,0.0,0.0,0.0
2010-03-19 00:00:00-04:00,47.91999816894531,47.95000076293945,47.31999969482422,47.4900016784668,41.21820831298828,86337100,0.051,0.0,0.0
2010-03-22 00:00:00-04:00,47.29999923706055,48.11000061035156,47.25,47.91999816894531,41.59142303466797,71902800,0.0,0.0,0.0
2010-03-23 00:00:00-04:00,47.9900016784668,48.29999923706055,47.77000045776367,48.25,41.87784194946289,59182600,0.0,0.0,0.0
2010-03-24 00:00:00-04:00,48.16999816894531,48.16999816894531,47.90999984741211,48.02000045776367,41.6782112121582,62995700,0.0,0.0,0.0
2010-03-25 00:00:00-04:00,48.41999816894531,48.599998474121094,47.900001525878906,47.95000076293945,41.617454528808594,76294800,0.0,0.0,0.0
2010-03-26 00:00:00-04:00,48.150001525878906,48.33000183105469,47.7400016784668,48.0,41.66087341308594,78067900,0.0,0.0,0.0
2010-03-29 00:00:00-04:00,48.2400016784668,48.400001525878906,48.099998474121094,48.22999954223633,41.8604736328125,57993300,0.0,0.0,0.0
2010-03-30 00:00:00-04:00,48.380001068115234,48.54999923706055,48.060001373291016,48.38999938964844,41.99937438964844,49437300,0.0,0.0,0.0
2010-03-31 00:00:00-04:00,48.2400016784668,48.45000076293945,48.06999969482422,48.15999984741211,41.79972457885742,59947400,0.0,0.0,0.0
2010-04-01 00:00:00-04:00,48.36000061035156,48.70000076293945,47.790000915527344,48.15999984741211,41.79972457885742,83728600,0.0,0.0,0.0
2010-04-05 00:00:00-04:00,48.27000045776367,48.720001220703125,48.13999938964844,48.61000061035156,42.1902961730957,56220300,0.0,0.0,0.0
2010-04-06 00:00:00-04:00,48.5,48.900001525878906,48.38999938964844,48.75,42.311805725097656,54097100,0.0,0.0,0.0
2010-04-07 00:00:00-04:00,48.68000030517578,48.869998931884766,48.369998931884766,48.630001068115234,42.2076530456543,77211500,0.0,0.0,0.0
2010-04-08 00:00:00-04:00,48.4900016784668,48.81999969482422,48.2400016784668,48.7400016784668,42.30311584472656,68314300,0.0,0.0,0.0
2010-04-09 00:00:00-04:00,48.75,49.04999923706055,48.630001068115234,49.029998779296875,42.5548210144043,54227300,0.0,0.0,0.0
2010-04-12 00:00:00-04:00,49.04999923706055,49.20000076293945,48.939998626708984,49.06999969482422,42.58953857421875,44280600,0.0,0.0,0.0
2010-04-13 00:00:00-04:00,49.02000045776367,49.349998474121094,48.86000061035156,49.31999969482422,42.806522369384766,59376000,0.0,0.0,0.0
2010-04-14 00:00:00-04:00,49.58000183105469,49.91999816894531,49.5,49.90999984741211,43.318599700927734,69004800,0.0,0.0,0.0
2010-04-15 00:00:00-04:00,49.869998931884766,50.189998626708984,49.869998931884766,50.130001068115234,43.50954818725586,72254200,0.0,0.0,0.0
2010-04-16 00:00:00-04:00,49.95000076293945,50.119998931884766,49.20000076293945,49.529998779296875,42.988807678222656,127388000,0.0,0.0,0.0
2010-04-19 00:00:00-04:00,49.349998474121094,49.65999984741211,48.900001525878906,49.5,42.96276092529297,98251700,0.0,0.0,0.0
2010-04-20 00:00:00-04:00,49.77000045776367,49.880001068115234,49.43000030517578,49.75,43.17974090576172,69543700,0.0,0.0,0.0
2010-04-21 00:00:00-04:00,50.09000015258789,50.189998626708984,49.720001220703125,50.029998779296875,43.422767639160156,74748700,0.0,0.0,0.0
2010-04-22 00:00:00-04:00,49.54999923706055,50.36000061035156,49.2599983215332,50.310001373291016,43.665809631347656,110477200,0.0,0.0,0.0
2010-04-23 00:00:00-04:00,50.29999923706055,50.56999969482422,50.09000015258789,50.52000045776367,43.8480339050293,77205200,0.0,0.0,0.0
2010-04-26 00:00:00-04:00,50.56999969482422,50.650001525878906,50.29999923706055,50.40999984741211,43.75258255004883,67361000,0.0,0.0,0.0
2010-04-27 00:00:00-04:00,50.209999084472656,50.43000030517578,49.209999084472656,49.34000015258789,42.82389831542969,112608000,0.0,0.0,0.0
2010-04-28 00:00:00-04:00,49.599998474121094,49.630001068115234,48.97999954223633,49.369998931884766,42.84990692138672,130082100,0.0,0.0,0.0
2010-04-29 00:00:00-04:00,49.650001525878906,50.33000183105469,49.61000061035156,50.22999954223633,43.59635925292969,84180200,0.0,0.0,0.0
2010-04-30 00:00:00-04:00,50.209999084472656,50.290000915527344,49.20000076293945,49.2400016784668,42.73710250854492,110897000,0.0,0.0,0.0
2010-05-03 00:00:00-04:00,49.45000076293945,50.16999816894531,49.43000030517578,49.93000030517578,43.33597183227539,74169700,0.0,0.0,0.0
2010-05-04 00:00:00-04:00,49.31999969482422,49.31999969482422,48.08000183105469,48.43000030517578,42.03407287597656,141136500,0.0,0.0,0.0
2010-05-05 00:00:00-04:00,47.91999816894531,48.5,47.63999938964844,48.18000030517578,41.817073822021484,128560200,0.0,0.0,0.0
2010-05-06 00:00:00-04:00,47.849998474121094,48.31999969482422,42.63999938964844,46.56999969482422,40.419715881347656,274356800,0.0,0.0,0.0
2010-05-07 00:00:00-04:00,46.220001220703125,46.79999923706055,44.279998779296875,45.40999984741211,39.41289520263672,288200400,0.0,0.0,0.0
2010-05-10 00:00:00-04:00,47.43000030517578,47.79999923706055,47.310001373291016,47.77000045776367,41.46122741699219,136041600,0.0,0.0,0.0
2010-05-11 00:00:00-04:00,47.290000915527344,48.38999938964844,47.20000076293945,47.720001220703125,41.41782760620117,113016100,0.0,0.0,0.0
2010-05-12 00:00:00-04:00,47.97999954223633,48.65999984741211,47.900001525878906,48.619998931884766,42.19898223876953,85462400,0.0,0.0,0.0
2010-05-13 00:00:00-04:00,48.40999984741211,48.790000915527344,47.72999954223633,47.849998474121094,41.53065490722656,102844300,0.0,0.0,0.0
2010-05-14 00:00:00-04:00,47.4900016784668,47.52000045776367,46.380001068115234,46.93000030517578,40.732173919677734,147386100,0.0,0.0,0.0
2010-05-17 00:00:00-04:00,47.02000045776367,47.27000045776367,46.06999969482422,47.08000183105469,40.86237335205078,120969600,0.0,0.0,0.0
2010-05-18 00:00:00-04:00,47.47999954223633,47.58000183105469,46.220001220703125,46.43000030517578,40.2982063293457,153072100,0.0,0.0,0.0
2010-05-19 00:00:00-04:00,46.2599983215332,46.630001068115234,45.54999923706055,46.060001373291016,39.97705841064453,159000300,0.0,0.0,0.0
2010-05-20 00:00:00-04:00,45.15999984741211,45.279998779296875,44.25,44.349998474121094,38.49290084838867,189289800,0.0,0.0,0.0
2010-05-21 00:00:00-04:00,43.65999984741211,45.63999938964844,43.4900016784668,44.84000015258789,38.918174743652344,190631100,0.0,0.0,0.0
2010-05-24 00:00:00-04:00,44.81999969482422,45.33000183105469,44.63999938964844,44.65999984741211,38.7619514465332,113038000,0.0,0.0,0.0
2010-05-25 00:00:00-04:00,43.68000030517578,44.7599983215332,43.22999954223633,44.70000076293945,38.796669006347656,155643000,0.0,0.0,0.0
2010-05-26 00:00:00-04:00,45.0099983215332,45.56999969482422,44.119998931884766,44.20000076293945,38.36269760131836,140203200,0.0,0.0,0.0
2010-05-27 00:00:00-04:00,45.20000076293945,45.88999938964844,45.09000015258789,45.869998931884766,39.812156677246094,110671600,0.0,0.0,0.0
2010-05-28 00:00:00-04:00,45.95000076293945,45.9900016784668,45.20000076293945,45.599998474121094,39.577816009521484,128535300,0.0,0.0,0.0
2010-06-01 00:00:00-04:00,45.43000030517578,46.25,45.130001068115234,45.18000030517578,39.213287353515625,104242700,0.0,0.0,0.0
2010-06-02 00:00:00-04:00,45.439998626708984,46.279998779296875,45.130001068115234,46.25,40.1419677734375,97249300,0.0,0.0,0.0
2010-06-03 00:00:00-04:00,46.380001068115234,46.77000045776367,46.08000183105469,46.689998626708984,40.52384567260742,98928400,0.0,0.0,0.0
2010-06-04 00:00:00-04:00,45.70000076293945,46.290000915527344,44.939998626708984,45.09000015258789,39.13517379760742,112849900,0.0,0.0,0.0
2010-06-07 00:00:00-04:00,45.31999969482422,45.459999084472656,44.220001220703125,44.27000045776367,38.423465728759766,88436600,0.0,0.0,0.0
2010-06-08 00:00:00-04:00,44.349998474121094,44.47999954223633,43.59000015258789,44.189998626708984,38.35403060913086,133030100,0.0,0.0,0.0
2010-06-09 00:00:00-04:00,44.5,44.90999984741211,43.689998626708984,43.81999969482422,38.03288650512695,101949200,0.0,0.0,0.0
2010-06-10 00:00:00-04:00,44.36000061035156,45.119998931884766,44.2400016784668,45.06999969482422,39.117794036865234,76892300,0.0,0.0,0.0
2010-06-11 00:00:00-04:00,44.61000061035156,45.540000915527344,44.61000061035156,45.5,39.49101638793945,74346800,0.0,0.0,0.0
2010-06-14 00:00:00-04:00,45.91999816894531,46.2400016784668,45.40999984741211,45.4900016784668,39.48233413696289,68085000,0.0,0.0,0.0
2010-06-15 00:00:00-04:00,45.72999954223633,46.77000045776367,45.45000076293945,46.709999084472656,40.541221618652344,76332600,0.0,0.0,0.0
2010-06-16 00:00:00-04:00,46.58000183105469,47.13999938964844,46.5,46.900001525878906,40.70613098144531,78399700,0.0,0.0,0.0
2010-06-17 00:00:00-04:00,47.15999984741211,47.18000030517578,46.63999938964844,47.04999923706055,40.83631896972656,77111900,0.0,0.0,0.0
2010-06-18 00:00:00-04:00,47.04999923706055,47.34000015258789,46.86000061035156,47.0,40.87023162841797,75921400,0.089,0.0,0.0
2010-06-21 00:00:00-04:00,47.599998474121094,47.68000030517578,46.33000183105469,46.599998474121094,40.52239227294922,95488100,0.0,0.0,0.0
2010-06-22 00:00:00-04:00,46.79999923706055,47.13999938964844,46.150001525878906,46.2400016784668,40.209354400634766,94493400,0.0,0.0,0.0
2010-06-23 00:00:00-04:00,46.290000915527344,46.470001220703125,45.689998626708984,46.04999923706055,40.04412078857422,92397600,0.0,0.0,0.0
2010-06-24 00:00:00-04:00,45.849998474121094,45.9900016784668,45.20000076293945,45.349998474121094,39.43544387817383,114145900,0.0,0.0,0.0
2010-06-25 00:00:00-04:00,45.5099983215332,45.65999984741211,44.95000076293945,45.27000045776367,39.443275451660156,88740300,0.089,0.0,0.0
2010-06-28 00:00:00-04:00,45.27000045776367,45.54999923706055,44.810001373291016,45.11000061035156,39.30387496948242,71350000,0.0,0.0,0.0
2010-06-29 00:00:00-04:00,44.41999816894531,44.459999084472656,43.06999969482422,43.369998931884766,37.787818908691406,136384200,0.0,0.0,0.0
2010-06-30 00:00:00-04:00,43.22999954223633,43.66999816894531,42.63999938964844,42.709999084472656,37.2127799987793,101313200,0.0,0.0,0.0
2010-07-01 00:00:00-04:00,42.84000015258789,42.959999084472656,41.77000045776367,42.59000015258789,37.108211517333984,158695000,0.0,0.0,0.0
2010-07-02 00:00:00-04:00,42.65999984741211,42.81999969482422,42.09000015258789,42.470001220703125,37.0036506652832,78565300,0.0,0.0,0.0
2010-07-06 00:00:00-04:00,43.099998474121094,43.369998931884766,42.25,42.599998474121094,37.11692810058594,88591900,0.0,0.0,0.0
2010-07-07 00:00:00-04:00,42.7400016784668,44.0099983215332,42.70000076293945,43.959999084472656,38.301876068115234,72448400,0.0,0.0,0.0
2010-07-08 00:00:00-04:00,44.310001373291016,44.380001068115234,43.68000030517578,44.20000076293945,38.51100540161133,78264600,0.0,0.0,0.0
2010-07-09 00:00:00-04:00,44.18000030517578,44.630001068115234,44.08000183105469,44.619998931884766,38.87693786621094,47851200,0.0,0.0,0.0
2010-07-12 00:00:00-04:00,44.58000183105469,45.029998779296875,44.459999084472656,44.75,38.99020004272461,60927500,0.0,0.0,0.0
2010-07-13 00:00:00-04:00,45.13999938964844,45.5,44.79999923706055,45.33000183105469,39.49555587768555,93310500,0.0,0.0,0.0
2010-07-14 00:00:00-04:00,45.41999816894531,45.810001373291016,45.2400016784668,45.560001373291016,39.695953369140625,87687100,0.0,0.0,0.0
2010-07-15 00:00:00-04:00,45.470001220703125,45.7400016784668,44.9900016784668,45.599998474121094,39.73080062866211,95992500,0.0,0.0,0.0
2010-07-16 00:00:00-04:00,45.439998626708984,45.630001068115234,44.29999923706055,44.34000015258789,38.632965087890625,98831900,0.0,0.0,0.0
2010-07-19 00:00:00-04:00,44.470001220703125,44.810001373291016,44.099998474121094,44.720001220703125,38.964054107666016,81800800,0.0,0.0,0.0
2010-07-20 00:00:00-04:00,44.0,45.2599983215332,43.86000061035156,45.2599983215332,39.43455505371094,89061200,0.0,0.0,0.0
2010-07-21 00:00:00-04:00,45.7400016784668,45.7599983215332,44.560001373291016,44.63999938964844,38.89435958862305,83577000,0.0,0.0,0.0
2010-07-22 00:00:00-04:00,45.27000045776367,45.97999954223633,45.2400016784668,45.77000045776367,39.87890625,82890300,0.0,0.0,0.0
2010-07-23 00:00:00-04:00,45.459999084472656,46.099998474121094,45.380001068115234,46.060001373291016,40.131587982177734,81056100,0.0,0.0,0.0
2010-07-26 00:00:00-04:00,46.119998931884766,46.459999084472656,45.90999984741211,46.439998626708984,40.462677001953125,64850900,0.0,0.0,0.0
2010-07-27 00:00:00-04:00,46.63999938964844,46.720001220703125,46.209999084472656,46.41999816894531,40.44524002075195,67655600,0.0,0.0,0.0
2010-07-28 00:00:00-04:00,46.369998931884766,46.58000183105469,45.880001068115234,46.04999923706055,40.12287521362305,51988200,0.0,0.0,0.0
2010-07-29 00:00:00-04:00,46.31999969482422,46.40999984741211,45.25,45.709999084472656,39.826629638671875,85669500,0.0,0.0,0.0
2010-07-30 00:00:00-04:00,45.33000183105469,46.09000015258789,45.06999969482422,45.810001373291016,39.91376495361328,98958100,0.0,0.0,0.0
2010-08-02 00:00:00-04:00,46.38999938964844,46.790000915527344,46.209999084472656,46.66999816894531,40.66307067871094,68706800,0.0,0.0,0.0
2010-08-03 00:00:00-04:00,46.63999938964844,46.70000076293945,46.25,46.470001220703125,40.48881912231445,60856600,0.0,0.0,0.0
2010-08-04 00:00:00-04:00,46.68000030517578,46.9900016784668,46.5,46.939998626708984,40.8983154296875,43820600,0.0,0.0,0.0
2010-08-05 00:00:00-04:00,46.709999084472656,46.91999816894531,46.52000045776367,46.83000183105469,40.8024787902832,39150200,0.0,0.0,0.0
2010-08-06 00:00:00-04:00,46.31999969482422,46.849998474121094,46.04999923706055,46.7599983215332,40.74150466918945,71339200,0.0,0.0,0.0
2010-08-09 00:00:00-04:00,47.0,47.189998626708984,46.790000915527344,47.08000183105469,41.02031707763672,26927600,0.0,0.0,0.0
2010-08-10 00:00:00-04:00,46.70000076293945,46.95000076293945,46.279998779296875,46.66999816894531,40.66307067871094,86694500,0.0,0.0,0.0
2010-08-11 00:00:00-04:00,45.900001525878906,45.91999816894531,45.209999084472656,45.400001525878906,39.55653762817383,92219700,0.0,0.0,0.0
2010-08-12 00:00:00-04:00,44.529998779296875,45.2400016784668,44.45000076293945,45.040000915527344,39.24286651611328,66000200,0.0,0.0,0.0
2010-08-13 00:00:00-04:00,44.869998931884766,45.060001373291016,44.709999084472656,44.720001220703125,38.964054107666016,46387300,0.0,0.0,0.0
2010-08-16 00:00:00-04:00,44.5,45.11000061035156,44.29999923706055,44.79999923706055,39.03376007080078,55472900,0.0,0.0,0.0
2010-08-17 00:00:00-04:00,45.119998931884766,45.779998779296875,45.029998779296875,45.369998931884766,39.530399322509766,56927100,0.0,0.0,0.0
2010-08-18 00:00:00-04:00,45.279998779296875,45.81999969482422,45.11000061035156,45.54999923706055,39.687217712402344,61835400,0.0,0.0,0.0
2010-08-19 00:00:00-04:00,45.279998779296875,45.459999084472656,44.560001373291016,44.86000061035156,39.086055755615234,82969500,0.0,0.0,0.0
2010-08-20 00:00:00-04:00,44.790000915527344,45.029998779296875,44.540000915527344,44.91999816894531,39.1383171081543,65806700,0.0,0.0,0.0
2010-08-23 00:00:00-04:00,45.20000076293945,45.34000015258789,44.459999084472656,44.47999954223633,38.75495529174805,69612200,0.0,0.0,0.0
2010-08-24 00:00:00-04:00,43.970001220703125,44.119998931884766,43.470001220703125,43.650001525878906,38.031768798828125,79095800,0.0,0.0,0.0
2010-08-25 00:00:00-04:00,43.34000015258789,44.2599983215332,43.27000045776367,44.06999969482422,38.39771270751953,87247900,0.0,0.0,0.0
2010-08-26 00:00:00-04:00,44.220001220703125,44.31999969482422,43.5,43.540000915527344,37.93595504760742,91199000,0.0,0.0,0.0
2010-08-27 00:00:00-04:00,43.86000061035156,44.15999984741211,42.970001220703125,44.06999969482422,38.39771270751953,109568800,0.0,0.0,0.0
2010-08-30 00:00:00-04:00,43.86000061035156,44.25,43.599998474121094,43.61000061035156,37.9969367980957,49373200,0.0,0.0,0.0
2010-08-31 00:00:00-04:00,43.380001068115234,43.849998474121094,43.18000030517578,43.459999084472656,37.86623764038086,72066900,0.0,0.0,0.0
2010-09-01 00:00:00-04:00,44.099998474121094,44.90999984741211,44.06999969482422,44.7599983215332,38.998905181884766,83523100,0.0,0.0,0.0
2010-09-02 00:00:00-04:00,44.84000015258789,45.279998779296875,44.72999954223633,45.2599983215332,39.43455505371094,41816800,0.0,0.0,0.0
2010-09-03 00:00:00-04:00,45.7599983215332,46.02000045776367,45.54999923706055,46.0099983215332,40.0880126953125,64041100,0.0,0.0,0.0
2010-09-07 00:00:00-04:00,45.81999969482422,46.029998779296875,45.630001068115234,45.70000076293945,39.81792449951172,51195200,0.0,0.0,0.0
2010-09-08 00:00:00-04:00,45.83000183105469,46.45000076293945,45.81999969482422,46.25,40.29713439941406,66879800,0.0,0.0,0.0
2010-09-09 00:00:00-04:00,46.65999984741211,46.70000076293945,46.31999969482422,46.43000030517578,40.45397186279297,61476400,0.0,0.0,0.0
2010-09-10 00:00:00-04:00,46.47999954223633,46.66999816894531,46.25,46.599998474121094,40.602073669433594,66995700,0.0,0.0,0.0
2010-09-13 00:00:00-04:00,46.959999084472656,47.369998931884766,46.939998626708984,47.25,41.16841506958008,64523400,0.0,0.0,0.0
2010-09-14 00:00:00-04:00,47.189998626708984,47.70000076293945,47.08000183105469,47.45000076293945,41.34268569946289,91405800,0.0,0.0,0.0
2010-09-15 00:00:00-04:00,47.33000183105469,47.79999923706055,47.189998626708984,47.75,41.604061126708984,67108200,0.0,0.0,0.0
2010-09-16 00:00:00-04:00,47.65999984741211,47.97999954223633,47.540000915527344,47.939998626708984,41.76961135864258,66885800,0.0,0.0,0.0
2010-09-17 00:00:00-04:00,48.13999938964844,48.13999938964844,47.75,47.9900016784668,41.91108703613281,76372600,0.112,0.0,0.0
2010-09-20 00:00:00-04:00,48.16999816894531,48.93000030517578,48.11000061035156,48.83000183105469,42.644691467285156,84475000,0.0,0.0,0.0
2010-09-21 00:00:00-04:00,48.86000061035156,49.16999816894531,48.61000061035156,48.81999969482422,42.635948181152344,82272000,0.0,0.0,0.0
2010-09-22 00:00:00-04:00,48.619998931884766,49.02000045776367,48.41999816894531,48.689998626708984,42.522438049316406,88315900,0.0,0.0,0.0
2010-09-23 00:00:00-04:00,48.369998931884766,49.15999984741211,48.31999969482422,48.66999816894531,42.50494384765625,85040000,0.0,0.0,0.0
2010-09-24 00:00:00-04:00,49.220001220703125,49.689998626708984,49.150001525878906,49.65999984741211,43.36954879760742,79495900,0.0,0.0,0.0
2010-09-27 00:00:00-04:00,49.630001068115234,49.75,49.349998474121094,49.38999938964844,43.133750915527344,43859800,0.0,0.0,0.0
2010-09-28 00:00:00-04:00,49.5099983215332,49.540000915527344,48.59000015258789,49.369998931884766,43.11628723144531,104922900,0.0,0.0,0.0
2010-09-29 00:00:00-04:00,49.29999923706055,49.529998779296875,49.11000061035156,49.290000915527344,43.046417236328125,81679200,0.0,0.0,0.0
2010-09-30 00:00:00-04:00,49.540000915527344,49.84000015258789,48.75,49.06999969482422,42.854286193847656,122458600,0.0,0.0,0.0
2010-10-01 00:00:00-04:00,49.47999954223633,49.529998779296875,48.779998779296875,49.0099983215332,42.801883697509766,77675400,0.0,0.0,0.0
2010-10-04 00:00:00-04:00,48.869998931884766,49.04999923706055,48.20000076293945,48.47999954223633,42.3390007019043,71359900,0.0,0.0,0.0
2010-10-05 00:00:00-04:00,49.029998779296875,49.7599983215332,49.0,49.65999984741211,43.36954879760742,99301300,0.0,0.0,0.0
2010-10-06 00:00:00-04:00,49.599998474121094,49.709999084472656,48.90999984741211,49.22999954223633,42.994014739990234,81831200,0.0,0.0,0.0
2010-10-07 00:00:00-04:00,49.5099983215332,49.540000915527344,49.0,49.40999984741211,43.15121841430664,75693300,0.0,0.0,0.0
2010-10-08 00:00:00-04:00,49.43000030517578,49.869998931884766,49.08000183105469,49.75,43.44814682006836,83223900,0.0,0.0,0.0
2010-10-11 00:00:00-04:00,49.779998779296875,50.02000045776367,49.619998931884766,49.77000045776367,43.46562194824219,46880000,0.0,0.0,0.0
2010-10-12 00:00:00-04:00,49.689998626708984,50.209999084472656,49.2599983215332,50.11000061035156,43.762550354003906,88571700,0.0,0.0,0.0
2010-10-13 00:00:00-04:00,50.43000030517578,50.75,50.279998779296875,50.52000045776367,44.12060546875,71122900,0.0,0.0,0.0
2010-10-14 00:00:00-04:00,50.54999923706055,50.63999938964844,50.16999816894531,50.41999816894531,44.03327560424805,68464000,0.0,0.0,0.0
2010-10-15 00:00:00-04:00,51.040000915527344,51.5,50.630001068115234,51.4900016784668,44.967742919921875,104654000,0.0,0.0,0.0
2010-10-18 00:00:00-04:00,51.5,51.720001220703125,51.29999923706055,51.29999923706055,44.801815032958984,72399400,0.0,0.0,0.0
2010-10-19 00:00:00-04:00,50.81999969482422,51.29999923706055,50.41999816894531,50.81999969482422,44.38264083862305,105739800,0.0,0.0,0.0
2010-10-20 00:00:00-04:00,50.959999084472656,51.56999969482422,50.869998931884766,51.189998626708984,44.70573425292969,80861400,0.0,0.0,0.0
2010-10-21 00:00:00-04:00,51.5099983215332,51.709999084472656,50.790000915527344,51.290000915527344,44.79307556152344,85885400,0.0,0.0,0.0
2010-10-22 00:00:00-04:00,51.29999923706055,51.689998626708984,51.209999084472656,51.63999938964844,45.09874725341797,47406900,0.0,0.0,0.0
2010-10-25 00:00:00-04:00,51.849998474121094,52.22999954223633,51.849998474121094,51.88999938964844,45.31706619262695,51413900,0.0,0.0,0.0
2010-10-26 00:00:00-04:00,51.630001068115234,52.150001525878906,51.41999816894531,52.029998779296875,45.439334869384766,60498300,0.0,0.0,0.0
2010-10-27 00:00:00-04:00,51.7599983215332,52.22999954223633,51.65999984741211,52.189998626708984,45.579078674316406,57483400,0.0,0.0,0.0
2010-10-28 00:00:00-04:00,52.40999984741211,52.45000076293945,51.84000015258789,52.29999923706055,45.67514419555664,61220000,0.0,0.0,0.0
2010-10-29 00:00:00-04:00,52.29999923706055,52.4900016784668,52.16999816894531,52.18000030517578,45.57033920288086,46668700,0.0,0.0,0.0
2010-11-01 00:00:00-04:00,52.369998931884766,52.75,51.97999954223633,52.220001220703125,45.60527801513672,60555600,0.0,0.0,0.0
2010-11-02 00:00:00-04:00,52.650001525878906,52.93000030517578,52.58000183105469,52.779998779296875,46.094337463378906,48137500,0.0,0.0,0.0
2010-11-03 00:00:00-04:00,52.83000183105469,53.040000915527344,52.36000061035156,53.02000045776367,46.303924560546875,126225800,0.0,0.0,0.0
2010-11-04 00:00:00-04:00,53.599998474121094,53.86000061035156,53.5,53.66999816894531,46.87160873413086,84201000,0.0,0.0,0.0
2010-11-05 00:00:00-04:00,53.70000076293945,53.810001373291016,53.5099983215332,53.66999816894531,46.87160873413086,77937100,0.0,0.0,0.0
2010-11-08 00:00:00-05:00,53.58000183105469,53.83000183105469,53.45000076293945,53.7400016784668,46.932743072509766,39623500,0.0,0.0,0.0
2010-11-09 00:00:00-05:00,53.95000076293945,54.040000915527344,53.209999084472656,53.45000076293945,46.679473876953125,66828700,0.0,0.0,0.0
2010-11-10 00:00:00-05:00,53.52000045776367,53.77000045776367,53.099998474121094,53.720001220703125,46.9152717590332,83553700,0.0,0.0,0.0
2010-11-11 00:00:00-05:00,52.90999984741211,53.47999954223633,52.65999984741211,53.380001068115234,46.61833572387695,85163600,0.0,0.0,0.0
2010-11-12 00:00:00-05:00,53.099998474121094,53.369998931884766,52.11000061035156,52.5099983215332,45.85854721069336,99164300,0.0,0.0,0.0
2010-11-15 00:00:00-05:00,52.779998779296875,52.880001068115234,52.290000915527344,52.310001373291016,45.68388748168945,56723400,0.0,0.0,0.0
2010-11-16 00:00:00-05:00,51.939998626708984,52.25,50.849998474121094,51.45000076293945,44.93280792236328,101097000,0.0,0.0,0.0
2010-11-17 00:00:00-05:00,51.47999954223633,51.869998931884766,51.349998474121094,51.599998474121094,45.06380844116211,77836200,0.0,0.0,0.0
2010-11-18 00:00:00-05:00,52.15999984741211,52.790000915527344,52.130001068115234,52.43000030517578,45.78867721557617,71488300,0.0,0.0,0.0
2010-11-19 00:00:00-05:00,52.36000061035156,52.59000015258789,52.13999938964844,52.470001220703125,45.8236198425293,54506100,0.0,0.0,0.0
2010-11-22 00:00:00-05:00,52.2599983215332,52.90999984741211,52.16999816894531,52.90999984741211,46.2078742980957,69918900,0.0,0.0,0.0
2010-11-23 00:00:00-05:00,52.369998931884766,52.45000076293945,51.77000045776367,52.06999969482422,45.47429275512695,76818300,0.0,0.0,0.0
2010-11-24 00:00:00-05:00,52.58000183105469,53.25,52.560001373291016,53.119998931884766,46.39128875732422,53444200,0.0,0.0,0.0
2010-11-26 00:00:00-05:00,52.779998779296875,53.130001068115234,52.66999816894531,52.77000045776367,46.085609436035156,23640300,0.0,0.0,0.0
2010-11-29 00:00:00-05:00,52.70000076293945,52.900001525878906,52.099998474121094,52.72999954223633,46.050682067871094,89269100,0.0,0.0,0.0
2010-11-30 00:00:00-05:00,52.18000030517578,52.7400016784668,51.880001068115234,52.09000015258789,45.49173355102539,118862100,0.0,0.0,0.0
2010-12-01 00:00:00-05:00,52.86000061035156,53.459999084472656,52.84000015258789,53.189998626708984,46.4524040222168,81758800,0.0,0.0,0.0
2010-12-02 00:00:00-05:00,53.27000045776367,53.810001373291016,53.209999084472656,53.72999954223633,46.92399215698242,56844600,0.0,0.0,0.0
2010-12-03 00:00:00-05:00,53.5,53.939998626708984,53.5,53.869998931884766,47.04627990722656,38014200,0.0,0.0,0.0
2010-12-06 00:00:00-05:00,53.880001068115234,53.95000076293945,53.68000030517578,53.849998474121094,47.0287971496582,39312000,0.0,0.0,0.0
2010-12-07 00:00:00-05:00,54.5,54.52000045776367,53.81999969482422,53.880001068115234,47.05500411987305,59067300,0.0,0.0,0.0
2010-12-08 00:00:00-05:00,54.02000045776367,54.150001525878906,53.689998626708984,54.08000183105469,47.22966384887695,48066900,0.0,0.0,0.0
2010-12-09 00:00:00-05:00,54.40999984741211,54.439998626708984,53.95000076293945,54.130001068115234,47.27333068847656,51679800,0.0,0.0,0.0
2010-12-10 00:00:00-05:00,54.290000915527344,54.54999923706055,54.09000015258789,54.4900016784668,47.58773422241211,44696200,0.0,0.0,0.0
2010-12-13 00:00:00-05:00,54.70000076293945,54.7400016784668,54.27000045776367,54.29999923706055,47.42180252075195,53110200,0.0,0.0,0.0
2010-12-14 00:00:00-05:00,54.439998626708984,54.619998931884766,54.22999954223633,54.400001525878906,47.509132385253906,69884800,0.0,0.0,0.0
2010-12-15 00:00:00-05:00,54.369998931884766,54.70000076293945,54.029998779296875,54.15999984741211,47.299530029296875,76951900,0.0,0.0,0.0
2010-12-16 00:00:00-05:00,54.209999084472656,54.65999984741211,54.060001373291016,54.58000183105469,47.66633605957031,65519400,0.0,0.0,0.0
2010-12-17 00:00:00-05:00,54.540000915527344,54.68000030517578,54.40999984741211,54.52000045776367,47.708343505859375,36844200,0.108,0.0,0.0
2010-12-20 00:00:00-05:00,54.619998931884766,54.7599983215332,54.15999984741211,54.560001373291016,47.743343353271484,48159600,0.0,0.0,0.0
2010-12-21 00:00:00-05:00,54.77000045776367,54.88999938964844,54.619998931884766,54.88999938964844,48.032108306884766,35775400,0.0,0.0,0.0
2010-12-22 00:00:00-05:00,54.869998931884766,54.959999084472656,54.790000915527344,54.880001068115234,48.02336502075195,35766500,0.0,0.0,0.0
2010-12-23 00:00:00-05:00,54.779998779296875,54.869998931884766,54.61000061035156,54.7400016784668,47.900840759277344,21664800,0.0,0.0,0.0
2010-12-27 00:00:00-05:00,54.58000183105469,54.86000061035156,54.209999084472656,54.77000045776367,47.927101135253906,29263700,0.0,0.0,0.0
2010-12-28 00:00:00-05:00,54.880001068115234,54.91999816894531,54.54999923706055,54.66999816894531,47.8396110534668,24160500,0.0,0.0,0.0
2010-12-29 00:00:00-05:00,54.81999969482422,54.900001525878906,54.72999954223633,54.790000915527344,47.944602966308594,24132700,0.0,0.0,0.0
2010-12-30 00:00:00-05:00,54.790000915527344,54.79999923706055,54.54999923706055,54.65999984741211,47.830841064453125,27553300,0.0,0.0,0.0
2010-12-31 00:00:00-05:00,54.59000015258789,54.619998931884766,54.209999084472656,54.459999084472656,47.65584182739258,38540100,0.0,0.0,0.0
2011-01-03 00:00:00-05:00,54.970001220703125,55.689998626708984,54.95000076293945,55.310001373291016,48.39963150024414,90994300,0.0,0.0,0.0
2011-01-04 00:00:00-05:00,55.5099983215332,55.54999923706055,54.91999816894531,55.27000045776367,48.3646354675293,43851500,0.0,0.0,0.0
2011-01-05 00:00:00-05:00,55.099998474121094,55.7599983215332,55.06999969482422,55.7400016784668,48.77589797973633,43787400,0.0,0.0,0.0
2011-01-06 00:00:00-05:00,55.79999923706055,55.959999084472656,55.68000030517578,55.91999816894531,48.93341827392578,46139600,0.0,0.0,0.0
2011-01-07 00:00:00-05:00,56.02000045776367,56.04999923706055,55.31999969482422,55.869998931884766,48.889678955078125,72261700,0.0,0.0,0.0
2011-01-10 00:00:00-05:00,55.75,56.18000030517578,55.58000183105469,56.08000183105469,49.07343292236328,55551800,0.0,0.0,0.0
2011-01-11 00:00:00-05:00,56.310001373291016,56.36000061035156,55.95000076293945,56.15999984741211,49.14344024658203,56663800,0.0,0.0,0.0
2011-01-12 00:00:00-05:00,56.43000030517578,56.560001373291016,56.20000076293945,56.560001373291016,49.49345779418945,51979300,0.0,0.0,0.0
2011-01-13 00:00:00-05:00,56.599998474121094,56.72999954223633,56.40999984741211,56.58000183105469,49.51097106933594,47364500,0.0,0.0,0.0
2011-01-14 00:00:00-05:00,56.599998474121094,57.02000045776367,56.459999084472656,57.0,49.87847900390625,43867400,0.0,0.0,0.0
2011-01-18 00:00:00-05:00,56.56999969482422,57.22999954223633,56.4900016784668,57.15999984741211,50.01850128173828,65805600,0.0,0.0,0.0
2011-01-19 00:00:00-05:00,57.2599983215332,57.2599983215332,56.31999969482422,56.5099983215332,49.449710845947266,67767200,0.0,0.0,0.0
2011-01-20 00:00:00-05:00,56.27000045776367,56.349998474121094,55.68000030517578,56.11000061035156,49.099693298339844,92357800,0.0,0.0,0.0
2011-01-21 00:00:00-05:00,56.38999938964844,56.4900016784668,55.650001525878906,55.68000030517578,48.72342300415039,59673300,0.0,0.0,0.0
2011-01-24 00:00:00-05:00,55.790000915527344,56.459999084472656,55.68000030517578,56.45000076293945,49.39719772338867,64103300,0.0,0.0,0.0
2011-01-25 00:00:00-05:00,56.16999816894531,56.54999923706055,56.04999923706055,56.529998779296875,49.46721649169922,55305100,0.0,0.0,0.0
2011-01-26 00:00:00-05:00,56.61000061035156,56.97999954223633,56.45000076293945,56.83000183105469,49.72971725463867,60547700,0.0,0.0,0.0
2011-01-27 00:00:00-05:00,57.0099983215332,57.349998474121094,56.91999816894531,57.18000030517578,50.0359992980957,53656100,0.0,0.0,0.0
2011-01-28 00:00:00-05:00,57.16999816894531,57.220001220703125,55.470001220703125,55.72999954223633,48.76714324951172,123359900,0.0,0.0,0.0
2011-01-31 00:00:00-05:00,55.810001373291016,56.15999984741211,55.38999938964844,56.0,49.003414154052734,70571300,0.0,0.0,0.0
2011-02-01 00:00:00-05:00,56.41999816894531,57.18000030517578,56.36000061035156,57.04999923706055,49.92225646972656,76952900,0.0,0.0,0.0
2011-02-02 00:00:00-05:00,56.93000030517578,57.16999816894531,56.84000015258789,56.959999084472656,49.84348678588867,48661000,0.0,0.0,0.0
2011-02-03 00:00:00-05:00,56.849998474121094,57.13999938964844,56.400001525878906,57.060001373291016,49.93098831176758,45341900,0.0,0.0,0.0
2011-02-04 00:00:00-05:00,57.04999923706055,57.41999816894531,56.900001525878906,57.380001068115234,50.211021423339844,47647800,0.0,0.0,0.0
2011-02-07 00:00:00-05:00,57.4900016784668,57.970001220703125,57.400001525878906,57.650001525878906,50.447288513183594,45627100,0.0,0.0,0.0
2011-02-08 00:00:00-05:00,57.66999816894531,58.06999969482422,57.560001373291016,58.029998779296875,50.779808044433594,38099900,0.0,0.0,0.0
2011-02-09 00:00:00-05:00,57.939998626708984,58.119998931884766,57.75,57.93000030517578,50.692298889160156,62540800,0.0,0.0,0.0
2011-02-10 00:00:00-05:00,57.54999923706055,58.099998474121094,57.4900016784668,58.02000045776367,50.771053314208984,70194700,0.0,0.0,0.0
2011-02-11 00:00:00-05:00,57.849998474121094,58.47999954223633,57.77000045776367,58.439998626708984,51.13857650756836,47853500,0.0,0.0,0.0
2011-02-14 00:00:00-05:00,58.439998626708984,58.65999984741211,58.380001068115234,58.58000183105469,51.26108932495117,48506100,0.0,0.0,0.0
2011-02-15 00:00:00-05:00,58.439998626708984,58.56999969482422,58.22999954223633,58.5,51.191097259521484,39723800,0.0,0.0,0.0
2011-02-16 00:00:00-05:00,58.650001525878906,59.040000915527344,58.630001068115234,58.880001068115234,51.523616790771484,53061700,0.0,0.0,0.0
2011-02-17 00:00:00-05:00,58.59000015258789,58.970001220703125,58.54999923706055,58.86000061035156,51.506103515625,38361900,0.0,0.0,0.0
2011-02-18 00:00:00-05:00,58.86000061035156,58.970001220703125,58.5099983215332,58.72999954223633,51.39234924316406,44334300,0.0,0.0,0.0
2011-02-22 00:00:00-05:00,57.93000030517578,58.130001068115234,56.939998626708984,57.029998779296875,49.90473175048828,92598100,0.0,0.0,0.0
2011-02-23 00:00:00-05:00,57.029998779296875,57.22999954223633,56.130001068115234,56.560001373291016,49.49345779418945,97842900,0.0,0.0,0.0
2011-02-24 00:00:00-05:00,56.68000030517578,57.029998779296875,56.13999938964844,56.86000061035156,49.75598907470703,98716100,0.0,0.0,0.0
2011-02-25 00:00:00-05:00,57.18000030517578,57.720001220703125,57.119998931884766,57.650001525878906,50.447288513183594,54094600,0.0,0.0,0.0
2011-02-28 00:00:00-05:00,57.880001068115234,58.04999923706055,57.43000030517578,57.77000045776367,50.55229949951172,51402800,0.0,0.0,0.0
2011-03-01 00:00:00-05:00,58.02000045776367,58.02000045776367,56.70000076293945,56.84000015258789,49.738487243652344,91993900,0.0,0.0,0.0
2011-03-02 00:00:00-05:00,56.810001373291016,57.5099983215332,56.790000915527344,57.13999938964844,50.00100326538086,61552900,0.0,0.0,0.0
2011-03-03 00:00:00-05:00,57.66999816894531,58.369998931884766,57.66999816894531,58.27000045776367,50.989830017089844,64146600,0.0,0.0,0.0
2011-03-04 00:00:00-05:00,58.25,58.2599983215332,57.59000015258789,57.970001220703125,50.7273063659668,62328400,0.0,0.0,0.0
2011-03-07 00:00:00-05:00,58.209999084472656,58.2599983215332,56.66999816894531,57.189998626708984,50.044761657714844,98470000,0.0,0.0,0.0
2011-03-08 00:00:00-05:00,57.119998931884766,57.68000030517578,56.77000045776367,57.41999816894531,50.24601364135742,62399100,0.0,0.0,0.0
2011-03-09 00:00:00-05:00,57.209999084472656,57.27000045776367,56.720001220703125,57.029998779296875,49.90473175048828,84764200,0.0,0.0,0.0
2011-03-10 00:00:00-05:00,56.38999938964844,56.52000045776367,55.90999984741211,56.13999938964844,49.12594223022461,102894400,0.0,0.0,0.0
2011-03-11 00:00:00-05:00,55.81999969482422,56.65999984741211,55.81999969482422,56.4900016784668,49.43220901489258,81679400,0.0,0.0,0.0
2011-03-14 00:00:00-04:00,56.18000030517578,56.59000015258789,55.86000061035156,56.290000915527344,49.257198333740234,73565800,0.0,0.0,0.0
2011-03-15 00:00:00-04:00,54.63999938964844,55.81999969482422,54.470001220703125,55.4900016784668,48.55714416503906,101276500,0.0,0.0,0.0
2011-03-16 00:00:00-04:00,55.029998779296875,55.34000015258789,53.77000045776367,54.150001525878906,47.38456344604492,176507700,0.0,0.0,0.0
2011-03-17 00:00:00-04:00,55.0099983215332,55.2400016784668,54.130001068115234,54.650001525878906,47.82209396362305,94434500,0.0,0.0,0.0
2011-03-18 00:00:00-04:00,55.220001220703125,55.220001220703125,54.40999984741211,54.45000076293945,47.71430969238281,94887200,0.077,0.0,0.0
2011-03-21 00:00:00-04:00,55.279998779296875,55.779998779296875,54.5,55.5,48.63441467285156,57423000,0.0,0.0,0.0
2011-03-22 00:00:00-04:00,55.58000183105469,55.61000061035156,55.279998779296875,55.400001525878906,48.54680633544922,36162100,0.0,0.0,0.0
2011-03-23 00:00:00-04:00,55.20000076293945,55.869998931884766,54.81999969482422,55.709999084472656,48.818450927734375,60365100,0.0,0.0,0.0
2011-03-24 00:00:00-04:00,56.130001068115234,56.81999969482422,55.81999969482422,56.70000076293945,49.68598175048828,69502400,0.0,0.0,0.0
2011-03-25 00:00:00-04:00,56.880001068115234,57.220001220703125,56.72999954223633,56.84000015258789,49.80866241455078,74131100,0.0,0.0,0.0
2011-03-28 00:00:00-04:00,57.09000015258789,57.099998474121094,56.5,56.529998779296875,49.537010192871094,37824000,0.0,0.0,0.0
2011-03-29 00:00:00-04:00,56.400001525878906,57.08000183105469,56.22999954223633,57.08000183105469,50.01897430419922,47994800,0.0,0.0,0.0
2011-03-30 00:00:00-04:00,57.36000061035156,57.43000030517578,57.08000183105469,57.349998474121094,50.25556564331055,44935900,0.0,0.0,0.0
2011-03-31 00:00:00-04:00,57.25,57.47999954223633,57.150001525878906,57.43000030517578,50.32567596435547,50004300,0.0,0.0,0.0
2011-04-01 00:00:00-04:00,57.720001220703125,57.900001525878906,57.290000915527344,57.459999084472656,50.35196304321289,68031800,0.0,0.0,0.0
2011-04-04 00:00:00-04:00,57.619998931884766,57.68000030517578,57.02000045776367,57.27000045776367,50.18547439575195,48659100,0.0,0.0,0.0
2011-04-05 00:00:00-04:00,57.15999984741211,57.4900016784668,57.0,57.119998931884766,50.054012298583984,55349400,0.0,0.0,0.0
2011-04-06 00:00:00-04:00,57.560001373291016,57.72999954223633,56.93000030517578,57.2599983215332,50.17669677734375,49532100,0.0,0.0,0.0
2011-04-07 00:00:00-04:00,57.2400016784668,57.599998474121094,56.810001373291016,57.220001220703125,50.14165115356445,60697000,0.0,0.0,0.0
2011-04-08 00:00:00-04:00,57.47999954223633,57.56999969482422,56.650001525878906,56.95000076293945,49.90505599975586,42782200,0.0,0.0,0.0
2011-04-11 00:00:00-04:00,57.16999816894531,57.290000915527344,56.560001373291016,56.7599983215332,49.73855972290039,42451700,0.0,0.0,0.0
2011-04-12 00:00:00-04:00,56.5,56.63999938964844,56.150001525878906,56.369998931884766,49.39680099487305,50422800,0.0,0.0,0.0
2011-04-13 00:00:00-04:00,56.790000915527344,57.0,56.400001525878906,56.849998474121094,49.81743240356445,49979800,0.0,0.0,0.0
2011-04-14 00:00:00-04:00,56.459999084472656,56.83000183105469,56.22999954223633,56.75,49.72978210449219,53544100,0.0,0.0,0.0
2011-04-15 00:00:00-04:00,56.529998779296875,56.869998931884766,56.279998779296875,56.650001525878906,49.642154693603516,68530000,0.0,0.0,0.0
2011-04-18 00:00:00-04:00,56.08000183105469,56.27000045776367,55.31999969482422,56.25,49.29166030883789,69065000,0.0,0.0,0.0
2011-04-19 00:00:00-04:00,56.400001525878906,56.599998474121094,56.099998474121094,56.599998474121094,49.598358154296875,38608400,0.0,0.0,0.0
2011-04-20 00:00:00-04:00,57.599998474121094,57.939998626708984,57.529998779296875,57.880001068115234,50.72001647949219,67397500,0.0,0.0,0.0
2011-04-21 00:00:00-04:00,58.439998626708984,58.470001220703125,58.15999984741211,58.34000015258789,51.12310791015625,43666800,0.0,0.0,0.0
2011-04-25 00:00:00-04:00,58.38999938964844,58.52000045776367,58.279998779296875,58.4900016784668,51.254547119140625,25376800,0.0,0.0,0.0
2011-04-26 00:00:00-04:00,58.63999938964844,59.029998779296875,58.5099983215332,58.81999969482422,51.543731689453125,49400000,0.0,0.0,0.0
2011-04-27 00:00:00-04:00,58.93000030517578,59.290000915527344,58.65999984741211,59.220001220703125,51.894248962402344,56465500,0.0,0.0,0.0
2011-04-28 00:00:00-04:00,59.040000915527344,59.22999954223633,58.880001068115234,59.130001068115234,51.81537628173828,48100000,0.0,0.0,0.0
2011-04-29 00:00:00-04:00,59.02000045776367,59.290000915527344,58.97999954223633,59.08000183105469,51.77157211303711,44831200,0.0,0.0,0.0
2011-05-02 00:00:00-04:00,59.16999816894531,59.34000015258789,58.81999969482422,58.970001220703125,51.67518615722656,48149400,0.0,0.0,0.0
2011-05-03 00:00:00-04:00,58.939998626708984,59.0,58.33000183105469,58.689998626708984,51.429805755615234,38100000,0.0,0.0,0.0
2011-05-04 00:00:00-04:00,58.720001220703125,58.869998931884766,58.11000061035156,58.599998474121094,51.35096740722656,53097200,0.0,0.0,0.0
2011-05-05 00:00:00-04:00,58.310001373291016,58.970001220703125,58.08000183105469,58.279998779296875,51.07051467895508,72200000,0.0,0.0,0.0
2011-05-06 00:00:00-04:00,58.86000061035156,59.20000076293945,58.310001373291016,58.470001220703125,51.23701477050781,72507000,0.0,0.0,0.0
2011-05-09 00:00:00-04:00,58.56999969482422,58.91999816894531,58.34000015258789,58.689998626708984,51.429805755615234,40022000,0.0,0.0,0.0
2011-05-10 00:00:00-04:00,58.86000061035156,59.279998779296875,58.779998779296875,59.189998626708984,51.867958068847656,38053600,0.0,0.0,0.0
2011-05-11 00:00:00-04:00,59.099998474121094,59.310001373291016,58.36000061035156,58.7599983215332,51.491153717041016,61900000,0.0,0.0,0.0
2011-05-12 00:00:00-04:00,58.58000183105469,59.189998626708984,58.2400016784668,59.11000061035156,51.797847747802734,66100000,0.0,0.0,0.0
2011-05-13 00:00:00-04:00,58.970001220703125,59.06999969482422,58.38999938964844,58.40999984741211,51.1844367980957,63506600,0.0,0.0,0.0
2011-05-16 00:00:00-04:00,58.13999938964844,58.31999969482422,57.27000045776367,57.400001525878906,50.29936218261719,73115300,0.0,0.0,0.0
2011-05-17 00:00:00-04:00,57.099998474121094,57.56999969482422,56.97999954223633,57.560001373291016,50.439598083496094,63136000,0.0,0.0,0.0
2011-05-18 00:00:00-04:00,57.47999954223633,58.13999938964844,57.40999984741211,58.040000915527344,50.8602180480957,42351100,0.0,0.0,0.0
2011-05-19 00:00:00-04:00,58.220001220703125,58.34000015258789,57.849998474121094,58.209999084472656,51.00918197631836,35015800,0.0,0.0,0.0
2011-05-20 00:00:00-04:00,58.150001525878906,58.209999084472656,57.689998626708984,57.77000045776367,50.62361145019531,44703300,0.0,0.0,0.0
2011-05-23 00:00:00-04:00,56.97999954223633,57.150001525878906,56.650001525878906,56.91999816894531,49.87874984741211,43700000,0.0,0.0,0.0
2011-05-24 00:00:00-04:00,57.060001373291016,57.06999969482422,56.560001373291016,56.56999969482422,49.572052001953125,39314800,0.0,0.0,0.0
2011-05-25 00:00:00-04:00,56.5,57.060001373291016,56.470001220703125,56.790000915527344,49.76485061645508,41369000,0.0,0.0,0.0
2011-05-26 00:00:00-04:00,56.619998931884766,57.29999923706055,56.61000061035156,57.13999938964844,50.0715446472168,40564100,0.0,0.0,0.0
2011-05-27 00:00:00-04:00,57.2400016784668,57.4900016784668,57.189998626708984,57.43000030517578,50.32567596435547,30127200,0.0,0.0,0.0
2011-05-31 00:00:00-04:00,57.970001220703125,58.36000061035156,57.66999816894531,58.36000061035156,51.140625,47590100,0.0,0.0,0.0
2011-06-01 00:00:00-04:00,58.220001220703125,58.36000061035156,57.040000915527344,57.09000015258789,50.0277214050293,51795000,0.0,0.0,0.0
2011-06-02 00:00:00-04:00,57.20000076293945,57.40999984741211,56.88999938964844,57.209999084472656,50.13288879394531,50198100,0.0,0.0,0.0
2011-06-03 00:00:00-04:00,56.54999923706055,56.9900016784668,56.27000045776367,56.349998474121094,49.37926483154297,57773700,0.0,0.0,0.0
2011-06-06 00:00:00-04:00,56.220001220703125,56.529998779296875,55.86000061035156,55.88999938964844,48.97616958618164,50175600,0.0,0.0,0.0
2011-06-07 00:00:00-04:00,56.040000915527344,56.2599983215332,55.75,55.790000915527344,48.8885498046875,46311100,0.0,0.0,0.0
2011-06-08 00:00:00-04:00,55.66999816894531,55.77000045776367,55.22999954223633,55.38999938964844,48.53802490234375,46426400,0.0,0.0,0.0
2011-06-09 00:00:00-04:00,55.40999984741211,55.7599983215332,55.22999954223633,55.4900016784668,48.62565994262695,45307500,0.0,0.0,0.0
2011-06-10 00:00:00-04:00,55.22999954223633,55.34000015258789,54.59000015258789,54.63999938964844,47.880821228027344,53740600,0.0,0.0,0.0
2011-06-13 00:00:00-04:00,54.66999816894531,54.93000030517578,54.45000076293945,54.63999938964844,47.880821228027344,37736800,0.0,0.0,0.0
2011-06-14 00:00:00-04:00,55.060001373291016,55.470001220703125,55.029998779296875,55.34000015258789,48.49420166015625,40565300,0.0,0.0,0.0
2011-06-15 00:00:00-04:00,54.810001373291016,55.150001525878906,54.18000030517578,54.290000915527344,47.5741081237793,59022400,0.0,0.0,0.0
2011-06-16 00:00:00-04:00,54.31999969482422,54.5,53.619998931884766,54.08000183105469,47.39008331298828,66316200,0.0,0.0,0.0
2011-06-17 00:00:00-04:00,54.400001525878906,54.599998474121094,53.630001068115234,53.790000915527344,47.24165344238281,70337000,0.121,0.0,0.0
2011-06-20 00:00:00-04:00,53.63999938964844,54.22999954223633,53.63999938964844,54.06999969482422,47.487571716308594,37402900,0.0,0.0,0.0
2011-06-21 00:00:00-04:00,54.2599983215332,55.290000915527344,54.029998779296875,55.22999954223633,48.5063591003418,55892800,0.0,0.0,0.0
2011-06-22 00:00:00-04:00,55.0,55.31999969482422,54.81999969482422,54.83000183105469,48.15505599975586,36833300,0.0,0.0,0.0
2011-06-23 00:00:00-04:00,54.2400016784668,55.369998931884766,54.060001373291016,55.34000015258789,48.602970123291016,80743300,0.0,0.0,0.0
2011-06-24 00:00:00-04:00,55.08000183105469,55.130001068115234,54.27000045776367,54.380001068115234,47.75983810424805,56298300,0.0,0.0,0.0
2011-06-27 00:00:00-04:00,54.439998626708984,55.529998779296875,54.31999969482422,55.25,48.523921966552734,49968900,0.0,0.0,0.0
2011-06-28 00:00:00-04:00,55.369998931884766,56.08000183105469,55.290000915527344,56.06999969482422,49.24409484863281,47028800,0.0,0.0,0.0
2011-06-29 00:00:00-04:00,56.20000076293945,56.40999984741211,55.900001525878906,56.29999923706055,49.446083068847656,65407300,0.0,0.0,0.0
2011-06-30 00:00:00-04:00,56.5,57.09000015258789,56.470001220703125,57.04999923706055,50.10479736328125,50347200,0.0,0.0,0.0
2011-07-01 00:00:00-04:00,57.08000183105469,57.9900016784668,56.91999816894531,57.90999984741211,50.860107421875,53203900,0.0,0.0,0.0
2011-07-05 00:00:00-04:00,57.970001220703125,58.2599983215332,57.83000183105469,58.20000076293945,51.114784240722656,43128800,0.0,0.0,0.0
2011-07-06 00:00:00-04:00,58.130001068115234,58.4900016784668,57.939998626708984,58.38999938964844,51.28165817260742,49282700,0.0,0.0,0.0
2011-07-07 00:00:00-04:00,58.83000183105469,59.36000061035156,58.7400016784668,59.189998626708984,51.98427200317383,54799800,0.0,0.0,0.0
2011-07-08 00:00:00-04:00,58.68000030517578,59.040000915527344,58.369998931884766,59.029998779296875,51.84373474121094,69519500,0.0,0.0,0.0
2011-07-11 00:00:00-04:00,58.40999984741211,58.709999084472656,57.7599983215332,57.959999084472656,50.90400695800781,52080800,0.0,0.0,0.0
2011-07-12 00:00:00-04:00,57.95000076293945,58.06999969482422,57.459999084472656,57.52000045776367,50.51755905151367,84000700,0.0,0.0,0.0
2011-07-13 00:00:00-04:00,57.939998626708984,58.34000015258789,57.54999923706055,57.7599983215332,50.72834777832031,82378100,0.0,0.0,0.0
2011-07-14 00:00:00-04:00,57.90999984741211,58.18000030517578,56.869998931884766,57.09000015258789,50.13991165161133,98774200,0.0,0.0,0.0
2011-07-15 00:00:00-04:00,57.72999954223633,57.849998474121094,57.310001373291016,57.849998474121094,50.80738830566406,68281500,0.0,0.0,0.0
2011-07-18 00:00:00-04:00,57.529998779296875,57.790000915527344,56.97999954223633,57.540000915527344,50.53512954711914,59512200,0.0,0.0,0.0
2011-07-19 00:00:00-04:00,58.09000015258789,58.900001525878906,58.09000015258789,58.849998474121094,51.68564987182617,73904600,0.0,0.0,0.0
2011-07-20 00:00:00-04:00,59.18000030517578,59.189998626708984,58.5,58.599998474121094,51.46611404418945,57085500,0.0,0.0,0.0
2011-07-21 00:00:00-04:00,58.65999984741211,59.31999969482422,58.34000015258789,58.9900016784668,51.80863571166992,70148800,0.0,0.0,0.0
2011-07-22 00:00:00-04:00,58.959999084472656,59.70000076293945,58.91999816894531,59.599998474121094,52.3443603515625,43620400,0.0,0.0,0.0
2011-07-25 00:00:00-04:00,59.130001068115234,59.810001373291016,59.02000045776367,59.47999954223633,52.23896408081055,48916100,0.0,0.0,0.0
2011-07-26 00:00:00-04:00,59.439998626708984,59.83000183105469,59.31999969482422,59.630001068115234,52.37070083618164,40918900,0.0,0.0,0.0
2011-07-27 00:00:00-04:00,59.2400016784668,59.290000915527344,57.939998626708984,58.09000015258789,51.01818084716797,83969500,0.0,0.0,0.0
2011-07-28 00:00:00-04:00,58.119998931884766,58.93000030517578,57.88999938964844,58.189998626708984,51.10601043701172,61031900,0.0,0.0,0.0
2011-07-29 00:00:00-04:00,57.720001220703125,58.61000061035156,57.439998626708984,58.0,50.93914031982422,82860500,0.0,0.0,0.0
2011-08-01 00:00:00-04:00,58.70000076293945,58.81999969482422,57.029998779296875,57.72999954223633,50.70200729370117,85421100,0.0,0.0,0.0
2011-08-02 00:00:00-04:00,57.459999084472656,57.720001220703125,56.209999084472656,56.27000045776367,49.41975402832031,90853300,0.0,0.0,0.0
2011-08-03 00:00:00-04:00,56.34000015258789,56.880001068115234,55.349998474121094,56.810001373291016,49.89401626586914,103612300,0.0,0.0,0.0
2011-08-04 00:00:00-04:00,56.0,56.09000015258789,54.16999816894531,54.16999816894531,47.57538986206055,132830000,0.0,0.0,0.0
2011-08-05 00:00:00-04:00,54.720001220703125,55.029998779296875,52.31999969482422,53.83000183105469,47.27678680419922,214111800,0.0,0.0,0.0
2011-08-08 00:00:00-04:00,52.18000030517578,53.119998931884766,50.59000015258789,50.59000015258789,44.43122863769531,204804500,0.0,0.0,0.0
2011-08-09 00:00:00-04:00,51.349998474121094,53.08000183105469,49.93000030517578,53.029998779296875,46.57416915893555,193707100,0.0,0.0,0.0
2011-08-10 00:00:00-04:00,51.83000183105469,53.040000915527344,50.79999923706055,50.86000061035156,44.66835403442383,205917900,0.0,0.0,0.0
2011-08-11 00:00:00-04:00,51.59000015258789,53.689998626708984,51.34000015258789,53.099998474121094,46.63564682006836,143825300,0.0,0.0,0.0
2011-08-12 00:00:00-04:00,53.43000030517578,53.900001525878906,52.880001068115234,53.56999969482422,47.048439025878906,90483300,0.0,0.0,0.0
2011-08-15 00:00:00-04:00,53.790000915527344,54.36000061035156,53.529998779296875,54.36000061035156,47.74226760864258,73554300,0.0,0.0,0.0
2011-08-16 00:00:00-04:00,53.83000183105469,54.349998474121094,53.18000030517578,53.900001525878906,47.3382682800293,89219200,0.0,0.0,0.0
2011-08-17 00:00:00-04:00,53.970001220703125,54.41999816894531,53.02000045776367,53.58000183105469,47.057228088378906,84416600,0.0,0.0,0.0
2011-08-18 00:00:00-04:00,52.130001068115234,52.13999938964844,50.47999954223633,50.95000076293945,44.747398376464844,130019400,0.0,0.0,0.0
2011-08-19 00:00:00-04:00,50.41999816894531,51.66999816894531,49.9900016784668,50.029998779296875,43.93937683105469,96674600,0.0,0.0,0.0
2011-08-22 00:00:00-04:00,51.22999954223633,51.2400016784668,50.060001373291016,50.209999084472656,44.09748840332031,77107700,0.0,0.0,0.0
2011-08-23 00:00:00-04:00,50.54999923706055,52.279998779296875,50.34000015258789,52.279998779296875,45.91548156738281,75688400,0.0,0.0,0.0
2011-08-24 00:00:00-04:00,52.130001068115234,52.790000915527344,51.709999084472656,52.689998626708984,46.275577545166016,80197700,0.0,0.0,0.0
2011-08-25 00:00:00-04:00,52.65999984741211,52.900001525878906,51.650001525878906,51.83000183105469,45.520263671875,93623700,0.0,0.0,0.0
2011-08-26 00:00:00-04:00,51.65999984741211,53.310001373291016,51.150001525878906,53.130001068115234,46.66200256347656,91573300,0.0,0.0,0.0
2011-08-29 00:00:00-04:00,53.65999984741211,54.66999816894531,53.63999938964844,54.61000061035156,47.96183776855469,45985800,0.0,0.0,0.0
2011-08-30 00:00:00-04:00,54.40999984741211,55.29999923706055,54.11000061035156,54.970001220703125,48.27798843383789,61617900,0.0,0.0,0.0
2011-08-31 00:00:00-04:00,55.29999923706055,55.7400016784668,54.599998474121094,55.060001373291016,48.3570442199707,60900400,0.0,0.0,0.0
2011-09-01 00:00:00-04:00,55.20000076293945,55.63999938964844,54.459999084472656,54.560001373291016,47.91791915893555,57158400,0.0,0.0,0.0
2011-09-02 00:00:00-04:00,53.58000183105469,54.61000061035156,52.9900016784668,53.279998779296875,46.793739318847656,58185700,0.0,0.0,0.0
2011-09-06 00:00:00-04:00,52.040000915527344,53.369998931884766,51.90999984741211,53.290000915527344,46.802528381347656,52992200,0.0,0.0,0.0
2011-09-07 00:00:00-04:00,54.04999923706055,54.650001525878906,53.900001525878906,54.63999938964844,47.98817825317383,48952200,0.0,0.0,0.0
2011-09-08 00:00:00-04:00,54.36000061035156,55.16999816894531,54.209999084472656,54.38999938964844,47.768611907958984,61422800,0.0,0.0,0.0
2011-09-09 00:00:00-04:00,54.0099983215332,54.2400016784668,52.849998474121094,53.18000030517578,46.705909729003906,63663500,0.0,0.0,0.0
2011-09-12 00:00:00-04:00,52.59000015258789,53.900001525878906,52.56999969482422,53.86000061035156,47.303131103515625,65973000,0.0,0.0,0.0
2011-09-13 00:00:00-04:00,54.060001373291016,54.689998626708984,53.79999923706055,54.58000183105469,47.93548583984375,59020000,0.0,0.0,0.0
2011-09-14 00:00:00-04:00,54.86000061035156,55.97999954223633,54.31999969482422,55.36000061035156,48.62053298950195,90757300,0.0,0.0,0.0
2011-09-15 00:00:00-04:00,55.959999084472656,56.279998779296875,55.38999938964844,56.18000030517578,49.34070587158203,83536100,0.0,0.0,0.0
2011-09-16 00:00:00-04:00,56.20000076293945,56.650001525878906,56.09000015258789,56.59000015258789,49.792964935302734,91902100,0.104,0.0,0.0
2011-09-19 00:00:00-04:00,55.88999938964844,56.90999984741211,55.43000030517578,56.61000061035156,49.81056213378906,73042900,0.0,0.0,0.0
2011-09-20 00:00:00-04:00,56.900001525878906,57.349998474121094,56.22999954223633,56.36000061035156,49.59059143066406,66570100,0.0,0.0,0.0
2011-09-21 00:00:00-04:00,56.650001525878906,56.93000030517578,55.369998931884766,55.380001068115234,48.72829055786133,79938000,0.0,0.0,0.0
2011-09-22 00:00:00-04:00,53.970001220703125,54.459999084472656,52.75,53.58000183105469,47.14450454711914,151885500,0.0,0.0,0.0
2011-09-23 00:00:00-04:00,53.130001068115234,54.380001068115234,53.09000015258789,54.150001525878906,47.64603042602539,85940600,0.0,0.0,0.0
2011-09-26 00:00:00-04:00,54.41999816894531,54.880001068115234,53.209999084472656,54.779998779296875,48.20036697387695,96261400,0.0,0.0,0.0
2011-09-27 00:00:00-04:00,55.709999084472656,56.20000076293945,54.97999954223633,55.349998474121094,48.701900482177734,81148600,0.0,0.0,0.0
2011-09-28 00:00:00-04:00,55.59000015258789,55.970001220703125,54.400001525878906,54.529998779296875,47.980403900146484,76757100,0.0,0.0,0.0
2011-09-29 00:00:00-04:00,55.36000061035156,55.43000030517578,52.970001220703125,53.880001068115234,47.40846633911133,116900200,0.0,0.0,0.0
2011-09-30 00:00:00-04:00,53.15999984741211,53.61000061035156,52.459999084472656,52.4900016784668,46.18541717529297,104870100,0.0,0.0,0.0
2011-10-03 00:00:00-04:00,52.02000045776367,52.849998474121094,51.11000061035156,51.13999938964844,44.99757385253906,99149500,0.0,0.0,0.0
2011-10-04 00:00:00-04:00,50.619998931884766,52.290000915527344,50.099998474121094,52.189998626708984,45.92144012451172,137013700,0.0,0.0,0.0
2011-10-05 00:00:00-04:00,52.060001373291016,53.68000030517578,51.65999984741211,53.529998779296875,47.10049057006836,108825700,0.0,0.0,0.0
2011-10-06 00:00:00-04:00,53.459999084472656,54.439998626708984,53.209999084472656,54.43000030517578,47.89241027832031,71939200,0.0,0.0,0.0
2011-10-07 00:00:00-04:00,54.400001525878906,54.65999984741211,53.720001220703125,54.06999969482422,47.575645446777344,72525200,0.0,0.0,0.0
2011-10-10 00:00:00-04:00,54.9900016784668,55.939998626708984,54.88999938964844,55.939998626708984,49.221038818359375,48230200,0.0,0.0,0.0
2011-10-11 00:00:00-04:00,55.790000915527344,56.459999084472656,55.70000076293945,56.31999969482422,49.55540084838867,66449100,0.0,0.0,0.0
2011-10-12 00:00:00-04:00,56.86000061035156,57.22999954223633,56.560001373291016,56.599998474121094,49.80177307128906,85627600,0.0,0.0,0.0
2011-10-13 00:00:00-04:00,56.4900016784668,57.189998626708984,56.43000030517578,57.119998931884766,50.25931930541992,63443700,0.0,0.0,0.0
2011-10-14 00:00:00-04:00,57.81999969482422,58.189998626708984,57.5099983215332,58.18000030517578,51.19198989868164,65643600,0.0,0.0,0.0
2011-10-17 00:00:00-04:00,57.90999984741211,58.09000015258789,56.970001220703125,57.279998779296875,50.40009689331055,65161300,0.0,0.0,0.0
2011-10-18 00:00:00-04:00,57.189998626708984,58.290000915527344,56.65999984741211,57.9900016784668,51.02481460571289,91434600,0.0,0.0,0.0
2011-10-19 00:00:00-04:00,57.66999816894531,57.849998474121094,56.68000030517578,56.869998931884766,50.039329528808594,67639400,0.0,0.0,0.0
2011-10-20 00:00:00-04:00,56.86000061035156,56.91999816894531,55.790000915527344,56.59000015258789,49.792964935302734,80378300,0.0,0.0,0.0
2011-10-21 00:00:00-04:00,57.189998626708984,57.65999984741211,56.779998779296875,57.29999923706055,50.41769790649414,60455800,0.0,0.0,0.0
2011-10-24 00:00:00-04:00,57.5099983215332,58.650001525878906,57.310001373291016,58.4900016784668,51.464752197265625,61449500,0.0,0.0,0.0
2011-10-25 00:00:00-04:00,58.29999923706055,58.31999969482422,57.220001220703125,57.34000015258789,50.45287322998047,65299200,0.0,0.0,0.0
2011-10-26 00:00:00-04:00,57.65999984741211,57.779998779296875,56.209999084472656,57.27000045776367,50.391300201416016,98193800,0.0,0.0,0.0
2011-10-27 00:00:00-04:00,58.63999938964844,59.20000076293945,58.029998779296875,58.849998474121094,51.7815055847168,104455500,0.0,0.0,0.0
2011-10-28 00:00:00-04:00,58.52000045776367,59.0099983215332,58.5,58.939998626708984,51.86071014404297,42950000,0.0,0.0,0.0
2011-10-31 00:00:00-04:00,58.43000030517578,58.63999938964844,57.90999984741211,57.95000076293945,50.98960494995117,60520200,0.0,0.0,0.0
2011-11-01 00:00:00-04:00,56.52000045776367,57.90999984741211,56.119998931884766,56.439998626708984,49.66099166870117,99933000,0.0,0.0,0.0
2011-11-02 00:00:00-04:00,57.029998779296875,57.15999984741211,56.380001068115234,56.91999816894531,50.08331298828125,65003800,0.0,0.0,0.0
2011-11-03 00:00:00-04:00,57.369998931884766,58.18000030517578,56.709999084472656,58.099998474121094,51.12159729003906,78994200,0.0,0.0,0.0
2011-11-04 00:00:00-04:00,57.81999969482422,58.04999923706055,57.220001220703125,57.79999923706055,50.85762023925781,61527800,0.0,0.0,0.0
2011-11-07 00:00:00-05:00,57.7599983215332,58.25,57.16999816894531,58.209999084472656,51.2183837890625,65559000,0.0,0.0,0.0
2011-11-08 00:00:00-05:00,58.630001068115234,58.97999954223633,57.970001220703125,58.880001068115234,51.80790710449219,62906900,0.0,0.0,0.0
2011-11-09 00:00:00-05:00,57.7400016784668,57.83000183105469,56.630001068115234,56.810001373291016,49.98655319213867,69539000,0.0,0.0,0.0
2011-11-10 00:00:00-05:00,57.369998931884766,57.41999816894531,56.22999954223633,56.779998779296875,49.960147857666016,66052400,0.0,0.0,0.0
2011-11-11 00:00:00-05:00,57.27000045776367,58.02000045776367,57.20000076293945,57.849998474121094,50.9016227722168,54471000,0.0,0.0,0.0
2011-11-14 00:00:00-05:00,57.689998626708984,58.0099983215332,57.279998779296875,57.4900016784668,50.584877014160156,44617600,0.0,0.0,0.0
2011-11-15 00:00:00-05:00,57.31999969482422,58.36000061035156,57.2599983215332,58.130001068115234,51.148006439208984,52203900,0.0,0.0,0.0
2011-11-16 00:00:00-05:00,57.709999084472656,58.15999984741211,57.060001373291016,57.16999816894531,50.30330276489258,68342800,0.0,0.0,0.0
2011-11-17 00:00:00-05:00,57.02000045776367,57.040000915527344,55.47999954223633,55.83000183105469,49.12425231933594,101706900,0.0,0.0,0.0
2011-11-18 00:00:00-05:00,55.84000015258789,55.900001525878906,55.29999923706055,55.400001525878906,48.745906829833984,60417000,0.0,0.0,0.0
2011-11-21 00:00:00-05:00,54.650001525878906,54.72999954223633,53.779998779296875,54.34000015258789,47.81321716308594,52283700,0.0,0.0,0.0
2011-11-22 00:00:00-05:00,54.20000076293945,54.68000030517578,53.869998931884766,54.52000045776367,47.97159957885742,51940100,0.0,0.0,0.0
2011-11-23 00:00:00-05:00,54.11000061035156,54.16999816894531,53.2599983215332,53.290000915527344,46.88933181762695,48437300,0.0,0.0,0.0
2011-11-25 00:00:00-05:00,53.060001373291016,53.66999816894531,52.869998931884766,52.880001068115234,46.52858352661133,25448100,0.0,0.0,0.0
2011-11-28 00:00:00-05:00,54.16999816894531,54.790000915527344,54.13999938964844,54.720001220703125,48.14757537841797,46710700,0.0,0.0,0.0
2011-11-29 00:00:00-05:00,54.689998626708984,55.099998474121094,54.220001220703125,54.380001068115234,47.848419189453125,52056700,0.0,0.0,0.0
2011-11-30 00:00:00-05:00,55.86000061035156,56.439998626708984,55.66999816894531,56.38999938964844,49.61697769165039,66918600,0.0,0.0,0.0
2011-12-01 00:00:00-05:00,56.380001068115234,56.93000030517578,56.349998474121094,56.779998779296875,49.960147857666016,45362200,0.0,0.0,0.0
2011-12-02 00:00:00-05:00,57.34000015258789,57.34000015258789,56.56999969482422,56.619998931884766,49.81936264038086,36938900,0.0,0.0,0.0
2011-12-05 00:00:00-05:00,57.470001220703125,57.619998931884766,56.91999816894531,57.2400016784668,50.36489486694336,40492200,0.0,0.0,0.0
2011-12-06 00:00:00-05:00,57.290000915527344,57.45000076293945,56.88999938964844,57.08000183105469,50.2241096496582,38670000,0.0,0.0,0.0
2011-12-07 00:00:00-05:00,56.91999816894531,57.34000015258789,56.349998474121094,57.08000183105469,50.2241096496582,44576200,0.0,0.0,0.0
2011-12-08 00:00:00-05:00,56.709999084472656,57.150001525878906,56.0099983215332,56.119998931884766,49.3794059753418,51692600,0.0,0.0,0.0
2011-12-09 00:00:00-05:00,56.2599983215332,57.189998626708984,56.2400016784668,57.02000045776367,50.17131423950195,55757900,0.0,0.0,0.0
2011-12-12 00:00:00-05:00,56.41999816894531,57.0099983215332,55.900001525878906,56.380001068115234,49.60819625854492,55411700,0.0,0.0,0.0
2011-12-13 00:00:00-05:00,56.75,56.97999954223633,55.529998779296875,55.7599983215332,49.062660217285156,68557700,0.0,0.0,0.0
2011-12-14 00:00:00-05:00,55.54999923706055,55.59000015258789,54.58000183105469,54.88999938964844,48.297149658203125,63682800,0.0,0.0,0.0
2011-12-15 00:00:00-05:00,55.36000061035156,55.41999816894531,54.65999984741211,54.7400016784668,48.16518020629883,58732900,0.0,0.0,0.0
2011-12-16 00:00:00-05:00,54.869998931884766,55.61000061035156,54.77000045776367,54.86000061035156,48.413143157958984,60978900,0.161,0.0,0.0
2011-12-19 00:00:00-05:00,55.06999969482422,55.20000076293945,54.16999816894531,54.31999969482422,47.936614990234375,46733900,0.0,0.0,0.0
2011-12-20 00:00:00-05:00,55.20000076293945,56.0,55.16999816894531,55.93000030517578,49.35740661621094,81758800,0.0,0.0,0.0
2011-12-21 00:00:00-05:00,55.599998474121094,55.63999938964844,54.4900016784668,55.130001068115234,48.651424407958984,78552300,0.0,0.0,0.0
2011-12-22 00:00:00-05:00,55.25,55.630001068115234,55.16999816894531,55.599998474121094,49.0661735534668,40334100,0.0,0.0,0.0
2011-12-23 00:00:00-05:00,55.709999084472656,56.08000183105469,55.58000183105469,56.08000183105469,49.48976516723633,26594600,0.0,0.0,0.0
2011-12-27 00:00:00-05:00,55.9900016784668,56.41999816894531,55.93000030517578,56.2400016784668,49.674373626708984,21443500,0.049,0.0,0.0
2011-12-28 00:00:00-05:00,56.16999816894531,56.2599983215332,55.439998626708984,55.59000015258789,49.10025405883789,38180100,0.0,0.0,0.0
2011-12-29 00:00:00-05:00,55.68000030517578,56.029998779296875,55.5,55.9900016784668,49.45356750488281,28077900,0.0,0.0,0.0
2011-12-30 00:00:00-05:00,55.869998931884766,56.119998931884766,55.81999969482422,55.83000183105469,49.31224822998047,21832400,0.0,0.0,0.0
2012-01-03 00:00:00-05:00,56.90999984741211,57.189998626708984,56.75,56.900001525878906,50.25733947753906,39514100,0.0,0.0,0.0
2012-01-04 00:00:00-05:00,56.810001373291016,57.220001220703125,56.560001373291016,57.13999938964844,50.46931838989258,29403400,0.0,0.0,0.0
2012-01-05 00:00:00-05:00,57.02000045776367,57.65999984741211,56.79999923706055,57.61000061035156,50.88444519042969,41260600,0.0,0.0,0.0
2012-01-06 00:00:00-05:00,57.619998931884766,57.939998626708984,57.400001525878906,57.810001373291016,51.06108474731445,46325200,0.0,0.0,0.0
2012-01-09 00:00:00-05:00,57.959999084472656,57.97999954223633,57.43000030517578,57.619998931884766,50.89327621459961,39195500,0.0,0.0,0.0
2012-01-10 00:00:00-05:00,58.22999954223633,58.400001525878906,57.63999938964844,58.040000915527344,51.264259338378906,35949900,0.0,0.0,0.0
2012-01-11 00:00:00-05:00,58.029998779296875,58.290000915527344,57.810001373291016,58.15999984741211,51.37022399902344,37144100,0.0,0.0,0.0
2012-01-12 00:00:00-05:00,58.290000915527344,58.470001220703125,57.86000061035156,58.38999938964844,51.573387145996094,26188300,0.0,0.0,0.0
2012-01-13 00:00:00-05:00,58.08000183105469,58.20000076293945,57.68000030517578,58.18000030517578,51.387901306152344,35980400,0.0,0.0,0.0
2012-01-17 00:00:00-05:00,58.689998626708984,58.959999084472656,58.4900016784668,58.709999084472656,51.85601806640625,41790800,0.0,0.0,0.0
2012-01-18 00:00:00-05:00,58.81999969482422,59.4900016784668,58.68000030517578,59.4900016784668,52.54496765136719,48692700,0.0,0.0,0.0
2012-01-19 00:00:00-05:00,59.7599983215332,59.970001220703125,59.650001525878906,59.86000061035156,52.87177276611328,47774500,0.0,0.0,0.0
2012-01-20 00:00:00-05:00,59.599998474121094,59.79999923706055,59.560001373291016,59.77000045776367,52.792259216308594,41041700,0.0,0.0,0.0
2012-01-23 00:00:00-05:00,59.779998779296875,60.209999084472656,59.439998626708984,59.790000915527344,52.80995178222656,40958300,0.0,0.0,0.0
2012-01-24 00:00:00-05:00,59.52000045776367,59.84000015258789,59.40999984741211,59.68000030517578,52.71278381347656,38440200,0.0,0.0,0.0
2012-01-25 00:00:00-05:00,60.2599983215332,60.58000183105469,59.83000183105469,60.43000030517578,53.37521743774414,61591800,0.0,0.0,0.0
2012-01-26 00:00:00-05:00,60.689998626708984,60.79999923706055,59.93000030517578,60.220001220703125,53.189762115478516,37852700,0.0,0.0,0.0
2012-01-27 00:00:00-05:00,60.09000015258789,60.5099983215332,60.060001373291016,60.400001525878906,53.348731994628906,45532300,0.0,0.0,0.0
2012-01-30 00:00:00-05:00,59.88999938964844,60.540000915527344,59.65999984741211,60.45000076293945,53.39289474487305,42797800,0.0,0.0,0.0
2012-01-31 00:00:00-05:00,60.75,60.86000061035156,60.13999938964844,60.529998779296875,53.463565826416016,51449600,0.0,0.0,0.0
2012-02-01 00:00:00-05:00,60.880001068115234,61.2400016784668,60.65999984741211,61.02000045776367,53.896339416503906,46146700,0.0,0.0,0.0
2012-02-02 00:00:00-05:00,61.220001220703125,61.40999984741211,60.970001220703125,61.209999084472656,54.06416702270508,46373600,0.0,0.0,0.0
2012-02-03 00:00:00-05:00,61.779998779296875,62.119998931884766,61.68000030517578,62.04999923706055,54.80610275268555,36453800,0.0,0.0,0.0
2012-02-06 00:00:00-05:00,61.81999969482422,62.02000045776367,61.65999984741211,62.0,54.76194381713867,28541300,0.0,0.0,0.0
2012-02-07 00:00:00-05:00,61.95000076293945,62.25,61.66999816894531,62.130001068115234,54.87675476074219,37935700,0.0,0.0,0.0
2012-02-08 00:00:00-05:00,62.13999938964844,62.459999084472656,61.90999984741211,62.459999084472656,55.16823196411133,41171100,0.0,0.0,0.0
2012-02-09 00:00:00-05:00,62.70000076293945,62.97999954223633,62.31999969482422,62.90999984741211,55.56570053100586,46856400,0.0,0.0,0.0
2012-02-10 00:00:00-05:00,62.459999084472656,62.63999938964844,62.25,62.470001220703125,55.17707061767578,58090500,0.0,0.0,0.0
2012-02-13 00:00:00-05:00,62.939998626708984,63.130001068115234,62.650001525878906,63.04999923706055,55.689369201660156,36810200,0.0,0.0,0.0
2012-02-14 00:00:00-05:00,62.90999984741211,63.220001220703125,62.689998626708984,63.209999084472656,55.83068084716797,51648200,0.0,0.0,0.0
2012-02-15 00:00:00-05:00,63.5099983215332,63.86000061035156,62.66999816894531,62.77000045776367,55.442039489746094,105709100,0.0,0.0,0.0
2012-02-16 00:00:00-05:00,62.790000915527344,63.70000076293945,62.630001068115234,63.630001068115234,56.201663970947266,83642300,0.0,0.0,0.0
2012-02-17 00:00:00-05:00,63.63999938964844,63.689998626708984,63.150001525878906,63.43000030517578,56.025001525878906,76112300,0.0,0.0,0.0
2012-02-21 00:00:00-05:00,63.5,63.88999938964844,63.209999084472656,63.61000061035156,56.183982849121094,38141300,0.0,0.0,0.0
2012-02-22 00:00:00-05:00,63.4900016784668,63.68000030517578,63.22999954223633,63.31999969482422,55.92784881591797,43174700,0.0,0.0,0.0
2012-02-23 00:00:00-05:00,63.400001525878906,63.810001373291016,63.09000015258789,63.7400016784668,56.2988166809082,54250000,0.0,0.0,0.0
2012-02-24 00:00:00-05:00,63.91999816894531,64.06999969482422,63.79999923706055,63.959999084472656,56.49312210083008,41364900,0.0,0.0,0.0
2012-02-27 00:00:00-05:00,63.61000061035156,64.26000213623047,63.33000183105469,64.05000305175781,56.5726318359375,42678500,0.0,0.0,0.0
2012-02-28 00:00:00-05:00,64.11000061035156,64.69999694824219,64.02999877929688,64.69999694824219,57.14675521850586,43717500,0.0,0.0,0.0
2012-02-29 00:00:00-05:00,64.75,64.95999908447266,64.19999694824219,64.41000366210938,56.89059066772461,59784400,0.0,0.0,0.0
2012-03-01 00:00:00-05:00,64.6500015258789,64.9800033569336,64.45999908447266,64.91999816894531,57.341041564941406,67558900,0.0,0.0,0.0
2012-03-02 00:00:00-05:00,64.83000183105469,65.08000183105469,64.66000366210938,64.87000274658203,57.29689407348633,33358200,0.0,0.0,0.0
2012-03-05 00:00:00-05:00,64.83000183105469,64.91000366210938,63.9900016784668,64.19999694824219,56.70509719848633,45788800,0.0,0.0,0.0
2012-03-06 00:00:00-05:00,63.56999969482422,63.720001220703125,63.22999954223633,63.56999969482422,56.14865493774414,54638600,0.0,0.0,0.0
2012-03-07 00:00:00-05:00,63.869998931884766,64.20999908447266,63.77000045776367,64.05999755859375,56.58144760131836,42741800,0.0,0.0,0.0
2012-03-08 00:00:00-05:00,64.44000244140625,64.94000244140625,64.30000305175781,64.75,57.1909065246582,43711100,0.0,0.0,0.0
2012-03-09 00:00:00-05:00,64.86000061035156,65.13999938964844,64.81999969482422,65.0199966430664,57.42938232421875,43117200,0.0,0.0,0.0
2012-03-12 00:00:00-04:00,65.0,65.11000061035156,64.72000122070312,65.05000305175781,57.45587158203125,32687300,0.0,0.0,0.0
2012-03-13 00:00:00-04:00,65.4000015258789,66.26000213623047,65.2699966430664,66.26000213623047,58.52463150024414,61559100,0.0,0.0,0.0
2012-03-14 00:00:00-04:00,66.33000183105469,66.73999786376953,66.08000183105469,66.48999786376953,58.72775650024414,59926900,0.0,0.0,0.0
2012-03-15 00:00:00-04:00,66.69000244140625,66.81999969482422,66.3499984741211,66.68000030517578,58.89558029174805,65531200,0.0,0.0,0.0
2012-03-16 00:00:00-04:00,66.66999816894531,66.66999816894531,66.36000061035156,66.5199966430664,58.854007720947266,53023100,0.113,0.0,0.0
2012-03-19 00:00:00-04:00,66.62999725341797,67.1500015258789,66.44999694824219,66.98999786376953,59.26984405517578,60966200,0.0,0.0,0.0
2012-03-20 00:00:00-04:00,66.63999938964844,67.18000030517578,66.45999908447266,67.11000061035156,59.37601852416992,47290600,0.0,0.0,0.0
2012-03-21 00:00:00-04:00,67.12000274658203,67.48999786376953,67.02999877929688,67.12000274658203,59.38484573364258,39648100,0.0,0.0,0.0
2012-03-22 00:00:00-04:00,66.72000122070312,67.13999938964844,66.68000030517578,66.9800033569336,59.26099395751953,56953900,0.0,0.0,0.0
2012-03-23 00:00:00-04:00,67.05999755859375,67.08000183105469,66.55999755859375,66.94000244140625,59.22560119628906,45541700,0.0,0.0,0.0
2012-03-26 00:00:00-04:00,67.38999938964844,68.11000061035156,67.33000183105469,68.11000061035156,60.260765075683594,40855300,0.0,0.0,0.0
2012-03-27 00:00:00-04:00,68.16000366210938,68.48999786376953,68.12999725341797,68.20999908447266,60.349239349365234,37278200,0.0,0.0,0.0
2012-03-28 00:00:00-04:00,68.25,68.51000213623047,67.54000091552734,67.94000244140625,60.1103630065918,44421900,0.0,0.0,0.0
2012-03-29 00:00:00-04:00,67.5999984741211,67.93000030517578,67.19999694824219,67.68000030517578,59.88032531738281,53975300,0.0,0.0,0.0
2012-03-30 00:00:00-04:00,67.9800033569336,68.0199966430664,67.27999877929688,67.55000305175781,59.76530456542969,39480900,0.0,0.0,0.0
2012-04-02 00:00:00-04:00,67.4800033569336,68.33999633789062,67.36000061035156,68.25,60.38462829589844,40031600,0.0,0.0,0.0
2012-04-03 00:00:00-04:00,68.30999755859375,68.55000305175781,67.8499984741211,68.2300033569336,60.36692428588867,45539900,0.0,0.0,0.0
2012-04-04 00:00:00-04:00,67.72000122070312,67.76000213623047,66.91000366210938,67.30000305175781,59.544105529785156,54088100,0.0,0.0,0.0
2012-04-05 00:00:00-04:00,67.18000030517578,67.77999877929688,67.12999725341797,67.72000122070312,59.915706634521484,42979900,0.0,0.0,0.0
2012-04-09 00:00:00-04:00,66.87999725341797,67.4800033569336,66.76000213623047,67.20999908447266,59.4644775390625,36908200,0.0,0.0,0.0
2012-04-10 00:00:00-04:00,67.18000030517578,67.44000244140625,65.91999816894531,66.12999725341797,58.50893783569336,69254200,0.0,0.0,0.0
2012-04-11 00:00:00-04:00,66.70999908447266,66.88999938964844,66.27999877929688,66.44999694824219,58.792057037353516,62950000,0.0,0.0,0.0
2012-04-12 00:00:00-04:00,66.58000183105469,67.27999877929688,66.4800033569336,67.20999908447266,59.4644775390625,57407400,0.0,0.0,0.0
2012-04-13 00:00:00-04:00,66.9800033569336,67.19999694824219,66.16000366210938,66.19000244140625,58.56203079223633,55227500,0.0,0.0,0.0
2012-04-16 00:00:00-04:00,66.5199966430664,66.55999755859375,65.23999786376953,65.44999694824219,57.90732192993164,57588000,0.0,0.0,0.0
2012-04-17 00:00:00-04:00,65.7300033569336,66.98999786376953,65.62999725341797,66.77999877929688,59.08403778076172,47362400,0.0,0.0,0.0
2012-04-18 00:00:00-04:00,66.58999633789062,67.0,66.41000366210938,66.61000061035156,58.93363571166992,42536100,0.0,0.0,0.0
2012-04-19 00:00:00-04:00,66.37000274658203,67.16999816894531,65.62000274658203,65.86000061035156,58.27006530761719,81110900,0.0,0.0,0.0
2012-04-20 00:00:00-04:00,66.22000122070312,66.51000213623047,65.58000183105469,65.68000030517578,58.11081314086914,59906900,0.0,0.0,0.0
2012-04-23 00:00:00-04:00,65.05999755859375,65.18000030517578,64.48999786376953,65.08000183105469,57.5799674987793,70514400,0.0,0.0,0.0
2012-04-24 00:00:00-04:00,64.95999908447266,65.2300033569336,64.44999694824219,64.7300033569336,57.27027893066406,49661500,0.0,0.0,0.0
2012-04-25 00:00:00-04:00,66.06999969482422,66.48999786376953,65.97000122070312,66.44999694824219,58.792057037353516,57526900,0.0,0.0,0.0
2012-04-26 00:00:00-04:00,66.44000244140625,66.98999786376953,66.3499984741211,66.83999633789062,59.137115478515625,41799500,0.0,0.0,0.0
2012-04-27 00:00:00-04:00,67.12000274658203,67.44999694824219,66.7699966430664,67.23999786376953,59.49102783203125,46003800,0.0,0.0,0.0
2012-04-30 00:00:00-04:00,67.04000091552734,67.16999816894531,66.70999908447266,66.76000213623047,59.06633758544922,37787700,0.0,0.0,0.0
2012-05-01 00:00:00-04:00,66.69000244140625,67.62999725341797,66.58999633789062,66.87000274658203,59.163673400878906,37643800,0.0,0.0,0.0
2012-05-02 00:00:00-04:00,66.54000091552734,67.11000061035156,66.37999725341797,67.05999755859375,59.331764221191406,38299300,0.0,0.0,0.0
2012-05-03 00:00:00-04:00,67.0999984741211,67.1500015258789,66.18000030517578,66.3499984741211,58.70359802246094,51297600,0.0,0.0,0.0
2012-05-04 00:00:00-04:00,65.73999786376953,66.3499984741211,64.69000244140625,64.69999694824219,57.24375915527344,107554000,0.0,0.0,0.0
2012-05-07 00:00:00-04:00,64.30999755859375,65.06999969482422,64.29000091552734,64.76000213623047,57.29683303833008,50267800,0.0,0.0,0.0
2012-05-08 00:00:00-04:00,64.3499984741211,64.73999786376953,63.47999954223633,64.5199966430664,57.08449172973633,72659700,0.0,0.0,0.0
2012-05-09 00:00:00-04:00,63.77000045776367,64.68000030517578,63.5099983215332,64.31999969482422,56.90754699707031,85715300,0.0,0.0,0.0
2012-05-10 00:00:00-04:00,64.61000061035156,64.62999725341797,63.95000076293945,64.19000244140625,56.79252624511719,49448900,0.0,0.0,0.0
2012-05-11 00:00:00-04:00,63.970001220703125,64.86000061035156,63.90999984741211,64.18000030517578,56.78367614746094,47099900,0.0,0.0,0.0
2012-05-14 00:00:00-04:00,63.630001068115234,64.08000183105469,63.47999954223633,63.58000183105469,56.25281524658203,46360000,0.0,0.0,0.0
2012-05-15 00:00:00-04:00,63.75,64.2699966430664,63.2599983215332,63.369998931884766,56.067020416259766,66908600,0.0,0.0,0.0
2012-05-16 00:00:00-04:00,63.59000015258789,63.779998779296875,62.810001373291016,62.939998626708984,55.68658447265625,52825900,0.0,0.0,0.0
2012-05-17 00:00:00-04:00,62.959999084472656,63.060001373291016,61.599998474121094,61.61000061035156,54.509849548339844,62253900,0.0,0.0,0.0
2012-05-18 00:00:00-04:00,61.79999923706055,61.959999084472656,60.7599983215332,60.810001373291016,53.802040100097656,79496500,0.0,0.0,0.0
2012-05-21 00:00:00-04:00,60.93000030517578,62.56999969482422,60.849998474121094,62.5099983215332,55.306129455566406,61473000,0.0,0.0,0.0
2012-05-22 00:00:00-04:00,62.689998626708984,62.95000076293945,61.9900016784668,62.439998626708984,55.24418640136719,62954800,0.0,0.0,0.0
2012-05-23 00:00:00-04:00,61.90999984741211,62.709999084472656,61.369998931884766,62.560001373291016,55.350372314453125,56951100,0.0,0.0,0.0
2012-05-24 00:00:00-04:00,62.650001525878906,62.709999084472656,61.689998626708984,62.150001525878906,54.98761749267578,83131200,0.0,0.0,0.0
2012-05-25 00:00:00-04:00,62.209999084472656,62.31999969482422,61.88999938964844,62.06999969482422,54.91683578491211,32078900,0.0,0.0,0.0
2012-05-29 00:00:00-04:00,62.650001525878906,63.150001525878906,62.279998779296875,62.86000061035156,55.615787506103516,44216700,0.0,0.0,0.0
2012-05-30 00:00:00-04:00,62.290000915527344,62.54999923706055,61.68000030517578,62.33000183105469,55.146888732910156,56431800,0.0,0.0,0.0
2012-05-31 00:00:00-04:00,62.25,62.40999984741211,61.59000015258789,62.060001373291016,54.90798568725586,55260100,0.0,0.0,0.0
2012-06-01 00:00:00-04:00,60.939998626708984,61.31999969482422,60.38999938964844,60.40999984741211,53.44814682006836,71430800,0.0,0.0,0.0
2012-06-04 00:00:00-04:00,60.58000183105469,60.959999084472656,60.040000915527344,60.869998931884766,53.85512924194336,74119500,0.0,0.0,0.0
2012-06-05 00:00:00-04:00,60.65999984741211,61.2400016784668,60.630001068115234,61.119998931884766,54.07631301879883,47916900,0.0,0.0,0.0
2012-06-06 00:00:00-04:00,61.58000183105469,62.56999969482422,61.52000045776367,62.52000045776367,55.31498718261719,58781800,0.0,0.0,0.0
2012-06-07 00:00:00-04:00,63.18000030517578,63.18000030517578,62.220001220703125,62.27000045776367,55.09380340576172,38414800,0.0,0.0,0.0
2012-06-08 00:00:00-04:00,62.16999816894531,62.95000076293945,61.959999084472656,62.869998931884766,55.6246337890625,39730800,0.0,0.0,0.0
2012-06-11 00:00:00-04:00,63.349998474121094,63.380001068115234,61.77000045776367,61.810001373291016,54.686805725097656,51008900,0.0,0.0,0.0
2012-06-12 00:00:00-04:00,62.099998474121094,62.59000015258789,61.68000030517578,62.560001373291016,55.350372314453125,48802600,0.0,0.0,0.0
2012-06-13 00:00:00-04:00,62.380001068115234,62.849998474121094,61.91999816894531,62.130001068115234,54.96992111206055,50840100,0.0,0.0,0.0
2012-06-14 00:00:00-04:00,62.119998931884766,62.61000061035156,61.79999923706055,62.36000061035156,55.17341613769531,65170600,0.0,0.0,0.0
2012-06-15 00:00:00-04:00,62.38999938964844,63.08000183105469,62.36000061035156,62.9900016784668,55.858909606933594,41536100,0.143,0.0,0.0
2012-06-18 00:00:00-04:00,62.72999954223633,63.7400016784668,62.630001068115234,63.58000183105469,56.38209915161133,32191200,0.0,0.0,0.0
2012-06-19 00:00:00-04:00,63.900001525878906,64.51000213623047,63.849998474121094,64.23999786376953,56.967384338378906,36476500,0.0,0.0,0.0
2012-06-20 00:00:00-04:00,64.37999725341797,64.56999969482422,63.810001373291016,64.29000091552734,57.01172637939453,51389700,0.0,0.0,0.0
2012-06-21 00:00:00-04:00,64.23999786376953,64.30999755859375,62.619998931884766,62.689998626708984,55.59286117553711,42492700,0.0,0.0,0.0
2012-06-22 00:00:00-04:00,62.900001525878906,63.43000030517578,62.72999954223633,63.349998474121094,56.17814254760742,29504200,0.0,0.0,0.0
2012-06-25 00:00:00-04:00,62.83000183105469,62.849998474121094,61.95000076293945,62.130001068115234,55.096256256103516,33136400,0.0,0.0,0.0
2012-06-26 00:00:00-04:00,62.34000015258789,62.70000076293945,62.060001373291016,62.52000045776367,55.44211196899414,30611100,0.0,0.0,0.0
2012-06-27 00:00:00-04:00,62.7599983215332,63.18000030517578,62.689998626708984,62.900001525878906,55.77909851074219,35705800,0.0,0.0,0.0
2012-06-28 00:00:00-04:00,62.43000030517578,62.470001220703125,61.540000915527344,62.20000076293945,55.158348083496094,49793400,0.0,0.0,0.0
2012-06-29 00:00:00-04:00,63.400001525878906,64.16000366210938,63.209999084472656,64.16000366210938,56.89645004272461,44761300,0.0,0.0,0.0
2012-07-02 00:00:00-04:00,64.25,64.37999725341797,63.869998931884766,64.3499984741211,57.06492614746094,33425600,0.0,0.0,0.0
2012-07-03 00:00:00-04:00,64.38999938964844,64.88999938964844,64.29000091552734,64.88999938964844,57.54379653930664,15895100,0.0,0.0,0.0
2012-07-05 00:00:00-04:00,64.83000183105469,65.25,64.4800033569336,64.93000030517578,57.579288482666016,37016200,0.0,0.0,0.0
2012-07-06 00:00:00-04:00,64.62999725341797,64.69000244140625,63.650001525878906,64.12000274658203,56.8609619140625,40684100,0.0,0.0,0.0
2012-07-09 00:00:00-04:00,64.05000305175781,64.26000213623047,63.68000030517578,64.0,56.75455856323242,35628300,0.0,0.0,0.0
2012-07-10 00:00:00-04:00,64.3499984741211,64.51000213623047,63.119998931884766,63.369998931884766,56.195884704589844,47365700,0.0,0.0,0.0
2012-07-11 00:00:00-04:00,63.290000915527344,63.459999084472656,62.5,63.02000045776367,55.8854866027832,43432000,0.0,0.0,0.0
2012-07-12 00:00:00-04:00,62.52000045776367,62.689998626708984,61.86000061035156,62.43000030517578,55.362300872802734,57680400,0.0,0.0,0.0
2012-07-13 00:00:00-04:00,62.599998474121094,63.52000045776367,62.560001373291016,63.380001068115234,56.20475387573242,32357200,0.0,0.0,0.0
2012-07-16 00:00:00-04:00,63.2400016784668,63.52000045776367,62.95000076293945,63.20000076293945,56.04513931274414,27621400,0.0,0.0,0.0
2012-07-17 00:00:00-04:00,63.599998474121094,63.7400016784668,62.630001068115234,63.529998779296875,56.337764739990234,42467800,0.0,0.0,0.0
2012-07-18 00:00:00-04:00,63.40999984741211,64.58000183105469,63.38999938964844,64.38999938964844,57.10040283203125,44489700,0.0,0.0,0.0
2012-07-19 00:00:00-04:00,64.83999633789062,65.30999755859375,64.72000122070312,65.0999984741211,57.730037689208984,53017800,0.0,0.0,0.0
2012-07-20 00:00:00-04:00,65.08000183105469,65.0999984741211,64.20999908447266,64.23999786376953,56.967384338378906,40573100,0.0,0.0,0.0
2012-07-23 00:00:00-04:00,62.9900016784668,63.68000030517578,62.5099983215332,63.459999084472656,56.27570343017578,48657800,0.0,0.0,0.0
2012-07-24 00:00:00-04:00,63.56999969482422,63.65999984741211,62.54999923706055,62.959999084472656,55.83229446411133,57269700,0.0,0.0,0.0
2012-07-25 00:00:00-04:00,62.470001220703125,62.95000076293945,62.150001525878906,62.540000915527344,55.45984649658203,46264400,0.0,0.0,0.0
2012-07-26 00:00:00-04:00,63.439998626708984,63.72999954223633,62.970001220703125,63.369998931884766,56.195884704589844,41928200,0.0,0.0,0.0
2012-07-27 00:00:00-04:00,63.83000183105469,64.98999786376953,63.63999938964844,64.87000274658203,57.526065826416016,42621000,0.0,0.0,0.0
2012-07-30 00:00:00-04:00,65.02999877929688,65.30999755859375,64.5999984741211,64.81999969482422,57.481719970703125,37821300,0.0,0.0,0.0
2012-07-31 00:00:00-04:00,64.91999816894531,65.18000030517578,64.73999786376953,64.80000305175781,57.463993072509766,34588300,0.0,0.0,0.0
2012-08-01 00:00:00-04:00,65.26000213623047,65.27999877929688,64.3499984741211,64.61000061035156,57.295501708984375,30920200,0.0,0.0,0.0
2012-08-02 00:00:00-04:00,64.12000274658203,65.0199966430664,63.90999984741211,64.37999725341797,57.091529846191406,40534900,0.0,0.0,0.0
2012-08-03 00:00:00-04:00,65.41999816894531,65.87999725341797,65.19000244140625,65.5999984741211,58.17341613769531,42117400,0.0,0.0,0.0
2012-08-06 00:00:00-04:00,65.94000244140625,66.38999938964844,65.80000305175781,66.0999984741211,58.61681365966797,23523600,0.0,0.0,0.0
2012-08-07 00:00:00-04:00,66.37999725341797,66.91999816894531,66.27999877929688,66.6500015258789,59.10454559326172,28223300,0.0,0.0,0.0
2012-08-08 00:00:00-04:00,66.4800033569336,66.76000213623047,66.37000274658203,66.62000274658203,59.07796096801758,20723500,0.0,0.0,0.0
2012-08-09 00:00:00-04:00,66.61000061035156,66.91000366210938,66.48999786376953,66.81999969482422,59.25531768798828,20726200,0.0,0.0,0.0
2012-08-10 00:00:00-04:00,66.58000183105469,66.87999725341797,66.41000366210938,66.86000061035156,59.29077911376953,20312000,0.0,0.0,0.0
2012-08-13 00:00:00-04:00,66.83999633789062,67.02999877929688,66.5,67.0199966430664,59.432674407958984,19890300,0.0,0.0,0.0
2012-08-14 00:00:00-04:00,67.2699966430664,67.41000366210938,66.86000061035156,67.05000305175781,59.45927810668945,24218700,0.0,0.0,0.0
2012-08-15 00:00:00-04:00,67.0,67.31999969482422,66.98999786376953,67.22000122070312,59.610015869140625,29100400,0.0,0.0,0.0
2012-08-16 00:00:00-04:00,67.47000122070312,68.16999816894531,67.38999938964844,68.0199966430664,60.3194580078125,35699900,0.0,0.0,0.0
2012-08-17 00:00:00-04:00,68.16999816894531,68.33000183105469,68.01000213623047,68.31999969482422,60.58546447753906,22584800,0.0,0.0,0.0
2012-08-20 00:00:00-04:00,68.2699966430664,68.43000030517578,68.0,68.41999816894531,60.67417907714844,26924000,0.0,0.0,0.0
2012-08-21 00:00:00-04:00,68.5999984741211,68.87999725341797,67.87999725341797,68.1500015258789,60.434722900390625,41391000,0.0,0.0,0.0
2012-08-22 00:00:00-04:00,68.0,68.55999755859375,67.80999755859375,68.43000030517578,60.683040618896484,44555700,0.0,0.0,0.0
2012-08-23 00:00:00-04:00,68.12000274658203,68.33999633789062,67.69000244140625,67.87000274658203,60.186466217041016,28800400,0.0,0.0,0.0
2012-08-24 00:00:00-04:00,67.70999908447266,68.44999694824219,67.5999984741211,68.29000091552734,60.55888366699219,38384800,0.0,0.0,0.0
2012-08-27 00:00:00-04:00,68.58000183105469,68.66999816894531,68.25,68.4000015258789,60.656429290771484,20671400,0.0,0.0,0.0
2012-08-28 00:00:00-04:00,68.33999633789062,68.58999633789062,68.11000061035156,68.4000015258789,60.656429290771484,27337900,0.0,0.0,0.0
2012-08-29 00:00:00-04:00,68.4000015258789,68.56999969482422,68.11000061035156,68.4000015258789,60.656429290771484,26672400,0.0,0.0,0.0
2012-08-30 00:00:00-04:00,68.0999984741211,68.12999725341797,67.5999984741211,67.70999908447266,60.0445671081543,24425400,0.0,0.0,0.0
2012-08-31 00:00:00-04:00,68.19999694824219,68.44999694824219,67.47000122070312,68.16000366210938,60.44359588623047,42128000,0.0,0.0,0.0
2012-09-04 00:00:00-04:00,68.02999877929688,68.3499984741211,67.41999816894531,68.08999633789062,60.38153076171875,32017200,0.0,0.0,0.0
2012-09-05 00:00:00-04:00,68.05999755859375,68.3499984741211,67.83999633789062,68.0199966430664,60.3194580078125,26129300,0.0,0.0,0.0
2012-09-06 00:00:00-04:00,68.44000244140625,69.55000305175781,68.41999816894531,69.52999877929688,61.658512115478516,43100000,0.0,0.0,0.0
2012-09-07 00:00:00-04:00,69.37000274658203,69.55000305175781,69.2300033569336,69.43000030517578,61.56984329223633,32958600,0.0,0.0,0.0
2012-09-10 00:00:00-04:00,69.25,69.4000015258789,68.48999786376953,68.54000091552734,60.780609130859375,25490000,0.0,0.0,0.0
2012-09-11 00:00:00-04:00,68.55000305175781,68.81999969482422,68.31999969482422,68.43000030517578,60.683040618896484,29810100,0.0,0.0,0.0
2012-09-12 00:00:00-04:00,68.68000030517578,68.80999755859375,68.20999908447266,68.62999725341797,60.86039733886719,42203400,0.0,0.0,0.0
2012-09-13 00:00:00-04:00,68.69000244140625,69.86000061035156,68.62000274658203,69.55999755859375,61.68510437011719,45417800,0.0,0.0,0.0
2012-09-14 00:00:00-04:00,69.80999755859375,70.43000030517578,69.79000091552734,70.18000030517578,62.234920501708984,38880300,0.0,0.0,0.0
2012-09-17 00:00:00-04:00,70.22000122070312,70.23999786376953,69.95999908447266,70.20999908447266,62.26154327392578,31798400,0.0,0.0,0.0
2012-09-18 00:00:00-04:00,70.02999877929688,70.30000305175781,70.0199966430664,70.2699966430664,62.31473159790039,27169800,0.0,0.0,0.0
2012-09-19 00:00:00-04:00,70.26000213623047,70.58000183105469,70.05999755859375,70.4000015258789,62.43000793457031,36484600,0.0,0.0,0.0
2012-09-20 00:00:00-04:00,70.05999755859375,70.4000015258789,69.87000274658203,70.33000183105469,62.367923736572266,42520200,0.0,0.0,0.0
2012-09-21 00:00:00-04:00,70.4800033569336,70.54000091552734,70.08000183105469,70.1500015258789,62.38572311401367,23678500,0.2,0.0,0.0
2012-09-24 00:00:00-04:00,69.56999969482422,69.86000061035156,69.41999816894531,69.73999786376953,62.021087646484375,32341600,0.0,0.0,0.0
2012-09-25 00:00:00-04:00,69.91999816894531,70.08000183105469,68.7300033569336,68.76000213623047,61.149593353271484,41299600,0.0,0.0,0.0
2012-09-26 00:00:00-04:00,68.66999816894531,68.70999908447266,67.8499984741211,68.19999694824219,60.651546478271484,32770400,0.0,0.0,0.0
2012-09-27 00:00:00-04:00,68.37000274658203,69.30000305175781,68.25,69.13999938964844,61.487510681152344,25339500,0.0,0.0,0.0
2012-09-28 00:00:00-04:00,68.91000366210938,69.12000274658203,68.51000213623047,68.56999969482422,60.9806022644043,30112600,0.0,0.0,0.0
2012-10-01 00:00:00-04:00,68.9000015258789,69.33000183105469,68.25,68.47000122070312,60.89168167114258,37715300,0.0,0.0,0.0
2012-10-02 00:00:00-04:00,68.7699966430664,68.9800033569336,68.12999725341797,68.66999816894531,61.06953430175781,33254300,0.0,0.0,0.0
2012-10-03 00:00:00-04:00,68.86000061035156,69.23999786376953,68.58999633789062,69.11000061035156,61.46082305908203,38236000,0.0,0.0,0.0
2012-10-04 00:00:00-04:00,69.22000122070312,69.54000091552734,69.0,69.3499984741211,61.67429733276367,26128600,0.0,0.0,0.0
2012-10-05 00:00:00-04:00,69.69999694824219,69.80000305175781,68.80000305175781,68.9800033569336,61.34524917602539,25207900,0.0,0.0,0.0
2012-10-08 00:00:00-04:00,68.58000183105469,68.72000122070312,68.19000244140625,68.3499984741211,60.784942626953125,30911500,0.0,0.0,0.0
2012-10-09 00:00:00-04:00,68.16999816894531,68.33999633789062,67.0999984741211,67.26000213623047,59.815608978271484,67974000,0.0,0.0,0.0
2012-10-10 00:00:00-04:00,67.23999786376953,67.43000030517578,66.80000305175781,66.91999816894531,59.513214111328125,45134300,0.0,0.0,0.0
2012-10-11 00:00:00-04:00,67.41999816894531,67.47000122070312,66.66999816894531,66.70999908447266,59.32646942138672,30469400,0.0,0.0,0.0
2012-10-12 00:00:00-04:00,66.69999694824219,67.05999755859375,66.55000305175781,66.68000030517578,59.2997932434082,24891200,0.0,0.0,0.0
2012-10-15 00:00:00-04:00,66.93000030517578,67.26000213623047,66.52999877929688,67.16999816894531,59.73554229736328,22220100,0.0,0.0,0.0
2012-10-16 00:00:00-04:00,67.2699966430664,68.19999694824219,67.25,68.12000274658203,60.58040237426758,33960600,0.0,0.0,0.0
2012-10-17 00:00:00-04:00,67.7699966430664,68.30000305175781,67.68000030517578,68.08000183105469,60.54480743408203,33439400,0.0,0.0,0.0
2012-10-18 00:00:00-04:00,67.86000061035156,68.08000183105469,67.04000091552734,67.29000091552734,59.84225082397461,61707600,0.0,0.0,0.0
2012-10-19 00:00:00-04:00,67.20999908447266,67.2699966430664,65.5999984741211,65.68000030517578,58.410465240478516,75362600,0.0,0.0,0.0
2012-10-22 00:00:00-04:00,65.6500015258789,66.19000244140625,65.5,66.0199966430664,58.71284484863281,38621500,0.0,0.0,0.0
2012-10-23 00:00:00-04:00,65.4800033569336,65.94999694824219,65.19000244140625,65.38999938964844,58.15257263183594,52591200,0.0,0.0,0.0
2012-10-24 00:00:00-04:00,65.76000213623047,65.87000274658203,65.05999755859375,65.16000366210938,57.9480094909668,39872400,0.0,0.0,0.0
2012-10-25 00:00:00-04:00,65.61000061035156,65.72000122070312,64.97000122070312,65.16000366210938,57.9480094909668,52688700,0.0,0.0,0.0
2012-10-26 00:00:00-04:00,65.16000366210938,65.62000274658203,64.6500015258789,65.3499984741211,58.11700439453125,54213100,0.0,0.0,0.0
2012-10-31 00:00:00-04:00,65.2699966430664,65.38999938964844,64.7300033569336,64.94999694824219,57.76127243041992,38524500,0.0,0.0,0.0
2012-11-01 00:00:00-04:00,65.36000061035156,66.0,65.16999816894531,65.87000274658203,58.57946014404297,26945000,0.0,0.0,0.0
2012-11-02 00:00:00-04:00,66.16999816894531,66.20999908447266,65.11000061035156,65.16999816894531,57.9569206237793,44083000,0.0,0.0,0.0
2012-11-05 00:00:00-05:00,65.18000030517578,65.7300033569336,65.04000091552734,65.5999984741211,58.339324951171875,28094700,0.0,0.0,0.0
2012-11-06 00:00:00-05:00,65.70999908447266,66.16999816894531,65.45999908447266,65.72000122070312,58.446044921875,29608400,0.0,0.0,0.0
2012-11-07 00:00:00-05:00,65.0199966430664,65.0999984741211,63.900001525878906,64.16999816894531,57.067604064941406,70737800,0.0,0.0,0.0
2012-11-08 00:00:00-05:00,64.3499984741211,64.5,63.15999984741211,63.15999984741211,56.16938018798828,58585800,0.0,0.0,0.0
2012-11-09 00:00:00-05:00,63.20000076293945,64.11000061035156,63.15999984741211,63.43000030517578,56.40951156616211,51542100,0.0,0.0,0.0
2012-11-12 00:00:00-05:00,63.79999923706055,63.869998931884766,63.25,63.41999816894531,56.40060043334961,32663700,0.0,0.0,0.0
2012-11-13 00:00:00-05:00,62.93000030517578,63.58000183105469,62.779998779296875,62.97999954223633,56.00931167602539,43288300,0.0,0.0,0.0
2012-11-14 00:00:00-05:00,63.290000915527344,63.36000061035156,62.13999938964844,62.2400016784668,55.35121536254883,82655300,0.0,0.0,0.0
2012-11-15 00:00:00-05:00,62.279998779296875,62.4900016784668,61.79999923706055,62.029998779296875,55.164451599121094,55124200,0.0,0.0,0.0
2012-11-16 00:00:00-05:00,62.08000183105469,62.47999954223633,61.310001373291016,62.29999923706055,55.40458297729492,70873100,0.0,0.0,0.0
2012-11-19 00:00:00-05:00,62.97999954223633,63.83000183105469,62.959999084472656,63.779998779296875,56.720760345458984,55306400,0.0,0.0,0.0
2012-11-20 00:00:00-05:00,63.7599983215332,63.88999938964844,63.189998626708984,63.79999923706055,56.738563537597656,52012700,0.0,0.0,0.0
2012-11-21 00:00:00-05:00,63.869998931884766,64.0199966430664,63.599998474121094,63.93000030517578,56.854164123535156,19611700,0.0,0.0,0.0
2012-11-23 00:00:00-05:00,64.29000091552734,64.91999816894531,64.25,64.9000015258789,57.716800689697266,16462900,0.0,0.0,0.0
2012-11-26 00:00:00-05:00,64.73999786376953,65.22000122070312,64.54000091552734,65.18000030517578,57.965816497802734,26430900,0.0,0.0,0.0
2012-11-27 00:00:00-05:00,65.16999816894531,65.4000015258789,64.8499984741211,64.95999908447266,57.7701530456543,25828600,0.0,0.0,0.0
2012-11-28 00:00:00-05:00,64.6500015258789,65.56999969482422,64.25,65.5199966430664,58.26816940307617,37295800,0.0,0.0,0.0
2012-11-29 00:00:00-05:00,65.87000274658203,66.13999938964844,65.58000183105469,65.91000366210938,58.615020751953125,41136100,0.0,0.0,0.0
2012-11-30 00:00:00-05:00,65.91999816894531,65.97000122070312,65.61000061035156,65.80000305175781,58.517173767089844,33497400,0.0,0.0,0.0
2012-12-03 00:00:00-05:00,66.30999755859375,66.37000274658203,65.63999938964844,65.66999816894531,58.40157699584961,28240000,0.0,0.0,0.0
2012-12-04 00:00:00-05:00,65.69999694824219,65.7699966430664,65.19999694824219,65.62999725341797,58.36599349975586,49584500,0.0,0.0,0.0
2012-12-05 00:00:00-05:00,65.52999877929688,65.54000091552734,64.55000305175781,64.9000015258789,57.716800689697266,54076200,0.0,0.0,0.0
2012-12-06 00:00:00-05:00,64.69999694824219,65.4800033569336,64.52999877929688,65.31999969482422,58.09033203125,47512300,0.0,0.0,0.0
2012-12-07 00:00:00-05:00,65.63999938964844,65.70999908447266,64.70999908447266,64.93000030517578,57.743492126464844,30089400,0.0,0.0,0.0
2012-12-10 00:00:00-05:00,64.75,65.45999908447266,64.75,65.12000274658203,57.91246795654297,33219600,0.0,0.0,0.0
2012-12-11 00:00:00-05:00,65.56999969482422,66.33999633789062,65.5199966430664,65.97000122070312,58.66838073730469,40750800,0.0,0.0,0.0
2012-12-12 00:00:00-05:00,66.31999969482422,66.31999969482422,65.6500015258789,65.83000183105469,58.543880462646484,45917700,0.0,0.0,0.0
2012-12-13 00:00:00-05:00,65.69999694824219,66.16000366210938,65.02999877929688,65.30999755859375,58.081417083740234,45467700,0.0,0.0,0.0
2012-12-14 00:00:00-05:00,64.87000274658203,65.08000183105469,64.47000122070312,64.69000244140625,57.530033111572266,39630300,0.0,0.0,0.0
2012-12-17 00:00:00-05:00,64.75,65.56999969482422,64.66000366210938,65.55000305175781,58.29485321044922,42302900,0.0,0.0,0.0
2012-12-18 00:00:00-05:00,65.87999725341797,66.6500015258789,65.69999694824219,66.55000305175781,59.18417739868164,55596000,0.0,0.0,0.0
2012-12-19 00:00:00-05:00,66.73999786376953,66.76000213623047,66.22000122070312,66.26000213623047,58.92628860473633,34832500,0.0,0.0,0.0
2012-12-20 00:00:00-05:00,66.37999725341797,66.41000366210938,65.93000030517578,66.26000213623047,58.92628860473633,40754300,0.0,0.0,0.0
2012-12-21 00:00:00-05:00,64.87999725341797,65.27999877929688,64.5999984741211,65.19999694824219,58.306541442871094,51152900,0.367,0.0,0.0
2012-12-24 00:00:00-05:00,65.02999877929688,65.13999938964844,64.91999816894531,65.06999969482422,58.190284729003906,11418300,0.0,0.0,0.0
2012-12-26 00:00:00-05:00,65.12000274658203,65.18000030517578,64.29000091552734,64.5,57.6805534362793,21751300,0.0,0.0,0.0
2012-12-27 00:00:00-05:00,64.55999755859375,64.63999938964844,63.599998474121094,64.4000015258789,57.59111785888672,52933200,0.0,0.0,0.0
2012-12-28 00:00:00-05:00,63.90999984741211,64.43000030517578,63.75,63.779998779296875,57.03667449951172,33082100,0.0,0.0,0.0
2012-12-31 00:00:00-05:00,63.709999084472656,65.25,63.58000183105469,65.12999725341797,58.24394607543945,57544000,0.0,0.0,0.0
2013-01-02 00:00:00-05:00,66.7300033569336,67.2300033569336,66.4800033569336,67.19999694824219,60.0950927734375,70695900,0.0,0.0,0.0
2013-01-03 00:00:00-05:00,67.19999694824219,67.33999633789062,66.6500015258789,66.8499984741211,59.7821044921875,47366500,0.0,0.0,0.0
2013-01-04 00:00:00-05:00,66.87999725341797,66.87999725341797,66.47000122070312,66.62999725341797,59.58534622192383,33972500,0.0,0.0,0.0
2013-01-07 00:00:00-05:00,66.45999908447266,66.76000213623047,66.25,66.6500015258789,59.60321807861328,26766200,0.0,0.0,0.0
2013-01-08 00:00:00-05:00,66.63999938964844,66.81999969482422,66.16999816894531,66.5199966430664,59.48698043823242,28734900,0.0,0.0,0.0
2013-01-09 00:00:00-05:00,66.62000274658203,66.94999694824219,66.55000305175781,66.7699966430664,59.71056365966797,25600300,0.0,0.0,0.0
2013-01-10 00:00:00-05:00,67.2300033569336,67.2699966430664,66.55000305175781,67.16999816894531,60.068260192871094,37528000,0.0,0.0,0.0
2013-01-11 00:00:00-05:00,67.13999938964844,67.29000091552734,67.0,67.26000213623047,60.14875411987305,21158600,0.0,0.0,0.0
2013-01-14 00:00:00-05:00,66.91999816894531,67.1500015258789,66.66999816894531,66.95999908447266,59.88046646118164,36768500,0.0,0.0,0.0
2013-01-15 00:00:00-05:00,66.62999725341797,66.7300033569336,66.33000183105469,66.62999725341797,59.58534622192383,31675300,0.0,0.0,0.0
2013-01-16 00:00:00-05:00,66.72000122070312,67.12999725341797,66.5999984741211,66.9000015258789,59.82680892944336,33822300,0.0,0.0,0.0
2013-01-17 00:00:00-05:00,67.16999816894531,67.4800033569336,67.05999755859375,67.22000122070312,60.11296463012695,32024200,0.0,0.0,0.0
2013-01-18 00:00:00-05:00,67.0199966430664,67.13999938964844,66.7699966430664,67.06999969482422,59.978843688964844,31992000,0.0,0.0,0.0
2013-01-22 00:00:00-05:00,67.13999938964844,67.2300033569336,66.7300033569336,67.18000030517578,60.07719421386719,32123100,0.0,0.0,0.0
2013-01-23 00:00:00-05:00,67.55999755859375,67.79000091552734,67.45999908447266,67.58999633789062,60.443851470947266,31975700,0.0,0.0,0.0
2013-01-24 00:00:00-05:00,66.66000366210938,67.27999877929688,66.55999755859375,66.66000366210938,59.6121940612793,42596300,0.0,0.0,0.0
2013-01-25 00:00:00-05:00,66.87000274658203,67.19000244140625,66.73999786376953,67.0,59.91623306274414,39240100,0.0,0.0,0.0
2013-01-28 00:00:00-05:00,67.01000213623047,67.37999725341797,66.93000030517578,67.1500015258789,60.05037307739258,32926100,0.0,0.0,0.0
2013-01-29 00:00:00-05:00,67.06999969482422,67.30999755859375,66.62999725341797,67.16000366210938,60.05933380126953,35554700,0.0,0.0,0.0
2013-01-30 00:00:00-05:00,67.27999877929688,67.4800033569336,66.87000274658203,67.0199966430664,59.93411636352539,34445000,0.0,0.0,0.0
2013-01-31 00:00:00-05:00,66.98999786376953,67.3499984741211,66.80999755859375,66.87000274658203,59.79997253417969,34870500,0.0,0.0,0.0
2013-02-01 00:00:00-05:00,67.33999633789062,67.77999877929688,67.06999969482422,67.66000366210938,60.50646209716797,53120800,0.0,0.0,0.0
2013-02-04 00:00:00-05:00,67.2699966430664,67.45999908447266,66.45999908447266,66.4800033569336,59.45122146606445,48483700,0.0,0.0,0.0
2013-02-05 00:00:00-05:00,66.7699966430664,67.66999816894531,66.61000061035156,67.45999908447266,60.32759094238281,35120300,0.0,0.0,0.0
2013-02-06 00:00:00-05:00,67.23999786376953,67.55000305175781,67.04000091552734,67.23999786376953,60.130859375,43593200,0.0,0.0,0.0
2013-02-07 00:00:00-05:00,67.31999969482422,67.37000274658203,66.55999755859375,67.30000305175781,60.184513092041016,46017900,0.0,0.0,0.0
2013-02-08 00:00:00-05:00,67.63999938964844,68.12999725341797,67.62999725341797,67.98999786376953,60.80157470703125,39837200,0.0,0.0,0.0
2013-02-11 00:00:00-05:00,68.02999877929688,68.05999755859375,67.77999877929688,68.01000213623047,60.81944274902344,17650400,0.0,0.0,0.0
2013-02-12 00:00:00-05:00,67.91999816894531,68.05000305175781,67.66000366210938,67.7300033569336,60.56906509399414,22057900,0.0,0.0,0.0
2013-02-13 00:00:00-05:00,67.93000030517578,68.2300033569336,67.7699966430664,67.97000122070312,60.78368377685547,23494700,0.0,0.0,0.0
2013-02-14 00:00:00-05:00,67.66000366210938,68.05000305175781,67.62000274658203,67.94999694824219,60.765811920166016,24478800,0.0,0.0,0.0
2013-02-15 00:00:00-05:00,67.94000244140625,68.11000061035156,67.55999755859375,67.75,60.586952209472656,25333600,0.0,0.0,0.0
2013-02-19 00:00:00-05:00,67.87999725341797,68.26000213623047,67.86000061035156,68.23999786376953,61.02511215209961,23436500,0.0,0.0,0.0
2013-02-20 00:00:00-05:00,68.22000122070312,68.25,67.18000030517578,67.19000244140625,60.08613204956055,38200300,0.0,0.0,0.0
2013-02-21 00:00:00-05:00,66.94000244140625,67.01000213623047,66.2300033569336,66.47000122070312,59.44227600097656,45855600,0.0,0.0,0.0
2013-02-22 00:00:00-05:00,66.8499984741211,67.1500015258789,66.58999633789062,67.13999938964844,60.04142761230469,21968000,0.0,0.0,0.0
2013-02-25 00:00:00-05:00,67.56999969482422,67.80999755859375,66.25,66.30999755859375,59.29918670654297,40927600,0.0,0.0,0.0
2013-02-26 00:00:00-05:00,66.4000015258789,66.68000030517578,65.95999908447266,66.55999755859375,59.52275085449219,42088800,0.0,0.0,0.0
2013-02-27 00:00:00-05:00,66.55999755859375,67.6500015258789,66.47000122070312,67.23999786376953,60.130859375,36339500,0.0,0.0,0.0
2013-02-28 00:00:00-05:00,67.25,67.73999786376953,67.08999633789062,67.0999984741211,60.00566101074219,28557300,0.0,0.0,0.0
2013-03-01 00:00:00-05:00,66.87000274658203,67.5,66.54000091552734,67.37999725341797,60.25605010986328,31617200,0.0,0.0,0.0
2013-03-04 00:00:00-05:00,67.16000366210938,67.69000244140625,67.06999969482422,67.68000030517578,60.52435302734375,19380500,0.0,0.0,0.0
2013-03-05 00:00:00-05:00,68.08000183105469,68.7699966430664,68.08000183105469,68.68000030517578,61.418617248535156,35581900,0.0,0.0,0.0
2013-03-06 00:00:00-05:00,68.88999938964844,68.91000366210938,68.41999816894531,68.51000213623047,61.266597747802734,29071100,0.0,0.0,0.0
2013-03-07 00:00:00-05:00,68.58999633789062,68.80000305175781,68.44999694824219,68.69000244140625,61.427574157714844,21775900,0.0,0.0,0.0
2013-03-08 00:00:00-05:00,68.91999816894531,69.0199966430664,68.5,68.7699966430664,61.49909591674805,26159900,0.0,0.0,0.0
2013-03-11 00:00:00-04:00,68.68000030517578,68.98999786376953,68.47000122070312,68.97000122070312,61.677947998046875,23187900,0.0,0.0,0.0
2013-03-12 00:00:00-04:00,68.7699966430664,68.93000030517578,68.38999938964844,68.72000122070312,61.45438766479492,27575400,0.0,0.0,0.0
2013-03-13 00:00:00-04:00,68.80999755859375,68.88999938964844,68.38999938964844,68.62999725341797,61.3739013671875,34297300,0.0,0.0,0.0
2013-03-14 00:00:00-04:00,68.87000274658203,69.01000213623047,68.70999908447266,68.86000061035156,61.5796012878418,31530800,0.0,0.0,0.0
2013-03-15 00:00:00-04:00,68.75,68.79000091552734,68.33999633789062,68.51000213623047,61.40837097167969,30752600,0.159,0.0,0.0
2013-03-18 00:00:00-04:00,67.87999725341797,68.63999938964844,67.7300033569336,68.36000061035156,61.27392578125,36163000,0.0,0.0,0.0
2013-03-19 00:00:00-04:00,68.56999969482422,68.69999694824219,67.62000274658203,68.2300033569336,61.15739440917969,33125100,0.0,0.0,0.0
2013-03-20 00:00:00-04:00,68.70999908447266,68.86000061035156,68.38999938964844,68.70999908447266,61.5876350402832,28035400,0.0,0.0,0.0
2013-03-21 00:00:00-04:00,68.08000183105469,68.25,67.7699966430664,67.93000030517578,60.88851547241211,30050800,0.0,0.0,0.0
2013-03-22 00:00:00-04:00,68.20999908447266,68.63999938964844,68.12999725341797,68.58999633789062,61.480072021484375,28837200,0.0,0.0,0.0
2013-03-25 00:00:00-04:00,68.80999755859375,68.95999908447266,68.01000213623047,68.33999633789062,61.25601577758789,24909800,0.0,0.0,0.0
2013-03-26 00:00:00-04:00,68.5999984741211,68.7300033569336,68.44999694824219,68.70999908447266,61.5876350402832,19725200,0.0,0.0,0.0
2013-03-27 00:00:00-04:00,68.23999786376953,68.8499984741211,68.13999938964844,68.80000305175781,61.668331146240234,22539500,0.0,0.0,0.0
2013-03-28 00:00:00-04:00,68.80000305175781,69.05999755859375,68.63999938964844,68.97000122070312,61.82067108154297,23662800,0.0,0.0,0.0
2013-04-01 00:00:00-04:00,69.0199966430664,69.08999633789062,68.30999755859375,68.5,61.3994026184082,28112800,0.0,0.0,0.0
2013-04-02 00:00:00-04:00,68.83000183105469,69.2699966430664,68.7699966430664,69.04000091552734,61.88343048095703,29431900,0.0,0.0,0.0
2013-04-03 00:00:00-04:00,69.08000183105469,69.18000030517578,68.23999786376953,68.41000366210938,61.31873321533203,35131200,0.0,0.0,0.0
2013-04-04 00:00:00-04:00,68.37999725341797,68.5999984741211,68.05999755859375,68.43000030517578,61.336673736572266,32287400,0.0,0.0,0.0
2013-04-05 00:00:00-04:00,67.3499984741211,67.95999908447266,67.19000244140625,67.86000061035156,60.82575988769531,55610800,0.0,0.0,0.0
2013-04-08 00:00:00-04:00,67.88999938964844,68.23999786376953,67.69000244140625,68.22000122070312,61.14842987060547,17891600,0.0,0.0,0.0
2013-04-09 00:00:00-04:00,68.4000015258789,68.95999908447266,68.08999633789062,68.68000030517578,61.56075668334961,30931400,0.0,0.0,0.0
2013-04-10 00:00:00-04:00,68.91999816894531,70.16999816894531,68.87999725341797,70.0199966430664,62.761871337890625,55271300,0.0,0.0,0.0
2013-04-11 00:00:00-04:00,69.8499984741211,70.1500015258789,69.7699966430664,69.98999786376953,62.734954833984375,37233600,0.0,0.0,0.0
2013-04-12 00:00:00-04:00,69.81999969482422,69.98999786376953,69.41000366210938,69.94000244140625,62.690181732177734,32783700,0.0,0.0,0.0
2013-04-15 00:00:00-04:00,69.68000030517578,69.79000091552734,68.4800033569336,68.55999755859375,61.45320510864258,48795800,0.0,0.0,0.0
2013-04-16 00:00:00-04:00,68.94999694824219,69.55000305175781,68.80999755859375,69.47000122070312,62.26884078979492,27682600,0.0,0.0,0.0
2013-04-17 00:00:00-04:00,68.87000274658203,68.88999938964844,67.70999908447266,68.11000061035156,61.04982376098633,60204800,0.0,0.0,0.0
2013-04-18 00:00:00-04:00,68.29000091552734,68.33000183105469,66.87999725341797,67.16999816894531,60.207305908203125,56798200,0.0,0.0,0.0
2013-04-19 00:00:00-04:00,67.30000305175781,68.2300033569336,67.19999694824219,68.08999633789062,61.03192138671875,43062800,0.0,0.0,0.0
2013-04-22 00:00:00-04:00,68.33000183105469,69.04000091552734,68.08000183105469,68.79000091552734,61.659358978271484,34412100,0.0,0.0,0.0
2013-04-23 00:00:00-04:00,69.18000030517578,69.69999694824219,68.81999969482422,69.44999694824219,62.25092315673828,53078300,0.0,0.0,0.0
2013-04-24 00:00:00-04:00,69.27999877929688,69.66999816894531,69.12000274658203,69.41999816894531,62.22404098510742,44500700,0.0,0.0,0.0
2013-04-25 00:00:00-04:00,69.5999984741211,70.05000305175781,69.58999633789062,69.79000091552734,62.55569076538086,26437100,0.0,0.0,0.0
2013-04-26 00:00:00-04:00,69.62000274658203,69.7699966430664,69.2699966430664,69.56999969482422,62.358516693115234,24079800,0.0,0.0,0.0
2013-04-29 00:00:00-04:00,69.79000091552734,70.4800033569336,69.76000213623047,70.20999908447266,62.932159423828125,31664000,0.0,0.0,0.0
2013-04-30 00:00:00-04:00,70.30000305175781,70.7300033569336,70.04000091552734,70.72000122070312,63.38929748535156,30135800,0.0,0.0,0.0
2013-05-01 00:00:00-04:00,70.73999786376953,70.8499984741211,70.25,70.38999938964844,63.0935173034668,28537200,0.0,0.0,0.0
2013-05-02 00:00:00-04:00,70.51000213623047,71.43000030517578,70.44999694824219,71.27999877929688,63.89126968383789,31744200,0.0,0.0,0.0
2013-05-03 00:00:00-04:00,71.97000122070312,72.33999633789062,71.91000366210938,72.12000274658203,64.64419555664062,34061700,0.0,0.0,0.0
2013-05-06 00:00:00-04:00,72.25,72.51000213623047,72.19000244140625,72.4000015258789,64.8951416015625,19244300,0.0,0.0,0.0
2013-05-07 00:00:00-04:00,72.5199966430664,72.56999969482422,72.08999633789062,72.36000061035156,64.85931396484375,25838100,0.0,0.0,0.0
2013-05-08 00:00:00-04:00,72.31999969482422,72.7699966430664,72.19999694824219,72.70999908447266,65.17301940917969,24252100,0.0,0.0,0.0
2013-05-09 00:00:00-04:00,72.56999969482422,73.0999984741211,72.47000122070312,72.61000061035156,65.08338928222656,29337200,0.0,0.0,0.0
2013-05-10 00:00:00-04:00,72.76000213623047,73.08000183105469,72.62999725341797,73.05000305175781,65.47777557373047,20663700,0.0,0.0,0.0
2013-05-13 00:00:00-04:00,72.93000030517578,73.31999969482422,72.86000061035156,73.13999938964844,65.5584487915039,29730100,0.0,0.0,0.0
2013-05-14 00:00:00-04:00,73.16000366210938,73.73999786376953,73.12999725341797,73.5199966430664,65.89903259277344,36009800,0.0,0.0,0.0
2013-05-15 00:00:00-04:00,73.37999725341797,73.73999786376953,73.19999694824219,73.66999816894531,66.03349304199219,27214400,0.0,0.0,0.0
2013-05-16 00:00:00-04:00,73.7300033569336,74.0999984741211,73.55000305175781,73.58999633789062,65.96176147460938,27253400,0.0,0.0,0.0
2013-05-17 00:00:00-04:00,73.97000122070312,74.33000183105469,73.7300033569336,74.30000305175781,66.59819030761719,31114500,0.0,0.0,0.0
2013-05-20 00:00:00-04:00,74.16000366210938,74.43000030517578,73.88999938964844,74.19000244140625,66.49959564208984,25132400,0.0,0.0,0.0
2013-05-21 00:00:00-04:00,74.1500015258789,74.54000091552734,73.88999938964844,74.2699966430664,66.5713119506836,25900000,0.0,0.0,0.0
2013-05-22 00:00:00-04:00,74.36000061035156,74.94999694824219,73.23999786376953,73.62000274658203,65.98869323730469,59843200,0.0,0.0,0.0
2013-05-23 00:00:00-04:00,72.97000122070312,73.69999694824219,72.83000183105469,73.44999694824219,65.83631896972656,48222100,0.0,0.0,0.0
2013-05-24 00:00:00-04:00,72.95999908447266,73.43000030517578,72.76000213623047,73.41000366210938,65.80046081542969,26430300,0.0,0.0,0.0
2013-05-28 00:00:00-04:00,74.2699966430664,74.54000091552734,73.66000366210938,73.88999938964844,66.230712890625,27057100,0.0,0.0,0.0
2013-05-29 00:00:00-04:00,73.5999984741211,73.80000305175781,73.12000274658203,73.54000091552734,65.91702270507812,32090300,0.0,0.0,0.0
2013-05-30 00:00:00-04:00,73.56999969482422,74.27999877929688,73.55000305175781,73.93000030517578,66.26655578613281,32390500,0.0,0.0,0.0
2013-05-31 00:00:00-04:00,73.6500015258789,74.20999908447266,73.16999816894531,73.25,65.65704345703125,38347600,0.0,0.0,0.0
2013-06-03 00:00:00-04:00,73.26000213623047,73.4000015258789,72.43000030517578,73.37999725341797,65.77352905273438,47613100,0.0,0.0,0.0
2013-06-04 00:00:00-04:00,73.52999877929688,73.81999969482422,72.69999694824219,73.0,65.43292236328125,35251900,0.0,0.0,0.0
2013-06-05 00:00:00-04:00,72.76000213623047,73.04000091552734,71.98999786376953,72.05000305175781,64.58142852783203,48654200,0.0,0.0,0.0
2013-06-06 00:00:00-04:00,72.1500015258789,72.41000366210938,71.47000122070312,72.4000015258789,64.8951416015625,62524100,0.0,0.0,0.0
2013-06-07 00:00:00-04:00,72.69999694824219,73.47000122070312,72.5199966430664,73.38999938964844,65.78252410888672,31969800,0.0,0.0,0.0
2013-06-10 00:00:00-04:00,73.52999877929688,73.76000213623047,73.26000213623047,73.41999816894531,65.80938720703125,25390000,0.0,0.0,0.0
2013-06-11 00:00:00-04:00,72.69000244140625,73.33999633789062,72.44000244140625,72.69000244140625,65.15509033203125,40278900,0.0,0.0,0.0
2013-06-12 00:00:00-04:00,73.11000061035156,73.13999938964844,71.73999786376953,71.8499984741211,64.40214538574219,42081900,0.0,0.0,0.0
2013-06-13 00:00:00-04:00,71.75,72.91999816894531,71.55000305175781,72.76000213623047,65.21784973144531,28221500,0.0,0.0,0.0
2013-06-14 00:00:00-04:00,72.76000213623047,72.83999633789062,72.16999816894531,72.27999877929688,64.78759002685547,27690700,0.0,0.0,0.0
2013-06-17 00:00:00-04:00,72.8499984741211,73.4000015258789,72.5999984741211,72.9800033569336,65.41500091552734,32441900,0.0,0.0,0.0
2013-06-18 00:00:00-04:00,73.08000183105469,73.72000122070312,73.05999755859375,73.58000183105469,65.95281982421875,24853100,0.0,0.0,0.0
2013-06-19 00:00:00-04:00,73.5999984741211,73.68000030517578,72.68000030517578,72.76000213623047,65.21784973144531,43145100,0.0,0.0,0.0
2013-06-20 00:00:00-04:00,71.91999816894531,72.16000366210938,70.79000091552734,71.02999877929688,63.66718292236328,60908400,0.0,0.0,0.0
2013-06-21 00:00:00-04:00,70.77999877929688,70.97000122070312,69.83999633789062,70.43000030517578,63.32907485961914,51558900,0.224,0.0,0.0
2013-06-24 00:00:00-04:00,69.8499984741211,70.2699966430664,69.1500015258789,69.7300033569336,62.69963073730469,41492300,0.0,0.0,0.0
2013-06-25 00:00:00-04:00,70.4000015258789,70.5199966430664,69.80999755859375,70.23999786376953,63.1582145690918,28897400,0.0,0.0,0.0
2013-06-26 00:00:00-04:00,70.83999633789062,71.0,70.58999633789062,70.87000274658203,63.72474670410156,23742300,0.0,0.0,0.0
2013-06-27 00:00:00-04:00,71.23999786376953,71.62000274658203,71.12999725341797,71.16999816894531,63.994468688964844,23545000,0.0,0.0,0.0
2013-06-28 00:00:00-04:00,70.94999694824219,71.69000244140625,70.79000091552734,71.2699966430664,64.08438873291016,28301100,0.0,0.0,0.0
2013-07-01 00:00:00-04:00,71.75,72.30000305175781,71.63999938964844,71.70999908447266,64.4800033569336,24942800,0.0,0.0,0.0
2013-07-02 00:00:00-04:00,71.68000030517578,72.18000030517578,71.3499984741211,71.73999786376953,64.50697326660156,23067900,0.0,0.0,0.0
2013-07-03 00:00:00-04:00,71.4800033569336,72.37000274658203,71.41999816894531,72.02999877929688,64.76775360107422,18847500,0.0,0.0,0.0
2013-07-05 00:00:00-04:00,72.44000244140625,72.61000061035156,71.86000061035156,72.58000183105469,65.2623062133789,28795900,0.0,0.0,0.0
2013-07-08 00:00:00-04:00,72.95999908447266,72.98999786376953,72.37999725341797,72.6500015258789,65.32524108886719,20558500,0.0,0.0,0.0
2013-07-09 00:00:00-04:00,72.98999786376953,73.25,72.6500015258789,73.08999633789062,65.72087097167969,26108600,0.0,0.0,0.0
2013-07-10 00:00:00-04:00,73.0199966430664,73.62000274658203,72.9800033569336,73.51000213623047,66.09854125976562,25598900,0.0,0.0,0.0
2013-07-11 00:00:00-04:00,74.30000305175781,75.02999877929688,74.25,74.97000122070312,67.41130828857422,47768900,0.0,0.0,0.0
2013-07-12 00:00:00-04:00,75.0199966430664,75.3499984741211,74.81999969482422,75.30000305175781,67.70808410644531,31412600,0.0,0.0,0.0
2013-07-15 00:00:00-04:00,75.37999725341797,75.5199966430664,75.16999816894531,75.47000122070312,67.86092376708984,19783600,0.0,0.0,0.0
2013-07-16 00:00:00-04:00,75.52999877929688,75.58999633789062,75.18000030517578,75.37000274658203,67.7710189819336,31747100,0.0,0.0,0.0
2013-07-17 00:00:00-04:00,75.5999984741211,75.73999786376953,75.3499984741211,75.55999755859375,67.9418716430664,24631500,0.0,0.0,0.0
2013-07-18 00:00:00-04:00,75.55000305175781,75.73999786376953,75.25,75.37000274658203,67.7710189819336,36278800,0.0,0.0,0.0
2013-07-19 00:00:00-04:00,74.72000122070312,74.73999786376953,74.37000274658203,74.58999633789062,67.06964874267578,37732400,0.0,0.0,0.0
2013-07-22 00:00:00-04:00,74.87000274658203,74.9800033569336,74.58000183105469,74.80999755859375,67.26746368408203,21135900,0.0,0.0,0.0
2013-07-23 00:00:00-04:00,74.94999694824219,74.95999908447266,74.19999694824219,74.26000213623047,66.77294921875,24739500,0.0,0.0,0.0
2013-07-24 00:00:00-04:00,74.98999786376953,75.0199966430664,74.33000183105469,74.5,66.98873138427734,24426900,0.0,0.0,0.0
2013-07-25 00:00:00-04:00,74.8499984741211,75.05999755859375,74.45999908447266,74.97000122070312,67.41130828857422,23162200,0.0,0.0,0.0
2013-07-26 00:00:00-04:00,74.66999816894531,75.37999725341797,74.55000305175781,75.37000274658203,67.7710189819336,20885600,0.0,0.0,0.0
2013-07-29 00:00:00-04:00,75.22000122070312,75.54000091552734,75.02999877929688,75.2300033569336,67.64513397216797,20958400,0.0,0.0,0.0
2013-07-30 00:00:00-04:00,75.5,75.94999694824219,75.3499984741211,75.62999725341797,68.0047607421875,24104600,0.0,0.0,0.0
2013-07-31 00:00:00-04:00,75.77999877929688,76.20999908447266,75.62999725341797,75.7699966430664,68.13067626953125,25007600,0.0,0.0,0.0
2013-08-01 00:00:00-04:00,76.29000091552734,76.6500015258789,76.20999908447266,76.54000091552734,68.82304382324219,16880000,0.0,0.0,0.0
2013-08-02 00:00:00-04:00,76.55000305175781,76.98999786376953,76.37999725341797,76.97000122070312,69.20968627929688,18105300,0.0,0.0,0.0
2013-08-05 00:00:00-04:00,76.93000030517578,77.08000183105469,76.77999877929688,77.0199966430664,69.25464630126953,15462800,0.0,0.0,0.0
2013-08-06 00:00:00-04:00,76.91999816894531,76.98999786376953,76.25,76.55999755859375,68.84102630615234,23675400,0.0,0.0,0.0
2013-08-07 00:00:00-04:00,76.33999633789062,76.56999969482422,75.87000274658203,76.41999816894531,68.71516418457031,20281200,0.0,0.0,0.0
2013-08-08 00:00:00-04:00,76.83999633789062,76.9800033569336,76.30000305175781,76.80000305175781,69.05683135986328,19994000,0.0,0.0,0.0
2013-08-09 00:00:00-04:00,76.66999816894531,76.94000244140625,76.2699966430664,76.48999786376953,68.77806091308594,18558500,0.0,0.0,0.0
2013-08-12 00:00:00-04:00,76.19999694824219,76.80999755859375,76.19000244140625,76.66999816894531,68.93990325927734,20515900,0.0,0.0,0.0
2013-08-13 00:00:00-04:00,76.7699966430664,77.2699966430664,76.22000122070312,77.0999984741211,69.32658386230469,23917000,0.0,0.0,0.0
2013-08-14 00:00:00-04:00,77.06999969482422,77.18000030517578,76.69999694824219,76.80999755859375,69.0658187866211,29921000,0.0,0.0,0.0
2013-08-15 00:00:00-04:00,75.94999694824219,75.98999786376953,75.29000091552734,75.51000213623047,67.89688873291016,39406600,0.0,0.0,0.0
2013-08-16 00:00:00-04:00,75.5199966430664,75.87000274658203,75.3499984741211,75.4800033569336,67.86994171142578,23825000,0.0,0.0,0.0
2013-08-19 00:00:00-04:00,75.48999786376953,76.12999725341797,75.33000183105469,75.3499984741211,67.75301361083984,29586900,0.0,0.0,0.0
2013-08-20 00:00:00-04:00,75.48999786376953,76.02999877929688,75.43000030517578,75.68000030517578,68.04975891113281,18842800,0.0,0.0,0.0
2013-08-21 00:00:00-04:00,75.44000244140625,76.08999633789062,75.13999938964844,75.41999816894531,67.81596374511719,30705100,0.0,0.0,0.0
2013-08-22 00:00:00-04:00,75.75,76.20999908447266,75.70999908447266,76.16000366210938,68.48136138916016,17269500,0.0,0.0,0.0
2013-08-23 00:00:00-04:00,76.69999694824219,76.7699966430664,76.4000015258789,76.66999816894531,68.93990325927734,20697300,0.0,0.0,0.0
2013-08-26 00:00:00-04:00,76.7300033569336,77.27999877929688,76.55000305175781,76.70999908447266,68.97589874267578,27525500,0.0,0.0,0.0
2013-08-27 00:00:00-04:00,75.80000305175781,76.18000030517578,74.95999908447266,75.13999938964844,67.56421661376953,40068900,0.0,0.0,0.0
2013-08-28 00:00:00-04:00,75.05000305175781,75.75,75.05000305175781,75.43000030517578,67.82498168945312,20490400,0.0,0.0,0.0
2013-08-29 00:00:00-04:00,75.41000366210938,76.33999633789062,75.30000305175781,75.95999908447266,68.30149841308594,27287900,0.0,0.0,0.0
2013-08-30 00:00:00-04:00,76.04000091552734,76.04000091552734,75.19999694824219,75.47000122070312,67.86092376708984,26228500,0.0,0.0,0.0
2013-09-03 00:00:00-04:00,76.08999633789062,76.44000244140625,75.54000091552734,75.9000015258789,68.24761199951172,27241500,0.0,0.0,0.0
2013-09-04 00:00:00-04:00,76.16000366210938,76.83999633789062,75.93000030517578,76.70999908447266,68.97589874267578,27142900,0.0,0.0,0.0
2013-09-05 00:00:00-04:00,76.76000213623047,77.05999755859375,76.7300033569336,76.83999633789062,69.09280395507812,17809700,0.0,0.0,0.0
2013-09-06 00:00:00-04:00,77.0999984741211,77.33999633789062,76.05000305175781,76.93000030517578,69.1737289428711,27715100,0.0,0.0,0.0
2013-09-09 00:00:00-04:00,77.26000213623047,77.95999908447266,77.2300033569336,77.83000183105469,69.98300170898438,25161900,0.0,0.0,0.0
2013-09-10 00:00:00-04:00,78.27999877929688,78.31999969482422,77.91999816894531,78.20999908447266,70.32466888427734,27619400,0.0,0.0,0.0
2013-09-11 00:00:00-04:00,77.69000244140625,78.11000061035156,77.58999633789062,78.05999755859375,70.18978881835938,28132900,0.0,0.0,0.0
2013-09-12 00:00:00-04:00,78.08000183105469,78.25,77.8499984741211,78.01000213623047,70.14485931396484,18332700,0.0,0.0,0.0
2013-09-13 00:00:00-04:00,78.08999633789062,78.13999938964844,77.63999938964844,78.05999755859375,70.18978881835938,16932500,0.0,0.0,0.0
2013-09-16 00:00:00-04:00,78.72000122070312,78.72000122070312,77.66999816894531,77.8499984741211,70.0009536743164,25704300,0.0,0.0,0.0
2013-09-17 00:00:00-04:00,78.0199966430664,78.47000122070312,77.9800033569336,78.37000274658203,70.4685287475586,27174300,0.0,0.0,0.0
2013-09-18 00:00:00-04:00,78.48999786376953,79.47000122070312,78.33000183105469,79.30999755859375,71.31375885009766,31714700,0.0,0.0,0.0
2013-09-19 00:00:00-04:00,79.55999755859375,79.69000244140625,79.36000061035156,79.5,71.48461151123047,26435700,0.0,0.0,0.0
2013-09-20 00:00:00-04:00,79.44999694824219,79.54000091552734,78.94999694824219,78.98999786376953,71.23928833007812,26328900,0.238,0.0,0.0
2013-09-23 00:00:00-04:00,79.31999969482422,79.41000366210938,78.45999908447266,78.83000183105469,71.09503173828125,30319400,0.0,0.0,0.0
2013-09-24 00:00:00-04:00,79.0,79.25,78.56999969482422,78.83000183105469,71.09503173828125,21871300,0.0,0.0,0.0
2013-09-25 00:00:00-04:00,78.88999938964844,79.0,78.4000015258789,78.55999755859375,70.85147857666016,22746400,0.0,0.0,0.0
2013-09-26 00:00:00-04:00,78.87999725341797,79.36000061035156,78.8499984741211,79.16999816894531,71.4016342163086,22421700,0.0,0.0,0.0
2013-09-27 00:00:00-04:00,78.70999908447266,79.20999908447266,78.58999633789062,79.06999969482422,71.31144714355469,25151600,0.0,0.0,0.0
2013-09-30 00:00:00-04:00,78.25,79.08999633789062,78.0,78.87999725341797,71.14006805419922,28031900,0.0,0.0,0.0
2013-10-01 00:00:00-04:00,78.88999938964844,79.72000122070312,78.8499984741211,79.68000030517578,71.8615951538086,33129700,0.0,0.0,0.0
2013-10-02 00:00:00-04:00,79.13999938964844,79.76000213623047,79.05999755859375,79.6500015258789,71.83451843261719,25503800,0.0,0.0,0.0
2013-10-03 00:00:00-04:00,79.55000305175781,79.72000122070312,78.30000305175781,78.72000122070312,70.99581146240234,42998200,0.0,0.0,0.0
2013-10-04 00:00:00-04:00,78.72000122070312,79.51000213623047,78.6500015258789,79.4000015258789,71.60905456542969,22852700,0.0,0.0,0.0
2013-10-07 00:00:00-04:00,78.69999694824219,79.3499984741211,78.66999816894531,78.73999786376953,71.01383209228516,20227100,0.0,0.0,0.0
2013-10-08 00:00:00-04:00,78.73999786376953,78.80999755859375,77.19000244140625,77.22000122070312,69.64297485351562,43660700,0.0,0.0,0.0
2013-10-09 00:00:00-04:00,77.4000015258789,77.44000244140625,76.3499984741211,76.9800033569336,69.42652893066406,64526700,0.0,0.0,0.0
2013-10-10 00:00:00-04:00,77.80999755859375,78.79000091552734,77.79000091552734,78.61000061035156,70.89662170410156,48062700,0.0,0.0,0.0
2013-10-11 00:00:00-04:00,78.41000366210938,79.29000091552734,78.4000015258789,79.2300033569336,71.45574188232422,25214100,0.0,0.0,0.0
2013-10-14 00:00:00-04:00,78.73999786376953,79.79000091552734,78.68000030517578,79.79000091552734,71.9608154296875,31471900,0.0,0.0,0.0
2013-10-15 00:00:00-04:00,79.7300033569336,80.11000061035156,79.37999725341797,79.4800033569336,71.68122100830078,38684000,0.0,0.0,0.0
2013-10-16 00:00:00-04:00,79.8499984741211,80.41999816894531,79.79000091552734,80.37999725341797,72.49290466308594,46735900,0.0,0.0,0.0
2013-10-17 00:00:00-04:00,80.0199966430664,80.87000274658203,79.94999694824219,80.83999633789062,72.90775299072266,32193500,0.0,0.0,0.0
2013-10-18 00:00:00-04:00,81.58000183105469,82.18000030517578,81.3499984741211,82.1500015258789,74.0892333984375,39628200,0.0,0.0,0.0
2013-10-21 00:00:00-04:00,82.33999633789062,82.54000091552734,82.06999969482422,82.33000183105469,74.2515640258789,31176900,0.0,0.0,0.0
2013-10-22 00:00:00-04:00,82.6500015258789,82.9000015258789,81.93000030517578,82.44999694824219,74.35979461669922,43944800,0.0,0.0,0.0
2013-10-23 00:00:00-04:00,82.05000305175781,82.19999694824219,81.55000305175781,81.94999694824219,73.90882110595703,38021300,0.0,0.0,0.0
2013-10-24 00:00:00-04:00,82.0,82.4800033569336,81.87999725341797,82.30999755859375,74.23352813720703,23155100,0.0,0.0,0.0
2013-10-25 00:00:00-04:00,83.08000183105469,83.27999877929688,82.5,82.9000015258789,74.765625,35824500,0.0,0.0,0.0
2013-10-28 00:00:00-04:00,82.91000366210938,83.05000305175781,82.55000305175781,82.91999816894531,74.78368377685547,28618400,0.0,0.0,0.0
2013-10-29 00:00:00-04:00,83.19999694824219,83.26000213623047,82.69999694824219,83.05999755859375,74.90997314453125,36878100,0.0,0.0,0.0
2013-10-30 00:00:00-04:00,83.3499984741211,83.48999786376953,82.58000183105469,82.9800033569336,74.83777618408203,33535500,0.0,0.0,0.0
2013-10-31 00:00:00-04:00,82.7699966430664,83.30000305175781,82.4800033569336,82.79000091552734,74.66645050048828,31309900,0.0,0.0,0.0
2013-11-01 00:00:00-04:00,83.06999969482422,83.16999816894531,82.4000015258789,82.80999755859375,74.68445587158203,30867800,0.0,0.0,0.0
2013-11-04 00:00:00-05:00,83.05999755859375,83.06999969482422,82.63999938964844,82.93000030517578,74.79270935058594,16834000,0.0,0.0,0.0
2013-11-05 00:00:00-05:00,82.61000061035156,83.22000122070312,82.37000274658203,83.0199966430664,74.87385559082031,27975600,0.0,0.0,0.0
2013-11-06 00:00:00-05:00,83.37000274658203,83.4000015258789,82.7300033569336,83.0,74.8558120727539,25576800,0.0,0.0,0.0
2013-11-07 00:00:00-05:00,83.01000213623047,83.12999725341797,81.37000274658203,81.44000244140625,73.44886016845703,52173200,0.0,0.0,0.0
2013-11-08 00:00:00-05:00,81.73999786376953,82.55999755859375,81.51000213623047,82.54000091552734,74.44096374511719,31470500,0.0,0.0,0.0
2013-11-11 00:00:00-05:00,82.41999816894531,82.63999938964844,82.13999938964844,82.41000366210938,74.3237075805664,24822900,0.0,0.0,0.0
2013-11-12 00:00:00-05:00,82.16000366210938,82.66000366210938,82.12000274658203,82.54000091552734,74.44096374511719,20108500,0.0,0.0,0.0
2013-11-13 00:00:00-05:00,82.0,83.55000305175781,82.0,83.54000091552734,75.34283447265625,31345900,0.0,0.0,0.0
2013-11-14 00:00:00-05:00,83.31999969482422,83.86000061035156,83.13999938964844,83.80000305175781,75.57734680175781,31101200,0.0,0.0,0.0
2013-11-15 00:00:00-05:00,83.81999969482422,83.95999908447266,83.61000061035156,83.95999908447266,75.72163391113281,20511300,0.0,0.0,0.0
2013-11-18 00:00:00-05:00,83.94000244140625,84.11000061035156,82.9800033569336,83.13999938964844,74.98212432861328,31679600,0.0,0.0,0.0
2013-11-19 00:00:00-05:00,83.08999633789062,83.48999786376953,82.76000213623047,82.9000015258789,74.765625,25545300,0.0,0.0,0.0
2013-11-20 00:00:00-05:00,83.12000274658203,83.43000030517578,82.45999908447266,82.69999694824219,74.58528137207031,32177400,0.0,0.0,0.0
2013-11-21 00:00:00-05:00,83.05000305175781,83.61000061035156,82.9800033569336,83.54000091552734,75.34283447265625,28125000,0.0,0.0,0.0
2013-11-22 00:00:00-05:00,83.68000030517578,84.0199966430664,83.62000274658203,83.98999786376953,75.7486801147461,25361300,0.0,0.0,0.0
2013-11-25 00:00:00-05:00,84.29000091552734,84.37999725341797,83.9800033569336,84.19000244140625,75.92904663085938,21695100,0.0,0.0,0.0
2013-11-26 00:00:00-05:00,84.20999908447266,84.83999633789062,84.02999877929688,84.62999725341797,76.32589721679688,26621000,0.0,0.0,0.0
2013-11-27 00:00:00-05:00,84.80000305175781,85.23999786376953,84.7300033569336,85.22000122070312,76.85797119140625,21638100,0.0,0.0,0.0
2013-11-29 00:00:00-05:00,85.55999755859375,85.83999633789062,85.47000122070312,85.7300033569336,77.31797790527344,16708900,0.0,0.0,0.0
2013-12-02 00:00:00-05:00,85.83000183105469,85.95999908447266,85.3499984741211,85.4800033569336,77.09249114990234,26354600,0.0,0.0,0.0
2013-12-03 00:00:00-05:00,85.41999816894531,85.63999938964844,85.08000183105469,85.41000366210938,77.02935028076172,37147000,0.0,0.0,0.0
2013-12-04 00:00:00-05:00,85.05000305175781,85.7699966430664,84.77999877929688,85.48999786376953,77.10147094726562,37193200,0.0,0.0,0.0
2013-12-05 00:00:00-05:00,85.55999755859375,85.66000366210938,85.16999816894531,85.37999725341797,77.0022964477539,39829300,0.0,0.0,0.0
2013-12-06 00:00:00-05:00,86.0999984741211,86.18000030517578,85.58999633789062,86.0,77.56147766113281,36842900,0.0,0.0,0.0
2013-12-09 00:00:00-05:00,86.3499984741211,86.52999877929688,86.19999694824219,86.3499984741211,77.87712860107422,22590000,0.0,0.0,0.0
2013-12-10 00:00:00-05:00,86.20999908447266,86.44999694824219,86.12000274658203,86.29000091552734,77.82300567626953,26965900,0.0,0.0,0.0
2013-12-11 00:00:00-05:00,86.27999877929688,86.4000015258789,85.05999755859375,85.18000030517578,76.82190704345703,36830600,0.0,0.0,0.0
2013-12-12 00:00:00-05:00,85.20999908447266,85.41999816894531,84.9000015258789,84.95999908447266,76.62350463867188,33662600,0.0,0.0,0.0
2013-12-13 00:00:00-05:00,85.36000061035156,85.4000015258789,84.70999908447266,84.8499984741211,76.52430725097656,34072000,0.0,0.0,0.0
2013-12-16 00:00:00-05:00,85.2699966430664,85.80999755859375,85.20999908447266,85.31999969482422,76.94818115234375,24902500,0.0,0.0,0.0
2013-12-17 00:00:00-05:00,85.31999969482422,85.52999877929688,84.98999786376953,85.1500015258789,76.79486083984375,24454900,0.0,0.0,0.0
2013-12-18 00:00:00-05:00,85.25,86.22000122070312,84.05000305175781,86.13999938964844,77.68773651123047,68387200,0.0,0.0,0.0
2013-12-19 00:00:00-05:00,86.0,86.01000213623047,85.5199966430664,85.9000015258789,77.47125244140625,44964100,0.0,0.0,0.0
2013-12-20 00:00:00-05:00,85.79000091552734,86.68000030517578,85.7300033569336,86.5,78.26021575927734,40475400,0.272,0.0,0.0
2013-12-23 00:00:00-05:00,87.20999908447266,87.41000366210938,86.94999694824219,87.41000366210938,79.08351135253906,28181800,0.0,0.0,0.0
2013-12-24 00:00:00-05:00,87.43000030517578,87.51000213623047,87.2699966430664,87.44999694824219,79.1197280883789,13852500,0.0,0.0,0.0
2013-12-26 00:00:00-05:00,87.61000061035156,87.80999755859375,87.44000244140625,87.73999786376953,79.38209533691406,15241100,0.0,0.0,0.0
2013-12-27 00:00:00-05:00,87.8499984741211,87.9000015258789,87.41000366210938,87.5199966430664,79.18301391601562,15827400,0.0,0.0,0.0
2013-12-30 00:00:00-05:00,87.38999938964844,87.51000213623047,87.13999938964844,87.38999938964844,79.0654296875,18983700,0.0,0.0,0.0
2013-12-31 00:00:00-05:00,87.55000305175781,87.95999908447266,87.5199966430664,87.95999908447266,79.58113098144531,24890500,0.0,0.0,0.0
2014-01-02 00:00:00-05:00,87.55000305175781,87.58000183105469,87.0199966430664,87.2699966430664,78.95686340332031,29177500,0.0,0.0,0.0
2014-01-03 00:00:00-05:00,87.2699966430664,87.3499984741211,86.62000274658203,86.63999938964844,78.38685607910156,35723700,0.0,0.0,0.0
2014-01-06 00:00:00-05:00,86.66000366210938,86.76000213623047,86.0,86.31999969482422,78.09736633300781,32073100,0.0,0.0,0.0
2014-01-07 00:00:00-05:00,86.72000122070312,87.25,86.55999755859375,87.12000274658203,78.82112884521484,25860600,0.0,0.0,0.0
2014-01-08 00:00:00-05:00,87.13999938964844,87.55000305175781,86.94999694824219,87.30999755859375,78.9930648803711,27197400,0.0,0.0,0.0
2014-01-09 00:00:00-05:00,87.62999725341797,87.63999938964844,86.72000122070312,87.0199966430664,78.73067474365234,23674700,0.0,0.0,0.0
2014-01-10 00:00:00-05:00,87.2300033569336,87.4000015258789,86.58000183105469,87.30000305175781,78.9839859008789,38008900,0.0,0.0,0.0
2014-01-13 00:00:00-05:00,87.18000030517578,87.4800033569336,85.68000030517578,86.01000213623047,77.81690216064453,48842300,0.0,0.0,0.0
2014-01-14 00:00:00-05:00,86.30000305175781,87.72000122070312,86.30000305175781,87.6500015258789,79.30065155029297,37178900,0.0,0.0,0.0
2014-01-15 00:00:00-05:00,88.02999877929688,88.54000091552734,87.94000244140625,88.37000274658203,79.95209503173828,39835600,0.0,0.0,0.0
2014-01-16 00:00:00-05:00,88.30000305175781,88.51000213623047,88.16000366210938,88.37999725341797,79.96114349365234,31630100,0.0,0.0,0.0
2014-01-17 00:00:00-05:00,88.11000061035156,88.37000274658203,87.66999816894531,87.87999725341797,79.50875854492188,36895800,0.0,0.0,0.0
2014-01-21 00:00:00-05:00,88.44000244140625,88.58999633789062,87.80999755859375,88.55000305175781,80.11494445800781,26412700,0.0,0.0,0.0
2014-01-22 00:00:00-05:00,88.77999877929688,89.0,88.5199966430664,88.77999877929688,80.32302856445312,29376900,0.0,0.0,0.0
2014-01-23 00:00:00-05:00,88.51000213623047,88.5199966430664,87.86000061035156,88.4800033569336,80.05159759521484,35011900,0.0,0.0,0.0
2014-01-24 00:00:00-05:00,88.05000305175781,88.18000030517578,86.70999908447266,86.73999786376953,78.47735595703125,63974600,0.0,0.0,0.0
2014-01-27 00:00:00-05:00,86.73999786376953,86.88999938964844,85.25,85.9000015258789,77.71735382080078,63519300,0.0,0.0,0.0
2014-01-28 00:00:00-05:00,85.5,85.94000244140625,85.30999755859375,85.8499984741211,77.6721420288086,44378800,0.0,0.0,0.0
2014-01-29 00:00:00-05:00,85.11000061035156,85.73999786376953,84.76000213623047,84.93000030517578,76.83975982666016,51939300,0.0,0.0,0.0
2014-01-30 00:00:00-05:00,85.97000122070312,86.80000305175781,85.87999725341797,86.5,78.26021575927734,65833600,0.0,0.0,0.0
2014-01-31 00:00:00-05:00,85.54000091552734,86.68000030517578,85.44999694824219,86.2699966430664,78.05210876464844,45187000,0.0,0.0,0.0
2014-02-03 00:00:00-05:00,86.11000061035156,86.5,84.06999969482422,84.29000091552734,76.26073455810547,65596900,0.0,0.0,0.0
2014-02-04 00:00:00-05:00,84.72000122070312,85.25,84.45999908447266,84.91000366210938,76.8216552734375,37675500,0.0,0.0,0.0
2014-02-05 00:00:00-05:00,84.62999725341797,84.98999786376953,83.73999786376953,84.69000244140625,76.62263488769531,41721800,0.0,0.0,0.0
2014-02-06 00:00:00-05:00,84.94000244140625,85.87999725341797,84.91999816894531,85.7699966430664,77.59976959228516,32308600,0.0,0.0,0.0
2014-02-07 00:00:00-05:00,86.25,87.36000061035156,86.0,87.30000305175781,78.9839859008789,38359400,0.0,0.0,0.0
2014-02-10 00:00:00-05:00,87.2699966430664,87.83999633789062,87.20999908447266,87.80000305175781,79.43638610839844,30205400,0.0,0.0,0.0
2014-02-11 00:00:00-05:00,87.98999786376953,88.97000122070312,87.88999938964844,88.80000305175781,80.34110260009766,38635500,0.0,0.0,0.0
2014-02-12 00:00:00-05:00,88.9800033569336,89.16999816894531,88.69999694824219,88.97000122070312,80.49493408203125,32507200,0.0,0.0,0.0
2014-02-13 00:00:00-05:00,88.31999969482422,89.69999694824219,88.30000305175781,89.62999725341797,81.09205627441406,40454500,0.0,0.0,0.0
2014-02-14 00:00:00-05:00,89.5999984741211,90.01000213623047,89.33000183105469,89.80999755859375,81.25492858886719,33212400,0.0,0.0,0.0
2014-02-18 00:00:00-05:00,89.95999908447266,90.41999816894531,89.73999786376953,90.25,81.65299987792969,29546600,0.0,0.0,0.0
2014-02-19 00:00:00-05:00,90.08000183105469,90.29000091552734,89.44999694824219,89.62999725341797,81.09205627441406,41749900,0.0,0.0,0.0
2014-02-20 00:00:00-05:00,89.69000244140625,90.22000122070312,89.30999755859375,90.05000305175781,81.47208404541016,41814800,0.0,0.0,0.0
2014-02-21 00:00:00-05:00,90.33999633789062,90.47000122070312,89.81999969482422,89.93000030517578,81.36347198486328,31192200,0.0,0.0,0.0
2014-02-24 00:00:00-05:00,90.13999938964844,90.81999969482422,90.04000091552734,90.41000366210938,81.7977294921875,31500400,0.0,0.0,0.0
2014-02-25 00:00:00-05:00,90.54000091552734,90.72000122070312,90.0199966430664,90.30999755859375,81.70726776123047,26771700,0.0,0.0,0.0
2014-02-26 00:00:00-05:00,90.55000305175781,90.83999633789062,89.87000274658203,90.2300033569336,81.63492584228516,42953700,0.0,0.0,0.0
2014-02-27 00:00:00-05:00,89.87000274658203,90.52999877929688,89.7300033569336,90.44000244140625,82.16456604003906,28742400,0.373,0.0,0.0
2014-02-28 00:00:00-05:00,90.41999816894531,90.95999908447266,89.54000091552734,90.33999633789062,82.0737075805664,48609800,0.0,0.0,0.0
2014-03-03 00:00:00-05:00,89.48999786376953,89.91000366210938,88.87000274658203,89.66999816894531,81.46501922607422,38885700,0.0,0.0,0.0
2014-03-04 00:00:00-05:00,90.6500015258789,90.9800033569336,90.55999755859375,90.80999755859375,82.50067138671875,33189000,0.0,0.0,0.0
2014-03-05 00:00:00-05:00,90.95999908447266,91.22000122070312,90.7699966430664,91.05999755859375,82.72779846191406,27203300,0.0,0.0,0.0
2014-03-06 00:00:00-05:00,91.2699966430664,91.33999633789062,90.6500015258789,90.9800033569336,82.65515899658203,24063900,0.0,0.0,0.0
2014-03-07 00:00:00-05:00,91.2699966430664,91.36000061035156,90.06999969482422,90.52999877929688,82.24629211425781,31167800,0.0,0.0,0.0
2014-03-10 00:00:00-04:00,90.4800033569336,90.66000366210938,90.02999877929688,90.61000061035156,82.31902313232422,18131700,0.0,0.0,0.0
2014-03-11 00:00:00-04:00,90.83000183105469,91.05999755859375,89.94999694824219,90.22000122070312,81.96469116210938,27484300,0.0,0.0,0.0
2014-03-12 00:00:00-04:00,89.80999755859375,90.61000061035156,89.4800033569336,90.55999755859375,82.27359008789062,27977200,0.0,0.0,0.0
2014-03-13 00:00:00-04:00,90.9000015258789,90.93000030517578,88.87000274658203,89.27999877929688,81.11068725585938,48542000,0.0,0.0,0.0
2014-03-14 00:00:00-04:00,88.98999786376953,89.37999725341797,88.62999725341797,88.66999816894531,80.55650329589844,38732300,0.0,0.0,0.0
2014-03-17 00:00:00-04:00,89.23999786376953,89.91000366210938,89.19000244140625,89.44999694824219,81.26514434814453,28467200,0.0,0.0,0.0
2014-03-18 00:00:00-04:00,89.55999755859375,90.63999938964844,89.52999877929688,90.52999877929688,82.24629211425781,31250200,0.0,0.0,0.0
2014-03-19 00:00:00-04:00,90.55999755859375,90.66000366210938,89.44999694824219,90.04000091552734,81.80116271972656,40869400,0.0,0.0,0.0
2014-03-20 00:00:00-04:00,89.76000213623047,90.55999755859375,89.58000183105469,90.29000091552734,82.02825927734375,31634500,0.0,0.0,0.0
2014-03-21 00:00:00-04:00,90.5999984741211,90.6500015258789,88.83000183105469,89.0,81.04122161865234,62754000,0.206,0.0,0.0
2014-03-24 00:00:00-04:00,89.31999969482422,89.38999938964844,87.41000366210938,88.22000122070312,80.33098602294922,77735300,0.0,0.0,0.0
2014-03-25 00:00:00-04:00,88.68000030517578,89.25,87.7699966430664,88.51000213623047,80.59504699707031,41723300,0.0,0.0,0.0
2014-03-26 00:00:00-04:00,88.94999694824219,89.1500015258789,87.36000061035156,87.37000274658203,79.5569839477539,40930400,0.0,0.0,0.0
2014-03-27 00:00:00-04:00,87.25,87.63999938964844,86.4000015258789,86.87999725341797,79.11077117919922,64784500,0.0,0.0,0.0
2014-03-28 00:00:00-04:00,87.16000366210938,88.01000213623047,86.80999755859375,87.05000305175781,79.265625,39895100,0.0,0.0,0.0
2014-03-31 00:00:00-04:00,87.7300033569336,88.26000213623047,87.62000274658203,87.66999816894531,79.83016967773438,33924300,0.0,0.0,0.0
2014-04-01 00:00:00-04:00,88.0999984741211,89.2699966430664,87.70999908447266,89.20999908447266,81.2324447631836,38683800,0.0,0.0,0.0
2014-04-02 00:00:00-04:00,89.58999633789062,89.68000030517578,89.04000091552734,89.44000244140625,81.44189453125,34631600,0.0,0.0,0.0
2014-04-03 00:00:00-04:00,89.52999877929688,89.68000030517578,88.22000122070312,88.7300033569336,80.79535675048828,30319100,0.0,0.0,0.0
2014-04-04 00:00:00-04:00,89.31999969482422,89.41000366210938,86.13999938964844,86.37000274658203,78.64640808105469,131213200,0.0,0.0,0.0
2014-04-07 00:00:00-04:00,85.83000183105469,86.62999725341797,84.94999694824219,85.55000305175781,77.89974212646484,83995800,0.0,0.0,0.0
2014-04-08 00:00:00-04:00,85.6500015258789,86.45999908447266,85.3499984741211,86.33999633789062,78.61907958984375,51495700,0.0,0.0,0.0
2014-04-09 00:00:00-04:00,86.66000366210938,87.87000274658203,86.43000030517578,87.81999969482422,79.96673583984375,45685200,0.0,0.0,0.0
2014-04-10 00:00:00-04:00,87.87999725341797,87.87999725341797,84.86000061035156,85.0999984741211,77.48998260498047,73659600,0.0,0.0,0.0
2014-04-11 00:00:00-04:00,84.33999633789062,85.44000244140625,83.91000366210938,84.11000061035156,76.58851623535156,93657400,0.0,0.0,0.0
2014-04-14 00:00:00-04:00,84.8499984741211,85.22000122070312,83.98999786376953,84.7699966430664,77.18946838378906,46500700,0.0,0.0,0.0
2014-04-15 00:00:00-04:00,85.08000183105469,85.54000091552734,83.27999877929688,85.05000305175781,77.4444351196289,84631500,0.0,0.0,0.0
2014-04-16 00:00:00-04:00,85.79000091552734,86.18000030517578,85.08999633789062,86.18000030517578,78.47338104248047,46970900,0.0,0.0,0.0
2014-04-17 00:00:00-04:00,85.8499984741211,86.62999725341797,85.62999725341797,86.19999694824219,78.49159240722656,53719500,0.0,0.0,0.0
2014-04-21 00:00:00-04:00,86.4000015258789,86.83999633789062,86.0,86.83999633789062,79.07437896728516,25947900,0.0,0.0,0.0
2014-04-22 00:00:00-04:00,87.13999938964844,87.75,86.98999786376953,87.52999877929688,79.7026596069336,38593400,0.0,0.0,0.0
2014-04-23 00:00:00-04:00,87.52999877929688,87.55999755859375,86.70999908447266,86.76000213623047,79.00154876708984,34376700,0.0,0.0,0.0
2014-04-24 00:00:00-04:00,88.19000244140625,88.20999908447266,86.6500015258789,87.58999633789062,79.7573013305664,48926300,0.0,0.0,0.0
2014-04-25 00:00:00-04:00,87.06999969482422,87.16999816894531,85.9800033569336,86.19000244140625,78.48250579833984,44334000,0.0,0.0,0.0
2014-04-28 00:00:00-04:00,86.5999984741211,87.11000061035156,85.11000061035156,86.47000122070312,78.73745727539062,58623800,0.0,0.0,0.0
2014-04-29 00:00:00-04:00,86.7300033569336,87.31999969482422,86.30999755859375,87.16000366210938,79.3657455444336,36742700,0.0,0.0,0.0
2014-04-30 00:00:00-04:00,86.76000213623047,87.4800033569336,86.54000091552734,87.38999938964844,79.57518005371094,38689400,0.0,0.0,0.0
2014-05-01 00:00:00-04:00,87.52999877929688,88.1500015258789,87.30999755859375,87.6500015258789,79.81194305419922,37127200,0.0,0.0,0.0
2014-05-02 00:00:00-04:00,87.94999694824219,88.11000061035156,87.27999877929688,87.48999786376953,79.666259765625,40074200,0.0,0.0,0.0
2014-05-05 00:00:00-04:00,86.97000122070312,87.97000122070312,86.76000213623047,87.94999694824219,80.08509063720703,27924400,0.0,0.0,0.0
2014-05-06 00:00:00-04:00,87.80999755859375,87.86000061035156,86.7699966430664,86.80999755859375,79.04703521728516,33698500,0.0,0.0,0.0
2014-05-07 00:00:00-04:00,86.98999786376953,87.08000183105469,85.52999877929688,86.55999755859375,78.81944274902344,67489100,0.0,0.0,0.0
2014-05-08 00:00:00-04:00,86.25,87.52999877929688,86.05000305175781,86.4800033569336,78.74658203125,46556900,0.0,0.0,0.0
2014-05-09 00:00:00-04:00,86.43000030517578,86.86000061035156,85.8499984741211,86.80000305175781,79.03795623779297,35081500,0.0,0.0,0.0
2014-05-12 00:00:00-04:00,87.31999969482422,88.26000213623047,87.23999786376953,88.2300033569336,80.340087890625,38951100,0.0,0.0,0.0
2014-05-13 00:00:00-04:00,88.30999755859375,88.61000061035156,88.12000274658203,88.29000091552734,80.39473724365234,30311900,0.0,0.0,0.0
2014-05-14 00:00:00-04:00,88.0199966430664,88.3499984741211,87.62000274658203,87.83000183105469,79.9758529663086,26483600,0.0,0.0,0.0
2014-05-15 00:00:00-04:00,87.80999755859375,87.95999908447266,86.58000183105469,87.13999938964844,79.34754943847656,59680300,0.0,0.0,0.0
2014-05-16 00:00:00-04:00,87.23999786376953,87.76000213623047,86.63999938964844,87.70999908447266,79.86654663085938,66804100,0.0,0.0,0.0
2014-05-19 00:00:00-04:00,87.44999694824219,88.45999908447266,87.30000305175781,88.31999969482422,80.42203521728516,32017000,0.0,0.0,0.0
2014-05-20 00:00:00-04:00,88.27999877929688,88.5999984741211,87.63999938964844,88.0,80.13065338134766,33716000,0.0,0.0,0.0
2014-05-21 00:00:00-04:00,88.16000366210938,88.88999938964844,88.11000061035156,88.83999633789062,80.8955078125,36837700,0.0,0.0,0.0
2014-05-22 00:00:00-04:00,88.94000244140625,89.4800033569336,88.80000305175781,89.2300033569336,81.25067138671875,30617100,0.0,0.0,0.0
2014-05-23 00:00:00-04:00,89.31999969482422,89.9000015258789,89.12000274658203,89.87999725341797,81.84252166748047,22687300,0.0,0.0,0.0
2014-05-27 00:00:00-04:00,90.27999877929688,91.0199966430664,90.19999694824219,91.0,82.86237335205078,29725200,0.0,0.0,0.0
2014-05-28 00:00:00-04:00,90.97000122070312,91.0999984741211,90.6500015258789,90.72000122070312,82.60742950439453,30468100,0.0,0.0,0.0
2014-05-29 00:00:00-04:00,91.04000091552734,91.30999755859375,90.86000061035156,91.30000305175781,83.13558959960938,33036100,0.0,0.0,0.0
2014-05-30 00:00:00-04:00,91.31999969482422,91.44999694824219,90.83000183105469,91.30999755859375,83.14464569091797,29906400,0.0,0.0,0.0
2014-06-02 00:00:00-04:00,91.41999816894531,91.44000244140625,90.63999938964844,91.22000122070312,83.06269836425781,30409900,0.0,0.0,0.0
2014-06-03 00:00:00-04:00,90.91999816894531,91.33000183105469,90.80000305175781,91.18000030517578,83.0262680053711,21774500,0.0,0.0,0.0
2014-06-04 00:00:00-04:00,90.94999694824219,91.66999816894531,90.80999755859375,91.5199966430664,83.33585357666016,20118300,0.0,0.0,0.0
2014-06-05 00:00:00-04:00,91.5999984741211,92.45999908447266,91.29000091552734,92.29000091552734,84.03701782226562,35583100,0.0,0.0,0.0
2014-06-06 00:00:00-04:00,92.62999725341797,92.81999969482422,92.44999694824219,92.81999969482422,84.51959991455078,22680600,0.0,0.0,0.0
2014-06-09 00:00:00-04:00,92.83999633789062,92.9800033569336,92.5,92.75,84.45587158203125,23399500,0.0,0.0,0.0
2014-06-10 00:00:00-04:00,92.66999816894531,92.95999908447266,92.55999755859375,92.91000366210938,84.60155487060547,20626000,0.0,0.0,0.0
2014-06-11 00:00:00-04:00,92.58999633789062,93.0199966430664,92.5,92.88999938964844,84.58333587646484,22878200,0.0,0.0,0.0
2014-06-12 00:00:00-04:00,92.69000244140625,92.79000091552734,91.7300033569336,92.05000305175781,83.8184585571289,35275900,0.0,0.0,0.0
2014-06-13 00:00:00-04:00,92.44999694824219,92.55000305175781,91.91999816894531,92.31999969482422,84.06432342529297,39447100,0.0,0.0,0.0
2014-06-16 00:00:00-04:00,92.16000366210938,92.66999816894531,91.95999908447266,92.4000015258789,84.1371841430664,25212300,0.0,0.0,0.0
2014-06-17 00:00:00-04:00,92.33000183105469,92.69999694824219,92.18000030517578,92.44999694824219,84.18270874023438,19977900,0.0,0.0,0.0
2014-06-18 00:00:00-04:00,92.54000091552734,93.0999984741211,91.9800033569336,92.97000122070312,84.6562271118164,34514000,0.0,0.0,0.0
2014-06-19 00:00:00-04:00,93.11000061035156,93.16999816894531,92.48999786376953,92.91000366210938,84.60155487060547,38422200,0.0,0.0,0.0
2014-06-20 00:00:00-04:00,92.69999694824219,92.87000274658203,92.52999877929688,92.7699966430664,84.7010726928711,25897500,0.249,0.0,0.0
2014-06-23 00:00:00-04:00,92.76000213623047,92.81999969482422,92.51000213623047,92.79000091552734,84.71934509277344,20837900,0.0,0.0,0.0
2014-06-24 00:00:00-04:00,92.77999877929688,93.56999969482422,92.43000030517578,92.69999694824219,84.63716888427734,31945800,0.0,0.0,0.0
2014-06-25 00:00:00-04:00,92.48999786376953,93.44999694824219,92.4800033569336,93.29000091552734,85.17585754394531,32818600,0.0,0.0,0.0
2014-06-26 00:00:00-04:00,93.3499984741211,93.36000061035156,92.62000274658203,93.33999633789062,85.22151184082031,22563900,0.0,0.0,0.0
2014-06-27 00:00:00-04:00,93.22000122070312,93.7699966430664,93.19000244140625,93.75,85.5958480834961,22877800,0.0,0.0,0.0
2014-06-30 00:00:00-04:00,93.7300033569336,94.13999938964844,93.66999816894531,93.91000366210938,85.74193572998047,19751900,0.0,0.0,0.0
2014-07-01 00:00:00-04:00,94.23999786376953,95.19000244140625,94.19999694824219,94.94000244140625,86.68232727050781,31862500,0.0,0.0,0.0
2014-07-02 00:00:00-04:00,95.0,95.23999786376953,94.91000366210938,95.0999984741211,86.82841491699219,18777300,0.0,0.0,0.0
2014-07-03 00:00:00-04:00,95.41000366210938,95.69999694824219,95.1500015258789,95.69999694824219,87.37622833251953,15291700,0.0,0.0,0.0
2014-07-07 00:00:00-04:00,95.58999633789062,95.70999908447266,95.2300033569336,95.41000366210938,87.11143493652344,23266400,0.0,0.0,0.0
2014-07-08 00:00:00-04:00,95.2300033569336,95.30000305175781,93.87000274658203,94.26000213623047,86.06145477294922,40612400,0.0,0.0,0.0
2014-07-09 00:00:00-04:00,94.51000213623047,95.06999969482422,94.23999786376953,94.95999908447266,86.70056915283203,29919000,0.0,0.0,0.0
2014-07-10 00:00:00-04:00,93.73999786376953,95.05000305175781,93.62999725341797,94.66000366210938,86.42668914794922,44245300,0.0,0.0,0.0
2014-07-11 00:00:00-04:00,94.9000015258789,95.2699966430664,94.61000061035156,95.2699966430664,86.983642578125,19566300,0.0,0.0,0.0
2014-07-14 00:00:00-04:00,95.69999694824219,96.05999755859375,95.54000091552734,95.83999633789062,87.50404357910156,19579000,0.0,0.0,0.0
2014-07-15 00:00:00-04:00,95.98999786376953,96.12999725341797,94.83000183105469,95.51000213623047,87.2027816772461,39467500,0.0,0.0,0.0
2014-07-16 00:00:00-04:00,96.19999694824219,96.30000305175781,95.79000091552734,95.88999938964844,87.54969024658203,22052600,0.0,0.0,0.0
2014-07-17 00:00:00-04:00,95.62999725341797,95.97000122070312,94.31999969482422,94.62000274658203,86.39019012451172,43111500,0.0,0.0,0.0
2014-07-18 00:00:00-04:00,95.11000061035156,96.16999816894531,95.0,96.12000274658203,87.75969696044922,36682200,0.0,0.0,0.0
2014-07-21 00:00:00-04:00,95.91999816894531,96.16000366210938,95.55000305175781,96.0,87.65016174316406,29750700,0.0,0.0,0.0
2014-07-22 00:00:00-04:00,96.44999694824219,96.76000213623047,96.3499984741211,96.61000061035156,88.20709991455078,25770400,0.0,0.0,0.0
2014-07-23 00:00:00-04:00,96.94999694824219,97.33999633789062,96.7699966430664,97.2300033569336,88.77314758300781,28947500,0.0,0.0,0.0
2014-07-24 00:00:00-04:00,97.4000015258789,97.51000213623047,96.9800033569336,97.12000274658203,88.67273712158203,24707200,0.0,0.0,0.0
2014-07-25 00:00:00-04:00,96.62000274658203,96.87000274658203,96.2300033569336,96.73999786376953,88.32579803466797,29898900,0.0,0.0,0.0
2014-07-28 00:00:00-04:00,96.83999633789062,97.0199966430664,96.0199966430664,96.7699966430664,88.3531723022461,25603400,0.0,0.0,0.0
2014-07-29 00:00:00-04:00,96.9800033569336,97.19999694824219,96.5199966430664,96.5999984741211,88.1979751586914,27022200,0.0,0.0,0.0
2014-07-30 00:00:00-04:00,97.13999938964844,97.31999969482422,96.5999984741211,96.9800033569336,88.5448989868164,35348500,0.0,0.0,0.0
2014-07-31 00:00:00-04:00,96.18000030517578,96.33999633789062,94.87999725341797,95.0199966430664,86.7553939819336,50047900,0.0,0.0,0.0
2014-08-01 00:00:00-04:00,94.81999969482422,95.33999633789062,94.04000091552734,94.66999816894531,86.43584442138672,60708000,0.0,0.0,0.0
2014-08-04 00:00:00-04:00,94.87000274658203,95.69000244140625,94.5199966430664,95.31999969482422,87.02928161621094,33230500,0.0,0.0,0.0
2014-08-05 00:00:00-04:00,94.94000244140625,95.20999908447266,94.1500015258789,94.58999633789062,86.36279296875,50331100,0.0,0.0,0.0
2014-08-06 00:00:00-04:00,94.0,95.11000061035156,93.91999816894531,94.5199966430664,86.298828125,34431900,0.0,0.0,0.0
2014-08-07 00:00:00-04:00,94.95999908447266,95.13999938964844,93.88999938964844,94.22000122070312,86.02497863769531,33274700,0.0,0.0,0.0
2014-08-08 00:00:00-04:00,94.37000274658203,95.01000213623047,93.97000122070312,94.9000015258789,86.64582824707031,40236900,0.0,0.0,0.0
2014-08-11 00:00:00-04:00,95.2699966430664,95.76000213623047,95.19999694824219,95.45999908447266,87.15711212158203,28277500,0.0,0.0,0.0
2014-08-12 00:00:00-04:00,95.36000061035156,95.66999816894531,94.93000030517578,95.41999816894531,87.12059783935547,28152300,0.0,0.0,0.0
2014-08-13 00:00:00-04:00,95.80999755859375,96.47000122070312,95.76000213623047,96.43000030517578,88.04273223876953,27996500,0.0,0.0,0.0
2014-08-14 00:00:00-04:00,96.55999755859375,96.94999694824219,96.43000030517578,96.93000030517578,88.49925231933594,25006600,0.0,0.0,0.0
2014-08-15 00:00:00-04:00,97.48999786376953,97.62999725341797,96.4800033569336,97.4000015258789,88.9283676147461,55205500,0.0,0.0,0.0
2014-08-18 00:00:00-04:00,97.91000366210938,98.23999786376953,97.7699966430664,98.1500015258789,89.6131591796875,38938300,0.0,0.0,0.0
2014-08-19 00:00:00-04:00,98.37999725341797,98.76000213623047,98.31999969482422,98.69999694824219,90.11531066894531,21363400,0.0,0.0,0.0
2014-08-20 00:00:00-04:00,98.62000274658203,98.9000015258789,98.52999877929688,98.69999694824219,90.11531066894531,23435600,0.0,0.0,0.0
2014-08-21 00:00:00-04:00,98.75,98.94999694824219,98.5999984741211,98.9000015258789,90.29792022705078,19339500,0.0,0.0,0.0
2014-08-22 00:00:00-04:00,98.94000244140625,99.25,98.72000122070312,99.05000305175781,90.43489074707031,24692000,0.0,0.0,0.0
2014-08-25 00:00:00-04:00,99.5199966430664,99.68000030517578,99.16000366210938,99.4000015258789,90.75444030761719,24124700,0.0,0.0,0.0
2014-08-26 00:00:00-04:00,99.55000305175781,99.61000061035156,99.2699966430664,99.5,90.84571075439453,20100400,0.0,0.0,0.0
2014-08-27 00:00:00-04:00,99.52999877929688,99.63999938964844,99.30999755859375,99.5199966430664,90.86399841308594,15589100,0.0,0.0,0.0
2014-08-28 00:00:00-04:00,99.18000030517578,99.52999877929688,99.08000183105469,99.41000366210938,90.76355743408203,23563900,0.0,0.0,0.0
2014-08-29 00:00:00-04:00,99.62999725341797,99.91000366210938,99.2699966430664,99.77999877929688,91.10137176513672,17906300,0.0,0.0,0.0
2014-09-02 00:00:00-04:00,100.0199966430664,100.0999984741211,99.66000366210938,100.06999969482422,91.36612701416016,18326800,0.0,0.0,0.0
2014-09-03 00:00:00-04:00,100.33999633789062,100.33999633789062,99.30000305175781,99.4800033569336,90.82747650146484,25950700,0.0,0.0,0.0
2014-09-04 00:00:00-04:00,99.70999908447266,100.22000122070312,99.13999938964844,99.38999938964844,90.74527740478516,24663500,0.0,0.0,0.0
2014-09-05 00:00:00-04:00,99.54000091552734,99.94999694824219,99.02999877929688,99.88999938964844,91.2018051147461,30798200,0.0,0.0,0.0
2014-09-08 00:00:00-04:00,99.91999816894531,100.33000183105469,99.62000274658203,100.08000183105469,91.37528991699219,25571300,0.0,0.0,0.0
2014-09-09 00:00:00-04:00,100.08999633789062,100.45999908447266,99.05999755859375,99.25,90.61747741699219,36449200,0.0,0.0,0.0
2014-09-10 00:00:00-04:00,99.37999725341797,100.11000061035156,99.0999984741211,100.06999969482422,91.36612701416016,31080100,0.0,0.0,0.0
2014-09-11 00:00:00-04:00,99.63999938964844,100.04000091552734,99.23999786376953,99.98999786376953,91.2930908203125,28691900,0.0,0.0,0.0
2014-09-12 00:00:00-04:00,99.9000015258789,99.93000030517578,99.16999816894531,99.4800033569336,90.82747650146484,30444400,0.0,0.0,0.0
2014-09-15 00:00:00-04:00,99.58999633789062,99.5999984741211,98.22000122070312,98.5199966430664,89.95093536376953,32972200,0.0,0.0,0.0
2014-09-16 00:00:00-04:00,98.1500015258789,99.56999969482422,98.05000305175781,99.37999725341797,90.73617553710938,38166900,0.0,0.0,0.0
2014-09-17 00:00:00-04:00,99.36000061035156,100.0,98.93000030517578,99.52999877929688,90.87311553955078,37196500,0.0,0.0,0.0
2014-09-18 00:00:00-04:00,99.83999633789062,100.29000091552734,99.7300033569336,100.27999877929688,91.55786895751953,30196700,0.0,0.0,0.0
2014-09-19 00:00:00-04:00,100.45999908447266,100.55999755859375,99.58000183105469,99.9800033569336,91.50113677978516,46918000,0.238,0.0,0.0
2014-09-22 00:00:00-04:00,99.73999786376953,99.75,98.62000274658203,99.05000305175781,90.65003967285156,48658000,0.0,0.0,0.0
2014-09-23 00:00:00-04:00,98.6500015258789,99.22000122070312,98.58000183105469,98.77999877929688,90.40289306640625,33989600,0.0,0.0,0.0
2014-09-24 00:00:00-04:00,98.87999725341797,99.88999938964844,98.54000091552734,99.83999633789062,91.37300872802734,35959000,0.0,0.0,0.0
2014-09-25 00:00:00-04:00,99.5199966430664,99.6500015258789,97.69999694824219,97.73999786376953,89.45109558105469,68642500,0.0,0.0,0.0
2014-09-26 00:00:00-04:00,98.05999755859375,98.95999908447266,97.88999938964844,98.77999877929688,90.40289306640625,56106200,0.0,0.0,0.0
2014-09-29 00:00:00-04:00,97.80000305175781,98.91999816894531,97.75,98.6500015258789,90.28392028808594,33342700,0.0,0.0,0.0
2014-09-30 00:00:00-04:00,98.91999816894531,99.30000305175781,98.31999969482422,98.79000091552734,90.41205596923828,41834300,0.0,0.0,0.0
2014-10-01 00:00:00-04:00,98.51000213623047,98.61000061035156,96.9000015258789,97.20999908447266,88.96604919433594,58164900,0.0,0.0,0.0
2014-10-02 00:00:00-04:00,97.16999816894531,97.51000213623047,95.97000122070312,97.20999908447266,88.96604919433594,54501300,0.0,0.0,0.0
2014-10-03 00:00:00-04:00,97.77999877929688,98.56999969482422,97.44000244140625,98.16999816894531,89.84464263916016,41627800,0.0,0.0,0.0
2014-10-06 00:00:00-04:00,98.4800033569336,98.72000122070312,97.66000366210938,97.95999908447266,89.65242767333984,36038700,0.0,0.0,0.0
2014-10-07 00:00:00-04:00,97.5,97.77999877929688,96.55999755859375,96.56999969482422,88.38034057617188,45154000,0.0,0.0,0.0
2014-10-08 00:00:00-04:00,96.62000274658203,98.76000213623047,96.05999755859375,98.44999694824219,90.10086822509766,64931600,0.0,0.0,0.0
2014-10-09 00:00:00-04:00,98.31999969482422,98.56999969482422,96.70999908447266,96.86000061035156,88.64572143554688,62497100,0.0,0.0,0.0
2014-10-10 00:00:00-04:00,96.29000091552734,96.83000183105469,94.41999816894531,94.44000244140625,86.43096160888672,77579400,0.0,0.0,0.0
2014-10-13 00:00:00-04:00,94.2699966430664,94.98999786376953,92.87999725341797,92.95999908447266,85.07648468017578,80835900,0.0,0.0,0.0
2014-10-14 00:00:00-04:00,93.54000091552734,94.16999816894531,92.70999908447266,92.97000122070312,85.08563995361328,71814500,0.0,0.0,0.0
2014-10-15 00:00:00-04:00,91.56999969482422,92.76000213623047,90.23999786376953,92.37000274658203,84.53651428222656,108847800,0.0,0.0,0.0
2014-10-16 00:00:00-04:00,90.41999816894531,92.58000183105469,90.38999938964844,91.79000091552734,84.00569915771484,93165800,0.0,0.0,0.0
2014-10-17 00:00:00-04:00,93.0,93.88999938964844,92.45999908447266,93.0,85.11308288574219,69546700,0.0,0.0,0.0
2014-10-20 00:00:00-04:00,92.98999786376953,94.47000122070312,92.80000305175781,94.38999938964844,86.38521575927734,41479300,0.0,0.0,0.0
2014-10-21 00:00:00-04:00,95.55999755859375,96.87000274658203,95.31999969482422,96.87000274658203,88.65487670898438,53609800,0.0,0.0,0.0
2014-10-22 00:00:00-04:00,97.16999816894531,97.30000305175781,96.30999755859375,96.37000274658203,88.19731140136719,39178000,0.0,0.0,0.0
2014-10-23 00:00:00-04:00,97.33999633789062,98.36000061035156,97.16999816894531,97.81999969482422,89.5243148803711,48123800,0.0,0.0,0.0
2014-10-24 00:00:00-04:00,98.02999877929688,98.69000244140625,97.63999938964844,98.62000274658203,90.25647735595703,43157600,0.0,0.0,0.0
2014-10-27 00:00:00-04:00,98.43000030517578,98.87000274658203,98.0199966430664,98.69000244140625,90.3205337524414,29545700,0.0,0.0,0.0
2014-10-28 00:00:00-04:00,99.1500015258789,100.19999694824219,99.08000183105469,100.18000030517578,91.68417358398438,34495100,0.0,0.0,0.0
2014-10-29 00:00:00-04:00,99.8499984741211,100.12000274658203,99.0999984741211,99.80999755859375,91.34553527832031,40552800,0.0,0.0,0.0
2014-10-30 00:00:00-04:00,99.36000061035156,100.26000213623047,99.13999938964844,100.0199966430664,91.53775787353516,35935800,0.0,0.0,0.0
2014-10-31 00:00:00-04:00,101.68000030517578,101.75,101.06999969482422,101.4000015258789,92.80072021484375,54254100,0.0,0.0,0.0
2014-11-03 00:00:00-05:00,101.58000183105469,101.97000122070312,101.43000030517578,101.69999694824219,93.07525634765625,33481000,0.0,0.0,0.0
2014-11-04 00:00:00-05:00,101.37999725341797,101.62000274658203,100.66999816894531,101.36000061035156,92.76409912109375,22773300,0.0,0.0,0.0
2014-11-05 00:00:00-05:00,102.02999877929688,102.02999877929688,101.0199966430664,101.37000274658203,92.77327728271484,25818600,0.0,0.0,0.0
2014-11-06 00:00:00-05:00,101.36000061035156,101.72000122070312,100.91999816894531,101.69000244140625,93.06611633300781,24671900,0.0,0.0,0.0
2014-11-07 00:00:00-05:00,101.87000274658203,101.91000366210938,101.06999969482422,101.5999984741211,92.98375701904297,20931700,0.0,0.0,0.0
2014-11-10 00:00:00-05:00,101.6500015258789,102.08999633789062,101.37999725341797,101.95999908447266,93.31319427490234,20360000,0.0,0.0,0.0
2014-11-11 00:00:00-05:00,101.9800033569336,102.27999877929688,101.69999694824219,102.27999877929688,93.6060562133789,15454000,0.0,0.0,0.0
2014-11-12 00:00:00-05:00,101.87000274658203,102.56999969482422,101.87000274658203,102.45999908447266,93.77079010009766,22050300,0.0,0.0,0.0
2014-11-13 00:00:00-05:00,102.6500015258789,103.27999877929688,102.41999816894531,102.9000015258789,94.17350769042969,28027800,0.0,0.0,0.0
2014-11-14 00:00:00-05:00,102.87000274658203,103.22000122070312,102.52999877929688,103.22000122070312,94.46636962890625,19251300,0.0,0.0,0.0
2014-11-17 00:00:00-05:00,102.9800033569336,103.20999908447266,102.41999816894531,102.91000366210938,94.18266296386719,23361600,0.0,0.0,0.0
2014-11-18 00:00:00-05:00,103.0,103.81999969482422,102.98999786376953,103.68000030517578,94.88736724853516,26336800,0.0,0.0,0.0
2014-11-19 00:00:00-05:00,103.56999969482422,103.56999969482422,102.7300033569336,103.20999908447266,94.45722961425781,23760200,0.0,0.0,0.0
2014-11-20 00:00:00-05:00,102.7699966430664,103.76000213623047,102.69000244140625,103.66999816894531,94.87820434570312,22874000,0.0,0.0,0.0
2014-11-21 00:00:00-05:00,104.58999633789062,104.69000244140625,103.54000091552734,103.87000274658203,95.06124877929688,34049100,0.0,0.0,0.0
2014-11-24 00:00:00-05:00,104.1500015258789,104.7300033569336,104.05999755859375,104.68000030517578,95.80253601074219,17928300,0.0,0.0,0.0
2014-11-25 00:00:00-05:00,104.83999633789062,105.1500015258789,104.56999969482422,104.83999633789062,95.948974609375,17526000,0.0,0.0,0.0
2014-11-26 00:00:00-05:00,104.94000244140625,105.58000183105469,104.83000183105469,105.5199966430664,96.57132720947266,18973800,0.0,0.0,0.0
2014-11-28 00:00:00-05:00,105.80000305175781,106.25,105.7300033569336,106.01000213623047,97.01976776123047,17360400,0.0,0.0,0.0
2014-12-01 00:00:00-05:00,105.72000122070312,105.91999816894531,104.41999816894531,104.80999755859375,95.92153930664062,35969500,0.0,0.0,0.0
2014-12-02 00:00:00-05:00,104.91999816894531,105.41999816894531,104.69999694824219,105.2300033569336,96.30592346191406,26031300,0.0,0.0,0.0
2014-12-03 00:00:00-05:00,105.38999938964844,105.56999969482422,104.76000213623047,105.41999816894531,96.47980499267578,32974300,0.0,0.0,0.0
2014-12-04 00:00:00-05:00,105.31999969482422,105.77999877929688,104.93000030517578,105.37000274658203,96.43402862548828,31008800,0.0,0.0,0.0
2014-12-05 00:00:00-05:00,105.54000091552734,105.69999694824219,105.1500015258789,105.37999725341797,96.44319915771484,25622200,0.0,0.0,0.0
2014-12-08 00:00:00-05:00,105.11000061035156,105.56999969482422,104.08000183105469,104.62999725341797,95.75679016113281,32685800,0.0,0.0,0.0
2014-12-09 00:00:00-05:00,103.41000366210938,105.04000091552734,103.04000091552734,104.95999908447266,96.05879974365234,46035100,0.0,0.0,0.0
2014-12-10 00:00:00-05:00,104.7699966430664,105.02999877929688,103.12000274658203,103.30999755859375,94.54875183105469,39330100,0.0,0.0,0.0
2014-12-11 00:00:00-05:00,103.61000061035156,105.04000091552734,103.58999633789062,103.80000305175781,94.99722290039062,47576000,0.0,0.0,0.0
2014-12-12 00:00:00-05:00,102.80999755859375,103.98999786376953,102.66000366210938,102.66999816894531,93.96304321289062,46889400,0.0,0.0,0.0
2014-12-15 00:00:00-05:00,103.19999694824219,103.58000183105469,101.31999969482422,101.61000061035156,92.9928970336914,52968400,0.0,0.0,0.0
2014-12-16 00:00:00-05:00,100.97000122070312,102.47000122070312,99.95999908447266,99.9800033569336,91.50113677978516,65348600,0.0,0.0,0.0
2014-12-17 00:00:00-05:00,100.05000305175781,102.08999633789062,99.91999816894531,101.80000305175781,93.1667709350586,79715300,0.0,0.0,0.0
2014-12-18 00:00:00-05:00,103.26000213623047,104.26000213623047,102.9800033569336,104.25,95.4090347290039,49840900,0.0,0.0,0.0
2014-12-19 00:00:00-05:00,103.97000122070312,104.73999786376953,103.70999908447266,104.31999969482422,95.82884216308594,51419900,0.387,0.0,0.0
2014-12-22 00:00:00-05:00,104.1500015258789,104.61000061035156,104.0999984741211,104.58000183105469,96.06764221191406,33869200,0.0,0.0,0.0
2014-12-23 00:00:00-05:00,104.95999908447266,104.97000122070312,104.08999633789062,104.20999908447266,95.72777557373047,30156900,0.0,0.0,0.0
2014-12-24 00:00:00-05:00,104.33999633789062,104.69999694824219,104.2699966430664,104.30000305175781,95.81044006347656,14291300,0.0,0.0,0.0
2014-12-26 00:00:00-05:00,104.5999984741211,105.26000213623047,104.56999969482422,105.04000091552734,96.49021911621094,13924300,0.0,0.0,0.0
2014-12-29 00:00:00-05:00,104.94000244140625,105.25,104.87999725341797,105.0199966430664,96.47183990478516,17073800,0.0,0.0,0.0
2014-12-30 00:00:00-05:00,104.72000122070312,104.95999908447266,104.18000030517578,104.31999969482422,95.82884216308594,18604000,0.0,0.0,0.0
2014-12-31 00:00:00-05:00,104.5,104.91000366210938,103.0999984741211,103.25,94.84591674804688,24367100,0.0,0.0,0.0
2015-01-02 00:00:00-05:00,103.76000213623047,104.19999694824219,102.44000244140625,102.94000244140625,94.56114959716797,31314600,0.0,0.0,0.0
2015-01-05 00:00:00-05:00,102.48999786376953,102.61000061035156,101.13999938964844,101.43000030517578,93.17405700683594,36521300,0.0,0.0,0.0
2015-01-06 00:00:00-05:00,101.58000183105469,101.75,99.62000274658203,100.06999969482422,91.92475891113281,66205500,0.0,0.0,0.0
2015-01-07 00:00:00-05:00,100.7300033569336,101.5999984741211,100.48999786376953,101.36000061035156,93.10974884033203,37577400,0.0,0.0,0.0
2015-01-08 00:00:00-05:00,102.22000122070312,103.5,102.11000061035156,103.30000305175781,94.891845703125,40212600,0.0,0.0,0.0
2015-01-09 00:00:00-05:00,103.62000274658203,103.6500015258789,102.0199966430664,102.62000274658203,94.26718139648438,41410100,0.0,0.0,0.0
2015-01-12 00:00:00-05:00,102.81999969482422,102.93000030517578,101.29000091552734,101.55000305175781,93.2843017578125,34129800,0.0,0.0,0.0
2015-01-13 00:00:00-05:00,102.54000091552734,103.62000274658203,100.69999694824219,101.5199966430664,93.2567138671875,56162300,0.0,0.0,0.0
2015-01-14 00:00:00-05:00,100.5,101.4800033569336,100.06999969482422,100.95999908447266,92.7423324584961,51354200,0.0,0.0,0.0
2015-01-15 00:00:00-05:00,101.43000030517578,101.58999633789062,99.52999877929688,99.6500015258789,91.53895568847656,51005400,0.0,0.0,0.0
2015-01-16 00:00:00-05:00,99.5199966430664,100.94999694824219,99.36000061035156,100.81999969482422,92.61370086669922,35362200,0.0,0.0,0.0
2015-01-20 00:00:00-05:00,101.43000030517578,101.87999725341797,100.29000091552734,101.62000274658203,93.34858703613281,30964100,0.0,0.0,0.0
2015-01-21 00:00:00-05:00,101.31999969482422,102.62000274658203,100.95999908447266,102.13999938964844,93.82625579833984,40128800,0.0,0.0,0.0
2015-01-22 00:00:00-05:00,102.54000091552734,104.13999938964844,101.63999938964844,104.02999877929688,95.56244659423828,40887200,0.0,0.0,0.0
2015-01-23 00:00:00-05:00,104.0199966430664,104.58000183105469,103.72000122070312,104.26000213623047,95.77371978759766,34783000,0.0,0.0,0.0
2015-01-26 00:00:00-05:00,104.13999938964844,104.33000183105469,103.61000061035156,104.13999938964844,95.6634521484375,19960900,0.0,0.0,0.0
2015-01-27 00:00:00-05:00,102.5,102.55999755859375,101.0999984741211,101.44000244140625,93.18325805664062,45253200,0.0,0.0,0.0
2015-01-28 00:00:00-05:00,103.06999969482422,103.18000030517578,100.9000015258789,100.91999816894531,92.70556640625,43591700,0.0,0.0,0.0
2015-01-29 00:00:00-05:00,100.83999633789062,102.08000183105469,99.95999908447266,101.88999938964844,93.59663391113281,46539700,0.0,0.0,0.0
2015-01-30 00:00:00-05:00,101.80000305175781,102.58000183105469,100.95999908447266,101.0999984741211,92.87092590332031,42927600,0.0,0.0,0.0
2015-02-02 00:00:00-05:00,101.33000183105469,102.06999969482422,99.75,101.9800033569336,93.67931365966797,43624700,0.0,0.0,0.0
2015-02-03 00:00:00-05:00,102.3499984741211,103.02999877929688,101.68000030517578,102.95999908447266,94.57951354980469,30750400,0.0,0.0,0.0
2015-02-04 00:00:00-05:00,102.54000091552734,103.55000305175781,102.30999755859375,102.87000274658203,94.49686431884766,34073200,0.0,0.0,0.0
2015-02-05 00:00:00-05:00,103.12999725341797,103.83000183105469,102.87000274658203,103.76000213623047,95.31440734863281,23605500,0.0,0.0,0.0
2015-02-06 00:00:00-05:00,103.91999816894531,104.16999816894531,102.76000213623047,103.12999725341797,94.73570251464844,34169300,0.0,0.0,0.0
2015-02-09 00:00:00-05:00,102.7300033569336,103.29000091552734,102.55000305175781,102.80000305175781,94.43255615234375,22604700,0.0,0.0,0.0
2015-02-10 00:00:00-05:00,103.37000274658203,104.54000091552734,103.20999908447266,104.4000015258789,95.90230560302734,23686500,0.0,0.0,0.0
2015-02-11 00:00:00-05:00,104.5199966430664,105.0199966430664,104.31999969482422,104.77999877929688,96.25135803222656,20303600,0.0,0.0,0.0
2015-02-12 00:00:00-05:00,105.45999908447266,106.04000091552734,105.30000305175781,106.0,97.37208557128906,22520300,0.0,0.0,0.0
2015-02-13 00:00:00-05:00,106.30000305175781,106.93000030517578,106.0999984741211,106.91000366210938,98.2080078125,29030200,0.0,0.0,0.0
2015-02-17 00:00:00-05:00,106.91000366210938,107.08000183105469,106.63999938964844,107.01000213623047,98.29983520507812,17675300,0.0,0.0,0.0
2015-02-18 00:00:00-05:00,106.87999725341797,107.22000122070312,106.73999786376953,107.16000366210938,98.43769073486328,15149600,0.0,0.0,0.0
2015-02-19 00:00:00-05:00,107.08999633789062,107.76000213623047,107.05999755859375,107.69000244140625,98.92453002929688,19828100,0.0,0.0,0.0
2015-02-20 00:00:00-05:00,107.62000274658203,108.47000122070312,107.27999877929688,108.41000366210938,99.58592224121094,28336700,0.0,0.0,0.0
2015-02-23 00:00:00-05:00,108.3499984741211,108.55000305175781,108.11000061035156,108.5199966430664,99.68695831298828,17868000,0.0,0.0,0.0
2015-02-24 00:00:00-05:00,108.37999725341797,108.7300033569336,108.05000305175781,108.5999984741211,99.76042938232422,19745000,0.0,0.0,0.0
2015-02-25 00:00:00-05:00,108.44000244140625,108.86000061035156,108.08999633789062,108.33000183105469,99.51242065429688,19472300,0.0,0.0,0.0
2015-02-26 00:00:00-05:00,108.44000244140625,108.94000244140625,108.13999938964844,108.87999725341797,100.01764678955078,22255500,0.0,0.0,0.0
2015-02-27 00:00:00-05:00,108.83999633789062,108.91000366210938,108.2300033569336,108.4000015258789,99.57671356201172,27757600,0.0,0.0,0.0
2015-03-02 00:00:00-05:00,108.61000061035156,109.41999816894531,108.58999633789062,109.37999725341797,100.47697448730469,22988600,0.0,0.0,0.0
2015-03-03 00:00:00-05:00,109.05000305175781,109.16000366210938,108.18000030517578,108.87000274658203,100.00848388671875,20788900,0.0,0.0,0.0
2015-03-04 00:00:00-05:00,108.51000213623047,108.66999816894531,107.86000061035156,108.44999694824219,99.62264251708984,21007400,0.0,0.0,0.0
2015-03-05 00:00:00-05:00,108.7300033569336,108.97000122070312,108.19000244140625,108.63999938964844,99.79719543457031,15381000,0.0,0.0,0.0
2015-03-06 00:00:00-05:00,108.5,108.70999908447266,107.13999938964844,107.41000366210938,98.66731262207031,30990400,0.0,0.0,0.0
2015-03-09 00:00:00-04:00,107.62999725341797,107.98999786376953,107.19000244140625,107.72000122070312,98.95207977294922,26237100,0.0,0.0,0.0
2015-03-10 00:00:00-04:00,106.94999694824219,106.9800033569336,105.72000122070312,105.72000122070312,97.11486053466797,34234500,0.0,0.0,0.0
2015-03-11 00:00:00-04:00,105.87999725341797,106.01000213623047,105.06999969482422,105.11000061035156,96.55452728271484,25459700,0.0,0.0,0.0
2015-03-12 00:00:00-04:00,105.02999877929688,105.91999816894531,104.95999908447266,105.80000305175781,97.18836212158203,21473200,0.0,0.0,0.0
2015-03-13 00:00:00-04:00,105.69999694824219,106.12000274658203,104.68000030517578,105.33999633789062,96.76579284667969,42021100,0.0,0.0,0.0
2015-03-16 00:00:00-04:00,105.7300033569336,106.73999786376953,105.62000274658203,106.69999694824219,98.01510620117188,25674100,0.0,0.0,0.0
2015-03-17 00:00:00-04:00,106.41000366210938,107.04000091552734,106.16000366210938,106.87000274658203,98.17125701904297,19603800,0.0,0.0,0.0
2015-03-18 00:00:00-04:00,106.58000183105469,108.41000366210938,106.02999877929688,107.91999816894531,99.13580322265625,40622200,0.0,0.0,0.0
2015-03-19 00:00:00-04:00,108.02999877929688,108.37999725341797,107.87000274658203,108.08000183105469,99.28280639648438,31314000,0.0,0.0,0.0
2015-03-20 00:00:00-04:00,108.72000122070312,109.06999969482422,108.51000213623047,108.52999877929688,99.92545318603516,31761400,0.248,0.0,0.0
2015-03-23 00:00:00-04:00,108.47000122070312,108.7699966430664,108.27999877929688,108.31999969482422,99.7320785522461,17268500,0.0,0.0,0.0
2015-03-24 00:00:00-04:00,108.30999755859375,108.80999755859375,107.91000366210938,107.93000030517578,99.37300872802734,22445300,0.0,0.0,0.0
2015-03-25 00:00:00-04:00,108.0999984741211,108.19999694824219,105.41999816894531,105.45999908447266,97.09883880615234,41581400,0.0,0.0,0.0
2015-03-26 00:00:00-04:00,104.58999633789062,105.69999694824219,104.23999786376953,105.0999984741211,96.76738739013672,47846300,0.0,0.0,0.0
2015-03-27 00:00:00-04:00,105.08000183105469,105.7699966430664,104.91999816894531,105.5199966430664,97.15406799316406,33878400,0.0,0.0,0.0
2015-03-30 00:00:00-04:00,106.16000366210938,106.81999969482422,106.16000366210938,106.7300033569336,98.26812744140625,30570200,0.0,0.0,0.0
2015-03-31 00:00:00-04:00,106.43000030517578,106.6500015258789,105.56999969482422,105.5999984741211,97.22774505615234,30488100,0.0,0.0,0.0
2015-04-01 00:00:00-04:00,105.5999984741211,105.62000274658203,104.37000274658203,105.05000305175781,96.72132873535156,32970500,0.0,0.0,0.0
2015-04-02 00:00:00-04:00,105.1500015258789,105.45999908447266,104.77999877929688,105.12000274658203,96.7857894897461,19164200,0.0,0.0,0.0
2015-04-06 00:00:00-04:00,104.5,106.2699966430664,104.33999633789062,105.9800033569336,97.5776138305664,24451100,0.0,0.0,0.0
2015-04-07 00:00:00-04:00,105.91999816894531,106.69999694824219,105.80000305175781,105.80000305175781,97.41190338134766,19379400,0.0,0.0,0.0
2015-04-08 00:00:00-04:00,105.83999633789062,106.79000091552734,105.83000183105469,106.63999938964844,98.18528747558594,25866900,0.0,0.0,0.0
2015-04-09 00:00:00-04:00,106.58999633789062,107.3499984741211,106.2300033569336,107.30999755859375,98.80216217041016,23114700,0.0,0.0,0.0
2015-04-10 00:00:00-04:00,107.2699966430664,107.76000213623047,107.02999877929688,107.75,99.20726776123047,17164300,0.0,0.0,0.0
2015-04-13 00:00:00-04:00,107.83000183105469,108.37999725341797,107.36000061035156,107.4800033569336,98.95867919921875,17783500,0.0,0.0,0.0
2015-04-14 00:00:00-04:00,107.37000274658203,107.68000030517578,106.55999755859375,107.16999816894531,98.67322540283203,23755700,0.0,0.0,0.0
2015-04-15 00:00:00-04:00,107.44999694824219,108.06999969482422,107.31999969482422,107.83999633789062,99.2901382446289,21128600,0.0,0.0,0.0
2015-04-16 00:00:00-04:00,107.55000305175781,107.87999725341797,107.4000015258789,107.69000244140625,99.15203094482422,16195300,0.0,0.0,0.0
2015-04-17 00:00:00-04:00,106.66000366210938,106.94999694824219,105.55000305175781,106.01000213623047,97.60523223876953,46514000,0.0,0.0,0.0
2015-04-20 00:00:00-04:00,106.54000091552734,107.79000091552734,106.5,107.5999984741211,99.06917572021484,28945900,0.0,0.0,0.0
2015-04-21 00:00:00-04:00,108.22000122070312,108.41000366210938,107.93000030517578,108.05999755859375,99.49269104003906,22759800,0.0,0.0,0.0
2015-04-22 00:00:00-04:00,108.33999633789062,108.83000183105469,107.63999938964844,108.6500015258789,100.03594207763672,21429200,0.0,0.0,0.0
2015-04-23 00:00:00-04:00,108.27999877929688,109.55000305175781,108.26000213623047,109.05999755859375,100.41342163085938,29473200,0.0,0.0,0.0
2015-04-24 00:00:00-04:00,110.20999908447266,110.69000244140625,110.02999877929688,110.54000091552734,101.7761001586914,32508100,0.0,0.0,0.0
2015-04-27 00:00:00-04:00,110.94999694824219,111.16000366210938,110.0199966430664,110.26000213623047,101.51827239990234,31121300,0.0,0.0,0.0
2015-04-28 00:00:00-04:00,110.33999633789062,110.55000305175781,109.11000061035156,110.04000091552734,101.3156967163086,36849200,0.0,0.0,0.0
2015-04-29 00:00:00-04:00,109.43000030517578,110.06999969482422,108.75,109.3499984741211,100.68041229248047,34043900,0.0,0.0,0.0
2015-04-30 00:00:00-04:00,108.7300033569336,109.16999816894531,107.05999755859375,107.62999725341797,99.09679412841797,44080500,0.0,0.0,0.0
2015-05-01 00:00:00-04:00,108.05000305175781,109.12000274658203,108.02999877929688,109.05000305175781,100.40421295166016,32874300,0.0,0.0,0.0
2015-05-04 00:00:00-04:00,109.4000015258789,109.91000366210938,109.16999816894531,109.2300033569336,100.5699462890625,23507300,0.0,0.0,0.0
2015-05-05 00:00:00-04:00,108.80000305175781,109.0,107.4000015258789,107.44999694824219,98.93106842041016,47843300,0.0,0.0,0.0
2015-05-06 00:00:00-04:00,107.63999938964844,107.94999694824219,106.0,106.70999908447266,98.24971771240234,42687200,0.0,0.0,0.0
2015-05-07 00:00:00-04:00,106.68000030517578,107.6500015258789,106.5999984741211,107.3499984741211,98.8389892578125,29335800,0.0,0.0,0.0
2015-05-08 00:00:00-04:00,108.45999908447266,108.91999816894531,108.30000305175781,108.69000244140625,100.07276153564453,33023300,0.0,0.0,0.0
2015-05-11 00:00:00-04:00,108.76000213623047,108.9800033569336,108.19000244140625,108.2699966430664,99.68605041503906,19679300,0.0,0.0,0.0
2015-05-12 00:00:00-04:00,107.62999725341797,108.33000183105469,106.80000305175781,107.77999877929688,99.23487091064453,33665000,0.0,0.0,0.0
2015-05-13 00:00:00-04:00,108.25,108.80999755859375,107.83999633789062,108.0,99.43744659423828,20738400,0.0,0.0,0.0
2015-05-14 00:00:00-04:00,108.87999725341797,109.66999816894531,108.4800033569336,109.58000183105469,100.89217376708984,23904200,0.0,0.0,0.0
2015-05-15 00:00:00-04:00,109.86000061035156,110.01000213623047,109.30999755859375,109.58000183105469,100.89217376708984,23937400,0.0,0.0,0.0
2015-05-18 00:00:00-04:00,109.4000015258789,110.27999877929688,109.31999969482422,110.05999755859375,101.33415222167969,17631100,0.0,0.0,0.0
2015-05-19 00:00:00-04:00,110.18000030517578,110.3499984741211,109.76000213623047,109.94000244140625,101.22364044189453,14212900,0.0,0.0,0.0
2015-05-20 00:00:00-04:00,110.0199966430664,110.66999816894531,109.43000030517578,110.01000213623047,101.28807830810547,21131900,0.0,0.0,0.0
2015-05-21 00:00:00-04:00,109.81999969482422,110.7300033569336,109.66000366210938,110.58000183105469,101.81292724609375,16771800,0.0,0.0,0.0
2015-05-22 00:00:00-04:00,110.44999694824219,110.87000274658203,110.37999725341797,110.47000122070312,101.71160888671875,13543800,0.0,0.0,0.0
2015-05-26 00:00:00-04:00,110.2300033569336,110.37999725341797,108.76000213623047,109.19999694824219,100.54231262207031,25488400,0.0,0.0,0.0
2015-05-27 00:00:00-04:00,109.52999877929688,111.08000183105469,109.29000091552734,110.95999908447266,102.16278839111328,30572700,0.0,0.0,0.0
2015-05-28 00:00:00-04:00,110.75,111.01000213623047,110.37000274658203,110.70999908447266,101.93260192871094,17302400,0.0,0.0,0.0
2015-05-29 00:00:00-04:00,110.63999938964844,110.79000091552734,109.79000091552734,110.05000305175781,101.32492065429688,30383000,0.0,0.0,0.0
2015-06-01 00:00:00-04:00,110.63999938964844,110.72000122070312,109.5199966430664,110.41999816894531,101.66559600830078,24570200,0.0,0.0,0.0
2015-06-02 00:00:00-04:00,110.01000213623047,110.61000061035156,109.47000122070312,110.06999969482422,101.3433609008789,19449600,0.0,0.0,0.0
2015-06-03 00:00:00-04:00,110.56999969482422,110.80999755859375,110.12999725341797,110.4000015258789,101.64717864990234,20507200,0.0,0.0,0.0
2015-06-04 00:00:00-04:00,109.77999877929688,110.4800033569336,109.20999908447266,109.55999755859375,100.87378692626953,31374600,0.0,0.0,0.0
2015-06-05 00:00:00-04:00,109.43000030517578,109.69000244140625,108.62999725341797,109.30000305175781,100.6343994140625,22641700,0.0,0.0,0.0
2015-06-08 00:00:00-04:00,109.25,109.33000183105469,107.97000122070312,108.19000244140625,99.6124267578125,24549200,0.0,0.0,0.0
2015-06-09 00:00:00-04:00,107.93000030517578,108.4000015258789,107.19999694824219,108.01000213623047,99.4466781616211,27554600,0.0,0.0,0.0
2015-06-10 00:00:00-04:00,108.37999725341797,109.80999755859375,108.26000213623047,109.48999786376953,100.809326171875,30297900,0.0,0.0,0.0
2015-06-11 00:00:00-04:00,109.86000061035156,110.1500015258789,109.45999908447266,109.6500015258789,100.9566421508789,17593500,0.0,0.0,0.0
2015-06-12 00:00:00-04:00,109.06999969482422,109.30000305175781,108.5999984741211,108.75,100.12799072265625,27201800,0.0,0.0,0.0
2015-06-15 00:00:00-04:00,107.94000244140625,108.37999725341797,107.30999755859375,108.20999908447266,99.63080596923828,31238800,0.0,0.0,0.0
2015-06-16 00:00:00-04:00,108.0999984741211,108.9800033569336,108.05000305175781,108.80000305175781,100.17402648925781,16456900,0.0,0.0,0.0
2015-06-17 00:00:00-04:00,108.9800033569336,109.44999694824219,108.43000030517578,109.0999984741211,100.45023345947266,23296700,0.0,0.0,0.0
2015-06-18 00:00:00-04:00,109.5,110.87999725341797,109.44000244140625,110.69000244140625,101.91415405273438,43032400,0.0,0.0,0.0
2015-06-19 00:00:00-04:00,110.48999786376953,110.58000183105469,109.80999755859375,109.88999938964844,101.41032409667969,27877600,0.254,0.0,0.0
2015-06-22 00:00:00-04:00,110.69999694824219,111.02999877929688,110.44999694824219,110.69999694824219,102.15780639648438,19120900,0.0,0.0,0.0
2015-06-23 00:00:00-04:00,110.81999969482422,110.88999938964844,110.33000183105469,110.79000091552734,102.24085235595703,18127900,0.0,0.0,0.0
2015-06-24 00:00:00-04:00,110.66000366210938,111.12999725341797,110.19000244140625,110.22000122070312,101.7148666381836,15815900,0.0,0.0,0.0
2015-06-25 00:00:00-04:00,110.6500015258789,110.76000213623047,109.81999969482422,110.0,101.5118179321289,18326700,0.0,0.0,0.0
2015-06-26 00:00:00-04:00,109.9800033569336,110.2300033569336,108.86000061035156,109.2699966430664,100.83818054199219,32311700,0.0,0.0,0.0
2015-06-29 00:00:00-04:00,108.05999755859375,108.66000366210938,106.63999938964844,106.69000244140625,98.45726013183594,50874900,0.0,0.0,0.0
2015-06-30 00:00:00-04:00,107.48999786376953,107.72000122070312,106.73999786376953,107.06999969482422,98.80793762207031,34809900,0.0,0.0,0.0
2015-07-01 00:00:00-04:00,108.12999725341797,108.3499984741211,107.41999816894531,107.91999816894531,99.59234619140625,21293000,0.0,0.0,0.0
2015-07-02 00:00:00-04:00,108.2300033569336,108.31999969482422,107.62000274658203,107.94999694824219,99.62002563476562,20499400,0.0,0.0,0.0
2015-07-06 00:00:00-04:00,107.2699966430664,108.31999969482422,107.04000091552734,107.69999694824219,99.38933563232422,24311000,0.0,0.0,0.0
2015-07-07 00:00:00-04:00,107.81999969482422,108.06999969482422,105.83000183105469,107.97000122070312,99.63848114013672,44230800,0.0,0.0,0.0
2015-07-08 00:00:00-04:00,107.19999694824219,107.33000183105469,105.88999938964844,106.08999633789062,97.90351867675781,39691500,0.0,0.0,0.0
2015-07-09 00:00:00-04:00,107.5,107.5999984741211,106.0199966430664,106.02999877929688,97.84819793701172,28381000,0.0,0.0,0.0
2015-07-10 00:00:00-04:00,107.44000244140625,108.05000305175781,107.05000305175781,107.6500015258789,99.34319305419922,26415800,0.0,0.0,0.0
2015-07-13 00:00:00-04:00,108.58000183105469,109.62999725341797,108.56999969482422,109.54000091552734,101.08731842041016,25780700,0.0,0.0,0.0
2015-07-14 00:00:00-04:00,109.69000244140625,110.55999755859375,109.62999725341797,110.26000213623047,101.75177001953125,21977200,0.0,0.0,0.0
2015-07-15 00:00:00-04:00,110.47000122070312,110.80999755859375,110.06999969482422,110.37999725341797,101.86250305175781,28631500,0.0,0.0,0.0
2015-07-16 00:00:00-04:00,111.29000091552734,111.95999908447266,111.06999969482422,111.94000244140625,103.30213928222656,29838900,0.0,0.0,0.0
2015-07-17 00:00:00-04:00,112.83999633789062,113.58999633789062,112.6500015258789,113.58999633789062,104.82479858398438,35926800,0.0,0.0,0.0
2015-07-20 00:00:00-04:00,113.83000183105469,114.38999938964844,113.4800033569336,113.9800033569336,105.18470764160156,26539000,0.0,0.0,0.0
2015-07-21 00:00:00-04:00,114.0199966430664,114.19999694824219,113.58000183105469,113.91000366210938,105.12010955810547,35468900,0.0,0.0,0.0
2015-07-22 00:00:00-04:00,112.16999816894531,113.16999816894531,112.16999816894531,112.62000274658203,103.92965698242188,35575000,0.0,0.0,0.0
2015-07-23 00:00:00-04:00,112.7300033569336,113.0999984741211,111.91000366210938,112.19999694824219,103.54208374023438,25698300,0.0,0.0,0.0
2015-07-24 00:00:00-04:00,112.80000305175781,113.0,110.93000030517578,111.0999984741211,102.5269775390625,30844700,0.0,0.0,0.0
2015-07-27 00:00:00-04:00,110.47000122070312,110.94999694824219,109.94000244140625,110.18000030517578,101.6779556274414,35994800,0.0,0.0,0.0
2015-07-28 00:00:00-04:00,110.66999816894531,111.3499984741211,109.79000091552734,111.12999725341797,102.55463409423828,33553500,0.0,0.0,0.0
2015-07-29 00:00:00-04:00,111.37000274658203,111.79000091552734,110.94000244140625,111.55000305175781,102.94224548339844,26714100,0.0,0.0,0.0
2015-07-30 00:00:00-04:00,111.29000091552734,112.2699966430664,110.62000274658203,112.08000183105469,103.43135070800781,25438100,0.0,0.0,0.0
2015-07-31 00:00:00-04:00,112.43000030517578,112.48999786376953,111.72000122070312,111.94999694824219,103.31137084960938,22081700,0.0,0.0,0.0
2015-08-03 00:00:00-04:00,111.97000122070312,112.27999877929688,110.86000061035156,111.5999984741211,102.98835754394531,25001800,0.0,0.0,0.0
2015-08-04 00:00:00-04:00,111.55000305175781,111.75,110.93000030517578,111.38999938964844,102.7945785522461,22132300,0.0,0.0,0.0
2015-08-05 00:00:00-04:00,112.01000213623047,113.0,111.87999725341797,112.25,103.58821105957031,28989900,0.0,0.0,0.0
2015-08-06 00:00:00-04:00,112.3499984741211,112.5,109.94999694824219,110.44999694824219,101.9271240234375,42125400,0.0,0.0,0.0
2015-08-07 00:00:00-04:00,110.18000030517578,110.56999969482422,109.4000015258789,110.30999755859375,101.79792022705078,30006800,0.0,0.0,0.0
2015-08-10 00:00:00-04:00,111.01000213623047,111.80999755859375,111.0,111.56999969482422,102.9606704711914,21500800,0.0,0.0,0.0
2015-08-11 00:00:00-04:00,110.9800033569336,111.41000366210938,109.52999877929688,110.13999938964844,101.64103698730469,36123300,0.0,0.0,0.0
2015-08-12 00:00:00-04:00,109.37999725341797,110.73999786376953,108.22000122070312,110.5199966430664,101.99168395996094,41889000,0.0,0.0,0.0
2015-08-13 00:00:00-04:00,110.62999725341797,111.16000366210938,110.0999984741211,110.33999633789062,101.82557678222656,22510500,0.0,0.0,0.0
2015-08-14 00:00:00-04:00,110.08000183105469,110.66999816894531,109.86000061035156,110.51000213623047,101.98249053955078,17924900,0.0,0.0,0.0
2015-08-17 00:00:00-04:00,110.23999786376953,111.45999908447266,109.95999908447266,111.43000030517578,102.83148193359375,21224900,0.0,0.0,0.0
2015-08-18 00:00:00-04:00,111.27999877929688,111.37000274658203,110.70999908447266,110.86000061035156,102.30546569824219,13984400,0.0,0.0,0.0
2015-08-19 00:00:00-04:00,110.5199966430664,111.11000061035156,109.48999786376953,110.12999725341797,101.63179779052734,42511400,0.0,0.0,0.0
2015-08-20 00:00:00-04:00,109.11000061035156,109.45999908447266,107.06999969482422,107.08000183105469,98.81717681884766,57747300,0.0,0.0,0.0
2015-08-21 00:00:00-04:00,105.56999969482422,106.47000122070312,102.4000015258789,102.4000015258789,94.4982681274414,97763400,0.0,0.0,0.0
2015-08-24 00:00:00-04:00,94.2300033569336,102.52999877929688,84.73999786376953,98.45999908447266,90.8623275756836,150829900,0.0,0.0,0.0
2015-08-25 00:00:00-04:00,102.06999969482422,102.73999786376953,98.01000213623047,98.08999633789062,90.52084350585938,75088300,0.0,0.0,0.0
2015-08-26 00:00:00-04:00,100.95999908447266,103.2300033569336,98.93000030517578,103.02999877929688,95.07967376708984,104103800,0.0,0.0,0.0
2015-08-27 00:00:00-04:00,104.5199966430664,105.70999908447266,103.27999877929688,105.63999938964844,97.48828125,69377700,0.0,0.0,0.0
2015-08-28 00:00:00-04:00,105.08000183105469,106.0,104.8499984741211,105.62000274658203,97.46983337402344,49919600,0.0,0.0,0.0
2015-08-31 00:00:00-04:00,105.02999877929688,105.61000061035156,104.05000305175781,104.30999755859375,96.26089477539062,39549400,0.0,0.0,0.0
2015-09-01 00:00:00-04:00,101.70999908447266,103.29000091552734,100.62999725341797,101.05000305175781,93.2524642944336,73155500,0.0,0.0,0.0
2015-09-02 00:00:00-04:00,102.87999725341797,103.91999816894531,101.69999694824219,103.9000015258789,95.8825454711914,43963600,0.0,0.0,0.0
2015-09-03 00:00:00-04:00,104.30999755859375,105.0199966430664,103.0999984741211,103.38999938964844,95.41191864013672,45131800,0.0,0.0,0.0
2015-09-04 00:00:00-04:00,101.97000122070312,102.8499984741211,101.58999633789062,102.16000366210938,94.27681732177734,49379600,0.0,0.0,0.0
2015-09-08 00:00:00-04:00,104.12000274658203,105.16999816894531,103.69000244140625,105.04000091552734,96.93456268310547,37343500,0.0,0.0,0.0
2015-09-09 00:00:00-04:00,106.27999877929688,106.30999755859375,103.58999633789062,103.86000061035156,95.8456039428711,47146700,0.0,0.0,0.0
2015-09-10 00:00:00-04:00,103.73999786376953,105.68000030517578,103.62000274658203,104.98999786376953,96.888427734375,47686700,0.0,0.0,0.0
2015-09-11 00:00:00-04:00,104.51000213623047,105.56999969482422,104.20999908447266,105.56999969482422,97.42369842529297,29106100,0.0,0.0,0.0
2015-09-14 00:00:00-04:00,105.95999908447266,105.9800033569336,104.8499984741211,105.25,97.12834930419922,19718800,0.0,0.0,0.0
2015-09-15 00:00:00-04:00,105.5,106.81999969482422,105.11000061035156,106.48999786376953,98.27265167236328,30020200,0.0,0.0,0.0
2015-09-16 00:00:00-04:00,106.51000213623047,107.19000244140625,106.13999938964844,107.08999633789062,98.82636260986328,31329100,0.0,0.0,0.0
2015-09-17 00:00:00-04:00,106.9800033569336,108.7300033569336,106.63999938964844,107.12999725341797,98.86328125,56139800,0.0,0.0,0.0
2015-09-18 00:00:00-04:00,105.2300033569336,106.5999984741211,105.16999816894531,105.3499984741211,97.45716857910156,48384000,0.26,0.0,0.0
2015-09-21 00:00:00-04:00,105.93000030517578,106.55000305175781,104.7300033569336,105.68000030517578,97.762451171875,35772600,0.0,0.0,0.0
2015-09-22 00:00:00-04:00,104.05999755859375,104.41999816894531,103.12999725341797,104.0999984741211,96.30084228515625,47359700,0.0,0.0,0.0
2015-09-23 00:00:00-04:00,104.37999725341797,104.66000366210938,103.63999938964844,104.18000030517578,96.37483215332031,21775100,0.0,0.0,0.0
2015-09-24 00:00:00-04:00,103.16999816894531,104.19000244140625,102.2699966430664,103.80000305175781,96.02332305908203,38284300,0.0,0.0,0.0
2015-09-25 00:00:00-04:00,104.91000366210938,105.01000213623047,102.27999877929688,102.91999816894531,95.20925903320312,44700000,0.0,0.0,0.0
2015-09-28 00:00:00-04:00,102.4800033569336,102.55000305175781,99.69000244140625,99.98999786376953,92.49874877929688,44077500,0.0,0.0,0.0
2015-09-29 00:00:00-04:00,100.23999786376953,101.26000213623047,98.75,99.47000122070312,92.01770782470703,49315500,0.0,0.0,0.0
2015-09-30 00:00:00-04:00,100.88999938964844,101.87000274658203,100.5,101.76000213623047,94.13612365722656,41411400,0.0,0.0,0.0
2015-10-01 00:00:00-04:00,101.94000244140625,102.2300033569336,100.58999633789062,102.22000122070312,94.56168365478516,39339100,0.0,0.0,0.0
2015-10-02 00:00:00-04:00,100.80000305175781,104.01000213623047,100.4800033569336,104.01000213623047,96.21755981445312,59370900,0.0,0.0,0.0
2015-10-05 00:00:00-04:00,104.77999877929688,105.77999877929688,104.55000305175781,105.5,97.59590148925781,32853500,0.0,0.0,0.0
2015-10-06 00:00:00-04:00,105.25,105.5999984741211,104.18000030517578,105.0,97.1333999633789,33051500,0.0,0.0,0.0
2015-10-07 00:00:00-04:00,105.66000366210938,105.86000061035156,104.29000091552734,105.62999725341797,97.71619415283203,37389300,0.0,0.0,0.0
2015-10-08 00:00:00-04:00,105.2300033569336,106.2300033569336,104.20999908447266,106.05000305175781,98.10474395751953,50188900,0.0,0.0,0.0
2015-10-09 00:00:00-04:00,106.0999984741211,106.7300033569336,105.80999755859375,106.52999877929688,98.54876708984375,23916200,0.0,0.0,0.0
2015-10-12 00:00:00-04:00,106.7300033569336,106.98999786376953,106.3499984741211,106.79000091552734,98.7892837524414,16162000,0.0,0.0,0.0
2015-10-13 00:00:00-04:00,106.18000030517578,107.26000213623047,106.0,106.0999984741211,98.15098571777344,26999600,0.0,0.0,0.0
2015-10-14 00:00:00-04:00,106.0999984741211,106.62999725341797,105.48999786376953,105.93000030517578,97.99371337890625,30902600,0.0,0.0,0.0
2015-10-15 00:00:00-04:00,106.31999969482422,107.68000030517578,106.18000030517578,107.66999816894531,99.60333251953125,38393800,0.0,0.0,0.0
2015-10-16 00:00:00-04:00,107.9000015258789,108.18000030517578,107.37999725341797,108.12000274658203,100.0196533203125,27091100,0.0,0.0,0.0
2015-10-19 00:00:00-04:00,107.9800033569336,108.80999755859375,107.73999786376953,108.73999786376953,100.59319305419922,23776300,0.0,0.0,0.0
2015-10-20 00:00:00-04:00,108.55000305175781,108.77999877929688,107.80999755859375,108.18000030517578,100.07513427734375,23404700,0.0,0.0,0.0
2015-10-21 00:00:00-04:00,108.7300033569336,108.83999633789062,107.4800033569336,107.5199966430664,99.464599609375,30195200,0.0,0.0,0.0
2015-10-22 00:00:00-04:00,108.4800033569336,109.80000305175781,108.16999816894531,109.70999908447266,101.49051666259766,42778700,0.0,0.0,0.0
2015-10-23 00:00:00-04:00,112.66000366210938,113.23999786376953,112.06999969482422,112.77999877929688,104.33053588867188,53170900,0.0,0.0,0.0
2015-10-26 00:00:00-04:00,112.69999694824219,113.06999969482422,112.2699966430664,112.8499984741211,104.39530944824219,25918000,0.0,0.0,0.0
2015-10-27 00:00:00-04:00,112.55000305175781,113.23999786376953,112.5199966430664,113.08000183105469,104.60806274414062,31390500,0.0,0.0,0.0
2015-10-28 00:00:00-04:00,113.25,114.0199966430664,112.33999633789062,114.0199966430664,105.47760772705078,42221900,0.0,0.0,0.0
2015-10-29 00:00:00-04:00,113.5,114.02999877929688,113.37999725341797,113.83999633789062,105.31111145019531,24913300,0.0,0.0,0.0
2015-10-30 00:00:00-04:00,113.88999938964844,114.08000183105469,113.30000305175781,113.33000183105469,104.83930969238281,27199200,0.0,0.0,0.0
2015-11-02 00:00:00-05:00,113.62999725341797,114.75,113.38999938964844,114.61000061035156,106.02340698242188,22176900,0.0,0.0,0.0
2015-11-03 00:00:00-05:00,114.37999725341797,115.41999816894531,114.20999908447266,115.01000213623047,106.39344787597656,20418400,0.0,0.0,0.0
2015-11-04 00:00:00-05:00,115.38999938964844,115.47000122070312,114.54000091552734,115.0199966430664,106.40270233154297,28633000,0.0,0.0,0.0
2015-11-05 00:00:00-05:00,115.12000274658203,115.4000015258789,114.11000061035156,114.70999908447266,106.11592864990234,25004100,0.0,0.0,0.0
2015-11-06 00:00:00-05:00,114.48999786376953,114.91999816894531,113.76000213623047,114.79000091552734,106.18992614746094,29924900,0.0,0.0,0.0
2015-11-09 00:00:00-05:00,114.36000061035156,114.51000213623047,112.87000274658203,113.56999969482422,105.06134033203125,33479800,0.0,0.0,0.0
2015-11-10 00:00:00-05:00,112.97000122070312,113.38999938964844,112.62999725341797,113.27999877929688,104.7930679321289,35452100,0.0,0.0,0.0
2015-11-11 00:00:00-05:00,113.58999633789062,114.13999938964844,112.94999694824219,113.13999938964844,104.66354370117188,22748800,0.0,0.0,0.0
2015-11-12 00:00:00-05:00,112.68000030517578,113.2300033569336,111.95999908447266,112.04000091552734,103.64595794677734,31196900,0.0,0.0,0.0
2015-11-13 00:00:00-05:00,111.56999969482422,111.69000244140625,109.77999877929688,109.83999633789062,101.61078643798828,52836000,0.0,0.0,0.0
2015-11-16 00:00:00-05:00,109.7300033569336,111.44000244140625,109.4800033569336,111.41999816894531,103.07240295410156,33980600,0.0,0.0,0.0
2015-11-17 00:00:00-05:00,111.61000061035156,112.29000091552734,111.20999908447266,111.48999786376953,103.13716888427734,30579500,0.0,0.0,0.0
2015-11-18 00:00:00-05:00,111.94000244140625,113.73999786376953,111.83000183105469,113.62999725341797,105.11683654785156,32966500,0.0,0.0,0.0
2015-11-19 00:00:00-05:00,113.69000244140625,114.2300033569336,113.48999786376953,113.70999908447266,105.19085693359375,26188100,0.0,0.0,0.0
2015-11-20 00:00:00-05:00,114.25,114.56999969482422,114.13999938964844,114.4800033569336,105.90318298339844,22727600,0.0,0.0,0.0
2015-11-23 00:00:00-05:00,114.5199966430664,114.94000244140625,113.66000366210938,114.1500015258789,105.5978775024414,20696200,0.0,0.0,0.0
2015-11-24 00:00:00-05:00,113.41000366210938,114.31999969482422,112.83999633789062,114.05000305175781,105.50537872314453,26374400,0.0,0.0,0.0
2015-11-25 00:00:00-05:00,114.22000122070312,114.36000061035156,113.91000366210938,114.1500015258789,105.5978775024414,14159900,0.0,0.0,0.0
2015-11-27 00:00:00-05:00,114.4000015258789,114.54000091552734,113.91999816894531,114.30999755859375,105.74588012695312,8828000,0.0,0.0,0.0
2015-11-30 00:00:00-05:00,114.6500015258789,114.6500015258789,113.6500015258789,114.0199966430664,105.47760772705078,25041600,0.0,0.0,0.0
2015-12-01 00:00:00-05:00,114.4800033569336,115.16000366210938,114.33999633789062,115.16000366210938,106.5322265625,28639400,0.0,0.0,0.0
2015-12-02 00:00:00-05:00,115.25,115.75,114.27999877929688,114.44999694824219,105.87541961669922,22395500,0.0,0.0,0.0
2015-12-03 00:00:00-05:00,114.76000213623047,114.95999908447266,111.83999633789062,112.51000213623047,104.08075714111328,42754300,0.0,0.0,0.0
2015-12-04 00:00:00-05:00,112.8499984741211,115.33000183105469,112.62000274658203,115.13999938964844,106.51371002197266,40037300,0.0,0.0,0.0
2015-12-07 00:00:00-05:00,115.22000122070312,115.29000091552734,114.06999969482422,114.62000274658203,106.03267669677734,25892100,0.0,0.0,0.0
2015-12-08 00:00:00-05:00,113.41999816894531,115.0,113.37999725341797,114.62999725341797,106.04190826416016,30792600,0.0,0.0,0.0
2015-12-09 00:00:00-05:00,114.12999725341797,114.76000213623047,112.19999694824219,112.88999938964844,104.43228149414062,48509200,0.0,0.0,0.0
2015-12-10 00:00:00-05:00,113.1500015258789,114.16000366210938,112.80999755859375,113.4000015258789,104.90408325195312,30154600,0.0,0.0,0.0
2015-12-11 00:00:00-05:00,112.08999633789062,112.38999938964844,110.72000122070312,110.79000091552734,102.4896011352539,56022200,0.0,0.0,0.0
2015-12-14 00:00:00-05:00,110.94000244140625,111.68000030517578,109.37999725341797,111.62999725341797,103.26668548583984,53098500,0.0,0.0,0.0
2015-12-15 00:00:00-05:00,112.66000366210938,113.27999877929688,112.16999816894531,112.30999755859375,103.89574432373047,48428000,0.0,0.0,0.0
2015-12-16 00:00:00-05:00,113.06999969482422,114.16999816894531,111.88999938964844,113.9800033569336,105.44062042236328,44944100,0.0,0.0,0.0
2015-12-17 00:00:00-05:00,114.4800033569336,114.4800033569336,112.30000305175781,112.31999969482422,103.90499114990234,45668800,0.0,0.0,0.0
2015-12-18 00:00:00-05:00,111.62999725341797,111.87999725341797,109.83000183105469,109.83000183105469,101.91185760498047,53746100,0.342,0.0,0.0
2015-12-21 00:00:00-05:00,110.87000274658203,111.06999969482422,110.05000305175781,111.05000305175781,103.04389190673828,26432800,0.0,0.0,0.0
2015-12-22 00:00:00-05:00,111.63999938964844,111.94000244140625,111.05000305175781,111.77999877929688,103.72126007080078,26540300,0.0,0.0,0.0
2015-12-23 00:00:00-05:00,112.36000061035156,112.69000244140625,112.16000366210938,112.61000061035156,104.4914321899414,25656900,0.0,0.0,0.0
2015-12-24 00:00:00-05:00,112.61000061035156,112.9000015258789,112.54000091552734,112.58999633789062,104.47285461425781,11468600,0.0,0.0,0.0
2015-12-28 00:00:00-05:00,112.31999969482422,112.55000305175781,111.51000213623047,112.52999877929688,104.41720581054688,19183600,0.0,0.0,0.0
2015-12-29 00:00:00-05:00,113.19999694824219,114.55000305175781,113.12999725341797,114.30000305175781,106.0595932006836,27725700,0.0,0.0,0.0
2015-12-30 00:00:00-05:00,114.19999694824219,114.23999786376953,113.25,113.2699966430664,105.10382843017578,19520100,0.0,0.0,0.0
2015-12-31 00:00:00-05:00,112.87000274658203,113.08000183105469,111.83999633789062,111.86000061035156,103.79548645019531,29886800,0.0,0.0,0.0
2016-01-04 00:00:00-05:00,109.44999694824219,109.5999984741211,108.12000274658203,109.5,101.60564422607422,50807600,0.0,0.0,0.0
2016-01-05 00:00:00-05:00,110.04000091552734,110.18000030517578,108.80000305175781,109.30999755859375,101.42933654785156,38795200,0.0,0.0,0.0
2016-01-06 00:00:00-05:00,107.41000366210938,108.88999938964844,107.41000366210938,108.26000213623047,100.45503234863281,41891100,0.0,0.0,0.0
2016-01-07 00:00:00-05:00,105.94999694824219,107.29000091552734,104.80999755859375,104.87000274658203,97.30941009521484,61386300,0.0,0.0,0.0
2016-01-08 00:00:00-05:00,105.62999725341797,106.29000091552734,103.9000015258789,104.01000213623047,96.51142120361328,69344000,0.0,0.0,0.0
2016-01-11 00:00:00-05:00,104.75,105.05999755859375,102.7300033569336,104.33000183105469,96.8083724975586,50024100,0.0,0.0,0.0
2016-01-12 00:00:00-05:00,105.33000183105469,106.08000183105469,104.08000183105469,105.54000091552734,97.93111419677734,46734200,0.0,0.0,0.0
2016-01-13 00:00:00-05:00,105.97000122070312,106.2300033569336,101.73999786376953,101.9000015258789,94.5535659790039,69870700,0.0,0.0,0.0
2016-01-14 00:00:00-05:00,102.30000305175781,104.9800033569336,100.66999816894531,104.06999969482422,96.56710815429688,78445700,0.0,0.0,0.0
2016-01-15 00:00:00-05:00,100.62000274658203,101.94000244140625,99.51000213623047,100.83999633789062,93.5699462890625,91443900,0.0,0.0,0.0
2016-01-19 00:00:00-05:00,102.20999908447266,102.37000274658203,99.87999725341797,101.05999755859375,93.77413940429688,56563800,0.0,0.0,0.0
2016-01-20 00:00:00-05:00,99.47000122070312,101.83000183105469,97.25,100.75,93.4864273071289,86675000,0.0,0.0,0.0
2016-01-21 00:00:00-05:00,101.18000030517578,102.3499984741211,99.81999969482422,100.8499984741211,93.57923126220703,61660100,0.0,0.0,0.0
2016-01-22 00:00:00-05:00,102.87999725341797,103.80999755859375,102.52999877929688,103.7699966430664,96.28874969482422,42229800,0.0,0.0,0.0
2016-01-25 00:00:00-05:00,103.4000015258789,103.98999786376953,102.13999938964844,102.2300033569336,94.8597640991211,38881500,0.0,0.0,0.0
2016-01-26 00:00:00-05:00,102.66000366210938,103.58999633789062,101.76000213623047,103.1500015258789,95.71342468261719,36143900,0.0,0.0,0.0
2016-01-27 00:00:00-05:00,102.55000305175781,102.98999786376953,100.1500015258789,100.58000183105469,93.3287124633789,54524700,0.0,0.0,0.0
2016-01-28 00:00:00-05:00,102.25,102.29000091552734,100.26000213623047,102.0,94.64633178710938,47641500,0.0,0.0,0.0
2016-01-29 00:00:00-05:00,101.97000122070312,104.16999816894531,101.94000244140625,104.12999725341797,96.6227798461914,54245100,0.0,0.0,0.0
2016-02-01 00:00:00-05:00,103.62999725341797,104.80000305175781,103.2300033569336,104.41000366210938,96.8825912475586,32750300,0.0,0.0,0.0
2016-02-02 00:00:00-05:00,103.93000030517578,103.97000122070312,101.83999633789062,102.1500015258789,94.78551483154297,44928100,0.0,0.0,0.0
2016-02-03 00:00:00-05:00,102.83000183105469,102.83000183105469,99.87999725341797,101.66000366210938,94.33086395263672,61572900,0.0,0.0,0.0
2016-02-04 00:00:00-05:00,101.38999938964844,102.45999908447266,100.44000244140625,101.6500015258789,94.32158660888672,49321600,0.0,0.0,0.0
2016-02-05 00:00:00-05:00,101.29000091552734,101.33000183105469,97.72000122070312,98.12000274658203,91.04606628417969,70749900,0.0,0.0,0.0
2016-02-08 00:00:00-05:00,96.29000091552734,97.05000305175781,94.83999633789062,96.62000274658203,89.65419006347656,91673100,0.0,0.0,0.0
2016-02-09 00:00:00-05:00,95.33000183105469,97.77999877929688,95.18000030517578,96.31999969482422,89.3758544921875,73778400,0.0,0.0,0.0
2016-02-10 00:00:00-05:00,97.43000030517578,98.69000244140625,96.62000274658203,96.69000244140625,89.71916961669922,59421700,0.0,0.0,0.0
2016-02-11 00:00:00-05:00,95.45999908447266,97.31999969482422,95.19000244140625,96.55000305175781,89.58924865722656,76839200,0.0,0.0,0.0
2016-02-12 00:00:00-05:00,97.63999938964844,98.12000274658203,96.7300033569336,98.0199966430664,90.9532699584961,49186500,0.0,0.0,0.0
2016-02-16 00:00:00-05:00,99.47000122070312,100.2300033569336,98.8499984741211,100.2300033569336,93.00396728515625,40565900,0.0,0.0,0.0
2016-02-17 00:00:00-05:00,100.95999908447266,102.63999938964844,100.69999694824219,102.5,95.11028289794922,41766500,0.0,0.0,0.0
2016-02-18 00:00:00-05:00,102.81999969482422,102.83999633789062,101.19999694824219,101.33000183105469,94.024658203125,38991500,0.0,0.0,0.0
2016-02-19 00:00:00-05:00,100.83999633789062,101.94000244140625,100.62000274658203,101.62999725341797,94.30303955078125,28257900,0.0,0.0,0.0
2016-02-22 00:00:00-05:00,102.58000183105469,103.37999725341797,102.4800033569336,103.27999877929688,95.83404541015625,23979100,0.0,0.0,0.0
2016-02-23 00:00:00-05:00,102.68000030517578,102.95999908447266,101.51000213623047,101.58000183105469,94.25662231445312,29869700,0.0,0.0,0.0
2016-02-24 00:00:00-05:00,100.38999938964844,102.68000030517578,99.7699966430664,102.55000305175781,95.15667724609375,40739100,0.0,0.0,0.0
2016-02-25 00:00:00-05:00,102.76000213623047,103.55999755859375,101.83999633789062,103.55999755859375,96.09388732910156,29389300,0.0,0.0,0.0
2016-02-26 00:00:00-05:00,104.3499984741211,104.37000274658203,103.18000030517578,103.43000030517578,95.97322845458984,30925000,0.0,0.0,0.0
2016-02-29 00:00:00-05:00,103.33000183105469,104.0999984741211,102.5,102.5,95.11028289794922,27553900,0.0,0.0,0.0
2016-03-01 00:00:00-05:00,103.4800033569336,105.79000091552734,103.16000366210938,105.79000091552734,98.16310119628906,37699800,0.0,0.0,0.0
2016-03-02 00:00:00-05:00,105.66000366210938,105.8499984741211,105.01000213623047,105.83000183105469,98.2002182006836,29209800,0.0,0.0,0.0
2016-03-03 00:00:00-05:00,105.72000122070312,105.75,104.87000274658203,105.62999725341797,98.01463317871094,25474600,0.0,0.0,0.0
2016-03-04 00:00:00-05:00,105.75,106.3499984741211,104.97000122070312,105.66999816894531,98.05174255371094,31655400,0.0,0.0,0.0
2016-03-07 00:00:00-05:00,105.12999725341797,105.73999786376953,104.2699966430664,105.0199966430664,97.44860076904297,25861200,0.0,0.0,0.0
2016-03-08 00:00:00-05:00,104.30000305175781,105.20999908447266,103.97000122070312,104.1500015258789,96.64134216308594,28898500,0.0,0.0,0.0
2016-03-09 00:00:00-05:00,104.54000091552734,104.83999633789062,103.95999908447266,104.81999969482422,97.26304626464844,31047400,0.0,0.0,0.0
2016-03-10 00:00:00-05:00,105.26000213623047,105.86000061035156,103.30999755859375,104.66000366210938,97.11457061767578,44236100,0.0,0.0,0.0
2016-03-11 00:00:00-05:00,105.79000091552734,106.48999786376953,105.45999908447266,106.48999786376953,98.81262969970703,31454000,0.0,0.0,0.0
2016-03-14 00:00:00-04:00,106.08999633789062,106.91999816894531,106.05999755859375,106.66999816894531,98.97967529296875,25374900,0.0,0.0,0.0
2016-03-15 00:00:00-04:00,106.29000091552734,106.75,105.94999694824219,106.62999725341797,98.94254302978516,26524600,0.0,0.0,0.0
2016-03-16 00:00:00-04:00,106.37000274658203,107.86000061035156,106.33999633789062,107.58000183105469,99.82403564453125,31693100,0.0,0.0,0.0
2016-03-17 00:00:00-04:00,107.2699966430664,107.7699966430664,106.87000274658203,107.5199966430664,99.76837921142578,29623700,0.0,0.0,0.0
2016-03-18 00:00:00-04:00,107.45999908447266,107.63999938964844,106.80000305175781,107.37000274658203,99.92473602294922,37682300,0.318,0.0,0.0
2016-03-21 00:00:00-04:00,107.18000030517578,107.88999938964844,107.12000274658203,107.79000091552734,100.31556701660156,17288600,0.0,0.0,0.0
2016-03-22 00:00:00-04:00,107.18000030517578,108.37000274658203,107.16000366210938,108.12000274658203,100.62272644042969,18840300,0.0,0.0,0.0
2016-03-23 00:00:00-04:00,107.91000366210938,107.98999786376953,106.98999786376953,107.2300033569336,99.79444122314453,20912900,0.0,0.0,0.0
2016-03-24 00:00:00-04:00,106.70999908447266,107.29000091552734,106.52999877929688,107.26000213623047,99.8223648071289,19017300,0.0,0.0,0.0
2016-03-28 00:00:00-04:00,107.55999755859375,107.58000183105469,106.91999816894531,107.11000061035156,99.6827621459961,13892300,0.0,0.0,0.0
2016-03-29 00:00:00-04:00,106.91000366210938,108.9000015258789,106.7300033569336,108.83000183105469,101.28347778320312,29963900,0.0,0.0,0.0
2016-03-30 00:00:00-04:00,109.4800033569336,110.04000091552734,109.12999725341797,109.36000061035156,101.7767333984375,23807200,0.0,0.0,0.0
2016-03-31 00:00:00-04:00,109.27999877929688,109.69000244140625,109.02999877929688,109.19999694824219,101.6278305053711,21447200,0.0,0.0,0.0
2016-04-01 00:00:00-04:00,108.54000091552734,110.4000015258789,108.38999938964844,110.36000061035156,102.7073974609375,26389000,0.0,0.0,0.0
2016-04-04 00:00:00-04:00,110.36000061035156,110.44000244140625,109.68000030517578,109.94000244140625,102.31653594970703,17163000,0.0,0.0,0.0
2016-04-05 00:00:00-04:00,109.08999633789062,109.5,108.73999786376953,108.87999725341797,101.33000946044922,20107900,0.0,0.0,0.0
2016-04-06 00:00:00-04:00,108.98999786376953,110.70999908447266,108.98999786376953,110.66999816894531,102.99588775634766,25056000,0.0,0.0,0.0
2016-04-07 00:00:00-04:00,110.02999877929688,110.2300033569336,108.61000061035156,109.08000183105469,101.51615142822266,28567200,0.0,0.0,0.0
2016-04-08 00:00:00-04:00,109.76000213623047,110.0199966430664,108.62000274658203,109.0,101.44171905517578,22898000,0.0,0.0,0.0
2016-04-11 00:00:00-04:00,109.47000122070312,110.0199966430664,108.58999633789062,108.5999984741211,101.06941223144531,25772100,0.0,0.0,0.0
2016-04-12 00:00:00-04:00,108.68000030517578,109.72000122070312,108.0199966430664,109.51000213623047,101.91632843017578,28564100,0.0,0.0,0.0
2016-04-13 00:00:00-04:00,110.3499984741211,111.08000183105469,110.20999908447266,110.91000366210938,103.21927642822266,25356700,0.0,0.0,0.0
2016-04-14 00:00:00-04:00,110.93000030517578,111.33000183105469,110.0,110.91999816894531,103.22856903076172,17199700,0.0,0.0,0.0
2016-04-15 00:00:00-04:00,110.83000183105469,111.05999755859375,110.36000061035156,110.63999938964844,102.96798706054688,21353300,0.0,0.0,0.0
2016-04-18 00:00:00-04:00,110.31999969482422,111.2699966430664,110.25,111.2300033569336,103.5170669555664,17126100,0.0,0.0,0.0
2016-04-19 00:00:00-04:00,111.44000244140625,111.44000244140625,109.87999725341797,110.55000305175781,102.88424682617188,42481400,0.0,0.0,0.0
2016-04-20 00:00:00-04:00,110.55000305175781,111.1500015258789,110.16999816894531,110.63999938964844,102.96798706054688,18078300,0.0,0.0,0.0
2016-04-21 00:00:00-04:00,110.58000183105469,111.05000305175781,110.1500015258789,110.6500015258789,102.97727966308594,20216000,0.0,0.0,0.0
2016-04-22 00:00:00-04:00,109.20999908447266,109.72000122070312,108.12000274658203,108.9800033569336,101.42308807373047,39074000,0.0,0.0,0.0
2016-04-25 00:00:00-04:00,108.6500015258789,108.98999786376953,108.44999694824219,108.9800033569336,101.42308807373047,14351900,0.0,0.0,0.0
2016-04-26 00:00:00-04:00,109.20999908447266,109.38999938964844,108.12000274658203,108.44999694824219,100.92984771728516,19118300,0.0,0.0,0.0
2016-04-27 00:00:00-04:00,107.33999633789062,107.83000183105469,106.69000244140625,107.58000183105469,100.12014770507812,33059800,0.0,0.0,0.0
2016-04-28 00:00:00-04:00,107.69999694824219,108.33000183105469,106.06999969482422,106.27999877929688,98.9103012084961,29818200,0.0,0.0,0.0
2016-04-29 00:00:00-04:00,106.27999877929688,106.5,104.87999725341797,105.72000122070312,98.38914489746094,67502800,0.0,0.0,0.0
2016-05-02 00:00:00-04:00,105.98999786376953,106.87000274658203,105.55000305175781,106.72000122070312,99.31980895996094,24813800,0.0,0.0,0.0
2016-05-03 00:00:00-04:00,105.95999908447266,106.44000244140625,105.44999694824219,105.7300033569336,98.39844512939453,38569400,0.0,0.0,0.0
2016-05-04 00:00:00-04:00,105.08999633789062,105.4800033569336,104.79000091552734,105.05000305175781,97.76560974121094,27474500,0.0,0.0,0.0
2016-05-05 00:00:00-04:00,105.43000030517578,105.66000366210938,104.80999755859375,105.0199966430664,97.73767852783203,20788100,0.0,0.0,0.0
2016-05-06 00:00:00-04:00,104.5,105.5999984741211,104.4000015258789,105.58000183105469,98.25885009765625,30758500,0.0,0.0,0.0
2016-05-09 00:00:00-04:00,105.58999633789062,106.37000274658203,105.54000091552734,105.87999725341797,98.5380630493164,19289600,0.0,0.0,0.0
2016-05-10 00:00:00-04:00,106.26000213623047,107.37999725341797,106.06999969482422,107.33000183105469,99.88749694824219,21178900,0.0,0.0,0.0
2016-05-11 00:00:00-04:00,107.16999816894531,107.48999786376953,106.33000183105469,106.36000061035156,98.98478698730469,20966300,0.0,0.0,0.0
2016-05-12 00:00:00-04:00,106.61000061035156,106.73999786376953,105.13999938964844,105.88999938964844,98.54734802246094,29196300,0.0,0.0,0.0
2016-05-13 00:00:00-04:00,105.80000305175781,106.44999694824219,105.29000091552734,105.5,98.18437194824219,21059300,0.0,0.0,0.0
2016-05-16 00:00:00-04:00,105.66000366210938,107.20999908447266,105.55999755859375,106.81999969482422,99.41287994384766,18311900,0.0,0.0,0.0
2016-05-17 00:00:00-04:00,106.7300033569336,107.04000091552734,105.19999694824219,105.4800033569336,98.16580200195312,29932700,0.0,0.0,0.0
2016-05-18 00:00:00-04:00,105.23999786376953,106.43000030517578,105.04000091552734,105.86000061035156,98.51945495605469,27524400,0.0,0.0,0.0
2016-05-19 00:00:00-04:00,105.44999694824219,105.70999908447266,104.54000091552734,105.30999755859375,98.0075912475586,27334600,0.0,0.0,0.0
2016-05-20 00:00:00-04:00,105.7300033569336,106.9000015258789,105.66999816894531,106.47000122070312,99.08712768554688,29549600,0.0,0.0,0.0
2016-05-23 00:00:00-04:00,106.58999633789062,106.97000122070312,106.2300033569336,106.33000183105469,98.95683288574219,15729800,0.0,0.0,0.0
2016-05-24 00:00:00-04:00,106.91999816894531,108.58999633789062,106.88999938964844,108.45999908447266,100.93912506103516,29931300,0.0,0.0,0.0
2016-05-25 00:00:00-04:00,108.87000274658203,109.56999969482422,108.68000030517578,109.23999786376953,101.6650619506836,37951700,0.0,0.0,0.0
2016-05-26 00:00:00-04:00,109.3499984741211,109.69999694824219,109.08999633789062,109.55999755859375,101.9628677368164,21885900,0.0,0.0,0.0
2016-05-27 00:00:00-04:00,109.62999725341797,110.13999938964844,109.61000061035156,110.12999725341797,102.49333953857422,19870000,0.0,0.0,0.0
2016-05-31 00:00:00-04:00,110.27999877929688,110.51000213623047,109.77999877929688,110.33999633789062,102.68875885009766,24366100,0.0,0.0,0.0
2016-06-01 00:00:00-04:00,110.0,110.5999984741211,109.91000366210938,110.3499984741211,102.6980972290039,19571500,0.0,0.0,0.0
2016-06-02 00:00:00-04:00,110.12999725341797,110.58999633789062,109.52999877929688,110.58000183105469,102.91214752197266,15696600,0.0,0.0,0.0
2016-06-03 00:00:00-04:00,110.37000274658203,110.41999816894531,109.33999633789062,110.05999755859375,102.42818450927734,20269900,0.0,0.0,0.0
2016-06-06 00:00:00-04:00,110.26000213623047,110.75,110.06999969482422,110.45999908447266,102.80046844482422,12502400,0.0,0.0,0.0
2016-06-07 00:00:00-04:00,110.5199966430664,110.62999725341797,110.12999725341797,110.18000030517578,102.53987121582031,12184300,0.0,0.0,0.0
2016-06-08 00:00:00-04:00,110.37000274658203,110.5999984741211,109.95999908447266,110.37000274658203,102.71671295166016,14568700,0.0,0.0,0.0
2016-06-09 00:00:00-04:00,109.91999816894531,110.30999755859375,109.70999908447266,110.19000244140625,102.5491714477539,17571600,0.0,0.0,0.0
2016-06-10 00:00:00-04:00,109.19000244140625,109.4000015258789,108.55999755859375,108.94000244140625,101.3858871459961,32965000,0.0,0.0,0.0
2016-06-13 00:00:00-04:00,108.31999969482422,108.93000030517578,107.88999938964844,108.02999877929688,100.5389404296875,25154700,0.0,0.0,0.0
2016-06-14 00:00:00-04:00,107.73999786376953,108.41999816894531,107.23999786376953,108.02999877929688,100.5389404296875,24588500,0.0,0.0,0.0
2016-06-15 00:00:00-04:00,108.29000091552734,108.44000244140625,107.54000091552734,107.72000122070312,100.25045013427734,24605700,0.0,0.0,0.0
2016-06-16 00:00:00-04:00,107.19000244140625,108.13999938964844,106.5,108.04000091552734,100.54828643798828,32079900,0.0,0.0,0.0
2016-06-17 00:00:00-04:00,107.52999877929688,107.68000030517578,106.23999786376953,106.48999786376953,99.36969757080078,29208800,0.287,0.0,0.0
2016-06-20 00:00:00-04:00,107.7300033569336,108.23999786376953,107.08000183105469,107.16000366210938,99.99493408203125,20562800,0.0,0.0,0.0
2016-06-21 00:00:00-04:00,107.30000305175781,107.72000122070312,107.0999984741211,107.5,100.31217956542969,22804100,0.0,0.0,0.0
2016-06-22 00:00:00-04:00,107.55999755859375,108.19000244140625,107.1500015258789,107.23999786376953,100.06956481933594,22724200,0.0,0.0,0.0
2016-06-23 00:00:00-04:00,108.06999969482422,108.79000091552734,107.62000274658203,108.7699966430664,101.49728393554688,18714200,0.0,0.0,0.0
2016-06-24 00:00:00-04:00,104.9000015258789,106.5,104.05999755859375,104.29000091552734,97.31680297851562,68012700,0.0,0.0,0.0
2016-06-27 00:00:00-04:00,103.5999984741211,103.5999984741211,101.75,102.22000122070312,95.38523864746094,48222600,0.0,0.0,0.0
2016-06-28 00:00:00-04:00,103.3499984741211,104.51000213623047,103.30000305175781,104.45999908447266,97.47543334960938,28260600,0.0,0.0,0.0
2016-06-29 00:00:00-04:00,105.27999877929688,106.52999877929688,105.2300033569336,106.30999755859375,99.20174407958984,31356700,0.0,0.0,0.0
2016-06-30 00:00:00-04:00,106.48999786376953,107.61000061035156,106.12999725341797,107.54000091552734,100.34950256347656,36300800,0.0,0.0,0.0
2016-07-01 00:00:00-04:00,107.48999786376953,108.4800033569336,107.44999694824219,108.08000183105469,100.85340118408203,19902800,0.0,0.0,0.0
2016-07-05 00:00:00-04:00,107.51000213623047,107.66000366210938,106.83999633789062,107.41999816894531,100.23753356933594,21167900,0.0,0.0,0.0
2016-07-06 00:00:00-04:00,106.91000366210938,108.3499984741211,106.56999969482422,108.30000305175781,101.0587158203125,24579300,0.0,0.0,0.0
2016-07-07 00:00:00-04:00,108.4000015258789,108.86000061035156,108.11000061035156,108.62000274658203,101.35731506347656,19161700,0.0,0.0,0.0
2016-07-08 00:00:00-04:00,109.19999694824219,110.36000061035156,109.0199966430664,110.30000305175781,102.92497253417969,29457900,0.0,0.0,0.0
2016-07-11 00:00:00-04:00,110.66999816894531,111.33999633789062,110.66000366210938,110.93000030517578,103.51283264160156,20218500,0.0,0.0,0.0
2016-07-12 00:00:00-04:00,111.61000061035156,111.79000091552734,111.33999633789062,111.48999786376953,104.03538513183594,21906100,0.0,0.0,0.0
2016-07-13 00:00:00-04:00,111.75,111.81999969482422,111.20999908447266,111.22000122070312,103.78343200683594,21107800,0.0,0.0,0.0
2016-07-14 00:00:00-04:00,111.95999908447266,112.19000244140625,111.69999694824219,111.9800033569336,104.49263000488281,20871000,0.0,0.0,0.0
2016-07-15 00:00:00-04:00,112.23999786376953,112.30000305175781,111.55000305175781,111.80000305175781,104.32466888427734,17999300,0.0,0.0,0.0
2016-07-18 00:00:00-04:00,111.87000274658203,112.73999786376953,111.8499984741211,112.54000091552734,105.01519775390625,20713900,0.0,0.0,0.0
2016-07-19 00:00:00-04:00,112.1500015258789,112.4800033569336,111.93000030517578,112.12999725341797,104.63259887695312,18936700,0.0,0.0,0.0
2016-07-20 00:00:00-04:00,112.73999786376953,113.6500015258789,112.5999984741211,113.44000244140625,105.85501098632812,24997900,0.0,0.0,0.0
2016-07-21 00:00:00-04:00,113.5199966430664,113.73999786376953,112.87000274658203,113.18000030517578,105.61239624023438,18885400,0.0,0.0,0.0
2016-07-22 00:00:00-04:00,113.26000213623047,113.77999877929688,112.91000366210938,113.6500015258789,106.05098724365234,20003400,0.0,0.0,0.0
2016-07-25 00:00:00-04:00,113.55999755859375,113.69000244140625,113.27999877929688,113.66000366210938,106.060302734375,12968100,0.0,0.0,0.0
2016-07-26 00:00:00-04:00,113.62000274658203,114.19999694824219,113.22000122070312,113.79000091552734,106.18161010742188,21223800,0.0,0.0,0.0
2016-07-27 00:00:00-04:00,114.75,114.87999725341797,114.0999984741211,114.58000183105469,106.91879272460938,27646100,0.0,0.0,0.0
2016-07-28 00:00:00-04:00,114.76000213623047,115.11000061035156,114.4000015258789,114.9800033569336,107.29204559326172,16939700,0.0,0.0,0.0
2016-07-29 00:00:00-04:00,115.23999786376953,115.54000091552734,114.87000274658203,115.2300033569336,107.52530670166016,22385300,0.0,0.0,0.0
2016-08-01 00:00:00-04:00,115.30999755859375,116.12999725341797,115.16999816894531,115.83999633789062,108.09455108642578,13990100,0.0,0.0,0.0
2016-08-02 00:00:00-04:00,115.66999816894531,115.7699966430664,114.22000122070312,114.95999908447266,107.27336883544922,21278400,0.0,0.0,0.0
2016-08-03 00:00:00-04:00,114.87000274658203,115.3499984741211,114.80000305175781,115.33999633789062,107.62796020507812,15011300,0.0,0.0,0.0
2016-08-04 00:00:00-04:00,115.30000305175781,115.77999877929688,115.02999877929688,115.66999816894531,107.93590545654297,12835300,0.0,0.0,0.0
2016-08-05 00:00:00-04:00,116.26000213623047,117.04000091552734,116.12999725341797,116.77999877929688,108.9716796875,23196600,0.0,0.0,0.0
2016-08-08 00:00:00-04:00,116.83999633789062,116.87000274658203,116.27999877929688,116.6500015258789,108.85038757324219,12358200,0.0,0.0,0.0
2016-08-09 00:00:00-04:00,116.73999786376953,117.29000091552734,116.66999816894531,116.91999816894531,109.10232543945312,13276500,0.0,0.0,0.0
2016-08-10 00:00:00-04:00,116.98999786376953,117.0199966430664,116.30999755859375,116.62000274658203,108.8223876953125,14688400,0.0,0.0,0.0
2016-08-11 00:00:00-04:00,117.0199966430664,117.37000274658203,116.77999877929688,117.12000274658203,109.2889404296875,12969800,0.0,0.0,0.0
2016-08-12 00:00:00-04:00,116.91999816894531,117.20999908447266,116.79000091552734,117.19999694824219,109.36359405517578,19379000,0.0,0.0,0.0
2016-08-15 00:00:00-04:00,117.3499984741211,117.97000122070312,117.30999755859375,117.69999694824219,109.83016204833984,11777800,0.0,0.0,0.0
2016-08-16 00:00:00-04:00,117.4800033569336,117.48999786376953,117.02999877929688,117.05000305175781,109.22364807128906,14161400,0.0,0.0,0.0
2016-08-17 00:00:00-04:00,117.08000183105469,117.30000305175781,116.43000030517578,117.26000213623047,109.41960144042969,15980300,0.0,0.0,0.0
2016-08-18 00:00:00-04:00,117.1500015258789,117.45999908447266,116.94999694824219,117.29000091552734,109.44757843017578,10036300,0.0,0.0,0.0
2016-08-19 00:00:00-04:00,117.08000183105469,117.5199966430664,116.76000213623047,117.26000213623047,109.41960144042969,18743000,0.0,0.0,0.0
2016-08-22 00:00:00-04:00,117.08999633789062,117.55000305175781,116.87000274658203,117.3499984741211,109.50357818603516,14500600,0.0,0.0,0.0
2016-08-23 00:00:00-04:00,117.80999755859375,118.01000213623047,117.51000213623047,117.55999755859375,109.69953155517578,11997900,0.0,0.0,0.0
2016-08-24 00:00:00-04:00,117.4800033569336,117.63999938964844,116.41000366210938,116.80000305175781,108.9903793334961,17728700,0.0,0.0,0.0
2016-08-25 00:00:00-04:00,116.5,116.97000122070312,116.36000061035156,116.61000061035156,108.8130874633789,24266300,0.0,0.0,0.0
2016-08-26 00:00:00-04:00,116.6500015258789,117.54000091552734,116.08000183105469,116.77999877929688,108.9716796875,23896000,0.0,0.0,0.0
2016-08-29 00:00:00-04:00,116.80999755859375,117.25,116.79000091552734,116.94000244140625,109.12100219726562,11184900,0.0,0.0,0.0
2016-08-30 00:00:00-04:00,116.75,117.08999633789062,116.16000366210938,116.55999755859375,108.76640319824219,19843300,0.0,0.0,0.0
2016-08-31 00:00:00-04:00,116.37999725341797,116.55999755859375,115.94999694824219,116.44000244140625,108.65441131591797,16169800,0.0,0.0,0.0
2016-09-01 00:00:00-04:00,116.4800033569336,116.87999725341797,115.91000366210938,116.73999786376953,108.93437194824219,20944700,0.0,0.0,0.0
2016-09-02 00:00:00-04:00,117.31999969482422,117.55999755859375,116.68000030517578,117.12000274658203,109.2889404296875,18088200,0.0,0.0,0.0
2016-09-06 00:00:00-04:00,117.31999969482422,117.8499984741211,117.05999755859375,117.8499984741211,109.97014617919922,18525200,0.0,0.0,0.0
2016-09-07 00:00:00-04:00,117.95999908447266,118.12000274658203,117.47000122070312,117.91999816894531,110.03545379638672,17546900,0.0,0.0,0.0
2016-09-08 00:00:00-04:00,117.56999969482422,117.5999984741211,116.91999816894531,117.2300033569336,109.39158630371094,20125300,0.0,0.0,0.0
2016-09-09 00:00:00-04:00,116.25,116.51000213623047,114.26000213623047,114.27999877929688,106.63885498046875,50813300,0.0,0.0,0.0
2016-09-12 00:00:00-04:00,113.63999938964844,116.48999786376953,113.62999725341797,116.33000183105469,108.55177307128906,39646000,0.0,0.0,0.0
2016-09-13 00:00:00-04:00,115.75,116.08999633789062,114.7300033569336,115.29000091552734,107.58133697509766,45863900,0.0,0.0,0.0
2016-09-14 00:00:00-04:00,115.41000366210938,116.47000122070312,115.37999725341797,115.83999633789062,108.09455108642578,28221800,0.0,0.0,0.0
2016-09-15 00:00:00-04:00,115.87000274658203,117.81999969482422,115.86000061035156,117.63999938964844,109.7741928100586,38521400,0.0,0.0,0.0
2016-09-16 00:00:00-04:00,117.22000122070312,117.41000366210938,116.70999908447266,117.29000091552734,109.72178649902344,27596500,0.294,0.0,0.0
2016-09-19 00:00:00-04:00,117.58999633789062,117.94999694824219,116.55000305175781,116.77999877929688,109.24469757080078,16222900,0.0,0.0,0.0
2016-09-20 00:00:00-04:00,117.19999694824219,117.4800033569336,116.80000305175781,117.0,109.45052337646484,18078600,0.0,0.0,0.0
2016-09-21 00:00:00-04:00,117.5,118.31999969482422,116.80999755859375,118.1500015258789,110.52631378173828,31546800,0.0,0.0,0.0
2016-09-22 00:00:00-04:00,118.83999633789062,119.22000122070312,118.72000122070312,119.08999633789062,111.4056625366211,22614400,0.0,0.0,0.0
2016-09-23 00:00:00-04:00,119.0,119.0,118.16000366210938,118.33000183105469,110.69468688964844,22213400,0.0,0.0,0.0
2016-09-26 00:00:00-04:00,117.66000366210938,117.80000305175781,117.16999816894531,117.33999633789062,109.7685546875,16403900,0.0,0.0,0.0
2016-09-27 00:00:00-04:00,117.26000213623047,118.55999755859375,117.1500015258789,118.5,110.85371398925781,20238400,0.0,0.0,0.0
2016-09-28 00:00:00-04:00,118.6500015258789,118.7699966430664,118.08999633789062,118.69999694824219,111.04080963134766,14794300,0.0,0.0,0.0
2016-09-29 00:00:00-04:00,118.5,118.72000122070312,117.33000183105469,117.83999633789062,110.23628234863281,27207500,0.0,0.0,0.0
2016-09-30 00:00:00-04:00,118.1500015258789,119.06999969482422,118.02999877929688,118.72000122070312,111.05953979492188,25543200,0.0,0.0,0.0
2016-10-03 00:00:00-04:00,118.56999969482422,118.69999694824219,118.08999633789062,118.55000305175781,110.90048217773438,19216400,0.0,0.0,0.0
2016-10-04 00:00:00-04:00,118.9000015258789,119.16000366210938,117.91999816894531,118.37000274658203,110.73214721679688,21239700,0.0,0.0,0.0
2016-10-05 00:00:00-04:00,118.72000122070312,119.16999816894531,118.66999816894531,118.79000091552734,111.12501525878906,14481300,0.0,0.0,0.0
2016-10-06 00:00:00-04:00,118.63999938964844,118.9800033569336,118.1500015258789,118.7300033569336,111.06886291503906,11987100,0.0,0.0,0.0
2016-10-07 00:00:00-04:00,118.83999633789062,119.01000213623047,117.88999938964844,118.47000122070312,110.82567596435547,19984200,0.0,0.0,0.0
2016-10-10 00:00:00-04:00,119.08000183105469,119.4800033569336,119.02999877929688,119.22000122070312,111.52729034423828,19687300,0.0,0.0,0.0
2016-10-11 00:00:00-04:00,119.12000274658203,119.13999938964844,117.0,117.5199966430664,109.93693542480469,27774400,0.0,0.0,0.0
2016-10-12 00:00:00-04:00,117.62999725341797,117.81999969482422,117.05999755859375,117.41999816894531,109.84343719482422,14267800,0.0,0.0,0.0
2016-10-13 00:00:00-04:00,116.62000274658203,117.31999969482422,115.94000244140625,117.0,109.45052337646484,22821000,0.0,0.0,0.0
2016-10-14 00:00:00-04:00,117.58000183105469,118.05000305175781,117.06999969482422,117.13999938964844,109.58148193359375,21313300,0.0,0.0,0.0
2016-10-17 00:00:00-04:00,117.04000091552734,117.30000305175781,116.66999816894531,116.81999969482422,109.2821273803711,14182700,0.0,0.0,0.0
2016-10-18 00:00:00-04:00,118.20999908447266,118.41000366210938,117.80000305175781,117.86000061035156,110.25502014160156,19276700,0.0,0.0,0.0
2016-10-19 00:00:00-04:00,117.7699966430664,118.0199966430664,117.63999938964844,117.8499984741211,110.24566650390625,13702900,0.0,0.0,0.0
2016-10-20 00:00:00-04:00,117.7300033569336,117.97000122070312,117.02999877929688,117.70999908447266,110.1147232055664,18132200,0.0,0.0,0.0
2016-10-21 00:00:00-04:00,117.80000305175781,118.22000122070312,117.41000366210938,118.1500015258789,110.52631378173828,15707800,0.0,0.0,0.0
2016-10-24 00:00:00-04:00,118.91000366210938,119.6500015258789,118.88999938964844,119.56999969482422,111.85468292236328,19143000,0.0,0.0,0.0
2016-10-25 00:00:00-04:00,119.63999938964844,119.66000366210938,119.01000213623047,119.19000244140625,111.49919128417969,20341800,0.0,0.0,0.0
2016-10-26 00:00:00-04:00,118.41999816894531,119.02999877929688,118.02999877929688,118.37999725341797,110.7414779663086,20463700,0.0,0.0,0.0
2016-10-27 00:00:00-04:00,118.88999938964844,118.98999786376953,117.66999816894531,117.83999633789062,110.23628234863281,19099800,0.0,0.0,0.0
2016-10-28 00:00:00-04:00,117.5,118.11000061035156,116.73999786376953,117.0999984741211,109.54405212402344,35369300,0.0,0.0,0.0
2016-10-31 00:00:00-04:00,117.52999877929688,117.52999877929688,116.93000030517578,116.98999786376953,109.441162109375,18749400,0.0,0.0,0.0
2016-11-01 00:00:00-04:00,117.19000244140625,117.20999908447266,115.0999984741211,116.11000061035156,108.6179428100586,23498700,0.0,0.0,0.0
2016-11-02 00:00:00-04:00,116.02999877929688,116.30000305175781,114.88999938964844,115.18000030517578,107.74796295166016,26960100,0.0,0.0,0.0
2016-11-03 00:00:00-04:00,114.98999786376953,115.37000274658203,113.91999816894531,114.05000305175781,106.69087982177734,36205200,0.0,0.0,0.0
2016-11-04 00:00:00-04:00,113.7699966430664,114.54000091552734,113.44999694824219,113.6500015258789,106.31668090820312,26997500,0.0,0.0,0.0
2016-11-07 00:00:00-05:00,115.48999786376953,116.47000122070312,115.30000305175781,116.3499984741211,108.84248352050781,26591200,0.0,0.0,0.0
2016-11-08 00:00:00-05:00,116.2300033569336,117.63999938964844,115.95999908447266,117.11000061035156,109.55342102050781,20777900,0.0,0.0,0.0
2016-11-09 00:00:00-05:00,115.73999786376953,117.83999633789062,115.5999984741211,117.6500015258789,110.05856323242188,70234400,0.0,0.0,0.0
2016-11-10 00:00:00-05:00,118.22000122070312,118.37999725341797,114.19999694824219,115.75,108.28117370605469,72825400,0.0,0.0,0.0
2016-11-11 00:00:00-05:00,115.25,116.05000305175781,114.83999633789062,115.80000305175781,108.32792663574219,41115200,0.0,0.0,0.0
2016-11-14 00:00:00-05:00,115.83000183105469,115.94000244140625,114.02999877929688,114.62999725341797,107.23343658447266,35906000,0.0,0.0,0.0
2016-11-15 00:00:00-05:00,115.5,116.62000274658203,115.33000183105469,116.22000122070312,108.72086334228516,31796600,0.0,0.0,0.0
2016-11-16 00:00:00-05:00,115.66999816894531,116.98999786376953,115.66999816894531,116.91000366210938,109.36632537841797,16538100,0.0,0.0,0.0
2016-11-17 00:00:00-05:00,116.8499984741211,117.77999877929688,116.61000061035156,117.76000213623047,110.16149139404297,20598600,0.0,0.0,0.0
2016-11-18 00:00:00-05:00,117.9000015258789,118.0999984741211,117.20999908447266,117.31999969482422,109.7498550415039,16428700,0.0,0.0,0.0
2016-11-21 00:00:00-05:00,117.61000061035156,118.6500015258789,117.56999969482422,118.54000091552734,110.89112854003906,20268500,0.0,0.0,0.0
2016-11-22 00:00:00-05:00,119.01000213623047,119.19000244140625,118.61000061035156,118.9000015258789,111.22792053222656,18850600,0.0,0.0,0.0
2016-11-23 00:00:00-05:00,118.51000213623047,118.63999938964844,117.9000015258789,118.41999816894531,110.77888488769531,22926000,0.0,0.0,0.0
2016-11-25 00:00:00-05:00,118.55999755859375,118.8499984741211,118.41999816894531,118.80000305175781,111.13439178466797,7162800,0.0,0.0,0.0
2016-11-28 00:00:00-05:00,118.6500015258789,119.08000183105469,118.41000366210938,118.52999877929688,110.88177490234375,13479000,0.0,0.0,0.0
2016-11-29 00:00:00-05:00,118.63999938964844,119.51000213623047,118.30000305175781,118.94000244140625,111.26534271240234,18553000,0.0,0.0,0.0
2016-11-30 00:00:00-05:00,119.08999633789062,119.12999725341797,117.45999908447266,117.5,109.91828918457031,30405300,0.0,0.0,0.0
2016-12-01 00:00:00-05:00,117.45999908447266,117.47000122070312,115.29000091552734,115.47000122070312,108.01924133300781,39796600,0.0,0.0,0.0
2016-12-02 00:00:00-05:00,115.54000091552734,116.16000366210938,115.22000122070312,115.69999694824219,108.23442077636719,32876800,0.0,0.0,0.0
2016-12-05 00:00:00-05:00,116.30000305175781,117.05999755859375,115.7699966430664,116.5999984741211,109.07632446289062,21419700,0.0,0.0,0.0
2016-12-06 00:00:00-05:00,116.93000030517578,117.08000183105469,116.38999938964844,116.87999725341797,109.33827209472656,27293300,0.0,0.0,0.0
2016-12-07 00:00:00-05:00,116.63999938964844,118.51000213623047,116.29000091552734,118.36000061035156,110.7227554321289,26622400,0.0,0.0,0.0
2016-12-08 00:00:00-05:00,118.41000366210938,118.87000274658203,118.18000030517578,118.56999969482422,110.91921997070312,18578400,0.0,0.0,0.0
2016-12-09 00:00:00-05:00,119.01000213623047,119.54000091552734,119.0,119.5,111.78921508789062,21863100,0.0,0.0,0.0
2016-12-12 00:00:00-05:00,118.97000122070312,119.20999908447266,118.47000122070312,118.95999908447266,111.28404998779297,23259300,0.0,0.0,0.0
2016-12-13 00:00:00-05:00,119.31999969482422,121.11000061035156,119.31999969482422,120.45999908447266,112.68724822998047,54477900,0.0,0.0,0.0
2016-12-14 00:00:00-05:00,120.61000061035156,121.0,119.86000061035156,120.20999908447266,112.45339965820312,28746000,0.0,0.0,0.0
2016-12-15 00:00:00-05:00,120.37000274658203,121.11000061035156,120.08000183105469,120.4000015258789,112.63113403320312,22762300,0.0,0.0,0.0
2016-12-16 00:00:00-05:00,120.33999633789062,120.58000183105469,119.36000061035156,119.5999984741211,112.21359252929688,26283900,0.355,0.0,0.0
2016-12-19 00:00:00-05:00,119.72000122070312,120.83000183105469,119.55000305175781,120.08999633789062,112.6733627319336,21138700,0.0,0.0,0.0
2016-12-20 00:00:00-05:00,120.47000122070312,120.7699966430664,120.33000183105469,120.55000305175781,113.10494995117188,11461800,0.0,0.0,0.0
2016-12-21 00:00:00-05:00,120.5999984741211,120.68000030517578,120.19000244140625,120.45999908447266,113.02050018310547,7079300,0.0,0.0,0.0
2016-12-22 00:00:00-05:00,120.47000122070312,120.5,119.6500015258789,120.12000274658203,112.70152282714844,16645000,0.0,0.0,0.0
2016-12-23 00:00:00-05:00,119.91999816894531,120.25,119.80999755859375,120.19999694824219,112.77654266357422,9007500,0.0,0.0,0.0
2016-12-27 00:00:00-05:00,120.45999908447266,121.5199966430664,120.41000366210938,120.81999969482422,113.3582534790039,16110600,0.0,0.0,0.0
2016-12-28 00:00:00-05:00,121.08000183105469,121.19000244140625,119.80000305175781,119.87999725341797,112.47631072998047,17975200,0.0,0.0,0.0
2016-12-29 00:00:00-05:00,119.8499984741211,120.12999725341797,119.33000183105469,119.70999908447266,112.31683349609375,13267500,0.0,0.0,0.0
2016-12-30 00:00:00-05:00,119.94000244140625,119.94999694824219,118.13999938964844,118.4800033569336,111.16278839111328,41749000,0.0,0.0,0.0
2017-01-03 00:00:00-05:00,119.2699966430664,119.98999786376953,118.88999938964844,119.54000091552734,112.1573257446289,22307600,0.0,0.0,0.0
2017-01-04 00:00:00-05:00,119.66999816894531,120.41000366210938,119.66000366210938,120.19000244140625,112.76716613769531,19749100,0.0,0.0,0.0
2017-01-05 00:00:00-05:00,120.0999984741211,120.94999694824219,120.0999984741211,120.87000274658203,113.40518188476562,20644300,0.0,0.0,0.0
2017-01-06 00:00:00-05:00,121.0,122.25,120.69000244140625,121.93000030517578,114.39972686767578,24074300,0.0,0.0,0.0
2017-01-09 00:00:00-05:00,122.02999877929688,122.55000305175781,121.94999694824219,122.33000183105469,114.77501678466797,18909200,0.0,0.0,0.0
2017-01-10 00:00:00-05:00,122.37999725341797,122.97000122070312,122.0999984741211,122.5999984741211,115.02835083007812,16176600,0.0,0.0,0.0
2017-01-11 00:00:00-05:00,122.6500015258789,122.93000030517578,122.0199966430664,122.93000030517578,115.33795928955078,20686000,0.0,0.0,0.0
2017-01-12 00:00:00-05:00,122.48999786376953,122.81999969482422,121.5999984741211,122.73999786376953,115.15967559814453,19622500,0.0,0.0,0.0
2017-01-13 00:00:00-05:00,122.80000305175781,123.37000274658203,122.80000305175781,123.16000366210938,115.55374908447266,16930800,0.0,0.0,0.0
2017-01-17 00:00:00-05:00,122.83999633789062,123.02999877929688,122.43000030517578,122.79000091552734,115.20658874511719,14538500,0.0,0.0,0.0
2017-01-18 00:00:00-05:00,122.97000122070312,123.16000366210938,122.66000366210938,123.04000091552734,115.44116973876953,12499700,0.0,0.0,0.0
2017-01-19 00:00:00-05:00,123.22000122070312,123.6500015258789,122.72000122070312,122.9800033569336,115.38487243652344,12710700,0.0,0.0,0.0
2017-01-20 00:00:00-05:00,123.5199966430664,123.83000183105469,122.91999816894531,123.25,115.63819122314453,22091000,0.0,0.0,0.0
2017-01-23 00:00:00-05:00,123.16999816894531,123.52999877929688,122.56999969482422,123.3499984741211,115.73204040527344,17434200,0.0,0.0,0.0
2017-01-24 00:00:00-05:00,123.58999633789062,124.37000274658203,123.37999725341797,124.18000030517578,116.5107650756836,17640900,0.0,0.0,0.0
2017-01-25 00:00:00-05:00,124.95999908447266,125.45999908447266,124.8499984741211,125.43000030517578,117.6835708618164,15036200,0.0,0.0,0.0
2017-01-26 00:00:00-05:00,125.5999984741211,125.81999969482422,125.33999633789062,125.55999755859375,117.80552673339844,16052200,0.0,0.0,0.0
2017-01-27 00:00:00-05:00,125.83000183105469,125.91999816894531,125.38999938964844,125.80000305175781,118.03071594238281,15053000,0.0,0.0,0.0
2017-01-30 00:00:00-05:00,125.37999725341797,125.37999725341797,124.12999725341797,124.81999969482422,117.11125183105469,25006700,0.0,0.0,0.0
2017-01-31 00:00:00-05:00,124.37999725341797,124.5999984741211,123.8499984741211,124.56999969482422,116.87667083740234,19091100,0.0,0.0,0.0
2017-02-01 00:00:00-05:00,125.44999694824219,125.68000030517578,124.86000061035156,125.43000030517578,117.6835708618164,22861900,0.0,0.0,0.0
2017-02-02 00:00:00-05:00,125.20999908447266,125.69999694824219,124.86000061035156,125.31999969482422,117.58035278320312,15101400,0.0,0.0,0.0
2017-02-03 00:00:00-05:00,125.44999694824219,125.80999755859375,125.33000183105469,125.68000030517578,117.91812133789062,16957200,0.0,0.0,0.0
2017-02-06 00:00:00-05:00,125.47000122070312,125.8499984741211,125.3499984741211,125.83000183105469,118.05885314941406,11630100,0.0,0.0,0.0
2017-02-07 00:00:00-05:00,126.08999633789062,126.55000305175781,125.97000122070312,126.29000091552734,118.4904556274414,17541100,0.0,0.0,0.0
2017-02-08 00:00:00-05:00,126.12000274658203,126.68000030517578,125.87999725341797,126.5,118.68746185302734,12569100,0.0,0.0,0.0
2017-02-09 00:00:00-05:00,126.62999725341797,127.23999786376953,126.55999755859375,126.95999908447266,119.11907196044922,17542700,0.0,0.0,0.0
2017-02-10 00:00:00-05:00,127.23999786376953,127.55999755859375,127.0199966430664,127.37999725341797,119.51313018798828,13915700,0.0,0.0,0.0
2017-02-13 00:00:00-05:00,127.7699966430664,128.25999450683594,127.72000122070312,128.10000610351562,120.18866729736328,19120200,0.0,0.0,0.0
2017-02-14 00:00:00-05:00,128.14999389648438,128.5399932861328,127.73999786376953,128.52999877929688,120.59207916259766,16333500,0.0,0.0,0.0
2017-02-15 00:00:00-05:00,128.44000244140625,129.35000610351562,128.3699951171875,129.2899932861328,121.30516815185547,17891400,0.0,0.0,0.0
2017-02-16 00:00:00-05:00,129.3699951171875,129.6300048828125,128.9199981689453,129.25,121.26763916015625,15098300,0.0,0.0,0.0
2017-02-17 00:00:00-05:00,129.05999755859375,129.82000732421875,129.0399932861328,129.80999755859375,121.79303741455078,15563700,0.0,0.0,0.0
2017-02-21 00:00:00-05:00,130.05999755859375,130.52999877929688,129.99000549316406,130.4499969482422,122.39351654052734,18479600,0.0,0.0,0.0
2017-02-22 00:00:00-05:00,130.3300018310547,130.58999633789062,130.11000061035156,130.5,122.44044494628906,12110900,0.0,0.0,0.0
2017-02-23 00:00:00-05:00,130.6999969482422,130.6999969482422,129.49000549316406,130.00999450683594,121.98067474365234,17489000,0.0,0.0,0.0
2017-02-24 00:00:00-05:00,129.4199981689453,130.25999450683594,129.3800048828125,130.25999450683594,122.21526336669922,18624500,0.0,0.0,0.0
2017-02-27 00:00:00-05:00,130.02000427246094,130.42999267578125,129.8000030517578,130.4199981689453,122.36537170410156,12008700,0.0,0.0,0.0
2017-02-28 00:00:00-05:00,130.38999938964844,130.4499969482422,129.66000366210938,130.02000427246094,121.99006652832031,16598600,0.0,0.0,0.0
2017-03-01 00:00:00-05:00,130.85000610351562,131.67999267578125,130.60000610351562,131.44000244140625,123.32239532470703,25813800,0.0,0.0,0.0
2017-03-02 00:00:00-05:00,131.41000366210938,131.42999267578125,130.6199951171875,130.77999877929688,122.70317077636719,19951400,0.0,0.0,0.0
2017-03-03 00:00:00-05:00,130.69000244140625,131.05999755859375,130.33999633789062,131.02000427246094,122.92835235595703,13722700,0.0,0.0,0.0
2017-03-06 00:00:00-05:00,130.58999633789062,130.9499969482422,130.2100067138672,130.72999572753906,122.65623474121094,12026200,0.0,0.0,0.0
2017-03-07 00:00:00-05:00,130.47000122070312,131.0800018310547,130.27999877929688,130.50999450683594,122.44984436035156,15500900,0.0,0.0,0.0
2017-03-08 00:00:00-05:00,130.58999633789062,131.14999389648438,130.4600067138672,130.74000549316406,122.66564178466797,15776000,0.0,0.0,0.0
2017-03-09 00:00:00-05:00,130.7100067138672,131.02000427246094,130.13999938964844,130.83999633789062,122.75943756103516,20855300,0.0,0.0,0.0
2017-03-10 00:00:00-05:00,131.44000244140625,131.60000610351562,130.82000732421875,131.38999938964844,123.27547454833984,21922600,0.0,0.0,0.0
2017-03-13 00:00:00-04:00,131.33999633789062,131.63999938964844,131.27000427246094,131.61000061035156,123.4819107055664,10731600,0.0,0.0,0.0
2017-03-14 00:00:00-04:00,131.30999755859375,131.36000061035156,130.75999450683594,131.2899932861328,123.181640625,14019700,0.0,0.0,0.0
2017-03-15 00:00:00-04:00,131.55999755859375,132.41000366210938,131.13999938964844,132.10000610351562,123.94160461425781,22709100,0.0,0.0,0.0
2017-03-16 00:00:00-04:00,132.35000610351562,132.35000610351562,131.7100067138672,132.00999450683594,123.8572006225586,18457300,0.0,0.0,0.0
2017-03-17 00:00:00-04:00,131.89999389648438,132.0399932861328,131.6199951171875,131.69000244140625,123.81392669677734,21234500,0.274,0.0,0.0
2017-03-20 00:00:00-04:00,131.64999389648438,132.11000061035156,131.4600067138672,131.80999755859375,123.92675018310547,10105200,0.0,0.0,0.0
2017-03-21 00:00:00-04:00,132.30999755859375,132.42999267578125,129.72999572753906,129.80999755859375,122.0463638305664,35841900,0.0,0.0,0.0
2017-03-22 00:00:00-04:00,129.85000610351562,130.82000732421875,129.67999267578125,130.69000244140625,122.87374114990234,29177900,0.0,0.0,0.0
2017-03-23 00:00:00-04:00,130.52000427246094,130.8800048828125,130.13999938964844,130.36000061035156,122.5634765625,20311700,0.0,0.0,0.0
2017-03-24 00:00:00-04:00,130.77999877929688,131.2899932861328,130.1300048828125,130.6300048828125,122.81732177734375,22967600,0.0,0.0,0.0
2017-03-27 00:00:00-04:00,129.6999969482422,131.07000732421875,129.39999389648438,130.83999633789062,123.0147476196289,18472400,0.0,0.0,0.0
2017-03-28 00:00:00-04:00,130.83999633789062,132.02999877929688,130.5500030517578,131.63999938964844,123.76696014404297,23721900,0.0,0.0,0.0
2017-03-29 00:00:00-04:00,131.72999572753906,132.3000030517578,131.58999633789062,132.25,124.34044647216797,13710000,0.0,0.0,0.0
2017-03-30 00:00:00-04:00,132.1999969482422,132.61000061035156,132.0800018310547,132.47000122070312,124.54732513427734,16092400,0.0,0.0,0.0
2017-03-31 00:00:00-04:00,132.27999877929688,132.74000549316406,132.1300048828125,132.3800048828125,124.46266174316406,19841400,0.0,0.0,0.0
2017-04-03 00:00:00-04:00,132.49000549316406,132.80999755859375,131.55999755859375,132.3000030517578,124.38742065429688,23700300,0.0,0.0,0.0
2017-04-04 00:00:00-04:00,131.9199981689453,132.52999877929688,131.8699951171875,132.50999450683594,124.58488464355469,13400000,0.0,0.0,0.0
2017-04-05 00:00:00-04:00,132.6999969482422,133.47999572753906,131.72000122070312,131.97000122070312,124.07721710205078,32011200,0.0,0.0,0.0
2017-04-06 00:00:00-04:00,132.10000610351562,132.38999938964844,131.6999969482422,132.0399932861328,124.14303588867188,18832200,0.0,0.0,0.0
2017-04-07 00:00:00-04:00,132.0,132.3699951171875,131.5,131.97000122070312,124.07721710205078,16743100,0.0,0.0,0.0
2017-04-10 00:00:00-04:00,132.10000610351562,132.57000732421875,131.66000366210938,132.02000427246094,124.12422943115234,15619300,0.0,0.0,0.0
2017-04-11 00:00:00-04:00,131.89999389648438,132.10000610351562,130.5,131.4499969482422,123.5882797241211,33778400,0.0,0.0,0.0
2017-04-12 00:00:00-04:00,131.42999267578125,131.5399932861328,130.77999877929688,130.9199981689453,123.0899887084961,15955200,0.0,0.0,0.0
2017-04-13 00:00:00-04:00,130.74000549316406,131.50999450683594,130.3800048828125,130.39999389648438,122.6010971069336,23683000,0.0,0.0,0.0
2017-04-17 00:00:00-04:00,130.77000427246094,131.5,130.72000122070312,131.47999572753906,123.61651611328125,13325500,0.0,0.0,0.0
2017-04-18 00:00:00-04:00,131.0399932861328,131.66000366210938,130.9499969482422,131.27999877929688,123.42842102050781,12841100,0.0,0.0,0.0
2017-04-19 00:00:00-04:00,131.85000610351562,132.2899932861328,131.30999755859375,131.49000549316406,123.62590026855469,17764800,0.0,0.0,0.0
2017-04-20 00:00:00-04:00,132.02000427246094,132.8800048828125,131.82000732421875,132.58999633789062,124.66011047363281,21977900,0.0,0.0,0.0
2017-04-21 00:00:00-04:00,132.7100067138672,132.75999450683594,132.22000122070312,132.55999755859375,124.63190460205078,22454900,0.0,0.0,0.0
2017-04-24 00:00:00-04:00,134.02999877929688,134.2899932861328,133.8000030517578,134.16000366210938,126.13623046875,22469900,0.0,0.0,0.0
2017-04-25 00:00:00-04:00,134.60000610351562,135.3699951171875,134.47999572753906,135.1300048828125,127.04820251464844,19384400,0.0,0.0,0.0
2017-04-26 00:00:00-04:00,135.17999267578125,135.50999450683594,134.86000061035156,134.94000244140625,126.86958312988281,25398500,0.0,0.0,0.0
2017-04-27 00:00:00-04:00,135.27000427246094,135.75,135.19000244140625,135.75,127.63115692138672,16136500,0.0,0.0,0.0
2017-04-28 00:00:00-04:00,136.2899932861328,136.33999633789062,135.77000427246094,135.99000549316406,127.85675048828125,22771900,0.0,0.0,0.0
2017-05-01 00:00:00-04:00,136.44000244140625,137.3800048828125,136.3800048828125,137.1999969482422,128.99441528320312,24815500,0.0,0.0,0.0
2017-05-02 00:00:00-04:00,137.3699951171875,137.49000549316406,137.02000427246094,137.42999267578125,129.21063232421875,18345100,0.0,0.0,0.0
2017-05-03 00:00:00-04:00,137.1199951171875,137.1699981689453,136.6199951171875,136.99000549316406,128.7969512939453,23827600,0.0,0.0,0.0
2017-05-04 00:00:00-04:00,136.97000122070312,137.42999267578125,136.55999755859375,137.0399932861328,128.84396362304688,14630100,0.0,0.0,0.0
2017-05-05 00:00:00-04:00,137.38999938964844,137.5399932861328,136.8800048828125,137.5399932861328,129.31405639648438,19330700,0.0,0.0,0.0
2017-05-08 00:00:00-04:00,137.61000061035156,137.83999633789062,137.3300018310547,137.83999633789062,129.59613037109375,13279900,0.0,0.0,0.0
2017-05-09 00:00:00-04:00,138.0500030517578,138.6300048828125,137.92999267578125,138.32000732421875,130.0474090576172,28426100,0.0,0.0,0.0
2017-05-10 00:00:00-04:00,138.39999389648438,138.4499969482422,137.91000366210938,138.39999389648438,130.12258911132812,20499400,0.0,0.0,0.0
2017-05-11 00:00:00-04:00,138.02000427246094,138.3300018310547,137.3800048828125,138.2899932861328,130.01919555664062,27232100,0.0,0.0,0.0
2017-05-12 00:00:00-04:00,138.35000610351562,138.6300048828125,138.22999572753906,138.60000610351562,130.3107147216797,19738600,0.0,0.0,0.0
2017-05-15 00:00:00-04:00,138.66000366210938,139.1199951171875,138.52999877929688,139.0399932861328,130.7243194580078,20481300,0.0,0.0,0.0
2017-05-16 00:00:00-04:00,139.39999389648438,139.63999938964844,138.99000549316406,139.6199951171875,131.2696533203125,21786000,0.0,0.0,0.0
2017-05-17 00:00:00-04:00,138.50999450683594,138.77000427246094,136.0500030517578,136.07000732421875,127.9319839477539,55642200,0.0,0.0,0.0
2017-05-18 00:00:00-04:00,136.02000427246094,137.72000122070312,135.8699951171875,137.25999450683594,129.05079650878906,41319900,0.0,0.0,0.0
2017-05-19 00:00:00-04:00,137.75,138.4199981689453,137.66000366210938,137.83999633789062,129.59613037109375,36730100,0.0,0.0,0.0
2017-05-22 00:00:00-04:00,138.14999389648438,139.07000732421875,138.10000610351562,139.0,130.686767578125,19509700,0.0,0.0,0.0
2017-05-23 00:00:00-04:00,139.41000366210938,139.4199981689453,138.77999877929688,139.13999938964844,130.8184051513672,19687500,0.0,0.0,0.0
2017-05-24 00:00:00-04:00,139.55999755859375,139.85000610351562,139.1699981689453,139.77999877929688,131.4200439453125,15891900,0.0,0.0,0.0
2017-05-25 00:00:00-04:00,140.30999755859375,141.3300018310547,140.00999450683594,140.97000122070312,132.53892517089844,23928600,0.0,0.0,0.0
2017-05-26 00:00:00-04:00,141.0,141.27999877929688,140.80999755859375,141.22000122070312,132.77398681640625,13851600,0.0,0.0,0.0
2017-05-30 00:00:00-04:00,141.14999389648438,141.50999450683594,141.05999755859375,141.33999633789062,132.88674926757812,20306400,0.0,0.0,0.0
2017-05-31 00:00:00-04:00,141.83999633789062,141.83999633789062,140.57000732421875,141.2899932861328,132.8397216796875,33229400,0.0,0.0,0.0
2017-06-01 00:00:00-04:00,141.5800018310547,141.89999389648438,140.97999572753906,141.83999633789062,133.35687255859375,20120700,0.0,0.0,0.0
2017-06-02 00:00:00-04:00,142.33999633789062,143.49000549316406,142.11000061035156,143.4600067138672,134.8800048828125,37222900,0.0,0.0,0.0
2017-06-05 00:00:00-04:00,143.4499969482422,143.67999267578125,143.22999572753906,143.42999267578125,134.85177612304688,15727500,0.0,0.0,0.0
2017-06-06 00:00:00-04:00,143.25999450683594,143.72999572753906,142.64999389648438,142.86000061035156,134.3158721923828,22393000,0.0,0.0,0.0
2017-06-07 00:00:00-04:00,143.25999450683594,143.5399932861328,142.60000610351562,143.4199981689453,134.84239196777344,18842400,0.0,0.0,0.0
2017-06-08 00:00:00-04:00,143.74000549316406,143.8000030517578,142.7899932861328,143.57000732421875,134.98345947265625,25417400,0.0,0.0,0.0
2017-06-09 00:00:00-04:00,143.74000549316406,143.89999389648438,138.11000061035156,139.97999572753906,131.60812377929688,109783700,0.0,0.0,0.0
2017-06-12 00:00:00-04:00,138.8000030517578,139.47999572753906,137.47000122070312,139.22999572753906,130.90304565429688,104454000,0.0,0.0,0.0
2017-06-13 00:00:00-04:00,140.00999450683594,140.55999755859375,139.27999877929688,140.36000061035156,131.96542358398438,51193000,0.0,0.0,0.0
2017-06-14 00:00:00-04:00,140.92999267578125,140.92999267578125,138.6199951171875,139.75,131.39187622070312,60093800,0.0,0.0,0.0
2017-06-15 00:00:00-04:00,138.33999633789062,139.27999877929688,137.49000549316406,139.1300048828125,130.80897521972656,55145200,0.0,0.0,0.0
2017-06-16 00:00:00-04:00,138.67999267578125,138.77999877929688,137.63999938964844,138.14999389648438,130.24147033691406,48087400,0.378,0.0,0.0
2017-06-19 00:00:00-04:00,139.49000549316406,140.58999633789062,139.27999877929688,140.4600067138672,132.41920471191406,39626500,0.0,0.0,0.0
2017-06-20 00:00:00-04:00,140.32000732421875,140.5,139.30999755859375,139.36000061035156,131.3822021484375,40935100,0.0,0.0,0.0
2017-06-21 00:00:00-04:00,139.67999267578125,140.80999755859375,139.58999633789062,140.74000549316406,132.6832275390625,35743400,0.0,0.0,0.0
2017-06-22 00:00:00-04:00,140.9600067138672,141.22000122070312,140.33999633789062,140.6999969482422,132.64544677734375,24099100,0.0,0.0,0.0
2017-06-23 00:00:00-04:00,140.5399932861328,141.4199981689453,140.14999389648438,141.24000549316406,133.154541015625,21654300,0.0,0.0,0.0
2017-06-26 00:00:00-04:00,142.0500030517578,142.2899932861328,140.27000427246094,140.5800018310547,132.53231811523438,34411100,0.0,0.0,0.0
2017-06-27 00:00:00-04:00,140.0500030517578,140.22000122070312,138.02000427246094,138.02999877929688,130.12831115722656,65957800,0.0,0.0,0.0
2017-06-28 00:00:00-04:00,138.5399932861328,140.13999938964844,137.74000549316406,140.02000427246094,132.00436401367188,57427200,0.0,0.0,0.0
2017-06-29 00:00:00-04:00,139.44000244140625,139.44000244140625,136.25,137.58999633789062,129.71351623535156,88769400,0.0,0.0,0.0
2017-06-30 00:00:00-04:00,137.97999572753906,138.6699981689453,137.19000244140625,137.63999938964844,129.7606201171875,68898300,0.0,0.0,0.0
2017-07-03 00:00:00-04:00,138.27000427246094,138.42999267578125,136.10000610351562,136.19000244140625,128.3936309814453,32797000,0.0,0.0,0.0
2017-07-05 00:00:00-04:00,136.6199951171875,137.89999389648438,136.16000366210938,137.52999877929688,129.6569366455078,42116600,0.0,0.0,0.0
2017-07-06 00:00:00-04:00,136.47999572753906,137.05999755859375,135.8000030517578,136.2899932861328,128.48794555664062,48430500,0.0,0.0,0.0
2017-07-07 00:00:00-04:00,136.75,138.1300048828125,136.74000549316406,137.75999450683594,129.873779296875,36970400,0.0,0.0,0.0
2017-07-10 00:00:00-04:00,137.85000610351562,138.99000549316406,137.5,138.66000366210938,130.72222900390625,24853500,0.0,0.0,0.0
2017-07-11 00:00:00-04:00,138.4600067138672,139.22000122070312,137.94000244140625,139.0500030517578,131.08995056152344,31517700,0.0,0.0,0.0
2017-07-12 00:00:00-04:00,140.24000549316406,140.86000061035156,139.9600067138672,140.6999969482422,132.64544677734375,36045800,0.0,0.0,0.0
2017-07-13 00:00:00-04:00,140.8699951171875,141.35000610351562,140.60000610351562,141.00999450683594,132.9376678466797,31073600,0.0,0.0,0.0
2017-07-14 00:00:00-04:00,141.63999938964844,142.3000030517578,141.19000244140625,142.1199951171875,133.98419189453125,34544800,0.0,0.0,0.0
2017-07-17 00:00:00-04:00,142.27000427246094,142.69000244140625,141.9199981689453,142.19000244140625,134.0501708984375,25343200,0.0,0.0,0.0
2017-07-18 00:00:00-04:00,142.08999633789062,143.1699981689453,141.63999938964844,143.13999938964844,134.9457550048828,25748500,0.0,0.0,0.0
2017-07-19 00:00:00-04:00,143.55999755859375,144.19000244140625,143.5,143.97999572753906,135.73770141601562,33752300,0.0,0.0,0.0
2017-07-20 00:00:00-04:00,144.35000610351562,144.44000244140625,143.52000427246094,144.1699981689453,135.91683959960938,36139400,0.0,0.0,0.0
2017-07-21 00:00:00-04:00,143.63999938964844,144.11000061035156,143.35000610351562,144.11000061035156,135.86021423339844,39697100,0.0,0.0,0.0
2017-07-24 00:00:00-04:00,144.08999633789062,144.8699951171875,143.9199981689453,144.77000427246094,136.48245239257812,26712700,0.0,0.0,0.0
2017-07-25 00:00:00-04:00,144.2899932861328,144.74000549316406,144.00999450683594,144.39999389648438,136.13365173339844,28120900,0.0,0.0,0.0
2017-07-26 00:00:00-04:00,144.75999450683594,144.9499969482422,144.52999877929688,144.8699951171875,136.5767059326172,18610600,0.0,0.0,0.0
2017-07-27 00:00:00-04:00,145.82000732421875,145.9600067138672,142.3000030517578,143.9600067138672,135.7188262939453,80665900,0.0,0.0,0.0
2017-07-28 00:00:00-04:00,143.10000610351562,144.0800018310547,142.8699951171875,143.83999633789062,135.60572814941406,38013200,0.0,0.0,0.0
2017-07-31 00:00:00-04:00,144.25,144.42999267578125,142.9199981689453,143.22999572753906,135.03065490722656,33848600,0.0,0.0,0.0
2017-08-01 00:00:00-04:00,143.72000122070312,143.75999450683594,143.1199951171875,143.55999755859375,135.3417205810547,20149400,0.0,0.0,0.0
2017-08-02 00:00:00-04:00,144.49000549316406,144.52000427246094,142.61000061035156,143.9499969482422,135.70945739746094,41769700,0.0,0.0,0.0
2017-08-03 00:00:00-04:00,144.08999633789062,144.1699981689453,143.1300048828125,143.38999938964844,135.18145751953125,27112800,0.0,0.0,0.0
2017-08-04 00:00:00-04:00,143.7100067138672,143.97000122070312,143.05999755859375,143.64999389648438,135.4265594482422,29472900,0.0,0.0,0.0
2017-08-07 00:00:00-04:00,143.91000366210938,144.55999755859375,143.7100067138672,144.55999755859375,136.28445434570312,17933900,0.0,0.0,0.0
2017-08-08 00:00:00-04:00,144.27999877929688,145.47000122070312,143.89999389648438,144.30999755859375,136.0487823486328,30810400,0.0,0.0,0.0
2017-08-09 00:00:00-04:00,143.1199951171875,144.19000244140625,142.7899932861328,144.1199951171875,135.86964416503906,36169500,0.0,0.0,0.0
2017-08-10 00:00:00-04:00,143.3000030517578,143.39999389648438,140.88999938964844,141.02999877929688,132.9565887451172,63331700,0.0,0.0,0.0
2017-08-11 00:00:00-04:00,141.22000122070312,142.41000366210938,140.89999389648438,142.10000610351562,133.96531677246094,45862500,0.0,0.0,0.0
2017-08-14 00:00:00-04:00,143.22999572753906,144.14999389648438,143.19000244140625,143.92999267578125,135.69049072265625,34161000,0.0,0.0,0.0
2017-08-15 00:00:00-04:00,144.2899932861328,144.3000030517578,143.63999938964844,144.02999877929688,135.78480529785156,25509200,0.0,0.0,0.0
2017-08-16 00:00:00-04:00,144.38999938964844,144.9600067138672,143.8000030517578,144.27999877929688,136.02049255371094,31913000,0.0,0.0,0.0
2017-08-17 00:00:00-04:00,143.72000122070312,143.94000244140625,141.3300018310547,141.3300018310547,133.2393798828125,70191000,0.0,0.0,0.0
2017-08-18 00:00:00-04:00,141.41000366210938,142.1999969482422,140.64999389648438,141.22999572753906,133.1450653076172,60751900,0.0,0.0,0.0
2017-08-21 00:00:00-04:00,141.22000122070312,141.52999877929688,140.17999267578125,141.0500030517578,132.97535705566406,37111500,0.0,0.0,0.0
2017-08-22 00:00:00-04:00,141.80999755859375,143.35000610351562,141.75999450683594,143.1999969482422,135.00228881835938,36294200,0.0,0.0,0.0
2017-08-23 00:00:00-04:00,142.47999572753906,143.00999450683594,142.3800048828125,142.69000244140625,134.52151489257812,25702300,0.0,0.0,0.0
2017-08-24 00:00:00-04:00,143.00999450683594,143.1699981689453,141.47000122070312,142.27000427246094,134.1256103515625,38160800,0.0,0.0,0.0
2017-08-25 00:00:00-04:00,142.82000732421875,143.17999267578125,141.77999877929688,141.97000122070312,133.84278869628906,26380400,0.0,0.0,0.0
2017-08-28 00:00:00-04:00,142.39999389648438,142.74000549316406,141.9499969482422,142.41000366210938,134.257568359375,15362100,0.0,0.0,0.0
2017-08-29 00:00:00-04:00,141.19000244140625,143.2100067138672,141.05999755859375,142.97000122070312,134.7855224609375,24498300,0.0,0.0,0.0
2017-08-30 00:00:00-04:00,143.08999633789062,144.88999938964844,143.0,144.64999389648438,136.36935424804688,33642700,0.0,0.0,0.0
2017-08-31 00:00:00-04:00,145.05999755859375,146.2100067138672,144.97999572753906,146.1999969482422,137.83056640625,38480700,0.0,0.0,0.0
2017-09-01 00:00:00-04:00,146.38999938964844,146.58999633789062,145.61000061035156,146.0,137.6420440673828,22293600,0.0,0.0,0.0
2017-09-05 00:00:00-04:00,145.57000732421875,145.8800048828125,143.60000610351562,144.69000244140625,136.4070587158203,44794300,0.0,0.0,0.0
2017-09-06 00:00:00-04:00,145.05999755859375,145.4600067138672,144.0800018310547,145.1300048828125,136.82180786132812,30722700,0.0,0.0,0.0
2017-09-07 00:00:00-04:00,145.39999389648438,145.83999633789062,144.94000244140625,145.47000122070312,137.14242553710938,22721100,0.0,0.0,0.0
2017-09-08 00:00:00-04:00,145.27999877929688,145.35000610351562,144.05999755859375,144.2100067138672,135.95452880859375,27890100,0.0,0.0,0.0
2017-09-11 00:00:00-04:00,145.33999633789062,146.1199951171875,145.3000030517578,145.8699951171875,137.51951599121094,27126300,0.0,0.0,0.0
2017-09-12 00:00:00-04:00,146.27999877929688,146.41000366210938,145.52999877929688,146.22000122070312,137.84942626953125,30256700,0.0,0.0,0.0
2017-09-13 00:00:00-04:00,145.97000122070312,146.44000244140625,145.72999572753906,146.4199981689453,138.03799438476562,28450900,0.0,0.0,0.0
2017-09-14 00:00:00-04:00,145.85000610351562,146.2899932861328,145.47000122070312,145.55999755859375,137.22720336914062,35296400,0.0,0.0,0.0
2017-09-15 00:00:00-04:00,145.52999877929688,146.58999633789062,145.2899932861328,146.05999755859375,137.69863891601562,46422400,0.0,0.0,0.0
2017-09-18 00:00:00-04:00,145.91000366210938,146.3699951171875,145.11000061035156,145.5500030517578,137.51815795898438,24858200,0.319,0.0,0.0
2017-09-19 00:00:00-04:00,145.80999755859375,146.00999450683594,145.30999755859375,145.8000030517578,137.7543487548828,20871200,0.0,0.0,0.0
2017-09-20 00:00:00-04:00,145.75,145.91000366210938,144.22999572753906,145.35000610351562,137.3291778564453,34236200,0.0,0.0,0.0
2017-09-21 00:00:00-04:00,145.25,145.25999450683594,143.9499969482422,144.4600067138672,136.48828125,28841800,0.0,0.0,0.0
2017-09-22 00:00:00-04:00,144.0,144.52999877929688,143.85000610351562,144.32000732421875,136.35601806640625,21702400,0.0,0.0,0.0
2017-09-25 00:00:00-04:00,143.75,143.8300018310547,142.10000610351562,142.8000030517578,134.91990661621094,54947700,0.0,0.0,0.0
2017-09-26 00:00:00-04:00,143.52999877929688,143.8000030517578,142.6699981689453,143.1699981689453,135.26954650878906,29628800,0.0,0.0,0.0
2017-09-27 00:00:00-04:00,143.92999267578125,145.0,143.57000732421875,144.4600067138672,136.48828125,33249400,0.0,0.0,0.0
2017-09-28 00:00:00-04:00,144.11000061035156,144.55999755859375,143.77999877929688,144.41000366210938,136.44105529785156,24149400,0.0,0.0,0.0
2017-09-29 00:00:00-04:00,144.6999969482422,145.55999755859375,144.32000732421875,145.4499969482422,137.4236602783203,43102400,0.0,0.0,0.0
2017-10-02 00:00:00-04:00,145.6699981689453,146.1699981689453,144.92999267578125,145.5800018310547,137.5464630126953,27351300,0.0,0.0,0.0
2017-10-03 00:00:00-04:00,145.77000427246094,146.05999755859375,145.4499969482422,145.88999938964844,137.83934020996094,19715200,0.0,0.0,0.0
2017-10-04 00:00:00-04:00,145.61000061035156,146.33999633789062,145.47000122070312,146.02999877929688,137.9716339111328,26381100,0.0,0.0,0.0
2017-10-05 00:00:00-04:00,146.55999755859375,147.5399932861328,146.41000366210938,147.4600067138672,139.32275390625,31562400,0.0,0.0,0.0
2017-10-06 00:00:00-04:00,146.9600067138672,147.66000366210938,146.9600067138672,147.66000366210938,139.51170349121094,23561100,0.0,0.0,0.0
2017-10-09 00:00:00-04:00,147.85000610351562,148.00999450683594,147.3000030517578,147.49000549316406,139.3511199951172,13704800,0.0,0.0,0.0
2017-10-10 00:00:00-04:00,147.99000549316406,148.13999938964844,146.9499969482422,147.60000610351562,139.45504760742188,19223100,0.0,0.0,0.0
2017-10-11 00:00:00-04:00,147.52999877929688,148.07000732421875,147.33999633789062,148.0399932861328,139.87069702148438,12439100,0.0,0.0,0.0
2017-10-12 00:00:00-04:00,147.82000732421875,148.35000610351562,147.6199951171875,147.77000427246094,139.6156463623047,14513500,0.0,0.0,0.0
2017-10-13 00:00:00-04:00,148.3699951171875,148.50999450683594,147.77999877929688,148.33999633789062,140.15420532226562,18409900,0.0,0.0,0.0
2017-10-16 00:00:00-04:00,148.7100067138672,148.88999938964844,148.38999938964844,148.85000610351562,140.6360321044922,21809400,0.0,0.0,0.0
2017-10-17 00:00:00-04:00,148.8000030517578,149.05999755859375,148.57000732421875,149.0399932861328,140.8155975341797,13138200,0.0,0.0,0.0
2017-10-18 00:00:00-04:00,149.19000244140625,149.2100067138672,148.63999938964844,148.86000061035156,140.64544677734375,17218200,0.0,0.0,0.0
2017-10-19 00:00:00-04:00,147.99000549316406,148.3300018310547,147.27000427246094,148.30999755859375,140.1258087158203,27680300,0.0,0.0,0.0
2017-10-20 00:00:00-04:00,148.91000366210938,149.0399932861328,148.52999877929688,148.7100067138672,140.50372314453125,30173300,0.0,0.0,0.0
2017-10-23 00:00:00-04:00,149.02000427246094,149.02999877929688,147.52999877929688,147.74000549316406,139.58731079101562,29297100,0.0,0.0,0.0
2017-10-24 00:00:00-04:00,148.02999877929688,148.3000030517578,147.44000244140625,147.99000549316406,139.82350158691406,20289500,0.0,0.0,0.0
2017-10-25 00:00:00-04:00,147.6999969482422,148.17999267578125,146.3300018310547,147.42999267578125,139.29443359375,36179100,0.0,0.0,0.0
2017-10-26 00:00:00-04:00,147.33999633789062,147.7100067138672,146.9199981689453,146.9600067138672,138.85037231445312,28230200,0.0,0.0,0.0
2017-10-27 00:00:00-04:00,149.42999267578125,151.52000427246094,149.1999969482422,151.24000549316406,142.89419555664062,60165100,0.0,0.0,0.0
2017-10-30 00:00:00-04:00,151.1300048828125,152.19000244140625,150.99000549316406,151.5800018310547,143.2153778076172,31733400,0.0,0.0,0.0
2017-10-31 00:00:00-04:00,152.07000732421875,152.3699951171875,151.6300048828125,152.14999389648438,143.7539825439453,26319300,0.0,0.0,0.0
2017-11-01 00:00:00-04:00,152.75999450683594,152.8300018310547,151.5,152.10000610351562,143.7067108154297,29481600,0.0,0.0,0.0
2017-11-02 00:00:00-04:00,151.92999267578125,151.99000549316406,150.77000427246094,151.80999755859375,143.4326629638672,31017400,0.0,0.0,0.0
2017-11-03 00:00:00-04:00,152.36000061035156,153.2899932861328,151.83999633789062,153.27000427246094,144.81214904785156,26199200,0.0,0.0,0.0
2017-11-06 00:00:00-05:00,153.14999389648438,153.85000610351562,153.10000610351562,153.7899932861328,145.303466796875,28693900,0.0,0.0,0.0
2017-11-07 00:00:00-05:00,153.6699981689453,154.0800018310547,153.33999633789062,153.8800048828125,145.38844299316406,21333100,0.0,0.0,0.0
2017-11-08 00:00:00-05:00,153.8000030517578,154.5399932861328,153.6199951171875,154.5,145.97430419921875,17373500,0.0,0.0,0.0
2017-11-09 00:00:00-05:00,153.22999572753906,153.77000427246094,152.11000061035156,153.69000244140625,145.2089385986328,40594500,0.0,0.0,0.0
2017-11-10 00:00:00-05:00,153.3300018310547,153.8000030517578,153.05999755859375,153.67999267578125,145.19952392578125,20150800,0.0,0.0,0.0
2017-11-13 00:00:00-05:00,153.10000610351562,154.07000732421875,153.10000610351562,153.8699951171875,145.37901306152344,12522400,0.0,0.0,0.0
2017-11-14 00:00:00-05:00,153.3300018310547,153.5,152.57000732421875,153.30999755859375,144.8499755859375,25173800,0.0,0.0,0.0
2017-11-15 00:00:00-05:00,152.64999389648438,153.0,151.77999877929688,152.58999633789062,144.16966247558594,24808000,0.0,0.0,0.0
2017-11-16 00:00:00-05:00,153.36000061035156,154.88999938964844,153.3300018310547,154.5399932861328,146.0120849609375,34790600,0.0,0.0,0.0
2017-11-17 00:00:00-05:00,154.5800018310547,154.69000244140625,153.8000030517578,153.9499969482422,145.45462036132812,28725800,0.0,0.0,0.0
2017-11-20 00:00:00-05:00,154.05999755859375,154.1999969482422,153.61000061035156,153.8300018310547,145.34124755859375,21143900,0.0,0.0,0.0
2017-11-21 00:00:00-05:00,154.55999755859375,155.57000732421875,154.49000549316406,155.5,146.91900634765625,20147800,0.0,0.0,0.0
2017-11-22 00:00:00-05:00,155.63999938964844,155.83999633789062,155.33999633789062,155.69000244140625,147.0985565185547,17299000,0.0,0.0,0.0
2017-11-24 00:00:00-05:00,155.85000610351562,156.30999755859375,155.75999450683594,156.25999450683594,147.63719177246094,8280600,0.0,0.0,0.0
2017-11-27 00:00:00-05:00,156.2100067138672,156.55999755859375,155.8300018310547,156.19000244140625,147.5709686279297,22653400,0.0,0.0,0.0
2017-11-28 00:00:00-05:00,156.5399932861328,156.69000244140625,155.6999969482422,156.58999633789062,147.94894409179688,25227300,0.0,0.0,0.0
2017-11-29 00:00:00-05:00,156.41000366210938,156.4499969482422,153.1199951171875,153.86000061035156,145.3695831298828,71986300,0.0,0.0,0.0
2017-11-30 00:00:00-05:00,154.50999450683594,155.4499969482422,154.14999389648438,155.14999389648438,146.58837890625,56595500,0.0,0.0,0.0
2017-12-01 00:00:00-05:00,154.1999969482422,155.24000549316406,152.25999450683594,154.49000549316406,145.9647979736328,59015800,0.0,0.0,0.0
2017-12-04 00:00:00-05:00,155.4600067138672,155.6300048828125,152.55999755859375,152.7100067138672,144.28306579589844,51319100,0.0,0.0,0.0
2017-12-05 00:00:00-05:00,152.67999267578125,154.5500030517578,152.10000610351562,152.80999755859375,144.37753295898438,40604200,0.0,0.0,0.0
2017-12-06 00:00:00-05:00,152.24000549316406,153.74000549316406,152.05999755859375,153.5,145.0294189453125,28647800,0.0,0.0,0.0
2017-12-07 00:00:00-05:00,153.49000549316406,154.4600067138672,153.3300018310547,154.02000427246094,145.52078247070312,32666200,0.0,0.0,0.0
2017-12-08 00:00:00-05:00,155.14999389648438,155.52999877929688,154.4600067138672,154.6999969482422,146.16322326660156,28081700,0.0,0.0,0.0
2017-12-11 00:00:00-05:00,154.77000427246094,155.9499969482422,154.75999450683594,155.89999389648438,147.2969970703125,20821500,0.0,0.0,0.0
2017-12-12 00:00:00-05:00,155.8300018310547,156.14999389648438,155.36000061035156,155.69000244140625,147.0985565185547,20310300,0.0,0.0,0.0
2017-12-13 00:00:00-05:00,156.32000732421875,156.49000549316406,155.75999450683594,155.99000549316406,147.382080078125,24418500,0.0,0.0,0.0
2017-12-14 00:00:00-05:00,156.25999450683594,156.66000366210938,155.7100067138672,155.8800048828125,147.27809143066406,24594700,0.0,0.0,0.0
2017-12-15 00:00:00-05:00,156.49000549316406,157.82000732421875,156.22999572753906,157.64999389648438,148.9504852294922,49816200,0.0,0.0,0.0
2017-12-18 00:00:00-05:00,158.36000061035156,158.77000427246094,158.07000732421875,158.63999938964844,150.1992645263672,26844500,0.329,0.0,0.0
2017-12-19 00:00:00-05:00,158.33999633789062,158.5,157.25999450683594,157.6999969482422,149.3092803955078,31415000,0.0,0.0,0.0
2017-12-20 00:00:00-05:00,158.25,158.27999877929688,156.91000366210938,157.52999877929688,149.14833068847656,38972600,0.0,0.0,0.0
2017-12-21 00:00:00-05:00,157.75,158.25,157.3699951171875,157.5500030517578,149.167236328125,18638700,0.0,0.0,0.0
2017-12-22 00:00:00-05:00,157.30999755859375,157.42999267578125,156.9499969482422,157.3699951171875,148.99685668945312,23330400,0.0,0.0,0.0
2017-12-26 00:00:00-05:00,156.49000549316406,156.72000122070312,155.9499969482422,156.52000427246094,148.1920928955078,21918700,0.0,0.0,0.0
2017-12-27 00:00:00-05:00,156.52999877929688,156.9600067138672,156.38999938964844,156.5399932861328,148.21099853515625,22388200,0.0,0.0,0.0
2017-12-28 00:00:00-05:00,157.0399932861328,157.07000732421875,156.5399932861328,156.72999572753906,148.390869140625,25393800,0.0,0.0,0.0
2017-12-29 00:00:00-05:00,156.8699951171875,156.89999389648438,155.6999969482422,155.75999450683594,147.4724884033203,33186000,0.0,0.0,0.0
2018-01-02 00:00:00-05:00,156.55999755859375,158.52999877929688,156.1699981689453,158.49000549316406,150.05728149414062,32573300,0.0,0.0,0.0
2018-01-03 00:00:00-05:00,158.63999938964844,160.1699981689453,158.61000061035156,160.02999877929688,151.51528930664062,29383600,0.0,0.0,0.0
2018-01-04 00:00:00-05:00,160.5800018310547,160.7899932861328,160.0800018310547,160.30999755859375,151.7803955078125,24776100,0.0,0.0,0.0
2018-01-05 00:00:00-05:00,161.07000732421875,162.02999877929688,160.77000427246094,161.9199981689453,153.30477905273438,26992300,0.0,0.0,0.0
2018-01-08 00:00:00-05:00,161.9199981689453,162.6300048828125,161.86000061035156,162.5500030517578,153.90121459960938,23159100,0.0,0.0,0.0
2018-01-09 00:00:00-05:00,162.8699951171875,163.0399932861328,162.07000732421875,162.55999755859375,153.9106903076172,24782400,0.0,0.0,0.0
2018-01-10 00:00:00-05:00,161.83999633789062,162.2100067138672,161.1199951171875,162.17999267578125,153.55096435546875,34004000,0.0,0.0,0.0
2018-01-11 00:00:00-05:00,162.4600067138672,163.3000030517578,162.2100067138672,163.2899932861328,154.60183715820312,20473500,0.0,0.0,0.0
2018-01-12 00:00:00-05:00,163.14999389648438,164.66000366210938,162.94000244140625,164.49000549316406,155.73802185058594,37762700,0.0,0.0,0.0
2018-01-16 00:00:00-05:00,165.5800018310547,166.4199981689453,163.52999877929688,164.02000427246094,155.29307556152344,41231800,0.0,0.0,0.0
2018-01-17 00:00:00-05:00,164.8000030517578,166.0399932861328,164.0,165.7899932861328,156.96884155273438,33849900,0.0,0.0,0.0
2018-01-18 00:00:00-05:00,165.52999877929688,166.1999969482422,165.13999938964844,165.82000732421875,156.99725341796875,26432200,0.0,0.0,0.0
2018-01-19 00:00:00-05:00,166.30999755859375,166.61000061035156,165.5399932861328,166.33999633789062,157.48959350585938,38937600,0.0,0.0,0.0
2018-01-22 00:00:00-05:00,166.27999877929688,168.1199951171875,166.08999633789062,168.1199951171875,159.1748809814453,26081400,0.0,0.0,0.0
2018-01-23 00:00:00-05:00,168.63999938964844,169.66000366210938,168.55999755859375,169.50999450683594,160.49090576171875,37989700,0.0,0.0,0.0
2018-01-24 00:00:00-05:00,169.8699951171875,170.24000549316406,167.44000244140625,168.41000366210938,159.44943237304688,54287400,0.0,0.0,0.0
2018-01-25 00:00:00-05:00,169.57000732421875,169.6300048828125,167.80999755859375,168.35000610351562,159.3926239013672,28925000,0.0,0.0,0.0
2018-01-26 00:00:00-05:00,169.2899932861328,170.9499969482422,168.9600067138672,170.92999267578125,161.83534240722656,32038200,0.0,0.0,0.0
2018-01-29 00:00:00-05:00,170.57000732421875,170.91000366210938,169.74000549316406,170.10000610351562,161.04949951171875,37277800,0.0,0.0,0.0
2018-01-30 00:00:00-05:00,168.5500030517578,169.4199981689453,167.82000732421875,168.6999969482422,159.7239990234375,44987700,0.0,0.0,0.0
2018-01-31 00:00:00-05:00,169.64999389648438,169.99000549316406,168.33999633789062,169.39999389648438,160.38677978515625,42449200,0.0,0.0,0.0
2018-02-01 00:00:00-05:00,168.10000610351562,169.72999572753906,167.4199981689453,167.9600067138672,159.02337646484375,38037900,0.0,0.0,0.0
2018-02-02 00:00:00-05:00,167.3000030517578,167.6999969482422,164.47000122070312,164.61000061035156,155.85159301757812,68478100,0.0,0.0,0.0
2018-02-05 00:00:00-05:00,163.07000732421875,165.75,158.0,158.1199951171875,149.7069854736328,105372200,0.0,0.0,0.0
2018-02-06 00:00:00-05:00,155.80999755859375,162.50999450683594,155.10000610351562,162.30999755859375,153.6739959716797,118537900,0.0,0.0,0.0
2018-02-07 00:00:00-05:00,161.7899932861328,163.5500030517578,160.1999969482422,160.2100067138672,151.6856689453125,91028300,0.0,0.0,0.0
2018-02-08 00:00:00-05:00,160.6199951171875,160.8000030517578,153.4499969482422,153.4499969482422,145.28536987304688,94184800,0.0,0.0,0.0
2018-02-09 00:00:00-05:00,155.6199951171875,157.24000549316406,150.1300048828125,156.10000610351562,147.79443359375,113836600,0.0,0.0,0.0
2018-02-12 00:00:00-05:00,157.6999969482422,159.9499969482422,156.4600067138672,158.8699951171875,150.4170379638672,63050600,0.0,0.0,0.0
2018-02-13 00:00:00-05:00,157.9600067138672,160.00999450683594,157.72000122070312,159.69000244140625,151.1934051513672,31785600,0.0,0.0,0.0
2018-02-14 00:00:00-05:00,158.75,162.92999267578125,158.0,162.67999267578125,154.02432250976562,52107400,0.0,0.0,0.0
2018-02-15 00:00:00-05:00,164.13999938964844,165.6999969482422,162.44000244140625,165.6999969482422,156.88363647460938,51633900,0.0,0.0,0.0
2018-02-16 00:00:00-05:00,165.16000366210938,166.75999450683594,164.67999267578125,164.9600067138672,156.18301391601562,62256300,0.0,0.0,0.0
2018-02-20 00:00:00-05:00,164.3800048828125,166.67999267578125,164.30999755859375,165.2899932861328,156.49545288085938,36785600,0.0,0.0,0.0
2018-02-21 00:00:00-05:00,166.10000610351562,167.72000122070312,164.72000122070312,164.82000732421875,156.0504608154297,41161800,0.0,0.0,0.0
2018-02-22 00:00:00-05:00,165.5399932861328,166.4199981689453,164.3800048828125,164.8000030517578,156.03152465820312,37074400,0.0,0.0,0.0
2018-02-23 00:00:00-05:00,166.1300048828125,168.1699981689453,165.4499969482422,168.1699981689453,159.22215270996094,50096900,0.0,0.0,0.0
2018-02-26 00:00:00-05:00,168.9600067138672,170.39999389648438,168.82000732421875,170.39999389648438,161.3335418701172,39266700,0.0,0.0,0.0
2018-02-27 00:00:00-05:00,170.4499969482422,170.72999572753906,168.2100067138672,168.2899932861328,159.3357696533203,42209900,0.0,0.0,0.0
2018-02-28 00:00:00-05:00,169.25,169.8000030517578,167.10000610351562,167.2100067138672,158.3132781982422,42936300,0.0,0.0,0.0
2018-03-01 00:00:00-05:00,167.3000030517578,168.07000732421875,163.0,164.47999572753906,155.72850036621094,76809900,0.0,0.0,0.0
2018-03-02 00:00:00-05:00,162.5,166.27999877929688,161.9600067138672,165.99000549316406,157.15826416015625,57445100,0.0,0.0,0.0
2018-03-05 00:00:00-05:00,165.2100067138672,168.25999450683594,164.58999633789062,167.8300018310547,158.9002685546875,38540200,0.0,0.0,0.0
2018-03-06 00:00:00-05:00,168.64999389648438,169.11000061035156,167.47999572753906,168.5399932861328,159.57247924804688,29480900,0.0,0.0,0.0
2018-03-07 00:00:00-05:00,167.25,169.07000732421875,166.9600067138672,168.92999267578125,159.94175720214844,34609400,0.0,0.0,0.0
2018-03-08 00:00:00-05:00,169.6300048828125,169.97999572753906,168.9499969482422,169.86000061035156,160.82225036621094,25828400,0.0,0.0,0.0
2018-03-09 00:00:00-05:00,171.07000732421875,173.16000366210938,170.82000732421875,173.16000366210938,163.9466552734375,38310500,0.0,0.0,0.0
2018-03-12 00:00:00-04:00,173.6699981689453,174.47999572753906,173.27999877929688,174.0800018310547,164.8177490234375,37635000,0.0,0.0,0.0
2018-03-13 00:00:00-04:00,174.47999572753906,175.2100067138672,171.27000427246094,171.7100067138672,162.57383728027344,55638900,0.0,0.0,0.0
2018-03-14 00:00:00-04:00,172.61000061035156,172.74000549316406,170.92999267578125,171.67999267578125,162.54542541503906,40536400,0.0,0.0,0.0
2018-03-15 00:00:00-04:00,171.8000030517578,172.52999877929688,170.89999389648438,171.52999877929688,162.40338134765625,28810400,0.0,0.0,0.0
2018-03-16 00:00:00-04:00,171.82000732421875,172.1999969482422,170.94000244140625,171.02000427246094,161.92056274414062,31176700,0.0,0.0,0.0
2018-03-19 00:00:00-04:00,169.10000610351562,169.22000122070312,165.63999938964844,167.10000610351562,158.4658203125,71395100,0.277,0.0,0.0
2018-03-20 00:00:00-04:00,167.1699981689453,168.0399932861328,166.61000061035156,167.64999389648438,158.98736572265625,34075700,0.0,0.0,0.0
2018-03-21 00:00:00-04:00,167.2100067138672,168.75999450683594,166.19000244140625,166.9199981689453,158.29513549804688,43863500,0.0,0.0,0.0
2018-03-22 00:00:00-04:00,164.61000061035156,165.77000427246094,162.58999633789062,162.8000030517578,154.38796997070312,66607300,0.0,0.0,0.0
2018-03-23 00:00:00-04:00,162.61000061035156,163.3000030517578,158.42999267578125,158.50999450683594,150.31964111328125,80110400,0.0,0.0,0.0
2018-03-26 00:00:00-04:00,161.72000122070312,164.60000610351562,159.16000366210938,164.39999389648438,155.9053192138672,57481500,0.0,0.0,0.0
2018-03-27 00:00:00-04:00,165.6199951171875,165.6199951171875,157.67999267578125,159.0800018310547,150.8601837158203,78889100,0.0,0.0,0.0
2018-03-28 00:00:00-04:00,158.1699981689453,159.77999877929688,156.0399932861328,157.25,149.12477111816406,89369700,0.0,0.0,0.0
2018-03-29 00:00:00-04:00,158.10000610351562,161.7100067138672,156.6300048828125,160.1300048828125,151.85594177246094,68692600,0.0,0.0,0.0
2018-04-02 00:00:00-04:00,158.99000549316406,159.74000549316406,153.8800048828125,155.50999450683594,147.47463989257812,85549400,0.0,0.0,0.0
2018-04-03 00:00:00-04:00,156.8699951171875,157.9199981689453,154.44000244140625,157.25999450683594,149.13427734375,64090000,0.0,0.0,0.0
2018-04-04 00:00:00-04:00,154.22000122070312,160.22999572753906,154.0399932861328,159.74000549316406,151.4861297607422,65768700,0.0,0.0,0.0
2018-04-05 00:00:00-04:00,161.3300018310547,161.5800018310547,159.47999572753906,160.64999389648438,152.34912109375,43054900,0.0,0.0,0.0
2018-04-06 00:00:00-04:00,158.8800048828125,160.4600067138672,155.8800048828125,156.6300048828125,148.5367889404297,59870900,0.0,0.0,0.0
2018-04-09 00:00:00-04:00,157.97999572753906,160.8800048828125,157.4600067138672,157.72999572753906,149.57994079589844,41810400,0.0,0.0,0.0
2018-04-10 00:00:00-04:00,160.2100067138672,161.72999572753906,159.07000732421875,161.2100067138672,152.88009643554688,48296800,0.0,0.0,0.0
2018-04-11 00:00:00-04:00,160.1999969482422,162.0,160.10000610351562,160.27999877929688,151.99818420410156,41622100,0.0,0.0,0.0
2018-04-12 00:00:00-04:00,161.25,162.77000427246094,161.16000366210938,162.2100067138672,153.82847595214844,30467900,0.0,0.0,0.0
2018-04-13 00:00:00-04:00,163.02000427246094,163.25999450683594,160.6699981689453,161.3699951171875,153.03187561035156,44604900,0.0,0.0,0.0
2018-04-16 00:00:00-04:00,162.5,163.19000244140625,161.47999572753906,162.60000610351562,154.1983184814453,28180800,0.0,0.0,0.0
2018-04-17 00:00:00-04:00,164.24000549316406,166.4600067138672,163.91000366210938,166.10000610351562,157.51748657226562,35536100,0.0,0.0,0.0
2018-04-18 00:00:00-04:00,166.10000610351562,167.0,165.30999755859375,166.44000244140625,157.8399200439453,29573900,0.0,0.0,0.0
2018-04-19 00:00:00-04:00,165.60000610351562,165.99000549316406,164.33999633789062,164.91000366210938,156.38897705078125,34705700,0.0,0.0,0.0
2018-04-20 00:00:00-04:00,164.49000549316406,164.61000061035156,161.72999572753906,162.3000030517578,153.91380310058594,49197100,0.0,0.0,0.0
2018-04-23 00:00:00-04:00,163.08999633789062,163.72999572753906,161.02000427246094,161.88999938964844,153.52500915527344,33040600,0.0,0.0,0.0
2018-04-24 00:00:00-04:00,162.66000366210938,162.91000366210938,157.38999938964844,158.4600067138672,150.27223205566406,70256800,0.0,0.0,0.0
2018-04-25 00:00:00-04:00,158.74000549316406,159.30999755859375,156.47000122070312,158.64999389648438,150.45236206054688,52089300,0.0,0.0,0.0
2018-04-26 00:00:00-04:00,160.6999969482422,162.52999877929688,160.17999267578125,161.99000549316406,153.61988830566406,43005500,0.0,0.0,0.0
2018-04-27 00:00:00-04:00,164.3699951171875,164.41000366210938,161.1699981689453,162.08999633789062,153.71470642089844,51043400,0.0,0.0,0.0
2018-04-30 00:00:00-04:00,162.47000122070312,163.47999572753906,160.5399932861328,160.94000244140625,152.62411499023438,35615300,0.0,0.0,0.0
2018-05-01 00:00:00-04:00,160.52000427246094,162.8000030517578,160.13999938964844,162.77999877929688,154.36898803710938,36513500,0.0,0.0,0.0
2018-05-02 00:00:00-04:00,163.05999755859375,163.57000732421875,161.6300048828125,161.82000732421875,153.4586181640625,38646800,0.0,0.0,0.0
2018-05-03 00:00:00-04:00,161.0,162.39999389648438,159.22000122070312,161.8000030517578,153.439697265625,60337100,0.0,0.0,0.0
2018-05-04 00:00:00-04:00,161.10000610351562,165.25,160.97999572753906,164.8699951171875,156.3509979248047,41543200,0.0,0.0,0.0
2018-05-07 00:00:00-04:00,165.63999938964844,166.77999877929688,165.50999450683594,166.24000549316406,157.6502685546875,32500200,0.0,0.0,0.0
2018-05-08 00:00:00-04:00,165.88999938964844,166.42999267578125,164.86000061035156,166.07000732421875,157.48899841308594,26040200,0.0,0.0,0.0
2018-05-09 00:00:00-04:00,166.3699951171875,168.0,165.77999877929688,167.8800048828125,159.20555114746094,29122700,0.0,0.0,0.0
2018-05-10 00:00:00-04:00,168.4199981689453,169.74000549316406,168.2899932861328,169.6199951171875,160.8555450439453,27067600,0.0,0.0,0.0
2018-05-11 00:00:00-04:00,169.4199981689453,169.86000061035156,168.72000122070312,169.4600067138672,160.703857421875,24688800,0.0,0.0,0.0
2018-05-14 00:00:00-04:00,169.85000610351562,170.82000732421875,169.47000122070312,169.75,160.97886657714844,21821700,0.0,0.0,0.0
2018-05-15 00:00:00-04:00,168.41000366210938,168.5,166.97999572753906,167.8699951171875,159.19601440429688,49361600,0.0,0.0,0.0
2018-05-16 00:00:00-04:00,168.08999633789062,169.3699951171875,168.00999450683594,168.97999572753906,160.24862670898438,22941200,0.0,0.0,0.0
2018-05-17 00:00:00-04:00,168.38999938964844,169.61000061035156,167.50999450683594,168.3300018310547,159.6322479248047,27480200,0.0,0.0,0.0
2018-05-18 00:00:00-04:00,167.67999267578125,168.25999450683594,167.2100067138672,167.4600067138672,158.80722045898438,26217900,0.0,0.0,0.0
2018-05-21 00:00:00-04:00,168.75999450683594,169.5,167.67999267578125,168.39999389648438,159.69863891601562,22954600,0.0,0.0,0.0
2018-05-22 00:00:00-04:00,169.1699981689453,169.4499969482422,167.8800048828125,168.17999267578125,159.48997497558594,19477700,0.0,0.0,0.0
2018-05-23 00:00:00-04:00,166.89999389648438,169.6199951171875,166.8800048828125,169.60000610351562,160.8365936279297,26557800,0.0,0.0,0.0
2018-05-24 00:00:00-04:00,169.5500030517578,169.85000610351562,167.83999633789062,169.5500030517578,160.7892303466797,27696500,0.0,0.0,0.0
2018-05-25 00:00:00-04:00,169.52999877929688,170.3300018310547,169.2100067138672,169.72000122070312,160.9503936767578,27460500,0.0,0.0,0.0
2018-05-29 00:00:00-04:00,168.9499969482422,169.9199981689453,167.9600067138672,168.97000122070312,160.23915100097656,41220500,0.0,0.0,0.0
2018-05-30 00:00:00-04:00,169.5800018310547,170.47999572753906,169.22000122070312,170.17999267578125,161.38662719726562,22665800,0.0,0.0,0.0
2018-05-31 00:00:00-04:00,170.17999267578125,171.1999969482422,169.6300048828125,170.07000732421875,161.2823486328125,35670900,0.0,0.0,0.0
2018-06-01 00:00:00-04:00,170.9199981689453,172.83999633789062,170.8699951171875,172.74000549316406,163.81439208984375,45543300,0.0,0.0,0.0
2018-06-04 00:00:00-04:00,173.17999267578125,174.33999633789062,173.07000732421875,174.3000030517578,165.29379272460938,20459600,0.0,0.0,0.0
2018-06-05 00:00:00-04:00,174.7100067138672,175.1300048828125,174.07000732421875,174.83999633789062,165.80589294433594,24779300,0.0,0.0,0.0
2018-06-06 00:00:00-04:00,175.02000427246094,175.88999938964844,174.13999938964844,175.86000061035156,166.77308654785156,25036600,0.0,0.0,0.0
2018-06-07 00:00:00-04:00,175.88999938964844,175.92999267578125,173.5500030517578,174.42999267578125,165.41705322265625,39600300,0.0,0.0,0.0
2018-06-08 00:00:00-04:00,173.61000061035156,174.8800048828125,173.17999267578125,174.44000244140625,165.42652893066406,31780300,0.0,0.0,0.0
2018-06-11 00:00:00-04:00,174.30999755859375,175.33999633789062,174.27999877929688,174.91000366210938,165.87228393554688,22319700,0.0,0.0,0.0
2018-06-12 00:00:00-04:00,175.14999389648438,176.0,174.9600067138672,175.8300018310547,166.74473571777344,22511800,0.0,0.0,0.0
2018-06-13 00:00:00-04:00,176.10000610351562,177.13999938964844,175.42999267578125,175.82000732421875,166.73521423339844,37858600,0.0,0.0,0.0
2018-06-14 00:00:00-04:00,176.6300048828125,177.88999938964844,176.5,177.60000610351562,168.42327880859375,35916000,0.0,0.0,0.0
2018-06-15 00:00:00-04:00,176.92999267578125,177.3300018310547,176.11000061035156,176.97999572753906,167.835205078125,49615700,0.0,0.0,0.0
2018-06-18 00:00:00-04:00,175.49000549316406,176.64999389648438,174.94000244140625,176.5,167.7383575439453,31633200,0.378,0.0,0.0
2018-06-19 00:00:00-04:00,174.27000427246094,176.0399932861328,173.7100067138672,176.0,167.26318359375,38236000,0.0,0.0,0.0
2018-06-20 00:00:00-04:00,176.80999755859375,177.97999572753906,176.64999389648438,177.25,168.4510955810547,33038000,0.0,0.0,0.0
2018-06-21 00:00:00-04:00,177.6999969482422,177.8800048828125,175.3699951171875,175.7100067138672,166.98756408691406,43469400,0.0,0.0,0.0
2018-06-22 00:00:00-04:00,176.3000030517578,176.3699951171875,174.69000244140625,175.32000732421875,166.61691284179688,30073200,0.0,0.0,0.0
2018-06-25 00:00:00-04:00,173.72999572753906,173.99000549316406,169.80999755859375,171.3699951171875,162.8629913330078,77799700,0.0,0.0,0.0
2018-06-26 00:00:00-04:00,172.0,173.05999755859375,171.3699951171875,172.07000732421875,163.52821350097656,39008100,0.0,0.0,0.0
2018-06-27 00:00:00-04:00,172.8000030517578,173.5800018310547,169.61000061035156,169.72999572753906,161.30450439453125,52843500,0.0,0.0,0.0
2018-06-28 00:00:00-04:00,169.52000427246094,171.77000427246094,169.1699981689453,171.19000244140625,162.69195556640625,46407700,0.0,0.0,0.0
2018-06-29 00:00:00-04:00,172.00999450683594,172.9199981689453,171.39999389648438,171.64999389648438,163.12905883789062,36408500,0.0,0.0,0.0
2018-07-02 00:00:00-04:00,170.0399932861328,172.85000610351562,169.6699981689453,172.8000030517578,164.22201538085938,31770000,0.0,0.0,0.0
2018-07-03 00:00:00-04:00,173.4499969482422,173.4499969482422,170.6300048828125,170.8000030517578,162.3212890625,25512700,0.0,0.0,0.0
2018-07-05 00:00:00-04:00,171.91000366210938,173.05999755859375,171.02999877929688,172.9199981689453,164.33604431152344,31626200,0.0,0.0,0.0
2018-07-06 00:00:00-04:00,173.32000732421875,175.74000549316406,173.0,175.61000061035156,166.8925018310547,37005600,0.0,0.0,0.0
2018-07-09 00:00:00-04:00,176.52000427246094,177.22999572753906,175.82000732421875,177.19000244140625,168.39410400390625,27362100,0.0,0.0,0.0
2018-07-10 00:00:00-04:00,177.52000427246094,177.72000122070312,176.7100067138672,177.32000732421875,168.51766967773438,23902500,0.0,0.0,0.0
2018-07-11 00:00:00-04:00,175.92999267578125,177.07000732421875,175.8000030517578,176.4199981689453,167.6623077392578,30280600,0.0,0.0,0.0
2018-07-12 00:00:00-04:00,177.1999969482422,179.4600067138672,177.0800018310547,179.4600067138672,170.55142211914062,27930100,0.0,0.0,0.0
2018-07-13 00:00:00-04:00,179.4499969482422,179.89999389648438,178.9499969482422,179.61000061035156,170.69400024414062,28049800,0.0,0.0,0.0
2018-07-16 00:00:00-04:00,179.64999389648438,179.9499969482422,178.8800048828125,179.17999267578125,170.2853240966797,21405300,0.0,0.0,0.0
2018-07-17 00:00:00-04:00,177.27999877929688,180.64999389648438,177.27999877929688,180.27000427246094,171.32119750976562,31034100,0.0,0.0,0.0
2018-07-18 00:00:00-04:00,180.2899932861328,180.44000244140625,179.3800048828125,179.92999267578125,170.998046875,23220800,0.0,0.0,0.0
2018-07-19 00:00:00-04:00,179.27999877929688,179.8800048828125,178.82000732421875,179.02999877929688,170.14276123046875,31094100,0.0,0.0,0.0
2018-07-20 00:00:00-04:00,179.57000732421875,180.1699981689453,178.7899932861328,178.99000549316406,170.10476684570312,35897300,0.0,0.0,0.0
2018-07-23 00:00:00-04:00,178.4600067138672,179.63999938964844,177.74000549316406,179.55999755859375,170.64642333984375,22184700,0.0,0.0,0.0
2018-07-24 00:00:00-04:00,181.41000366210938,182.0500030517578,179.55999755859375,180.3000030517578,171.3496856689453,36900300,0.0,0.0,0.0
2018-07-25 00:00:00-04:00,180.3800048828125,182.92999267578125,180.2899932861328,182.82000732421875,173.74462890625,35026600,0.0,0.0,0.0
2018-07-26 00:00:00-04:00,180.33999633789062,180.9199981689453,179.80999755859375,180.0500030517578,171.11215209960938,40873500,0.0,0.0,0.0
2018-07-27 00:00:00-04:00,181.19000244140625,181.30999755859375,176.60000610351562,177.6199951171875,168.80276489257812,59456100,0.0,0.0,0.0
2018-07-30 00:00:00-04:00,177.6300048828125,177.72999572753906,174.27000427246094,175.11000061035156,166.41738891601562,60193000,0.0,0.0,0.0
2018-07-31 00:00:00-04:00,175.8000030517578,177.1300048828125,174.82000732421875,176.4499969482422,167.6908416748047,47285100,0.0,0.0,0.0
2018-08-01 00:00:00-04:00,176.86000061035156,177.64999389648438,176.10000610351562,177.1199951171875,168.32762145996094,37101900,0.0,0.0,0.0
2018-08-02 00:00:00-04:00,175.8699951171875,179.74000549316406,175.7899932861328,179.52999877929688,170.61788940429688,47178200,0.0,0.0,0.0
2018-08-03 00:00:00-04:00,179.8699951171875,180.08999633789062,179.0800018310547,180.0800018310547,171.14068603515625,28934400,0.0,0.0,0.0
2018-08-06 00:00:00-04:00,179.9600067138672,181.19000244140625,179.74000549316406,181.13999938964844,172.14801025390625,24808800,0.0,0.0,0.0
2018-08-07 00:00:00-04:00,181.64999389648438,182.13999938964844,181.25999450683594,181.8000030517578,172.77523803710938,29895700,0.0,0.0,0.0
2018-08-08 00:00:00-04:00,181.5500030517578,182.35000610351562,181.05999755859375,182.02000427246094,172.98431396484375,22680700,0.0,0.0,0.0
2018-08-09 00:00:00-04:00,181.91000366210938,182.6300048828125,181.63999938964844,181.91000366210938,172.87979125976562,18852900,0.0,0.0,0.0
2018-08-10 00:00:00-04:00,180.67999267578125,181.22000122070312,179.83999633789062,180.52000427246094,171.55880737304688,33818500,0.0,0.0,0.0
2018-08-13 00:00:00-04:00,180.85000610351562,182.00999450683594,180.24000549316406,180.32000732421875,171.3687744140625,26089200,0.0,0.0,0.0
2018-08-14 00:00:00-04:00,181.00999450683594,181.66000366210938,180.0399932861328,181.4499969482422,172.44264221191406,20913000,0.0,0.0,0.0
2018-08-15 00:00:00-04:00,180.00999450683594,180.5800018310547,178.1199951171875,179.22999572753906,170.33279418945312,58528000,0.0,0.0,0.0
2018-08-16 00:00:00-04:00,180.61000061035156,180.99000549316406,179.47000122070312,179.82000732421875,170.89352416992188,27711800,0.0,0.0,0.0
2018-08-17 00:00:00-04:00,179.35000610351562,180.30999755859375,178.27000427246094,179.86000061035156,170.93157958984375,36092600,0.0,0.0,0.0
2018-08-20 00:00:00-04:00,180.25999450683594,180.3300018310547,179.0,179.6999969482422,170.7794952392578,24939000,0.0,0.0,0.0
2018-08-21 00:00:00-04:00,180.24000549316406,181.44000244140625,180.1300048828125,180.36000061035156,171.40673828125,26258700,0.0,0.0,0.0
2018-08-22 00:00:00-04:00,179.97999572753906,181.27000427246094,179.75,181.05999755859375,172.072021484375,18042400,0.0,0.0,0.0
2018-08-23 00:00:00-04:00,180.74000549316406,182.0500030517578,180.5,180.8000030517578,171.8248748779297,25776200,0.0,0.0,0.0
2018-08-24 00:00:00-04:00,181.39999389648438,182.6300048828125,181.36000061035156,182.47999572753906,173.42147827148438,23136100,0.0,0.0,0.0
2018-08-27 00:00:00-04:00,183.39999389648438,184.33999633789062,183.11000061035156,184.33999633789062,175.1891632080078,29343600,0.0,0.0,0.0
2018-08-28 00:00:00-04:00,184.8300018310547,185.02000427246094,184.22000122070312,184.61000061035156,175.4457550048828,20277000,0.0,0.0,0.0
2018-08-29 00:00:00-04:00,184.92999267578125,186.83999633789062,184.86000061035156,186.74000549316406,177.4700164794922,29175600,0.0,0.0,0.0
2018-08-30 00:00:00-04:00,186.3800048828125,187.52000427246094,185.7899932861328,186.41000366210938,177.1564178466797,29315500,0.0,0.0,0.0
2018-08-31 00:00:00-04:00,186.17999267578125,187.17999267578125,185.97999572753906,186.64999389648438,177.38453674316406,28653200,0.0,0.0,0.0
2018-09-04 00:00:00-04:00,186.0800018310547,186.39999389648438,184.85000610351562,185.85000610351562,176.62425231933594,29063500,0.0,0.0,0.0
2018-09-05 00:00:00-04:00,185.52000427246094,185.5500030517578,182.82000732421875,183.4499969482422,174.3433380126953,42623300,0.0,0.0,0.0
2018-09-06 00:00:00-04:00,183.52999877929688,183.75,180.5800018310547,181.80999755859375,172.7847137451172,46091400,0.0,0.0,0.0
2018-09-07 00:00:00-04:00,180.5,182.6699981689453,180.44000244140625,181.11000061035156,172.11949157714844,46629500,0.0,0.0,0.0
2018-09-10 00:00:00-04:00,182.14999389648438,182.25,180.72999572753906,181.72000122070312,172.69920349121094,26132000,0.0,0.0,0.0
2018-09-11 00:00:00-04:00,180.99000549316406,183.4199981689453,180.52000427246094,183.1199951171875,174.02972412109375,30116500,0.0,0.0,0.0
2018-09-12 00:00:00-04:00,182.85000610351562,182.97999572753906,181.00999450683594,182.5800018310547,173.51654052734375,36204000,0.0,0.0,0.0
2018-09-13 00:00:00-04:00,183.72000122070312,184.8800048828125,183.63999938964844,184.52999877929688,175.36968994140625,31133200,0.0,0.0,0.0
2018-09-14 00:00:00-04:00,184.66000366210938,184.9499969482422,183.25999450683594,183.99000549316406,174.85658264160156,31224100,0.0,0.0,0.0
2018-09-17 00:00:00-04:00,183.67999267578125,183.80999755859375,181.1699981689453,181.33999633789062,172.3380889892578,33071200,0.0,0.0,0.0
2018-09-18 00:00:00-04:00,181.49000549316406,183.72999572753906,181.39999389648438,182.83999633789062,173.76364135742188,31877300,0.0,0.0,0.0
2018-09-19 00:00:00-04:00,182.8699951171875,183.3000030517578,181.50999450683594,182.6999969482422,173.6305694580078,31843400,0.0,0.0,0.0
2018-09-20 00:00:00-04:00,183.9600067138672,184.97000122070312,183.52000427246094,184.72000122070312,175.55030822753906,33295800,0.0,0.0,0.0
2018-09-21 00:00:00-04:00,185.22000122070312,185.47999572753906,183.47999572753906,183.7100067138672,174.59046936035156,38605400,0.0,0.0,0.0
2018-09-24 00:00:00-04:00,182.0500030517578,183.9600067138672,181.3000030517578,183.88999938964844,175.07601928710938,34945600,0.33,0.0,0.0
2018-09-25 00:00:00-04:00,183.80999755859375,184.27999877929688,183.17999267578125,184.13999938964844,175.31402587890625,25277500,0.0,0.0,0.0
2018-09-26 00:00:00-04:00,184.3000030517578,185.99000549316406,183.91000366210938,184.27000427246094,175.4377899169922,36210600,0.0,0.0,0.0
2018-09-27 00:00:00-04:00,185.02000427246094,186.49000549316406,184.9199981689453,185.8300018310547,176.9230194091797,33113300,0.0,0.0,0.0
2018-09-28 00:00:00-04:00,185.30999755859375,186.27999877929688,184.97000122070312,185.7899932861328,176.8849639892578,28076800,0.0,0.0,0.0
2018-10-01 00:00:00-04:00,186.8699951171875,187.52999877929688,185.6999969482422,186.1699981689453,177.2467041015625,27371300,0.0,0.0,0.0
2018-10-02 00:00:00-04:00,186.00999450683594,187.17999267578125,185.32000732421875,185.75,176.8468017578125,25618600,0.0,0.0,0.0
2018-10-03 00:00:00-04:00,186.52999877929688,186.97000122070312,185.66000366210938,185.9499969482422,177.03724670410156,29128700,0.0,0.0,0.0
2018-10-04 00:00:00-04:00,185.1999969482422,185.32000732421875,181.05999755859375,182.3800048828125,173.6383514404297,80557300,0.0,0.0,0.0
2018-10-05 00:00:00-04:00,182.36000061035156,182.97000122070312,178.42999267578125,180.14999389648438,171.5152587890625,83325600,0.0,0.0,0.0
2018-10-08 00:00:00-04:00,179.52000427246094,180.63999938964844,176.92999267578125,179.0500030517578,170.46795654296875,66864500,0.0,0.0,0.0
2018-10-09 00:00:00-04:00,179.17999267578125,181.02000427246094,178.75,179.6300048828125,171.0201873779297,49097900,0.0,0.0,0.0
2018-10-10 00:00:00-04:00,178.50999450683594,178.6199951171875,171.5,171.72999572753906,163.4988250732422,114471100,0.0,0.0,0.0
2018-10-11 00:00:00-04:00,171.02000427246094,173.39999389648438,167.80999755859375,169.60000610351562,161.4709014892578,143084500,0.0,0.0,0.0
2018-10-12 00:00:00-04:00,174.1699981689453,174.86000061035156,170.92999267578125,174.32000732421875,165.9646453857422,102078400,0.0,0.0,0.0
2018-10-15 00:00:00-04:00,173.7100067138672,174.0399932861328,171.55999755859375,172.2100067138672,163.95582580566406,64885300,0.0,0.0,0.0
2018-10-16 00:00:00-04:00,174.02000427246094,177.64999389648438,173.6999969482422,177.22000122070312,168.72569274902344,71979700,0.0,0.0,0.0
2018-10-17 00:00:00-04:00,178.0800018310547,178.25999450683594,175.47000122070312,177.2899932861328,168.79232788085938,66987600,0.0,0.0,0.0
2018-10-18 00:00:00-04:00,176.6199951171875,176.67999267578125,172.44000244140625,173.17999267578125,164.87928771972656,82486200,0.0,0.0,0.0
2018-10-19 00:00:00-04:00,174.5800018310547,176.07000732421875,172.38999938964844,173.02000427246094,164.72702026367188,82923700,0.0,0.0,0.0
2018-10-22 00:00:00-04:00,174.05999755859375,175.25,172.58999633789062,173.91000366210938,165.57435607910156,52909300,0.0,0.0,0.0
2018-10-23 00:00:00-04:00,170.63999938964844,174.1300048828125,168.82000732421875,173.27000427246094,164.9650115966797,77567000,0.0,0.0,0.0
2018-10-24 00:00:00-04:00,173.07000732421875,173.36000061035156,165.0399932861328,165.33999633789062,157.41506958007812,102997400,0.0,0.0,0.0
2018-10-25 00:00:00-04:00,167.91000366210938,172.0800018310547,167.16000366210938,171.05999755859375,162.8609619140625,83481100,0.0,0.0,0.0
2018-10-26 00:00:00-04:00,165.1999969482422,169.9600067138672,164.22999572753906,166.66000366210938,158.67185974121094,130970900,0.0,0.0,0.0
2018-10-29 00:00:00-04:00,169.2100067138672,169.86000061035156,160.08999633789062,163.22999572753906,155.40625,111871900,0.0,0.0,0.0
2018-10-30 00:00:00-04:00,162.75,166.0399932861328,162.00999450683594,165.9199981689453,157.96730041503906,92584000,0.0,0.0,0.0
2018-10-31 00:00:00-04:00,168.6199951171875,171.25,168.5399932861328,169.82000732421875,161.68035888671875,73828600,0.0,0.0,0.0
2018-11-01 00:00:00-04:00,170.07000732421875,172.24000549316406,168.77999877929688,172.05999755859375,163.81301879882812,52706800,0.0,0.0,0.0
2018-11-02 00:00:00-04:00,171.52999877929688,172.5500030517578,168.22000122070312,169.3800048828125,161.26145935058594,75966800,0.0,0.0,0.0
2018-11-05 00:00:00-05:00,169.60000610351562,169.66000366210938,167.0800018310547,168.9600067138672,160.86160278320312,39573500,0.0,0.0,0.0
2018-11-06 00:00:00-05:00,168.97000122070312,171.19000244140625,168.72000122070312,170.24000549316406,162.08026123046875,34410400,0.0,0.0,0.0
2018-11-07 00:00:00-05:00,172.27999877929688,175.5800018310547,171.8699951171875,175.5800018310547,167.16429138183594,51169600,0.0,0.0,0.0
2018-11-08 00:00:00-05:00,174.75999450683594,175.3000030517578,173.6300048828125,174.4600067138672,166.09799194335938,40296500,0.0,0.0,0.0
2018-11-09 00:00:00-05:00,172.8300018310547,173.25,170.16000366210938,171.52000427246094,163.29888916015625,50602700,0.0,0.0,0.0
2018-11-12 00:00:00-05:00,170.32000732421875,170.63999938964844,166.17999267578125,166.3300018310547,158.35769653320312,62578400,0.0,0.0,0.0
2018-11-13 00:00:00-05:00,167.11000061035156,169.47999572753906,166.0,166.47000122070312,158.49093627929688,64128100,0.0,0.0,0.0
2018-11-14 00:00:00-05:00,168.1199951171875,168.6999969482422,164.25,165.1999969482422,157.28179931640625,75270700,0.0,0.0,0.0
2018-11-15 00:00:00-05:00,164.89999389648438,168.5399932861328,163.4600067138672,168.08999633789062,160.03329467773438,73254300,0.0,0.0,0.0
2018-11-16 00:00:00-05:00,166.4499969482422,168.30999755859375,165.77999877929688,167.5,159.47157287597656,65390700,0.0,0.0,0.0
2018-11-19 00:00:00-05:00,166.6999969482422,166.89999389648438,161.5399932861328,162.05999755859375,154.2923126220703,67280500,0.0,0.0,0.0
2018-11-20 00:00:00-05:00,158.3699951171875,161.3800048828125,157.1300048828125,159.16000366210938,151.53134155273438,102652800,0.0,0.0,0.0
2018-11-21 00:00:00-05:00,161.35000610351562,161.97000122070312,159.22999572753906,160.3699951171875,152.6833038330078,42965800,0.0,0.0,0.0
2018-11-23 00:00:00-05:00,159.08999633789062,160.83999633789062,159.08999633789062,159.2100067138672,151.5789337158203,23503700,0.0,0.0,0.0
2018-11-26 00:00:00-05:00,161.44000244140625,162.97000122070312,160.75999450683594,162.88999938964844,155.0825653076172,42012600,0.0,0.0,0.0
2018-11-27 00:00:00-05:00,162.0,163.85000610351562,161.17999267578125,163.44000244140625,155.6061553955078,36608100,0.0,0.0,0.0
2018-11-28 00:00:00-05:00,164.6199951171875,168.6999969482422,163.47000122070312,168.6999969482422,160.61404418945312,70141000,0.0,0.0,0.0
2018-11-29 00:00:00-05:00,167.99000549316406,169.25999450683594,166.82000732421875,168.14999389648438,160.09043884277344,44885700,0.0,0.0,0.0
2018-11-30 00:00:00-05:00,168.3800048828125,169.47000122070312,167.5399932861328,169.3699951171875,161.25193786621094,36722800,0.0,0.0,0.0
2018-12-03 00:00:00-05:00,173.11000061035156,173.30999755859375,169.50999450683594,172.3300018310547,164.07005310058594,50771700,0.0,0.0,0.0
2018-12-04 00:00:00-05:00,171.42999267578125,171.91000366210938,165.52000427246094,165.72000122070312,157.77688598632812,70594700,0.0,0.0,0.0
2018-12-06 00:00:00-05:00,162.3800048828125,166.91000366210938,161.77000427246094,166.88999938964844,158.89080810546875,71715500,0.0,0.0,0.0
2018-12-07 00:00:00-05:00,166.16000366210938,167.1199951171875,160.86000061035156,161.3800048828125,153.64495849609375,80432200,0.0,0.0,0.0
2018-12-10 00:00:00-05:00,161.0800018310547,163.77999877929688,159.41000366210938,163.07000732421875,155.25390625,73960800,0.0,0.0,0.0
2018-12-11 00:00:00-05:00,165.72999572753906,165.77000427246094,162.22999572753906,163.61000061035156,155.76805114746094,59058300,0.0,0.0,0.0
2018-12-12 00:00:00-05:00,166.0,167.60000610351562,164.9600067138672,165.0500030517578,157.13902282714844,53780000,0.0,0.0,0.0
2018-12-13 00:00:00-05:00,166.1300048828125,166.82000732421875,164.02999877929688,165.10000610351562,157.18658447265625,46378500,0.0,0.0,0.0
2018-12-14 00:00:00-05:00,163.2100067138672,163.80999755859375,160.6999969482422,161.0800018310547,153.3593292236328,56547400,0.0,0.0,0.0
2018-12-17 00:00:00-05:00,160.38999938964844,161.6699981689453,156.1699981689453,157.42999267578125,149.88427734375,74834100,0.0,0.0,0.0
2018-12-18 00:00:00-05:00,158.64999389648438,159.9499969482422,157.0399932861328,158.4199981689453,150.82676696777344,63642100,0.0,0.0,0.0
2018-12-19 00:00:00-05:00,158.17999267578125,160.72000122070312,153.33999633789062,154.52999877929688,147.1232452392578,81856500,0.0,0.0,0.0
2018-12-20 00:00:00-05:00,154.14999389648438,155.8699951171875,150.38999938964844,152.2899932861328,144.99058532714844,99002100,0.0,0.0,0.0
2018-12-21 00:00:00-05:00,153.0500030517578,154.08999633789062,146.72000122070312,147.57000732421875,140.496826171875,141129400,0.0,0.0,0.0
2018-12-24 00:00:00-05:00,146.0800018310547,147.97999572753906,143.4600067138672,143.5,137.0128173828125,56163300,0.421,0.0,0.0
2018-12-26 00:00:00-05:00,145.0800018310547,152.5399932861328,144.08999633789062,152.4600067138672,145.56771850585938,98982100,0.0,0.0,0.0
2018-12-27 00:00:00-05:00,150.3699951171875,153.17999267578125,147.0800018310547,153.0500030517578,146.13104248046875,85824300,0.0,0.0,0.0
2018-12-28 00:00:00-05:00,154.14999389648438,155.58999633789062,151.72000122070312,152.97000122070312,146.05467224121094,77856600,0.0,0.0,0.0
2018-12-31 00:00:00-05:00,154.47000122070312,154.97999572753906,152.7100067138672,154.25999450683594,147.2863311767578,53015300,0.0,0.0,0.0
2019-01-02 00:00:00-05:00,150.99000549316406,155.75,150.8800048828125,154.8800048828125,147.87835693359375,58576700,0.0,0.0,0.0
2019-01-03 00:00:00-05:00,152.60000610351562,153.25999450683594,149.49000549316406,149.82000732421875,143.04708862304688,74820200,0.0,0.0,0.0
2019-01-04 00:00:00-05:00,152.33999633789062,157.0,151.74000549316406,156.22999572753906,149.16732788085938,74709300,0.0,0.0,0.0
2019-01-07 00:00:00-05:00,156.6199951171875,158.86000061035156,156.11000061035156,158.08999633789062,150.9432373046875,52059300,0.0,0.0,0.0
2019-01-08 00:00:00-05:00,159.5399932861328,160.11000061035156,157.1999969482422,159.52000427246094,152.30856323242188,49388700,0.0,0.0,0.0
2019-01-09 00:00:00-05:00,160.13999938964844,161.52000427246094,159.47000122070312,160.82000732421875,153.54981994628906,46491700,0.0,0.0,0.0
2019-01-10 00:00:00-05:00,159.60000610351562,161.3699951171875,158.6999969482422,161.27999877929688,153.98904418945312,38943400,0.0,0.0,0.0
2019-01-11 00:00:00-05:00,160.3300018310547,160.86000061035156,159.7899932861328,160.69000244140625,153.4257049560547,30176600,0.0,0.0,0.0
2019-01-14 00:00:00-05:00,159.3300018310547,159.9600067138672,158.58999633789062,159.27000427246094,152.06988525390625,30710200,0.0,0.0,0.0
2019-01-15 00:00:00-05:00,160.0,162.60000610351562,159.91000366210938,162.3800048828125,155.0392608642578,40874200,0.0,0.0,0.0
2019-01-16 00:00:00-05:00,162.64999389648438,163.77999877929688,162.2899932861328,162.35000610351562,155.01060485839844,33812200,0.0,0.0,0.0
2019-01-17 00:00:00-05:00,161.8300018310547,164.36000061035156,161.57000732421875,163.6300048828125,156.23281860351562,39329000,0.0,0.0,0.0
2019-01-18 00:00:00-05:00,164.77999877929688,166.02000427246094,163.82000732421875,165.25,157.77957153320312,57183200,0.0,0.0,0.0
2019-01-22 00:00:00-05:00,164.05999755859375,164.13999938964844,160.75999450683594,161.94000244140625,154.6192169189453,56711700,0.0,0.0,0.0
2019-01-23 00:00:00-05:00,162.77000427246094,163.50999450683594,160.32000732421875,162.14999389648438,154.8196563720703,38106100,0.0,0.0,0.0
2019-01-24 00:00:00-05:00,162.67999267578125,163.44000244140625,162.05999755859375,163.1999969482422,155.8222198486328,32417800,0.0,0.0,0.0
2019-01-25 00:00:00-05:00,164.50999450683594,165.64999389648438,163.9499969482422,165.14999389648438,157.68406677246094,36515900,0.0,0.0,0.0
2019-01-28 00:00:00-05:00,163.02000427246094,163.1199951171875,161.75,163.11000061035156,155.7362518310547,33491200,0.0,0.0,0.0
2019-01-29 00:00:00-05:00,163.1999969482422,163.24000549316406,160.99000549316406,161.57000732421875,154.26593017578125,30784200,0.0,0.0,0.0
2019-01-30 00:00:00-05:00,163.39999389648438,166.27999877929688,162.88999938964844,165.67999267578125,158.19007873535156,41346500,0.0,0.0,0.0
2019-01-31 00:00:00-05:00,166.6999969482422,168.99000549316406,166.47000122070312,168.16000366210938,160.55799865722656,37258400,0.0,0.0,0.0
2019-02-01 00:00:00-05:00,167.3300018310547,168.60000610351562,166.99000549316406,167.4499969482422,159.88009643554688,32143700,0.0,0.0,0.0
2019-02-04 00:00:00-05:00,167.47999572753906,169.52999877929688,167.3300018310547,169.52999877929688,161.86605834960938,26718800,0.0,0.0,0.0
2019-02-05 00:00:00-05:00,169.75999450683594,171.22999572753906,169.69000244140625,171.02999877929688,163.29823303222656,28156400,0.0,0.0,0.0
2019-02-06 00:00:00-05:00,171.07000732421875,171.3699951171875,169.75,170.52000427246094,162.8113250732422,27970000,0.0,0.0,0.0
2019-02-07 00:00:00-05:00,169.02999877929688,169.4499969482422,166.9499969482422,168.22999572753906,160.6248016357422,42036200,0.0,0.0,0.0
2019-02-08 00:00:00-05:00,166.75999450683594,168.58999633789062,166.57000732421875,168.55999755859375,160.93991088867188,29020700,0.0,0.0,0.0
2019-02-11 00:00:00-05:00,169.1699981689453,169.5800018310547,167.97999572753906,168.39999389648438,160.7871551513672,21434100,0.0,0.0,0.0
2019-02-12 00:00:00-05:00,169.6300048828125,171.13999938964844,169.3300018310547,170.88999938964844,163.1646270751953,29722100,0.0,0.0,0.0
2019-02-13 00:00:00-05:00,171.64999389648438,172.16000366210938,170.82000732421875,171.00999450683594,163.27915954589844,26094100,0.0,0.0,0.0
2019-02-14 00:00:00-05:00,170.39999389648438,171.8300018310547,169.8300018310547,171.22000122070312,163.47967529296875,30326800,0.0,0.0,0.0
2019-02-15 00:00:00-05:00,172.52000427246094,172.55999755859375,171.13999938964844,171.94000244140625,164.16709899902344,32521700,0.0,0.0,0.0
2019-02-19 00:00:00-05:00,171.41000366210938,172.8000030517578,171.3800048828125,172.27999877929688,164.4917449951172,19487700,0.0,0.0,0.0
2019-02-20 00:00:00-05:00,172.39999389648438,173.0800018310547,171.32000732421875,172.25,164.463134765625,32593000,0.0,0.0,0.0
2019-02-21 00:00:00-05:00,171.7899932861328,172.25999450683594,170.7100067138672,171.6199951171875,163.861572265625,25207400,0.0,0.0,0.0
2019-02-22 00:00:00-05:00,171.99000549316406,173.00999450683594,171.89999389648438,172.88999938964844,165.0741729736328,27735400,0.0,0.0,0.0
2019-02-25 00:00:00-05:00,174.2100067138672,174.66000366210938,173.39999389648438,173.52000427246094,165.6757049560547,32608800,0.0,0.0,0.0
2019-02-26 00:00:00-05:00,173.10000610351562,174.25,172.80999755859375,173.6999969482422,165.84750366210938,21939700,0.0,0.0,0.0
2019-02-27 00:00:00-05:00,172.89999389648438,173.8000030517578,171.75999450683594,173.58999633789062,165.74249267578125,25162000,0.0,0.0,0.0
2019-02-28 00:00:00-05:00,173.0500030517578,173.80999755859375,172.6999969482422,173.19000244140625,165.360595703125,25085500,0.0,0.0,0.0
2019-03-01 00:00:00-05:00,174.44000244140625,174.64999389648438,173.17999267578125,174.38999938964844,166.50634765625,31431200,0.0,0.0,0.0
2019-03-04 00:00:00-05:00,175.5399932861328,175.7899932861328,172.47000122070312,174.4199981689453,166.5349578857422,38063500,0.0,0.0,0.0
2019-03-05 00:00:00-05:00,174.5500030517578,175.08999633789062,173.69000244140625,174.5500030517578,166.6591033935547,22319900,0.0,0.0,0.0
2019-03-06 00:00:00-05:00,174.72000122070312,174.75,173.27999877929688,173.55999755859375,165.71388244628906,27194600,0.0,0.0,0.0
2019-03-07 00:00:00-05:00,173.1199951171875,173.17999267578125,170.7899932861328,171.42999267578125,163.68017578125,39407400,0.0,0.0,0.0
2019-03-08 00:00:00-05:00,169.50999450683594,171.25999450683594,169.33999633789062,171.1699981689453,163.43194580078125,39303200,0.0,0.0,0.0
2019-03-11 00:00:00-04:00,171.8800048828125,174.85000610351562,171.85000610351562,174.72999572753906,166.83099365234375,30518400,0.0,0.0,0.0
2019-03-12 00:00:00-04:00,175.19000244140625,176.13999938964844,174.77000427246094,175.69000244140625,167.7476043701172,33953500,0.0,0.0,0.0
2019-03-13 00:00:00-04:00,176.60000610351562,177.92999267578125,176.35000610351562,177.00999450683594,169.00790405273438,42426100,0.0,0.0,0.0
2019-03-14 00:00:00-04:00,177.1300048828125,177.33999633789062,176.66000366210938,176.7100067138672,168.7215118408203,23751500,0.0,0.0,0.0
2019-03-15 00:00:00-04:00,177.39999389648438,178.8800048828125,177.27999877929688,178.35000610351562,170.28733825683594,38192000,0.0,0.0,0.0
2019-03-18 00:00:00-04:00,177.9499969482422,178.99000549316406,177.58999633789062,178.4499969482422,170.6929168701172,32935100,0.324,0.0,0.0
2019-03-19 00:00:00-04:00,179.17999267578125,180.0,178.2899932861328,179.0500030517578,171.2667999267578,36893300,0.0,0.0,0.0
2019-03-20 00:00:00-04:00,179.05999755859375,180.86000061035156,178.24000549316406,179.75999450683594,171.94593811035156,50105000,0.0,0.0,0.0
2019-03-21 00:00:00-04:00,179.22000122070312,182.8300018310547,179.1999969482422,182.57000732421875,174.63381958007812,42428500,0.0,0.0,0.0
2019-03-22 00:00:00-04:00,181.77999877929688,182.27000427246094,178.3699951171875,178.55999755859375,170.7981414794922,70794500,0.0,0.0,0.0
2019-03-25 00:00:00-04:00,177.91000366210938,178.83999633789062,176.92999267578125,178.22000122070312,170.47291564941406,46336500,0.0,0.0,0.0
2019-03-26 00:00:00-04:00,179.60000610351562,180.69000244140625,178.13999938964844,179.0500030517578,171.2667999267578,33248100,0.0,0.0,0.0
2019-03-27 00:00:00-04:00,179.32000732421875,179.72000122070312,176.60000610351562,177.89999389648438,170.16680908203125,37096700,0.0,0.0,0.0
2019-03-28 00:00:00-04:00,178.36000061035156,178.97999572753906,177.24000549316406,178.30999755859375,170.55899047851562,30368200,0.0,0.0,0.0
2019-03-29 00:00:00-04:00,179.69000244140625,179.8300018310547,178.58999633789062,179.66000366210938,171.8502960205078,35205500,0.0,0.0,0.0
2019-04-01 00:00:00-04:00,181.50999450683594,182.25999450683594,180.77000427246094,182.0399932861328,174.12681579589844,30969500,0.0,0.0,0.0
2019-04-02 00:00:00-04:00,182.24000549316406,182.91000366210938,181.77999877929688,182.72999572753906,174.7868194580078,22645200,0.0,0.0,0.0
2019-04-03 00:00:00-04:00,183.75999450683594,184.9199981689453,183.2100067138672,183.77999877929688,175.79115295410156,31633500,0.0,0.0,0.0
2019-04-04 00:00:00-04:00,183.8300018310547,184.5,182.64999389648438,183.7100067138672,175.72425842285156,28530800,0.0,0.0,0.0
2019-04-05 00:00:00-04:00,184.24000549316406,184.77000427246094,184.02000427246094,184.66000366210938,176.63296508789062,25674700,0.0,0.0,0.0
2019-04-08 00:00:00-04:00,184.36000061035156,185.27999877929688,183.6300048828125,185.1300048828125,177.08253479003906,22697500,0.0,0.0,0.0
2019-04-09 00:00:00-04:00,184.5,185.11000061035156,184.08999633789062,184.47999572753906,176.46075439453125,25631900,0.0,0.0,0.0
2019-04-10 00:00:00-04:00,184.72000122070312,185.52999877929688,184.52000427246094,185.47000122070312,177.40774536132812,24563000,0.0,0.0,0.0
2019-04-11 00:00:00-04:00,185.77999877929688,185.77999877929688,184.69000244140625,185.02999877929688,176.9868621826172,20654100,0.0,0.0,0.0
2019-04-12 00:00:00-04:00,185.85000610351562,185.9499969482422,185.05999755859375,185.8300018310547,177.7520751953125,24989100,0.0,0.0,0.0
2019-04-15 00:00:00-04:00,185.83999633789062,186.07000732421875,184.6199951171875,185.86000061035156,177.78082275390625,21073000,0.0,0.0,0.0
2019-04-16 00:00:00-04:00,186.5399932861328,186.91000366210938,185.92999267578125,186.5,178.3929901123047,27195700,0.0,0.0,0.0
2019-04-17 00:00:00-04:00,187.75,187.92999267578125,186.60000610351562,187.14999389648438,179.0146942138672,29651600,0.0,0.0,0.0
2019-04-18 00:00:00-04:00,187.4600067138672,187.7899932861328,186.2899932861328,187.38999938964844,179.24429321289062,28580900,0.0,0.0,0.0
2019-04-22 00:00:00-04:00,186.57000732421875,187.99000549316406,186.42999267578125,187.9199981689453,179.7512664794922,17936000,0.0,0.0,0.0
2019-04-23 00:00:00-04:00,188.39999389648438,190.5399932861328,188.1300048828125,190.30999755859375,182.037353515625,33665600,0.0,0.0,0.0
2019-04-24 00:00:00-04:00,190.47000122070312,190.7100067138672,189.64999389648438,189.7100067138672,181.46347045898438,24977100,0.0,0.0,0.0
2019-04-25 00:00:00-04:00,191.1300048828125,191.22000122070312,189.4499969482422,190.47999572753906,182.19996643066406,29517500,0.0,0.0,0.0
2019-04-26 00:00:00-04:00,190.17999267578125,190.69000244140625,188.58999633789062,190.64999389648438,182.3625030517578,26359500,0.0,0.0,0.0
2019-04-29 00:00:00-04:00,190.64999389648438,191.32000732421875,190.33999633789062,191.02000427246094,182.71652221679688,21716200,0.0,0.0,0.0
2019-04-30 00:00:00-04:00,189.47999572753906,189.85000610351562,188.2100067138672,189.5399932861328,181.30081176757812,31495300,0.0,0.0,0.0
2019-05-01 00:00:00-04:00,190.77999877929688,191.32000732421875,188.8000030517578,188.92999267578125,180.7173309326172,34797100,0.0,0.0,0.0
2019-05-02 00:00:00-04:00,188.8699951171875,189.85000610351562,186.8699951171875,188.11000061035156,179.93296813964844,44110100,0.0,0.0,0.0
2019-05-03 00:00:00-04:00,189.6699981689453,191.25,189.3300018310547,191.11000061035156,182.8025665283203,30386200,0.0,0.0,0.0
2019-05-06 00:00:00-04:00,187.0500030517578,190.1999969482422,186.75999450683594,189.94000244140625,181.68345642089844,38371800,0.0,0.0,0.0
2019-05-07 00:00:00-04:00,187.8699951171875,188.6699981689453,184.50999450683594,186.24000549316406,178.14430236816406,58818100,0.0,0.0,0.0
2019-05-08 00:00:00-04:00,185.6300048828125,187.1699981689453,184.9600067138672,185.77000427246094,177.69471740722656,37165300,0.0,0.0,0.0
2019-05-09 00:00:00-04:00,183.6999969482422,185.41000366210938,182.08999633789062,184.77000427246094,176.73814392089844,55351700,0.0,0.0,0.0
2019-05-10 00:00:00-04:00,184.11000061035156,185.88999938964844,181.02999877929688,185.0,176.95819091796875,58526400,0.0,0.0,0.0
2019-05-13 00:00:00-04:00,180.2899932861328,181.25999450683594,178.05999755859375,178.5800018310547,170.8172607421875,67185800,0.0,0.0,0.0
2019-05-14 00:00:00-04:00,179.52000427246094,181.6300048828125,178.86000061035156,180.5399932861328,172.69200134277344,43360600,0.0,0.0,0.0
2019-05-15 00:00:00-04:00,179.35000610351562,183.5500030517578,179.30999755859375,183.08999633789062,175.13116455078125,40944500,0.0,0.0,0.0
2019-05-16 00:00:00-04:00,183.1699981689453,186.07000732421875,182.9499969482422,184.92999267578125,176.8912353515625,39281200,0.0,0.0,0.0
2019-05-17 00:00:00-04:00,183.10000610351562,185.5800018310547,182.8800048828125,183.0399932861328,175.08335876464844,44702300,0.0,0.0,0.0
2019-05-20 00:00:00-04:00,180.49000549316406,181.17999267578125,179.33999633789062,179.9499969482422,172.12765502929688,38608300,0.0,0.0,0.0
2019-05-21 00:00:00-04:00,181.5,182.3300018310547,180.9199981689453,181.8300018310547,173.92596435546875,31613800,0.0,0.0,0.0
2019-05-22 00:00:00-04:00,180.82000732421875,182.07000732421875,180.75,181.02000427246094,173.1511993408203,24332600,0.0,0.0,0.0
2019-05-23 00:00:00-04:00,178.94000244140625,179.02000427246094,177.13999938964844,178.25,170.5015869140625,45351300,0.0,0.0,0.0
2019-05-24 00:00:00-04:00,179.2100067138672,179.85000610351562,177.94000244140625,178.16000366210938,170.41554260253906,25903300,0.0,0.0,0.0
2019-05-28 00:00:00-04:00,178.66000366210938,179.66000366210938,177.47000122070312,177.49000549316406,169.77459716796875,24763800,0.0,0.0,0.0
2019-05-29 00:00:00-04:00,176.38999938964844,177.0,175.08999633789062,176.02999877929688,168.37808227539062,42178800,0.0,0.0,0.0
2019-05-30 00:00:00-04:00,176.5,177.27000427246094,175.77000427246094,176.77000427246094,169.08595275878906,30354800,0.0,0.0,0.0
2019-05-31 00:00:00-04:00,174.69000244140625,175.2899932861328,173.8699951171875,173.9499969482422,166.38851928710938,45446200,0.0,0.0,0.0
2019-06-03 00:00:00-04:00,173.47999572753906,173.9499969482422,169.27000427246094,170.1199951171875,162.7249755859375,75842300,0.0,0.0,0.0
2019-06-04 00:00:00-04:00,172.02999877929688,174.97000122070312,171.3699951171875,174.91000366210938,167.3068084716797,47797800,0.0,0.0,0.0
2019-06-05 00:00:00-04:00,176.5800018310547,176.61000061035156,174.3800048828125,176.2100067138672,168.55030822753906,34412700,0.0,0.0,0.0
2019-06-06 00:00:00-04:00,176.50999450683594,178.0399932861328,175.72999572753906,177.61000061035156,169.88943481445312,29913200,0.0,0.0,0.0
2019-06-07 00:00:00-04:00,178.55999755859375,181.77000427246094,178.3300018310547,181.0399932861328,173.17034912109375,45888300,0.0,0.0,0.0
2019-06-10 00:00:00-04:00,182.25,184.85000610351562,182.2100067138672,183.14999389648438,175.1885528564453,41385300,0.0,0.0,0.0
2019-06-11 00:00:00-04:00,185.05999755859375,185.39999389648438,182.77999877929688,183.39999389648438,175.42771911621094,41260300,0.0,0.0,0.0
2019-06-12 00:00:00-04:00,182.89999389648438,183.27999877929688,182.0,182.33999633789062,174.413818359375,27758100,0.0,0.0,0.0
2019-06-13 00:00:00-04:00,183.10000610351562,183.8699951171875,182.74000549316406,183.4199981689453,175.4468536376953,23715800,0.0,0.0,0.0
2019-06-14 00:00:00-04:00,182.47999572753906,183.11000061035156,181.94000244140625,182.63999938964844,174.7007293701172,22844100,0.0,0.0,0.0
2019-06-17 00:00:00-04:00,183.0399932861328,184.25,182.83999633789062,183.74000549316406,175.75291442871094,20379500,0.0,0.0,0.0
2019-06-18 00:00:00-04:00,185.91000366210938,187.72000122070312,185.42999267578125,186.41000366210938,178.306884765625,48177300,0.0,0.0,0.0
2019-06-19 00:00:00-04:00,186.66000366210938,187.52999877929688,185.57000732421875,187.11000061035156,178.97650146484375,31672900,0.0,0.0,0.0
2019-06-20 00:00:00-04:00,189.72000122070312,189.75999450683594,187.16000366210938,188.85000610351562,180.6408233642578,40922000,0.0,0.0,0.0
2019-06-21 00:00:00-04:00,188.6300048828125,189.77000427246094,188.1699981689453,188.57000732421875,180.3730010986328,39980400,0.0,0.0,0.0
2019-06-24 00:00:00-04:00,188.52999877929688,188.72000122070312,188.05999755859375,188.16000366210938,180.37869262695312,19375200,0.416,0.0,0.0
2019-06-25 00:00:00-04:00,188.02999877929688,188.13999938964844,184.64999389648438,184.92999267578125,177.2823028564453,33921100,0.0,0.0,0.0
2019-06-26 00:00:00-04:00,186.16000366210938,187.3300018310547,185.49000549316406,185.7899932861328,178.1067352294922,22595700,0.0,0.0,0.0
2019-06-27 00:00:00-04:00,186.4600067138672,186.94000244140625,185.99000549316406,186.5,178.7873992919922,19709200,0.0,0.0,0.0
2019-06-28 00:00:00-04:00,186.9499969482422,187.14999389648438,186.07000732421875,186.74000549316406,179.01748657226562,21179200,0.0,0.0,0.0
2019-07-01 00:00:00-04:00,190.32000732421875,190.57000732421875,188.3800048828125,189.25999450683594,181.43325805664062,31025600,0.0,0.0,0.0
2019-07-02 00:00:00-04:00,189.1999969482422,190.02999877929688,188.66000366210938,190.00999450683594,182.15223693847656,18035800,0.0,0.0,0.0
2019-07-03 00:00:00-04:00,190.49000549316406,191.44000244140625,190.2899932861328,191.44000244140625,183.52313232421875,15792100,0.0,0.0,0.0
2019-07-05 00:00:00-04:00,190.1300048828125,191.39999389648438,189.38999938964844,191.0500030517578,183.1492156982422,21415600,0.0,0.0,0.0
2019-07-08 00:00:00-04:00,189.80999755859375,189.8699951171875,188.92999267578125,189.7100067138672,181.86465454101562,17598800,0.0,0.0,0.0
2019-07-09 00:00:00-04:00,188.80999755859375,190.89999389648438,188.64999389648438,190.66000366210938,182.77536010742188,19193500,0.0,0.0,0.0
2019-07-10 00:00:00-04:00,191.82000732421875,193.08999633789062,191.47000122070312,192.55999755859375,184.59678649902344,28374500,0.0,0.0,0.0
2019-07-11 00:00:00-04:00,192.85000610351562,193.33999633789062,191.80999755859375,192.4199981689453,184.46255493164062,23736100,0.0,0.0,0.0
2019-07-12 00:00:00-04:00,192.6300048828125,193.5399932861328,192.4499969482422,193.52999877929688,185.5266571044922,20211900,0.0,0.0,0.0
2019-07-15 00:00:00-04:00,193.97999572753906,194.19000244140625,193.44000244140625,194.14999389648438,186.1210174560547,15606100,0.0,0.0,0.0
2019-07-16 00:00:00-04:00,193.91000366210938,194.08999633789062,192.55999755859375,193.14999389648438,185.1623992919922,20190900,0.0,0.0,0.0
2019-07-17 00:00:00-04:00,193.14999389648438,193.49000549316406,192.17999267578125,192.1999969482422,184.25169372558594,16765100,0.0,0.0,0.0
2019-07-18 00:00:00-04:00,191.2899932861328,192.7899932861328,190.69000244140625,192.4199981689453,184.46255493164062,28877000,0.0,0.0,0.0
2019-07-19 00:00:00-04:00,193.74000549316406,193.8300018310547,190.80999755859375,191.00999450683594,183.1108856201172,29387900,0.0,0.0,0.0
2019-07-22 00:00:00-04:00,191.44000244140625,192.94000244140625,191.44000244140625,192.52999877929688,184.56800842285156,18954900,0.0,0.0,0.0
2019-07-23 00:00:00-04:00,193.5800018310547,193.80999755859375,192.2899932861328,193.7899932861328,185.77589416503906,23786700,0.0,0.0,0.0
2019-07-24 00:00:00-04:00,193.0500030517578,195.16000366210938,193.02999877929688,195.14999389648438,187.07969665527344,20422900,0.0,0.0,0.0
2019-07-25 00:00:00-04:00,194.49000549316406,194.52000427246094,192.92999267578125,193.3000030517578,185.30616760253906,23434700,0.0,0.0,0.0
2019-07-26 00:00:00-04:00,194.52999877929688,195.5500030517578,194.42999267578125,195.2899932861328,187.21383666992188,20431200,0.0,0.0,0.0
2019-07-29 00:00:00-04:00,195.11000061035156,195.17999267578125,193.38999938964844,194.6199951171875,186.5716094970703,20451700,0.0,0.0,0.0
2019-07-30 00:00:00-04:00,193.1300048828125,194.5399932861328,192.99000549316406,193.77999877929688,185.76632690429688,18705000,0.0,0.0,0.0
2019-07-31 00:00:00-04:00,194.3000030517578,194.42999267578125,189.32000732421875,191.10000610351562,183.19712829589844,41627500,0.0,0.0,0.0
2019-08-01 00:00:00-04:00,191.42999267578125,194.97999572753906,189.22999572753906,190.14999389648438,182.28648376464844,63251600,0.0,0.0,0.0
2019-08-02 00:00:00-04:00,188.72000122070312,188.99000549316406,186.2100067138672,187.35000610351562,179.60223388671875,55214000,0.0,0.0,0.0
2019-08-05 00:00:00-04:00,183.42999267578125,183.50999450683594,179.1999969482422,180.72999572753906,173.25599670410156,75040000,0.0,0.0,0.0
2019-08-06 00:00:00-04:00,182.39999389648438,183.8000030517578,181.07000732421875,183.25999450683594,175.68136596679688,41897200,0.0,0.0,0.0
2019-08-07 00:00:00-04:00,181.27000427246094,184.50999450683594,179.88999938964844,184.25,176.63046264648438,49990600,0.0,0.0,0.0
2019-08-08 00:00:00-04:00,185.0800018310547,188.32000732421875,184.57000732421875,188.25999450683594,180.474609375,38418100,0.0,0.0,0.0
2019-08-09 00:00:00-04:00,187.36000061035156,188.0,185.02999877929688,186.49000549316406,178.77780151367188,33608900,0.0,0.0,0.0
2019-08-12 00:00:00-04:00,185.33999633789062,185.89999389648438,183.5,184.35000610351562,176.72634887695312,24642900,0.0,0.0,0.0
2019-08-13 00:00:00-04:00,184.19000244140625,189.67999267578125,184.02000427246094,188.38999938964844,180.5992431640625,40241900,0.0,0.0,0.0
2019-08-14 00:00:00-04:00,185.36000061035156,185.9499969482422,182.4199981689453,182.75999450683594,175.2020263671875,51000500,0.0,0.0,0.0
2019-08-15 00:00:00-04:00,183.0,183.58999633789062,181.16000366210938,182.5500030517578,175.00076293945312,36685000,0.0,0.0,0.0
2019-08-16 00:00:00-04:00,184.2100067138672,185.9499969482422,184.10000610351562,185.47999572753906,177.8095703125,32781400,0.0,0.0,0.0
2019-08-19 00:00:00-04:00,188.16000366210938,188.8300018310547,187.5,188.42999267578125,180.6375732421875,22494100,0.0,0.0,0.0
2019-08-20 00:00:00-04:00,187.9600067138672,188.63999938964844,186.9199981689453,186.97000122070312,179.23794555664062,19902900,0.0,0.0,0.0
2019-08-21 00:00:00-04:00,188.61000061035156,189.22999572753906,187.9600067138672,188.6300048828125,180.8292999267578,20418500,0.0,0.0,0.0
2019-08-22 00:00:00-04:00,188.97999572753906,189.4600067138672,186.5399932861328,188.02000427246094,180.24453735351562,24243700,0.0,0.0,0.0
2019-08-23 00:00:00-04:00,186.74000549316406,188.4499969482422,181.55999755859375,182.07000732421875,174.5405731201172,55372400,0.0,0.0,0.0
2019-08-26 00:00:00-04:00,184.13999938964844,184.8699951171875,183.0800018310547,184.82000732421875,177.1768798828125,27598900,0.0,0.0,0.0
2019-08-27 00:00:00-04:00,186.11000061035156,186.4199981689453,183.7100067138672,184.42999267578125,176.80294799804688,28012800,0.0,0.0,0.0
2019-08-28 00:00:00-04:00,183.8300018310547,185.39999389648438,182.91000366210938,185.08999633789062,177.43572998046875,21792400,0.0,0.0,0.0
2019-08-29 00:00:00-04:00,187.38999938964844,188.4600067138672,186.67999267578125,187.9199981689453,180.14865112304688,25358900,0.0,0.0,0.0
2019-08-30 00:00:00-04:00,188.92999267578125,188.97000122070312,186.41000366210938,187.47000122070312,179.71728515625,26319800,0.0,0.0,0.0
2019-09-03 00:00:00-04:00,186.22000122070312,187.17999267578125,185.02999877929688,185.64999389648438,177.97254943847656,27964200,0.0,0.0,0.0
2019-09-04 00:00:00-04:00,187.44000244140625,188.49000549316406,186.89999389648438,188.3300018310547,180.5417022705078,21592100,0.0,0.0,0.0
2019-09-05 00:00:00-04:00,190.41000366210938,192.3300018310547,190.33999633789062,191.77999877929688,183.8490447998047,33932600,0.0,0.0,0.0
2019-09-06 00:00:00-04:00,192.10000610351562,192.1699981689453,191.1699981689453,191.58999633789062,183.66690063476562,19487800,0.0,0.0,0.0
2019-09-09 00:00:00-04:00,192.19000244140625,192.27000427246094,190.22000122070312,191.19000244140625,183.283447265625,24407600,0.0,0.0,0.0
2019-09-10 00:00:00-04:00,190.16000366210938,190.74000549316406,188.91000366210938,190.63999938964844,182.7561492919922,23744700,0.0,0.0,0.0
2019-09-11 00:00:00-04:00,191.0,192.52999877929688,190.55999755859375,192.42999267578125,184.47215270996094,25063600,0.0,0.0,0.0
2019-09-12 00:00:00-04:00,193.61000061035156,194.7100067138672,192.97000122070312,193.22999572753906,185.2390899658203,28689900,0.0,0.0,0.0
2019-09-13 00:00:00-04:00,192.9499969482422,193.39999389648438,192.2899932861328,192.5399932861328,184.57760620117188,27669800,0.0,0.0,0.0
2019-09-16 00:00:00-04:00,191.3000030517578,192.0800018310547,191.11000061035156,191.67999267578125,183.75318908691406,20319000,0.0,0.0,0.0
2019-09-17 00:00:00-04:00,191.6999969482422,192.60000610351562,191.2899932861328,192.60000610351562,184.63511657714844,20953400,0.0,0.0,0.0
2019-09-18 00:00:00-04:00,192.1999969482422,192.60000610351562,190.11000061035156,192.52000427246094,184.55844116210938,29781300,0.0,0.0,0.0
2019-09-19 00:00:00-04:00,192.86000061035156,194.0399932861328,192.47000122070312,192.83999633789062,184.86524963378906,26039400,0.0,0.0,0.0
2019-09-20 00:00:00-04:00,193.11000061035156,193.30999755859375,190.16000366210938,190.8000030517578,182.90960693359375,29086100,0.0,0.0,0.0
2019-09-23 00:00:00-04:00,190.36000061035156,191.07000732421875,189.72000122070312,190.5,182.99026489257812,22485900,0.384,0.0,0.0
2019-09-24 00:00:00-04:00,191.3699951171875,191.7899932861328,187.14999389648438,187.97000122070312,180.5599822998047,40820700,0.0,0.0,0.0
2019-09-25 00:00:00-04:00,187.77999877929688,190.5800018310547,186.2100067138672,190.0800018310547,182.58682250976562,34704900,0.0,0.0,0.0
2019-09-26 00:00:00-04:00,189.8300018310547,190.0,187.97999572753906,189.3800048828125,181.9143829345703,26826000,0.0,0.0,0.0
2019-09-27 00:00:00-04:00,189.72999572753906,189.8300018310547,185.75,187.02999877929688,179.6570281982422,40773500,0.0,0.0,0.0
2019-09-30 00:00:00-04:00,187.7899932861328,189.11000061035156,187.39999389648438,188.80999755859375,181.36685180664062,26307700,0.0,0.0,0.0
2019-10-01 00:00:00-04:00,189.5,190.58999633789062,186.9600067138672,187.27000427246094,179.8875732421875,32367600,0.0,0.0,0.0
2019-10-02 00:00:00-04:00,186.0,186.02999877929688,183.02000427246094,184.0500030517578,176.79449462890625,48544300,0.0,0.0,0.0
2019-10-03 00:00:00-04:00,184.02999877929688,186.2100067138672,181.82000732421875,186.07000732421875,178.73489379882812,39392500,0.0,0.0,0.0
2019-10-04 00:00:00-04:00,187.0800018310547,189.0800018310547,186.8800048828125,188.80999755859375,181.36685180664062,31887600,0.0,0.0,0.0
2019-10-07 00:00:00-04:00,188.27000427246094,189.74000549316406,187.91000366210938,188.24000549316406,180.81932067871094,21216000,0.0,0.0,0.0
2019-10-08 00:00:00-04:00,187.05999755859375,187.86000061035156,185.27000427246094,185.4199981689453,178.11050415039062,32379300,0.0,0.0,0.0
2019-10-09 00:00:00-04:00,186.99000549316406,188.0800018310547,186.42999267578125,187.22999572753906,179.84915161132812,20147400,0.0,0.0,0.0
2019-10-10 00:00:00-04:00,187.27999877929688,189.42999267578125,187.1199951171875,188.67999267578125,181.24197387695312,25177700,0.0,0.0,0.0
2019-10-11 00:00:00-04:00,190.8300018310547,192.6300048828125,190.72000122070312,191.11000061035156,183.57620239257812,40976700,0.0,0.0,0.0
2019-10-14 00:00:00-04:00,190.83999633789062,191.6999969482422,190.64999389648438,191.08999633789062,183.5569305419922,14975000,0.0,0.0,0.0
2019-10-15 00:00:00-04:00,191.67999267578125,193.97000122070312,191.55999755859375,193.52000427246094,185.8911895751953,23234200,0.0,0.0,0.0
2019-10-16 00:00:00-04:00,192.86000061035156,193.52999877929688,192.42999267578125,193.0399932861328,185.43014526367188,20457100,0.0,0.0,0.0
2019-10-17 00:00:00-04:00,194.1999969482422,194.5,192.80999755859375,193.5500030517578,185.92001342773438,19045200,0.0,0.0,0.0
2019-10-18 00:00:00-04:00,193.1999969482422,193.6699981689453,190.7100067138672,191.69000244140625,184.13331604003906,27700800,0.0,0.0,0.0
2019-10-21 00:00:00-04:00,192.7100067138672,193.52000427246094,192.13999938964844,193.38999938964844,185.7663116455078,15801200,0.0,0.0,0.0
2019-10-22 00:00:00-04:00,194.14999389648438,194.4199981689453,191.7899932861328,191.85000610351562,184.28701782226562,22392300,0.0,0.0,0.0
2019-10-23 00:00:00-04:00,191.4600067138672,192.25999450683594,191.14999389648438,192.22000122070312,184.6424560546875,14828400,0.0,0.0,0.0
2019-10-24 00:00:00-04:00,193.58999633789062,194.2100067138672,192.74000549316406,194.08999633789062,186.43875122070312,18998500,0.0,0.0,0.0
2019-10-25 00:00:00-04:00,193.08999633789062,195.74000549316406,193.0500030517578,195.63999938964844,187.92759704589844,21507100,0.0,0.0,0.0
2019-10-28 00:00:00-04:00,196.5500030517578,197.8300018310547,196.5500030517578,197.57000732421875,189.7815704345703,18818700,0.0,0.0,0.0
2019-10-29 00:00:00-04:00,197.24000549316406,197.5399932861328,196.00999450683594,196.0399932861328,188.31185913085938,18569700,0.0,0.0,0.0
2019-10-30 00:00:00-04:00,196.4199981689453,197.32000732421875,195.2899932861328,196.99000549316406,189.2244110107422,21764300,0.0,0.0,0.0
2019-10-31 00:00:00-04:00,197.55999755859375,197.64999389648438,195.94000244140625,197.0800018310547,189.3108673095703,26801800,0.0,0.0,0.0
2019-11-01 00:00:00-04:00,197.92999267578125,198.8800048828125,197.6300048828125,198.8699951171875,191.03028869628906,22131900,0.0,0.0,0.0
2019-11-04 00:00:00-05:00,200.19000244140625,200.52999877929688,198.8699951171875,200.10000610351562,192.21180725097656,19015900,0.0,0.0,0.0
2019-11-05 00:00:00-05:00,200.35000610351562,200.5500030517578,199.5500030517578,200.2100067138672,192.3175048828125,15048900,0.0,0.0,0.0
2019-11-06 00:00:00-05:00,199.97999572753906,200.0,198.7899932861328,199.75999450683594,191.88525390625,19725500,0.0,0.0,0.0
2019-11-07 00:00:00-05:00,200.75999450683594,201.72000122070312,199.85000610351562,200.42999267578125,192.52877807617188,17832400,0.0,0.0,0.0
2019-11-08 00:00:00-05:00,200.07000732421875,201.25,199.5399932861328,201.22999572753906,193.29725646972656,15258800,0.0,0.0,0.0
2019-11-11 00:00:00-05:00,200.2100067138672,201.0399932861328,199.94000244140625,200.9600067138672,193.03790283203125,10147600,0.0,0.0,0.0
2019-11-12 00:00:00-05:00,201.1300048828125,202.2100067138672,200.82000732421875,201.5399932861328,193.59507751464844,14778300,0.0,0.0,0.0
2019-11-13 00:00:00-05:00,200.83999633789062,201.77999877929688,200.7100067138672,201.58999633789062,193.64308166503906,15774600,0.0,0.0,0.0
2019-11-14 00:00:00-05:00,200.8300018310547,201.55999755859375,200.22000122070312,201.42999267578125,193.4893341064453,16945400,0.0,0.0,0.0
2019-11-15 00:00:00-05:00,202.64999389648438,202.91000366210938,202.0,202.91000366210938,194.91099548339844,18427900,0.0,0.0,0.0
2019-11-18 00:00:00-05:00,202.58999633789062,203.38999938964844,201.77000427246094,203.07000732421875,195.06471252441406,18365900,0.0,0.0,0.0
2019-11-19 00:00:00-05:00,203.83999633789062,203.83999633789062,202.58999633789062,203.3699951171875,195.3528594970703,16923300,0.0,0.0,0.0
2019-11-20 00:00:00-05:00,202.83999633789062,203.4499969482422,200.6199951171875,202.14999389648438,194.18096923828125,36629000,0.0,0.0,0.0
2019-11-21 00:00:00-05:00,201.92999267578125,202.07000732421875,201.07000732421875,201.6999969482422,193.74871826171875,17883600,0.0,0.0,0.0
2019-11-22 00:00:00-05:00,202.1999969482422,202.32000732421875,200.74000549316406,201.8300018310547,193.8736114501953,17189600,0.0,0.0,0.0
2019-11-25 00:00:00-05:00,202.6999969482422,204.25999450683594,202.6699981689453,204.22000122070312,196.16937255859375,17752800,0.0,0.0,0.0
2019-11-26 00:00:00-05:00,204.35000610351562,204.8699951171875,204.0500030517578,204.61000061035156,196.54405212402344,14780600,0.0,0.0,0.0
2019-11-27 00:00:00-05:00,205.13999938964844,206.0500030517578,204.88999938964844,206.0399932861328,197.9176483154297,16963100,0.0,0.0,0.0
2019-11-29 00:00:00-05:00,205.52000427246094,205.8300018310547,205.0,205.10000610351562,197.0146942138672,9854600,0.0,0.0,0.0
2019-12-02 00:00:00-05:00,205.11000061035156,205.17999267578125,201.77999877929688,203.0,194.9974822998047,28007000,0.0,0.0,0.0
2019-12-03 00:00:00-05:00,200.2100067138672,201.49000549316406,199.22999572753906,201.41000366210938,193.47018432617188,31104100,0.0,0.0,0.0
2019-12-04 00:00:00-05:00,202.44000244140625,202.91000366210938,202.13999938964844,202.42999267578125,194.449951171875,15300100,0.0,0.0,0.0
2019-12-05 00:00:00-05:00,203.14999389648438,203.14999389648438,201.83999633789062,202.8300018310547,194.83416748046875,14962300,0.0,0.0,0.0
2019-12-06 00:00:00-05:00,204.30999755859375,205.14999389648438,204.14999389648438,205.0,196.9186553955078,16555300,0.0,0.0,0.0
2019-12-09 00:00:00-05:00,204.6300048828125,205.58999633789062,203.97999572753906,204.07000732421875,196.02529907226562,13984100,0.0,0.0,0.0
2019-12-10 00:00:00-05:00,204.1699981689453,204.8800048828125,203.44000244140625,203.89999389648438,195.8619842529297,21799800,0.0,0.0,0.0
2019-12-11 00:00:00-05:00,204.36000061035156,205.19000244140625,204.0399932861328,204.97999572753906,196.8994140625,18780800,0.0,0.0,0.0
2019-12-12 00:00:00-05:00,204.77000427246094,207.32000732421875,204.49000549316406,206.50999450683594,198.369140625,32612000,0.0,0.0,0.0
2019-12-13 00:00:00-05:00,206.39999389648438,207.91000366210938,205.9600067138672,207.19000244140625,199.0222625732422,32519400,0.0,0.0,0.0
2019-12-16 00:00:00-05:00,208.5500030517578,209.52999877929688,208.47999572753906,209.27000427246094,201.02029418945312,21296600,0.0,0.0,0.0
2019-12-17 00:00:00-05:00,209.5399932861328,209.7100067138672,209.0399932861328,209.38999938964844,201.13558959960938,15996100,0.0,0.0,0.0
2019-12-18 00:00:00-05:00,209.57000732421875,210.1300048828125,209.3300018310547,209.5500030517578,201.2892608642578,15443300,0.0,0.0,0.0
2019-12-19 00:00:00-05:00,209.63999938964844,210.92999267578125,209.6199951171875,210.86000061035156,202.547607421875,17865900,0.0,0.0,0.0
2019-12-20 00:00:00-05:00,211.86000061035156,212.52000427246094,211.27000427246094,211.7100067138672,203.3641357421875,27672600,0.0,0.0,0.0
2019-12-23 00:00:00-05:00,212.0,212.14999389648438,211.6300048828125,211.80999755859375,203.90127563476562,23774700,0.458,0.0,0.0
2019-12-24 00:00:00-05:00,212.0,212.08999633789062,211.44000244140625,211.9199981689453,204.00718688964844,7089000,0.0,0.0,0.0
2019-12-26 00:00:00-05:00,212.25999450683594,213.80999755859375,212.22999572753906,213.7899932861328,205.8073272705078,17067500,0.0,0.0,0.0
2019-12-27 00:00:00-05:00,214.5399932861328,214.55999755859375,213.0399932861328,213.61000061035156,205.63406372070312,18134100,0.0,0.0,0.0
2019-12-30 00:00:00-05:00,213.5,213.6300048828125,211.16000366210938,212.2100067138672,204.28634643554688,21815500,0.0,0.0,0.0
2019-12-31 00:00:00-05:00,211.52999877929688,212.75999450683594,211.1999969482422,212.61000061035156,204.67138671875,18170900,0.0,0.0,0.0
2020-01-02 00:00:00-05:00,214.39999389648438,216.16000366210938,213.97999572753906,216.16000366210938,208.0889129638672,30969400,0.0,0.0,0.0
2020-01-03 00:00:00-05:00,213.3000030517578,215.47000122070312,213.27999877929688,214.17999267578125,206.1827850341797,27518900,0.0,0.0,0.0
2020-01-06 00:00:00-05:00,212.5,215.58999633789062,212.24000549316406,215.55999755859375,207.51126098632812,21655300,0.0,0.0,0.0
2020-01-07 00:00:00-05:00,215.63999938964844,216.13999938964844,214.85000610351562,215.52999877929688,207.48240661621094,22139300,0.0,0.0,0.0
2020-01-08 00:00:00-05:00,215.5,218.13999938964844,215.16000366210938,217.14999389648438,209.04188537597656,26397300,0.0,0.0,0.0
2020-01-09 00:00:00-05:00,218.94000244140625,219.41000366210938,217.7100067138672,218.99000549316406,210.81321716308594,23547000,0.0,0.0,0.0
2020-01-10 00:00:00-05:00,219.85000610351562,219.8699951171875,218.0399932861328,218.42999267578125,210.2741241455078,21898500,0.0,0.0,0.0
2020-01-13 00:00:00-05:00,219.3300018310547,220.97999572753906,218.97999572753906,220.9499969482422,212.69998168945312,22756900,0.0,0.0,0.0
2020-01-14 00:00:00-05:00,220.83999633789062,221.2100067138672,219.74000549316406,220.0800018310547,211.8624725341797,24418100,0.0,0.0,0.0
2020-01-15 00:00:00-05:00,220.1999969482422,221.1999969482422,219.4499969482422,220.1699981689453,211.94915771484375,25742100,0.0,0.0,0.0
2020-01-16 00:00:00-05:00,221.27000427246094,222.32000732421875,220.8000030517578,222.27999877929688,213.98037719726562,18805000,0.0,0.0,0.0
2020-01-17 00:00:00-05:00,223.27999877929688,223.55999755859375,222.1199951171875,223.3800048828125,215.0392608642578,24325200,0.0,0.0,0.0
2020-01-21 00:00:00-05:00,222.75999450683594,223.83999633789062,222.66000366210938,223.27999877929688,214.94297790527344,21146300,0.0,0.0,0.0
2020-01-22 00:00:00-05:00,224.41000366210938,225.14999389648438,223.58999633789062,223.8699951171875,215.510986328125,20736400,0.0,0.0,0.0
2020-01-23 00:00:00-05:00,223.74000549316406,224.69000244140625,222.6999969482422,224.58999633789062,216.20408630371094,26496100,0.0,0.0,0.0
2020-01-24 00:00:00-05:00,225.63999938964844,225.8800048828125,221.6699981689453,222.6999969482422,214.3846435546875,37436500,0.0,0.0,0.0
2020-01-27 00:00:00-05:00,217.6699981689453,219.27999877929688,217.17999267578125,218.10000610351562,209.95645141601562,42264400,0.0,0.0,0.0
2020-01-28 00:00:00-05:00,219.63999938964844,221.9600067138672,219.05999755859375,221.4499969482422,213.1813507080078,26731900,0.0,0.0,0.0
2020-01-29 00:00:00-05:00,222.67999267578125,222.92999267578125,220.8300018310547,221.80999755859375,213.52792358398438,28924500,0.0,0.0,0.0
2020-01-30 00:00:00-05:00,220.3800048828125,222.6999969482422,219.69000244140625,222.60000610351562,214.2884063720703,39568100,0.0,0.0,0.0
2020-01-31 00:00:00-05:00,223.52999877929688,223.55999755859375,218.2899932861328,219.07000732421875,210.89024353027344,52015800,0.0,0.0,0.0
2020-02-03 00:00:00-05:00,220.13999938964844,222.88999938964844,219.99000549316406,222.3800048828125,214.0766143798828,25408600,0.0,0.0,0.0
2020-02-04 00:00:00-05:00,225.4199981689453,227.86000061035156,224.64999389648438,227.47000122070312,218.97654724121094,30691200,0.0,0.0,0.0
2020-02-05 00:00:00-05:00,230.2100067138672,230.25,226.85000610351562,228.22000122070312,219.6985626220703,38534800,0.0,0.0,0.0
2020-02-06 00:00:00-05:00,228.7899932861328,230.25,227.97999572753906,230.19000244140625,221.5950164794922,22467100,0.0,0.0,0.0
2020-02-07 00:00:00-05:00,229.16000366210938,230.44000244140625,228.5399932861328,229.1999969482422,220.64198303222656,25884900,0.0,0.0,0.0
2020-02-10 00:00:00-05:00,228.44000244140625,231.97999572753906,228.3800048828125,231.97000122070312,223.3085174560547,21478900,0.0,0.0,0.0
2020-02-11 00:00:00-05:00,233.25,234.02000427246094,231.39999389648438,232.00999450683594,223.3470458984375,30198000,0.0,0.0,0.0
2020-02-12 00:00:00-05:00,233.3800048828125,234.3800048828125,232.8000030517578,234.27000427246094,225.522705078125,24471300,0.0,0.0,0.0
2020-02-13 00:00:00-05:00,232.63999938964844,234.92999267578125,232.36000061035156,233.97000122070312,225.23387145996094,22773200,0.0,0.0,0.0
2020-02-14 00:00:00-05:00,234.33999633789062,234.86000061035156,233.5500030517578,234.63999938964844,225.87881469726562,23438500,0.0,0.0,0.0
2020-02-18 00:00:00-05:00,233.5,235.1699981689453,233.25,234.72999572753906,225.96551513671875,24394500,0.0,0.0,0.0
2020-02-19 00:00:00-05:00,236.1300048828125,237.47000122070312,235.85000610351562,236.97999572753906,228.1315155029297,22230500,0.0,0.0,0.0
2020-02-20 00:00:00-05:00,236.4600067138672,236.9499969482422,231.8800048828125,234.77999877929688,226.0135955810547,42604000,0.0,0.0,0.0
2020-02-21 00:00:00-05:00,233.61000061035156,234.00999450683594,229.32000732421875,230.27000427246094,221.67202758789062,66017200,0.0,0.0,0.0
2020-02-24 00:00:00-05:00,221.67999267578125,224.25,220.25999450683594,221.38999938964844,213.12356567382812,84522600,0.0,0.0,0.0
2020-02-25 00:00:00-05:00,223.25,223.99000549316406,214.74000549316406,215.3699951171875,207.32835388183594,97743000,0.0,0.0,0.0
2020-02-26 00:00:00-05:00,216.7100067138672,220.27999877929688,214.89999389648438,216.47999572753906,208.3968963623047,79537700,0.0,0.0,0.0
2020-02-27 00:00:00-05:00,210.89999389648438,216.4199981689453,205.5,205.63999938964844,197.961669921875,121822600,0.0,0.0,0.0
2020-02-28 00:00:00-05:00,198.63999938964844,207.1699981689453,198.1699981689453,205.8000030517578,198.11575317382812,148173700,0.0,0.0,0.0
2020-03-02 00:00:00-05:00,208.8800048828125,216.57000732421875,205.94000244140625,216.4199981689453,208.3391571044922,112933900,0.0,0.0,0.0
2020-03-03 00:00:00-05:00,217.11000061035156,219.61000061035156,207.6199951171875,209.47999572753906,201.65834045410156,131953500,0.0,0.0,0.0
2020-03-04 00:00:00-05:00,213.32000732421875,218.3300018310547,211.3699951171875,218.22000122070312,210.07199096679688,73086200,0.0,0.0,0.0
2020-03-05 00:00:00-05:00,212.69000244140625,216.36000061035156,210.10000610351562,211.58999633789062,203.6894989013672,78705500,0.0,0.0,0.0
2020-03-06 00:00:00-05:00,204.6699981689453,209.14999389648438,202.91000366210938,208.02000427246094,200.25277709960938,89828400,0.0,0.0,0.0
2020-03-09 00:00:00-04:00,193.47999572753906,201.16000366210938,192.11000061035156,193.57000732421875,186.3423309326172,116424000,0.0,0.0,0.0
2020-03-10 00:00:00-04:00,201.11000061035156,204.3000030517578,193.67999267578125,204.11000061035156,196.48878479003906,100599200,0.0,0.0,0.0
2020-03-11 00:00:00-04:00,199.35000610351562,200.75,192.72999572753906,195.22000122070312,187.93072509765625,89168800,0.0,0.0,0.0
2020-03-12 00:00:00-04:00,182.08999633789062,190.77999877929688,176.94000244140625,177.32000732421875,170.6990966796875,137820700,0.0,0.0,0.0
2020-03-13 00:00:00-04:00,187.07000732421875,194.47999572753906,178.1300048828125,192.33999633789062,185.1582489013672,134882000,0.0,0.0,0.0
2020-03-16 00:00:00-04:00,174.14999389648438,184.67999267578125,169.16000366210938,169.3000030517578,162.9785614013672,92054400,0.0,0.0,0.0
2020-03-17 00:00:00-04:00,175.47000122070312,184.38999938964844,169.77999877929688,182.13999938964844,175.3391571044922,121257100,0.0,0.0,0.0
2020-03-18 00:00:00-04:00,171.61000061035156,179.22000122070312,166.8000030517578,176.60000610351562,170.0059814453125,114156300,0.0,0.0,0.0
2020-03-19 00:00:00-04:00,175.69000244140625,183.49000549316406,171.6300048828125,177.66000366210938,171.02645874023438,120896500,0.0,0.0,0.0
2020-03-20 00:00:00-04:00,181.74000549316406,182.8699951171875,170.10000610351562,170.6999969482422,164.32627868652344,118983900,0.0,0.0,0.0
2020-03-23 00:00:00-04:00,170.9199981689453,174.2100067138672,164.92999267578125,170.4600067138672,164.4449462890625,124639800,0.363,0.0,0.0
2020-03-24 00:00:00-04:00,179.91000366210938,183.8300018310547,177.9499969482422,183.66000366210938,177.17913818359375,94881800,0.0,0.0,0.0
2020-03-25 00:00:00-04:00,184.4199981689453,189.50999450683594,179.97999572753906,182.3000030517578,175.8671417236328,88754900,0.0,0.0,0.0
2020-03-26 00:00:00-04:00,183.8699951171875,192.72000122070312,183.61000061035156,191.89999389648438,185.1283416748047,79887600,0.0,0.0,0.0
2020-03-27 00:00:00-04:00,186.92999267578125,190.50999450683594,184.66000366210938,185.3000030517578,178.76132202148438,58845000,0.0,0.0,0.0
2020-03-30 00:00:00-04:00,187.05999755859375,192.49000549316406,186.33999633789062,192.0399932861328,185.2634735107422,49356900,0.0,0.0,0.0
2020-03-31 00:00:00-04:00,191.72000122070312,195.25,189.1999969482422,190.39999389648438,183.68133544921875,62659300,0.0,0.0,0.0
2020-04-01 00:00:00-04:00,184.77000427246094,187.66000366210938,180.86000061035156,182.30999755859375,175.8767852783203,53715400,0.0,0.0,0.0
2020-04-02 00:00:00-04:00,181.24000549316406,190.10000610351562,180.97000122070312,186.00999450683594,179.4462127685547,56465300,0.0,0.0,0.0
2020-04-03 00:00:00-04:00,185.5500030517578,187.07000732421875,181.2899932861328,183.3699951171875,176.8993682861328,47487600,0.0,0.0,0.0
2020-04-06 00:00:00-04:00,190.47999572753906,197.64999389648438,189.19000244140625,196.47999572753906,189.54676818847656,64763500,0.0,0.0,0.0
2020-04-07 00:00:00-04:00,202.3699951171875,202.66000366210938,196.0,196.39999389648438,189.46957397460938,69904500,0.0,0.0,0.0
2020-04-08 00:00:00-04:00,198.14999389648438,201.1699981689453,196.1699981689453,200.57000732421875,193.49246215820312,45940400,0.0,0.0,0.0
2020-04-09 00:00:00-04:00,202.35000610351562,203.22000122070312,199.02999877929688,200.86000061035156,193.7722625732422,68252600,0.0,0.0,0.0
2020-04-13 00:00:00-04:00,200.0,203.4199981689453,198.75,203.02999877929688,195.86563110351562,42853900,0.0,0.0,0.0
2020-04-14 00:00:00-04:00,207.22999572753906,212.5,206.4199981689453,211.86000061035156,204.384033203125,63959600,0.0,0.0,0.0
2020-04-15 00:00:00-04:00,208.47999572753906,211.8300018310547,207.1199951171875,209.42999267578125,202.03977966308594,47036000,0.0,0.0,0.0
2020-04-16 00:00:00-04:00,211.69000244140625,214.3699951171875,209.69000244140625,213.25,205.72496032714844,64657400,0.0,0.0,0.0
2020-04-17 00:00:00-04:00,216.1699981689453,216.50999450683594,212.0800018310547,215.2899932861328,207.6930389404297,62863200,0.0,0.0,0.0
2020-04-20 00:00:00-04:00,213.36000061035156,215.8800048828125,212.57000732421875,212.74000549316406,205.23301696777344,38249100,0.0,0.0,0.0
2020-04-21 00:00:00-04:00,210.60000610351562,211.16000366210938,203.6300048828125,204.88999938964844,197.66000366210938,72932800,0.0,0.0,0.0
2020-04-22 00:00:00-04:00,209.10000610351562,212.35000610351562,208.3300018310547,210.97000122070312,203.5254364013672,40089100,0.0,0.0,0.0
2020-04-23 00:00:00-04:00,211.7899932861328,214.44000244140625,210.10000610351562,210.52000427246094,203.09132385253906,43278500,0.0,0.0,0.0
2020-04-24 00:00:00-04:00,210.97000122070312,214.3000030517578,209.5,213.83999633789062,206.29417419433594,34231900,0.0,0.0,0.0
2020-04-27 00:00:00-04:00,216.19000244140625,216.6300048828125,214.5,215.55999755859375,207.9534912109375,36451700,0.0,0.0,0.0
2020-04-28 00:00:00-04:00,217.32000732421875,217.32000732421875,211.2100067138672,211.5,204.03675842285156,46862800,0.0,0.0,0.0
2020-04-29 00:00:00-04:00,216.19000244140625,219.97000122070312,215.13999938964844,219.0,211.27210998535156,48716400,0.0,0.0,0.0
2020-04-30 00:00:00-04:00,219.9499969482422,220.0399932861328,217.35000610351562,218.91000366210938,211.1852569580078,43359500,0.0,0.0,0.0
2020-05-01 00:00:00-04:00,214.5,216.6699981689453,211.67999267578125,212.74000549316406,205.23301696777344,48795000,0.0,0.0,0.0
2020-05-04 00:00:00-04:00,211.4600067138672,215.4499969482422,211.1199951171875,215.22000122070312,207.62550354003906,32841000,0.0,0.0,0.0
2020-05-05 00:00:00-04:00,217.44000244140625,220.13999938964844,216.85000610351562,217.66000366210938,209.9793701171875,37783100,0.0,0.0,0.0
2020-05-06 00:00:00-04:00,219.39999389648438,221.0399932861328,218.11000061035156,219.0,211.27210998535156,36455200,0.0,0.0,0.0
2020-05-07 00:00:00-04:00,221.82000732421875,222.72999572753906,220.4199981689453,221.82000732421875,213.99261474609375,38624800,0.0,0.0,0.0
2020-05-08 00:00:00-04:00,223.5500030517578,225.0,222.47999572753906,224.86000061035156,216.9253387451172,31852300,0.0,0.0,0.0
2020-05-11 00:00:00-04:00,223.49000549316406,227.92999267578125,223.25,226.8699951171875,218.8643798828125,35714100,0.0,0.0,0.0
2020-05-12 00:00:00-04:00,227.49000549316406,228.10000610351562,222.08999633789062,222.1199951171875,214.2820281982422,41054100,0.0,0.0,0.0
2020-05-13 00:00:00-04:00,222.66000366210938,224.61000061035156,216.7100067138672,219.33999633789062,211.60008239746094,65521200,0.0,0.0,0.0
2020-05-14 00:00:00-04:00,217.97000122070312,221.8699951171875,215.99000549316406,221.8300018310547,214.00222778320312,51549300,0.0,0.0,0.0
2020-05-15 00:00:00-04:00,218.77999877929688,223.3300018310547,218.3300018310547,223.27000427246094,215.39138793945312,55747200,0.0,0.0,0.0
2020-05-18 00:00:00-04:00,226.27999877929688,228.67999267578125,225.47000122070312,227.42999267578125,219.40463256835938,42398100,0.0,0.0,0.0
2020-05-19 00:00:00-04:00,227.6999969482422,229.85000610351562,226.7100067138672,226.86000061035156,218.85475158691406,36237300,0.0,0.0,0.0
2020-05-20 00:00:00-04:00,229.5,231.75999450683594,229.47999572753906,231.38999938964844,223.2248992919922,37417000,0.0,0.0,0.0
2020-05-21 00:00:00-04:00,231.44000244140625,232.13999938964844,228.33999633789062,228.8699951171875,220.7938232421875,43642900,0.0,0.0,0.0
2020-05-22 00:00:00-04:00,228.4499969482422,229.8699951171875,227.5,229.66000366210938,221.55596923828125,28762400,0.0,0.0,0.0
2020-05-26 00:00:00-04:00,233.36000061035156,233.57000732421875,228.7899932861328,229.0399932861328,220.95782470703125,33055300,0.0,0.0,0.0
2020-05-27 00:00:00-04:00,228.69000244140625,230.41000366210938,223.94000244140625,230.2899932861328,222.1636962890625,55665600,0.0,0.0,0.0
2020-05-28 00:00:00-04:00,229.11000061035156,233.47000122070312,229.0500030517578,229.99000549316406,221.87428283691406,42784300,0.0,0.0,0.0
2020-05-29 00:00:00-04:00,230.3800048828125,233.60000610351562,228.75999450683594,233.36000061035156,225.12535095214844,50691800,0.0,0.0,0.0
2020-06-01 00:00:00-04:00,232.4600067138672,234.4499969482422,232.0,234.05999755859375,225.8006591796875,25776000,0.0,0.0,0.0
2020-06-02 00:00:00-04:00,234.5,235.69000244140625,232.00999450683594,235.6300048828125,227.3152618408203,33383400,0.0,0.0,0.0
2020-06-03 00:00:00-04:00,236.25999450683594,237.47000122070312,235.35000610351562,236.69000244140625,228.33787536621094,37228700,0.0,0.0,0.0
2020-06-04 00:00:00-04:00,236.3300018310547,237.7899932861328,233.67999267578125,235.02999877929688,226.7364501953125,38716100,0.0,0.0,0.0
2020-06-05 00:00:00-04:00,236.22000122070312,240.3000030517578,235.6300048828125,239.69000244140625,231.2320098876953,47365600,0.0,0.0,0.0
2020-06-08 00:00:00-04:00,239.5399932861328,241.67999267578125,237.91000366210938,241.5500030517578,233.0263671875,32937300,0.0,0.0,0.0
2020-06-09 00:00:00-04:00,240.66000366210938,244.17999267578125,240.47000122070312,243.3000030517578,234.71463012695312,35046300,0.0,0.0,0.0
2020-06-10 00:00:00-04:00,245.0500030517578,247.82000732421875,244.50999450683594,246.22000122070312,237.5315704345703,58084400,0.0,0.0,0.0
2020-06-11 00:00:00-04:00,242.16000366210938,243.58999633789062,233.9600067138672,234.02000427246094,225.7620849609375,72919400,0.0,0.0,0.0
2020-06-12 00:00:00-04:00,239.08999633789062,240.39999389648438,231.74000549316406,235.8800048828125,227.55645751953125,72034800,0.0,0.0,0.0
2020-06-15 00:00:00-04:00,232.44000244140625,239.4499969482422,231.47000122070312,238.75,230.3251953125,45307400,0.0,0.0,0.0
2020-06-16 00:00:00-04:00,243.77999877929688,244.38999938964844,239.10000610351562,242.85000610351562,234.28050231933594,48890100,0.0,0.0,0.0
2020-06-17 00:00:00-04:00,244.39999389648438,245.5,242.72999572753906,243.6199951171875,235.02333068847656,34749300,0.0,0.0,0.0
2020-06-18 00:00:00-04:00,243.2899932861328,244.52999877929688,242.49000549316406,244.27999877929688,235.66004943847656,30578600,0.0,0.0,0.0
2020-06-19 00:00:00-04:00,246.72999572753906,247.0,242.4499969482422,244.24000549316406,235.6214599609375,49422100,0.0,0.0,0.0
2020-06-22 00:00:00-04:00,243.67999267578125,246.8699951171875,243.3800048828125,246.74000549316406,238.44720458984375,24068700,0.424,0.0,0.0
2020-06-23 00:00:00-04:00,248.38999938964844,251.14999389648438,247.82000732421875,248.83999633789062,240.47659301757812,32767400,0.0,0.0,0.0
2020-06-24 00:00:00-04:00,248.05999755859375,249.3300018310547,242.16000366210938,243.7100067138672,235.51901245117188,46032400,0.0,0.0,0.0
2020-06-25 00:00:00-04:00,243.8000030517578,246.33999633789062,241.13999938964844,246.02999877929688,237.7610321044922,36940800,0.0,0.0,0.0
2020-06-26 00:00:00-04:00,245.77999877929688,245.9600067138672,239.67999267578125,240.22000122070312,232.1463165283203,52824600,0.0,0.0,0.0
2020-06-29 00:00:00-04:00,239.97000122070312,242.85000610351562,237.35000610351562,242.83999633789062,234.6782684326172,34377800,0.0,0.0,0.0
2020-06-30 00:00:00-04:00,242.77000427246094,248.16000366210938,242.5800018310547,247.60000610351562,239.27830505371094,38909200,0.0,0.0,0.0
2020-07-01 00:00:00-04:00,247.63999938964844,251.52000427246094,247.0800018310547,250.49000549316406,242.07118225097656,34689200,0.0,0.0,0.0
2020-07-02 00:00:00-04:00,253.02000427246094,254.27000427246094,251.7100067138672,252.19000244140625,243.71401977539062,31956500,0.0,0.0,0.0
2020-07-06 00:00:00-04:00,255.4499969482422,258.92999267578125,255.42999267578125,258.3900146484375,249.7056427001953,34589000,0.0,0.0,0.0
2020-07-07 00:00:00-04:00,258.1300048828125,260.8800048828125,256.29998779296875,256.6099853515625,247.98544311523438,36578200,0.0,0.0,0.0
2020-07-08 00:00:00-04:00,257.9800109863281,260.0199890136719,256.5,259.989990234375,251.25181579589844,30426300,0.0,0.0,0.0
2020-07-09 00:00:00-04:00,261.9700012207031,262.8699951171875,257.6300048828125,262.17999267578125,253.36817932128906,40312900,0.0,0.0,0.0
2020-07-10 00:00:00-04:00,262.0299987792969,264.2300109863281,259.260009765625,263.9700012207031,255.0980224609375,32885300,0.0,0.0,0.0
2020-07-13 00:00:00-04:00,266.9100036621094,269.7900085449219,257.69000244140625,258.5400085449219,249.8505859375,64108100,0.0,0.0,0.0
2020-07-14 00:00:00-04:00,255.92999267578125,260.7900085449219,252.75999450683594,260.3699951171875,251.61907958984375,72230500,0.0,0.0,0.0
2020-07-15 00:00:00-04:00,261.8299865722656,262.69000244140625,257.489990234375,260.8999938964844,252.13128662109375,54523900,0.0,0.0,0.0
2020-07-16 00:00:00-04:00,258.0199890136719,259.7799987792969,255.6199951171875,259.1199951171875,250.41107177734375,47594100,0.0,0.0,0.0
2020-07-17 00:00:00-04:00,259.5899963378906,260.30999755859375,257.1700134277344,259.4200134277344,250.70106506347656,35137900,0.0,0.0,0.0
2020-07-20 00:00:00-04:00,260.0799865722656,267.42999267578125,258.7900085449219,266.7799987792969,257.8136291503906,40610100,0.0,0.0,0.0
2020-07-21 00:00:00-04:00,268.3999938964844,268.4100036621094,263.1300048828125,264.0,255.12704467773438,43243800,0.0,0.0,0.0
2020-07-22 00:00:00-04:00,264.510009765625,265.8900146484375,262.54998779296875,264.92999267578125,256.0257873535156,29865500,0.0,0.0,0.0
2020-07-23 00:00:00-04:00,264.510009765625,265.239990234375,256.54998779296875,258.010009765625,249.33836364746094,51363500,0.0,0.0,0.0
2020-07-24 00:00:00-04:00,254.0399932861328,256.92999267578125,251.32000732421875,255.55999755859375,246.9707489013672,54054500,0.0,0.0,0.0
2020-07-27 00:00:00-04:00,257.260009765625,260.5199890136719,256.45001220703125,260.1199951171875,251.37744140625,36445700,0.0,0.0,0.0
2020-07-28 00:00:00-04:00,259.30999755859375,259.8500061035156,256.510009765625,256.80999755859375,248.17869567871094,31302400,0.0,0.0,0.0
2020-07-29 00:00:00-04:00,258.3999938964844,260.6600036621094,257.9100036621094,259.7699890136719,251.03921508789062,27556900,0.0,0.0,0.0
2020-07-30 00:00:00-04:00,257.739990234375,261.7099914550781,256.54998779296875,261.1300048828125,252.35353088378906,41774500,0.0,0.0,0.0
2020-07-31 00:00:00-04:00,265.9100036621094,265.95001220703125,260.8500061035156,265.7900085449219,256.8569641113281,53686300,0.0,0.0,0.0
2020-08-03 00:00:00-04:00,268.0,270.1499938964844,267.8699951171875,269.3800048828125,260.3263244628906,32081600,0.0,0.0,0.0
2020-08-04 00:00:00-04:00,268.8599853515625,270.4800109863281,268.0899963378906,270.3800048828125,261.2926330566406,24911300,0.0,0.0,0.0
2020-08-05 00:00:00-04:00,270.8800048828125,271.5199890136719,269.9599914550781,271.04998779296875,261.9401550292969,21612100,0.0,0.0,0.0
2020-08-06 00:00:00-04:00,270.8500061035156,274.9800109863281,270.19000244140625,274.6400146484375,265.4094543457031,28048200,0.0,0.0,0.0
2020-08-07 00:00:00-04:00,274.0799865722656,274.8800048828125,269.25,271.4700012207031,262.345947265625,44969400,0.0,0.0,0.0
2020-08-10 00:00:00-04:00,271.7699890136719,271.9800109863281,266.6700134277344,270.30999755859375,261.2249755859375,35088400,0.0,0.0,0.0
2020-08-11 00:00:00-04:00,269.1099853515625,270.44000244140625,264.6300048828125,265.19000244140625,256.277099609375,43104300,0.0,0.0,0.0
2020-08-12 00:00:00-04:00,267.4200134277344,272.8399963378906,267.3699951171875,271.8599853515625,262.7229309082031,38773400,0.0,0.0,0.0
2020-08-13 00:00:00-04:00,272.6600036621094,274.8299865722656,271.510009765625,272.4800109863281,263.32208251953125,31895700,0.0,0.0,0.0
2020-08-14 00:00:00-04:00,273.1199951171875,273.3999938964844,270.7200012207031,272.1600036621094,263.0128479003906,30799500,0.0,0.0,0.0
2020-08-17 00:00:00-04:00,273.92999267578125,275.8399963378906,272.20001220703125,275.32000732421875,266.0666809082031,24803000,0.0,0.0,0.0
2020-08-18 00:00:00-04:00,276.4200134277344,278.4599914550781,274.9100036621094,277.9700012207031,268.6275329589844,23529500,0.0,0.0,0.0
2020-08-19 00:00:00-04:00,277.92999267578125,279.0199890136719,275.57000732421875,276.1000061035156,266.8204345703125,31999400,0.0,0.0,0.0
2020-08-20 00:00:00-04:00,275.2799987792969,280.42999267578125,274.8599853515625,279.92999267578125,270.521728515625,27723400,0.0,0.0,0.0
2020-08-21 00:00:00-04:00,280.1300048828125,282.3399963378906,279.4599914550781,281.8699951171875,272.396484375,34748900,0.0,0.0,0.0
2020-08-24 00:00:00-04:00,285.25,286.0,281.2699890136719,283.6300048828125,274.09735107421875,36418500,0.0,0.0,0.0
2020-08-25 00:00:00-04:00,282.8299865722656,286.05999755859375,282.3699951171875,285.8599853515625,276.2523498535156,34866600,0.0,0.0,0.0
2020-08-26 00:00:00-04:00,287.1499938964844,292.2200012207031,285.8299865722656,291.9599914550781,282.1473083496094,42216700,0.0,0.0,0.0
2020-08-27 00:00:00-04:00,292.9700012207031,293.8500061035156,288.7099914550781,291.04998779296875,281.2679138183594,49482700,0.0,0.0,0.0
2020-08-28 00:00:00-04:00,292.3299865722656,293.17999267578125,290.92999267578125,292.5299987792969,282.6982421875,28021000,0.0,0.0,0.0
2020-08-31 00:00:00-04:00,293.07000732421875,296.75,292.6199951171875,294.8800048828125,284.96923828125,36321000,0.0,0.0,0.0
2020-09-01 00:00:00-04:00,297.6199951171875,300.0400085449219,295.7900085449219,299.9200134277344,289.8397521972656,36216200,0.0,0.0,0.0
2020-09-02 00:00:00-04:00,303.2799987792969,303.5,296.8900146484375,302.760009765625,292.5843505859375,50836800,0.0,0.0,0.0
2020-09-03 00:00:00-04:00,298.1000061035156,298.6199951171875,284.4100036621094,287.4100036621094,277.7502746582031,110083300,0.0,0.0,0.0
2020-09-04 00:00:00-04:00,285.55999755859375,288.92999267578125,271.79998779296875,283.5799865722656,274.0489501953125,123959000,0.0,0.0,0.0
2020-09-08 00:00:00-04:00,272.2200012207031,278.2200012207031,269.6600036621094,269.95001220703125,260.8771057128906,99568600,0.0,0.0,0.0
2020-09-09 00:00:00-04:00,275.6400146484375,280.04998779296875,273.0,277.8800048828125,268.5405578613281,64837900,0.0,0.0,0.0
2020-09-10 00:00:00-04:00,280.94000244140625,282.20001220703125,270.55999755859375,272.3399963378906,263.1867370605469,69667500,0.0,0.0,0.0
2020-09-11 00:00:00-04:00,274.1499938964844,275.2200012207031,266.8999938964844,270.45001220703125,261.36029052734375,71809000,0.0,0.0,0.0
2020-09-14 00:00:00-04:00,274.3599853515625,277.2200012207031,272.9599914550781,275.1600036621094,265.9119873046875,38525200,0.0,0.0,0.0
2020-09-15 00:00:00-04:00,279.0299987792969,280.45001220703125,275.1300048828125,279.05999755859375,269.6808776855469,41849900,0.0,0.0,0.0
2020-09-16 00:00:00-04:00,279.8800048828125,280.3599853515625,274.25,274.6099853515625,265.3804931640625,42321000,0.0,0.0,0.0
2020-09-17 00:00:00-04:00,267.54998779296875,274.3999938964844,266.67999267578125,270.32000732421875,261.23468017578125,81570800,0.0,0.0,0.0
2020-09-18 00:00:00-04:00,271.7900085449219,272.0899963378906,262.6300048828125,266.8699951171875,257.9006652832031,86251100,0.0,0.0,0.0
2020-09-21 00:00:00-04:00,262.4700012207031,267.6499938964844,260.1099853515625,267.510009765625,258.5191345214844,57168600,0.0,0.0,0.0
2020-09-22 00:00:00-04:00,269.989990234375,273.0799865722656,266.5400085449219,272.4800109863281,263.32208251953125,41128900,0.0,0.0,0.0
2020-09-23 00:00:00-04:00,272.1499938964844,272.3399963378906,263.25,264.1600036621094,255.2816925048828,48837300,0.0,0.0,0.0
2020-09-24 00:00:00-04:00,261.3900146484375,268.70001220703125,261.2200012207031,265.3900146484375,256.4703369140625,70631700,0.0,0.0,0.0
2020-09-25 00:00:00-04:00,265.9100036621094,272.3999938964844,264.29998779296875,271.55999755859375,262.4330139160156,55242400,0.0,0.0,0.0
2020-09-28 00:00:00-04:00,276.5799865722656,277.20001220703125,271.6700134277344,277.20001220703125,267.88348388671875,58438300,0.0,0.0,0.0
2020-09-29 00:00:00-04:00,276.6199951171875,277.7099914550781,275.3699951171875,275.95001220703125,266.6755676269531,27050000,0.0,0.0,0.0
2020-09-30 00:00:00-04:00,276.1499938964844,281.0899963378906,275.8699951171875,277.8399963378906,268.5019226074219,49380800,0.0,0.0,0.0
2020-10-01 00:00:00-04:00,281.7900085449219,282.8800048828125,279.8399963378906,282.25,272.76373291015625,50020200,0.0,0.0,0.0
2020-10-02 00:00:00-04:00,276.0199890136719,282.239990234375,273.44000244140625,274.30999755859375,265.0905456542969,75497400,0.0,0.0,0.0
2020-10-05 00:00:00-04:00,276.3399963378906,280.489990234375,276.2300109863281,280.1600036621094,270.743896484375,28184600,0.0,0.0,0.0
2020-10-06 00:00:00-04:00,279.45001220703125,281.19000244140625,274.25,275.1600036621094,265.9119873046875,49704200,0.0,0.0,0.0
2020-10-07 00:00:00-04:00,277.8900146484375,280.739990234375,277.2799987792969,279.9200134277344,270.5119934082031,27539700,0.0,0.0,0.0
2020-10-08 00:00:00-04:00,282.3999938964844,282.4700012207031,280.30999755859375,281.4100036621094,271.9519958496094,25443300,0.0,0.0,0.0
2020-10-09 00:00:00-04:00,283.1099853515625,285.7900085449219,282.7099914550781,285.7099914550781,276.107421875,30201100,0.0,0.0,0.0
2020-10-12 00:00:00-04:00,290.54998779296875,297.4599914550781,289.4700012207031,294.5299987792969,284.6310119628906,79370700,0.0,0.0,0.0
2020-10-13 00:00:00-04:00,296.3900146484375,297.04998779296875,293.1099853515625,294.5199890136719,284.62127685546875,64240000,0.0,0.0,0.0
2020-10-14 00:00:00-04:00,295.3500061035156,296.3500061035156,290.260009765625,292.05999755859375,282.2440185546875,36949100,0.0,0.0,0.0
2020-10-15 00:00:00-04:00,287.20001220703125,290.7099914550781,286.5400085449219,290.1000061035156,280.34991455078125,42514200,0.0,0.0,0.0
2020-10-16 00:00:00-04:00,291.79998779296875,293.2699890136719,288.1499938964844,288.510009765625,278.8133239746094,40570700,0.0,0.0,0.0
2020-10-19 00:00:00-04:00,290.489990234375,291.4800109863281,282.7900085449219,283.79998779296875,274.2615966796875,36756800,0.0,0.0,0.0
2020-10-20 00:00:00-04:00,284.55999755859375,287.6199951171875,282.95001220703125,284.4100036621094,274.85113525390625,32195400,0.0,0.0,0.0
2020-10-21 00:00:00-04:00,284.6700134277344,287.32000732421875,283.69000244140625,284.19000244140625,274.6385192871094,29306100,0.0,0.0,0.0
2020-10-22 00:00:00-04:00,285.04998779296875,285.9800109863281,280.82000732421875,284.17999267578125,274.62884521484375,32196200,0.0,0.0,0.0
2020-10-23 00:00:00-04:00,284.7699890136719,284.9100036621094,281.7799987792969,284.739990234375,275.1700134277344,24658500,0.0,0.0,0.0
2020-10-26 00:00:00-04:00,282.3800048828125,285.29998779296875,276.760009765625,280.4700012207031,271.04351806640625,38421100,0.0,0.0,0.0
2020-10-27 00:00:00-04:00,281.5,283.510009765625,280.20001220703125,282.6600036621094,273.1598815917969,30559100,0.0,0.0,0.0
2020-10-28 00:00:00-04:00,278.010009765625,278.6400146484375,271.3800048828125,271.6400146484375,262.51031494140625,53413500,0.0,0.0,0.0
2020-10-29 00:00:00-04:00,273.0,279.489990234375,272.5199890136719,276.3900146484375,267.10064697265625,43246300,0.0,0.0,0.0
2020-10-30 00:00:00-04:00,274.3399963378906,275.239990234375,267.07000732421875,269.3800048828125,260.3263244628906,65838300,0.0,0.0,0.0
2020-11-02 00:00:00-05:00,271.8500061035156,273.5199890136719,266.9700012207031,269.9800109863281,260.9061279296875,39987400,0.0,0.0,0.0
2020-11-03 00:00:00-05:00,271.9599914550781,276.82000732421875,270.8399963378906,274.6499938964844,265.4190979003906,43604100,0.0,0.0,0.0
2020-11-04 00:00:00-05:00,283.5899963378906,288.7699890136719,281.8699951171875,286.9100036621094,277.26702880859375,75728200,0.0,0.0,0.0
2020-11-05 00:00:00-05:00,293.5299987792969,295.3900146484375,292.0,294.3900146484375,284.49578857421875,52054200,0.0,0.0,0.0
2020-11-06 00:00:00-05:00,293.7099914550781,295.3599853515625,289.8299865722656,294.6099853515625,284.70831298828125,40959800,0.0,0.0,0.0
2020-11-09 00:00:00-05:00,297.6499938964844,299.1400146484375,288.1199951171875,288.5899963378906,278.8906555175781,86537100,0.0,0.0,0.0
2020-11-10 00:00:00-05:00,285.1700134277344,286.6600036621094,280.6199951171875,283.4200134277344,273.89434814453125,69024900,0.0,0.0,0.0
2020-11-11 00:00:00-05:00,286.0299987792969,290.25,283.3800048828125,289.760009765625,280.0212707519531,36102900,0.0,0.0,0.0
2020-11-12 00:00:00-05:00,290.760009765625,292.07000732421875,287.25,288.3999938964844,278.70703125,34414600,0.0,0.0,0.0
2020-11-13 00:00:00-05:00,290.1700134277344,291.57000732421875,287.8699951171875,290.92999267578125,281.1519775390625,24806900,0.0,0.0,0.0
2020-11-16 00:00:00-05:00,290.6199951171875,293.510009765625,289.989990234375,293.20001220703125,283.34564208984375,30168400,0.0,0.0,0.0
2020-11-17 00:00:00-05:00,293.3999938964844,293.739990234375,291.6099853515625,292.2699890136719,282.44696044921875,21843500,0.0,0.0,0.0
2020-11-18 00:00:00-05:00,291.70001220703125,293.3699951171875,290.0199890136719,290.1099853515625,280.3595275878906,28069600,0.0,0.0,0.0
2020-11-19 00:00:00-05:00,289.5400085449219,292.70001220703125,288.8500061035156,292.3800048828125,282.55328369140625,22718400,0.0,0.0,0.0
2020-11-20 00:00:00-05:00,292.29998779296875,293.07000732421875,290.2900085449219,290.3800048828125,280.6204833984375,25907300,0.0,0.0,0.0
2020-11-23 00:00:00-05:00,291.4100036621094,292.75,288.07000732421875,290.3900146484375,280.6300964355469,26875600,0.0,0.0,0.0
2020-11-24 00:00:00-05:00,291.489990234375,294.9800109863281,289.6300048828125,294.4700012207031,284.5729675292969,24516800,0.0,0.0,0.0
2020-11-25 00:00:00-05:00,295.57000732421875,296.94000244140625,294.5899963378906,296.2799987792969,286.3221740722656,23326800,0.0,0.0,0.0
2020-11-27 00:00:00-05:00,298.30999755859375,300.1700134277344,297.8999938964844,299.010009765625,288.9603271484375,17163100,0.0,0.0,0.0
2020-11-30 00:00:00-05:00,299.3399963378906,299.9700012207031,294.7799987792969,299.6199951171875,289.5499267578125,27836200,0.0,0.0,0.0
2020-12-01 00:00:00-05:00,301.9700012207031,305.1400146484375,300.8299865722656,303.4599914550781,293.26080322265625,27521300,0.0,0.0,0.0
2020-12-02 00:00:00-05:00,302.25,304.20001220703125,300.3500061035156,303.8500061035156,293.63775634765625,23620000,0.0,0.0,0.0
2020-12-03 00:00:00-05:00,304.1700134277344,305.8800048828125,303.5299987792969,304.2799987792969,294.0533142089844,22828700,0.0,0.0,0.0
2020-12-04 00:00:00-05:00,304.3299865722656,305.6700134277344,303.6300048828125,305.5199890136719,295.25164794921875,19332100,0.0,0.0,0.0
2020-12-07 00:00:00-05:00,305.7099914550781,307.6300048828125,305.5199890136719,307.25,296.92352294921875,20851000,0.0,0.0,0.0
2020-12-08 00:00:00-05:00,306.760009765625,308.6000061035156,304.95001220703125,308.2900085449219,297.928466796875,18341500,0.0,0.0,0.0
2020-12-09 00:00:00-05:00,308.07000732421875,308.3599853515625,300.2099914550781,301.30999755859375,291.18310546875,48839300,0.0,0.0,0.0
2020-12-10 00:00:00-05:00,299.2099914550781,303.67999267578125,298.0899963378906,302.5199890136719,292.3524475097656,27519500,0.0,0.0,0.0
2020-12-11 00:00:00-05:00,300.80999755859375,301.9800109863281,298.4700012207031,301.8500061035156,291.70489501953125,26760400,0.0,0.0,0.0
2020-12-14 00:00:00-05:00,303.0799865722656,306.04998779296875,303.010009765625,304.0400085449219,293.8214111328125,28804800,0.0,0.0,0.0
2020-12-15 00:00:00-05:00,306.3699951171875,307.2900085449219,304.1099853515625,307.2900085449219,296.96209716796875,25709000,0.0,0.0,0.0
2020-12-16 00:00:00-05:00,307.70001220703125,309.7900085449219,306.6199951171875,308.9800109863281,298.59539794921875,25461900,0.0,0.0,0.0
2020-12-17 00:00:00-05:00,310.6300048828125,311.239990234375,309.3900146484375,311.0,300.54730224609375,23730500,0.0,0.0,0.0
2020-12-18 00:00:00-05:00,311.6600036621094,311.9800109863281,307.6099853515625,310.05999755859375,299.638916015625,41173400,0.0,0.0,0.0
2020-12-21 00:00:00-05:00,306.4599914550781,309.4700012207031,303.6000061035156,308.9200134277344,299.07843017578125,37095500,0.561,0.0,0.0
2020-12-22 00:00:00-05:00,309.8500061035156,310.7099914550781,306.8500061035156,309.760009765625,299.8917541503906,26176300,0.0,0.0,0.0
2020-12-23 00:00:00-05:00,309.80999755859375,310.17999267578125,308.0400085449219,308.20001220703125,298.3814392089844,21201300,0.0,0.0,0.0
2020-12-24 00:00:00-05:00,308.4700012207031,310.0199890136719,308.3900146484375,309.55999755859375,299.6980895996094,16785000,0.0,0.0,0.0
2020-12-28 00:00:00-05:00,312.25,313.1700134277344,310.3599853515625,312.67999267578125,302.7186584472656,22497700,0.0,0.0,0.0
2020-12-29 00:00:00-05:00,314.04998779296875,314.69000244140625,312.0299987792969,312.9599914550781,302.9896545410156,25871900,0.0,0.0,0.0
2020-12-30 00:00:00-05:00,314.1600036621094,314.489990234375,312.3299865722656,312.9700012207031,302.9994812011719,18138100,0.0,0.0,0.0
2020-12-31 00:00:00-05:00,312.8699951171875,314.239990234375,311.760009765625,313.739990234375,303.744873046875,21611400,0.0,0.0,0.0
2021-01-04 00:00:00-05:00,315.1099853515625,315.2900085449219,305.17999267578125,309.30999755859375,299.45599365234375,45305900,0.0,0.0,0.0
2021-01-05 00:00:00-05:00,308.2900085449219,312.1400146484375,308.2900085449219,311.8599853515625,301.92474365234375,29323400,0.0,0.0,0.0
2021-01-06 00:00:00-05:00,307.0,311.8800048828125,305.9800109863281,307.5400085449219,297.7424621582031,52809600,0.0,0.0,0.0
2021-01-07 00:00:00-05:00,310.2799987792969,315.8399963378906,310.25,314.9800109863281,304.9454040527344,30394800,0.0,0.0,0.0
2021-01-08 00:00:00-05:00,317.3399963378906,319.3900146484375,315.0799865722656,319.0299987792969,308.86639404296875,33955800,0.0,0.0,0.0
2021-01-11 00:00:00-05:00,315.9800109863281,317.19000244140625,313.75,314.4200134277344,304.4033203125,32746400,0.0,0.0,0.0
2021-01-12 00:00:00-05:00,314.4599914550781,315.5799865722656,311.20001220703125,313.9200134277344,303.9191589355469,29266800,0.0,0.0,0.0
2021-01-13 00:00:00-05:00,314.19000244140625,316.8599853515625,313.57000732421875,316.0400085449219,305.97161865234375,22898400,0.0,0.0,0.0
2021-01-14 00:00:00-05:00,316.5,317.5299987792969,313.8599853515625,314.3500061035156,304.3355712890625,23500100,0.0,0.0,0.0
2021-01-15 00:00:00-05:00,314.1300048828125,315.1199951171875,310.5799865722656,311.8599853515625,301.92474365234375,35118700,0.0,0.0,0.0
2021-01-19 00:00:00-05:00,314.25,316.92999267578125,313.1199951171875,316.4100036621094,306.3298034667969,24537000,0.0,0.0,0.0
2021-01-20 00:00:00-05:00,320.1400146484375,324.739990234375,316.510009765625,323.7699890136719,313.4553527832031,30728100,0.0,0.0,0.0
2021-01-21 00:00:00-05:00,325.1499938964844,327.1300048828125,323.7300109863281,326.3599853515625,315.96282958984375,25130600,0.0,0.0,0.0
2021-01-22 00:00:00-05:00,325.2900085449219,326.4599914550781,324.7099914550781,325.4200134277344,315.05279541015625,21609400,0.0,0.0,0.0
2021-01-25 00:00:00-05:00,328.9100036621094,330.32000732421875,321.4100036621094,328.1099853515625,317.6571044921875,39080600,0.0,0.0,0.0
2021-01-26 00:00:00-05:00,328.8500061035156,329.760009765625,327.2200012207031,328.5899963378906,318.1218566894531,25498100,0.0,0.0,0.0
2021-01-27 00:00:00-05:00,326.260009765625,326.2699890136719,317.3599853515625,319.42999267578125,309.2535400390625,55264000,0.0,0.0,0.0
2021-01-28 00:00:00-05:00,320.6700134277344,326.4200134277344,320.0299987792969,321.32000732421875,311.0834655761719,42836300,0.0,0.0,0.0
2021-01-29 00:00:00-05:00,319.5799865722656,320.7200012207031,312.760009765625,314.55999755859375,304.53875732421875,55259000,0.0,0.0,0.0
2021-02-01 00:00:00-05:00,318.1099853515625,323.5400085449219,316.0199890136719,322.4200134277344,312.1484375,35646000,0.0,0.0,0.0
2021-02-02 00:00:00-05:00,325.4800109863281,328.8699951171875,325.30999755859375,327.67999267578125,317.2407531738281,33930800,0.0,0.0,0.0
2021-02-03 00:00:00-05:00,329.82000732421875,330.20001220703125,326.32000732421875,326.3800048828125,315.9822082519531,24824500,0.0,0.0,0.0
2021-02-04 00:00:00-05:00,327.82000732421875,330.3299865722656,326.4599914550781,330.239990234375,319.71923828125,22350900,0.0,0.0,0.0
2021-02-05 00:00:00-05:00,331.2200012207031,332.3999938964844,329.5299987792969,331.3599853515625,320.8035888671875,22732000,0.0,0.0,0.0
2021-02-08 00:00:00-05:00,333.1000061035156,333.739990234375,331.4100036621094,333.5799865722656,322.9527893066406,20462800,0.0,0.0,0.0
2021-02-09 00:00:00-05:00,332.6199951171875,334.80999755859375,332.6099853515625,333.510009765625,322.8851318359375,17597500,0.0,0.0,0.0
2021-02-10 00:00:00-05:00,334.989990234375,335.4599914550781,329.5,332.75,322.1492614746094,28068700,0.0,0.0,0.0
2021-02-11 00:00:00-05:00,334.3299865722656,335.0,332.1199951171875,334.5799865722656,323.9209289550781,22046100,0.0,0.0,0.0
2021-02-12 00:00:00-05:00,333.7099914550781,336.6199951171875,332.6300048828125,336.45001220703125,325.7314758300781,20346800,0.0,0.0,0.0
2021-02-16 00:00:00-05:00,337.2699890136719,338.19000244140625,334.3399963378906,335.5400085449219,324.8504333496094,27080800,0.0,0.0,0.0
2021-02-17 00:00:00-05:00,332.4700012207031,335.6600036621094,330.1700134277344,333.92999267578125,323.29168701171875,31360300,0.0,0.0,0.0
2021-02-18 00:00:00-05:00,330.2300109863281,333.8699951171875,328.3599853515625,332.4700012207031,321.8782043457031,32236200,0.0,0.0,0.0
2021-02-19 00:00:00-05:00,333.8599853515625,333.989990234375,329.9700012207031,331.0199890136719,320.4743957519531,39157700,0.0,0.0,0.0
2021-02-22 00:00:00-05:00,326.5,327.79998779296875,322.2300109863281,322.44000244140625,312.1676940917969,47256900,0.0,0.0,0.0
2021-02-23 00:00:00-05:00,317.0,323.20001220703125,311.0,321.4800109863281,311.2383117675781,97241900,0.0,0.0,0.0
2021-02-24 00:00:00-05:00,318.739990234375,324.45001220703125,315.9599914550781,324.1300048828125,313.80389404296875,58206300,0.0,0.0,0.0
2021-02-25 00:00:00-05:00,321.3900146484375,324.0299987792969,311.239990234375,312.8299865722656,302.86383056640625,110182600,0.0,0.0,0.0
2021-02-26 00:00:00-05:00,315.8500061035156,319.1099853515625,310.8800048828125,314.1400146484375,304.1321716308594,104739800,0.0,0.0,0.0
2021-03-01 00:00:00-05:00,319.2699890136719,323.94000244140625,317.94000244140625,323.5899963378906,313.2810974121094,49164500,0.0,0.0,0.0
2021-03-02 00:00:00-05:00,324.25,324.3299865722656,318.1400146484375,318.3999938964844,308.25640869140625,48370000,0.0,0.0,0.0
2021-03-03 00:00:00-05:00,317.2699890136719,318.239990234375,309.1000061035156,309.1600036621094,299.3107604980469,86301100,0.0,0.0,0.0
2021-03-04 00:00:00-05:00,308.7799987792969,312.0400085449219,300.1099853515625,304.1000061035156,294.4119873046875,139131600,0.0,0.0,0.0
2021-03-05 00:00:00-05:00,306.79998779296875,309.6099853515625,297.45001220703125,308.67999267578125,298.8460693359375,121523700,0.0,0.0,0.0
2021-03-08 00:00:00-05:00,308.1199951171875,310.05999755859375,299.510009765625,299.94000244140625,290.38446044921875,88409800,0.0,0.0,0.0
2021-03-09 00:00:00-05:00,307.4700012207031,313.7300109863281,306.9200134277344,311.7699890136719,301.8376159667969,80391100,0.0,0.0,0.0
2021-03-10 00:00:00-05:00,316.1600036621094,316.4700012207031,310.1700134277344,310.8800048828125,300.9759216308594,76798100,0.0,0.0,0.0
2021-03-11 00:00:00-05:00,315.7699890136719,319.8599853515625,314.8500061035156,318.0400085449219,307.907958984375,53484800,0.0,0.0,0.0
2021-03-12 00:00:00-05:00,313.8599853515625,318.2300109863281,311.3900146484375,315.4599914550781,305.4100341796875,69315600,0.0,0.0,0.0
2021-03-15 00:00:00-04:00,315.7900085449219,319.0,314.1000061035156,318.8299865722656,308.6726989746094,42955700,0.0,0.0,0.0
2021-03-16 00:00:00-04:00,321.0899963378906,324.20001220703125,319.1000061035156,320.5799865722656,310.366943359375,54925900,0.0,0.0,0.0
2021-03-17 00:00:00-04:00,317.45001220703125,323.8500061035156,315.67999267578125,321.8999938964844,311.6449279785156,78258700,0.0,0.0,0.0
2021-03-18 00:00:00-04:00,316.8699951171875,317.8800048828125,311.57000732421875,312.0400085449219,302.0991516113281,82718100,0.0,0.0,0.0
2021-03-19 00:00:00-04:00,311.8699951171875,314.7300109863281,309.6600036621094,313.1400146484375,303.1640625,78446200,0.0,0.0,0.0
2021-03-22 00:00:00-04:00,315.2099914550781,320.739990234375,315.2099914550781,318.6099853515625,308.84930419921875,56194800,0.395,0.0,0.0
2021-03-23 00:00:00-04:00,319.7300109863281,321.0899963378906,316.3800048828125,317.2200012207031,307.5019226074219,53455400,0.0,0.0,0.0
2021-03-24 00:00:00-04:00,318.6300048828125,318.6700134277344,311.7200012207031,311.8699951171875,302.3158264160156,64803700,0.0,0.0,0.0
2021-03-25 00:00:00-04:00,309.9700012207031,312.8900146484375,307.3900146484375,311.3299865722656,301.79229736328125,78729000,0.0,0.0,0.0
2021-03-26 00:00:00-04:00,311.1099853515625,316.3299865722656,309.6700134277344,316.0,306.3193054199219,63519600,0.0,0.0,0.0
2021-03-29 00:00:00-04:00,315.45001220703125,316.989990234375,312.4700012207031,315.9100036621094,306.2320861816406,54608000,0.0,0.0,0.0
2021-03-30 00:00:00-04:00,313.8900146484375,314.9100036621094,311.5400085449219,314.32000732421875,304.6907043457031,44635700,0.0,0.0,0.0
2021-03-31 00:00:00-04:00,316.1600036621094,320.739990234375,315.80999755859375,319.1300048828125,309.3533935546875,55032500,0.0,0.0,0.0
2021-04-01 00:00:00-04:00,323.07000732421875,324.7099914550781,322.80999755859375,324.57000732421875,314.626708984375,55685600,0.0,0.0,0.0
2021-04-05 00:00:00-04:00,327.1300048828125,331.8399963378906,326.8800048828125,331.04998779296875,320.9082336425781,42172500,0.0,0.0,0.0
2021-04-06 00:00:00-04:00,330.7300109863281,332.8299865722656,330.0199890136719,330.82000732421875,320.68524169921875,33537200,0.0,0.0,0.0
2021-04-07 00:00:00-04:00,330.3299865722656,332.4800109863281,329.3699951171875,331.6199951171875,321.460693359375,32046400,0.0,0.0,0.0
2021-04-08 00:00:00-04:00,334.55999755859375,335.2699890136719,333.739990234375,335.0799865722656,324.8146667480469,29940800,0.0,0.0,0.0
2021-04-09 00:00:00-04:00,333.67999267578125,337.32000732421875,332.9200134277344,337.1099853515625,326.78253173828125,36664900,0.0,0.0,0.0
2021-04-12 00:00:00-04:00,336.0400085449219,337.1000061035156,334.7300109863281,336.6700134277344,326.35614013671875,25833000,0.0,0.0,0.0
2021-04-13 00:00:00-04:00,338.239990234375,341.0799865722656,338.0199890136719,340.6000061035156,330.16558837890625,30374000,0.0,0.0,0.0
2021-04-14 00:00:00-04:00,340.8500061035156,340.9800109863281,335.6700134277344,336.510009765625,326.20098876953125,42564300,0.0,0.0,0.0
2021-04-15 00:00:00-04:00,339.4700012207031,342.010009765625,336.2200012207031,341.6099853515625,331.1447448730469,36342800,0.0,0.0,0.0
2021-04-16 00:00:00-04:00,342.1499938964844,342.2300109863281,340.0799865722656,342.010009765625,331.5324401855469,40860100,0.0,0.0,0.0
2021-04-19 00:00:00-04:00,340.3900146484375,341.5799865722656,336.8999938964844,338.8800048828125,328.4983825683594,34533100,0.0,0.0,0.0
2021-04-20 00:00:00-04:00,338.20001220703125,339.5199890136719,334.3800048828125,336.4100036621094,326.1040344238281,38081800,0.0,0.0,0.0
2021-04-21 00:00:00-04:00,335.0899963378906,339.4800109863281,333.9700012207031,339.2900085449219,328.89581298828125,36598100,0.0,0.0,0.0
2021-04-22 00:00:00-04:00,338.8900146484375,339.8999938964844,334.010009765625,335.20001220703125,324.9310607910156,45936100,0.0,0.0,0.0
2021-04-23 00:00:00-04:00,335.8500061035156,340.7699890136719,335.8500061035156,339.4200134277344,329.0218200683594,36381900,0.0,0.0,0.0
2021-04-26 00:00:00-04:00,339.6700134277344,341.9200134277344,338.8999938964844,341.6300048828125,331.1641540527344,30812000,0.0,0.0,0.0
2021-04-27 00:00:00-04:00,341.92999267578125,342.1499938964844,339.1700134277344,340.1499938964844,329.72943115234375,33187200,0.0,0.0,0.0
2021-04-28 00:00:00-04:00,339.80999755859375,340.8500061035156,338.3299865722656,339.0,328.61468505859375,33615700,0.0,0.0,0.0
2021-04-29 00:00:00-04:00,342.3699951171875,342.79998779296875,336.8999938964844,340.2200012207031,329.79736328125,37708900,0.0,0.0,0.0
2021-04-30 00:00:00-04:00,337.70001220703125,340.260009765625,337.04998779296875,337.989990234375,327.6356201171875,38263400,0.0,0.0,0.0
2021-05-03 00:00:00-04:00,339.2300109863281,340.0,335.7300109863281,336.19000244140625,325.8907775878906,29729700,0.0,0.0,0.0
2021-05-04 00:00:00-04:00,333.55999755859375,333.8900146484375,326.2099914550781,330.1400146484375,320.02618408203125,65147000,0.0,0.0,0.0
2021-05-05 00:00:00-04:00,332.25,333.1400146484375,328.2300109863281,329.0299987792969,318.95013427734375,46219300,0.0,0.0,0.0
2021-05-06 00:00:00-04:00,328.760009765625,331.6700134277344,326.45001220703125,331.510009765625,321.3540954589844,46814300,0.0,0.0,0.0
2021-05-07 00:00:00-04:00,334.3699951171875,336.6499938964844,331.69000244140625,334.20001220703125,323.96173095703125,53324500,0.0,0.0,0.0
2021-05-10 00:00:00-04:00,332.7799987792969,332.9599914550781,325.54998779296875,325.760009765625,315.7802429199219,60700500,0.0,0.0,0.0
2021-05-11 00:00:00-04:00,319.70001220703125,326.1300048828125,319.0199890136719,325.30999755859375,315.34405517578125,71963600,0.0,0.0,0.0
2021-05-12 00:00:00-04:00,320.2300109863281,322.6199951171875,316.0,316.8900146484375,307.1820373535156,91164900,0.0,0.0,0.0
2021-05-13 00:00:00-04:00,319.9200134277344,322.3999938964844,316.8999938964844,319.3399963378906,309.5569152832031,69877800,0.0,0.0,0.0
2021-05-14 00:00:00-04:00,322.6000061035156,327.3299865722656,322.0799865722656,326.3900146484375,316.3910217285156,44370000,0.0,0.0,0.0
2021-05-17 00:00:00-04:00,324.6300048828125,326.3699951171875,321.45001220703125,324.4100036621094,314.47161865234375,39395000,0.0,0.0,0.0
2021-05-18 00:00:00-04:00,325.3900146484375,326.6499938964844,321.94000244140625,322.2200012207031,312.34869384765625,36528500,0.0,0.0,0.0
2021-05-19 00:00:00-04:00,316.6600036621094,322.8999938964844,316.29998779296875,322.5899963378906,312.70745849609375,66319100,0.0,0.0,0.0
2021-05-20 00:00:00-04:00,324.1199951171875,329.7099914550781,323.8900146484375,328.8299865722656,318.7562561035156,46466100,0.0,0.0,0.0
2021-05-21 00:00:00-04:00,330.42999267578125,330.8599853515625,326.6400146484375,327.010009765625,316.99200439453125,50330400,0.0,0.0,0.0
2021-05-24 00:00:00-04:00,329.3699951171875,333.6700134277344,326.8999938964844,332.510009765625,322.3235168457031,32475800,0.0,0.0,0.0
2021-05-25 00:00:00-04:00,334.07000732421875,334.80999755859375,331.760009765625,332.9700012207031,322.7694396972656,31280300,0.0,0.0,0.0
2021-05-26 00:00:00-04:00,333.6600036621094,334.6099853515625,332.95001220703125,334.1300048828125,323.8938903808594,25444900,0.0,0.0,0.0
2021-05-27 00:00:00-04:00,333.6700134277344,334.5400085449219,332.6700134277344,332.8800048828125,322.6821594238281,27931700,0.0,0.0,0.0
2021-05-28 00:00:00-04:00,334.1199951171875,335.57000732421875,333.6000061035156,333.92999267578125,323.70001220703125,29927400,0.0,0.0,0.0
2021-06-01 00:00:00-04:00,335.29998779296875,335.7900085449219,331.42999267578125,332.82000732421875,322.6240539550781,31145400,0.0,0.0,0.0
2021-06-02 00:00:00-04:00,333.25,334.3399963378906,331.70001220703125,333.4700012207031,323.2540283203125,22047900,0.0,0.0,0.0
2021-06-03 00:00:00-04:00,330.54998779296875,331.8599853515625,328.2799987792969,330.0,319.8904113769531,37057800,0.0,0.0,0.0
2021-06-04 00:00:00-04:00,331.8500061035156,336.05999755859375,331.7799987792969,335.6000061035156,325.3188781738281,38736500,0.0,0.0,0.0
2021-06-07 00:00:00-04:00,335.04998779296875,336.6600036621094,334.3399963378906,336.6000061035156,326.28826904296875,32611900,0.0,0.0,0.0
2021-06-08 00:00:00-04:00,338.3999938964844,339.2900085449219,335.0299987792969,336.760009765625,326.4432678222656,27282800,0.0,0.0,0.0
2021-06-09 00:00:00-04:00,338.1700134277344,338.9700012207031,336.6499938964844,336.8399963378906,326.5209045410156,21485300,0.0,0.0,0.0
2021-06-10 00:00:00-04:00,337.19000244140625,340.4599914550781,336.7300109863281,340.3500061035156,329.92327880859375,33702100,0.0,0.0,0.0
2021-06-11 00:00:00-04:00,340.3599853515625,341.25,339.69000244140625,341.239990234375,330.7860412597656,21222800,0.0,0.0,0.0
2021-06-14 00:00:00-04:00,341.67999267578125,344.5199890136719,340.4599914550781,344.510009765625,333.95587158203125,27827700,0.0,0.0,0.0
2021-06-15 00:00:00-04:00,344.1499938964844,344.4700012207031,341.5199890136719,342.260009765625,331.7747802734375,35963800,0.0,0.0,0.0
2021-06-16 00:00:00-04:00,342.739990234375,343.8399963378906,337.45001220703125,341.010009765625,330.5631103515625,55399500,0.0,0.0,0.0
2021-06-17 00:00:00-04:00,339.9700012207031,346.3800048828125,339.9200134277344,345.3399963378906,334.76043701171875,59722700,0.0,0.0,0.0
2021-06-18 00:00:00-04:00,343.6300048828125,344.80999755859375,341.8599853515625,342.6300048828125,332.1335144042969,55414900,0.0,0.0,0.0
2021-06-21 00:00:00-04:00,342.42999267578125,344.69000244140625,340.1499938964844,344.3599853515625,334.1977233886719,32992600,0.397,0.0,0.0
2021-06-22 00:00:00-04:00,344.1499938964844,348.0299987792969,343.8399963378906,347.57000732421875,337.3130187988281,28941600,0.0,0.0,0.0
2021-06-23 00:00:00-04:00,347.510009765625,348.9200134277344,346.8800048828125,347.739990234375,337.4779357910156,27188500,0.0,0.0,0.0
2021-06-24 00:00:00-04:00,349.7300109863281,351.4599914550781,349.1700134277344,349.8900146484375,339.56451416015625,32581600,0.0,0.0,0.0
2021-06-25 00:00:00-04:00,350.4700012207031,350.7200012207031,348.8399963378906,349.4599914550781,339.147216796875,28682800,0.0,0.0,0.0
2021-06-28 00:00:00-04:00,350.7799987792969,353.8500061035156,350.7200012207031,353.7099914550781,343.2717590332031,39130300,0.0,0.0,0.0
2021-06-29 00:00:00-04:00,353.5299987792969,355.0199890136719,352.6700134277344,354.989990234375,344.5139465332031,29426000,0.0,0.0,0.0
2021-06-30 00:00:00-04:00,354.8299865722656,355.2300109863281,353.8299865722656,354.42999267578125,343.97052001953125,32724000,0.0,0.0,0.0
2021-07-01 00:00:00-04:00,354.07000732421875,355.0899963378906,352.67999267578125,354.57000732421875,344.10638427734375,29290000,0.0,0.0,0.0
2021-07-02 00:00:00-04:00,356.5199890136719,358.9700012207031,356.2799987792969,358.6400146484375,348.0562744140625,32727200,0.0,0.0,0.0
2021-07-06 00:00:00-04:00,359.260009765625,360.4800109863281,356.489990234375,360.19000244140625,349.5605773925781,38842400,0.0,0.0,0.0
2021-07-07 00:00:00-04:00,362.45001220703125,362.760009765625,358.94000244140625,360.95001220703125,350.29815673828125,35265200,0.0,0.0,0.0
2021-07-08 00:00:00-04:00,355.739990234375,359.6499938964844,354.4200134277344,358.7699890136719,348.18243408203125,50890000,0.0,0.0,0.0
2021-07-09 00:00:00-04:00,358.1700134277344,361.5,357.57000732421875,361.010009765625,350.3563232421875,35184500,0.0,0.0,0.0
2021-07-12 00:00:00-04:00,362.45001220703125,362.8900146484375,360.8299865722656,362.4200134277344,351.72479248046875,25717700,0.0,0.0,0.0
2021-07-13 00:00:00-04:00,362.0299987792969,365.4700012207031,361.5400085449219,362.4200134277344,351.72479248046875,39723000,0.0,0.0,0.0
2021-07-14 00:00:00-04:00,364.8299865722656,365.489990234375,362.2200012207031,363.07000732421875,352.35552978515625,35336400,0.0,0.0,0.0
2021-07-15 00:00:00-04:00,362.9800109863281,363.19000244140625,358.4599914550781,360.5199890136719,349.8807373046875,53391600,0.0,0.0,0.0
2021-07-16 00:00:00-04:00,361.3999938964844,362.4100036621094,357.239990234375,357.6000061035156,347.0470275878906,47262000,0.0,0.0,0.0
2021-07-19 00:00:00-04:00,354.04998779296875,355.17999267578125,352.0400085449219,354.6700134277344,344.20343017578125,64404600,0.0,0.0,0.0
2021-07-20 00:00:00-04:00,355.6300048828125,360.2799987792969,353.79998779296875,358.7900085449219,348.2018737792969,42183700,0.0,0.0,0.0
2021-07-21 00:00:00-04:00,358.3500061035156,361.55999755859375,358.1199951171875,361.55999755859375,350.89007568359375,30259900,0.0,0.0,0.0
2021-07-22 00:00:00-04:00,361.7699890136719,363.9599914550781,361.7699890136719,363.95001220703125,353.20953369140625,30252200,0.0,0.0,0.0
2021-07-23 00:00:00-04:00,365.30999755859375,368.489990234375,363.9200134277344,368.20001220703125,357.33416748046875,31960800,0.0,0.0,0.0
2021-07-26 00:00:00-04:00,367.489990234375,368.8900146484375,366.6000061035156,368.489990234375,357.6156311035156,28438100,0.0,0.0,0.0
2021-07-27 00:00:00-04:00,368.2200012207031,368.2200012207031,360.1600036621094,364.42999267578125,353.6753845214844,57933100,0.0,0.0,0.0
2021-07-28 00:00:00-04:00,365.6000061035156,367.45001220703125,363.239990234375,365.8299865722656,355.0341491699219,42066200,0.0,0.0,0.0
2021-07-29 00:00:00-04:00,365.25,367.67999267578125,365.25,366.4800109863281,355.6648864746094,25672500,0.0,0.0,0.0
2021-07-30 00:00:00-04:00,362.44000244140625,365.1700134277344,362.4100036621094,364.57000732421875,353.8113098144531,36484600,0.0,0.0,0.0
2021-08-02 00:00:00-04:00,366.2799987792969,366.8800048828125,363.8699951171875,364.6000061035156,353.8404235839844,27334100,0.0,0.0,0.0
2021-08-03 00:00:00-04:00,365.2799987792969,366.92999267578125,362.0,366.80999755859375,355.9851989746094,35558500,0.0,0.0,0.0
2021-08-04 00:00:00-04:00,366.7699890136719,368.32000732421875,365.6300048828125,367.3399963378906,356.4994812011719,29602200,0.0,0.0,0.0
2021-08-05 00:00:00-04:00,368.17999267578125,369.9100036621094,367.45001220703125,369.6700134277344,358.76080322265625,21443900,0.0,0.0,0.0
2021-08-06 00:00:00-04:00,368.3699951171875,369.3699951171875,366.9100036621094,368.04998779296875,357.1885986328125,33332100,0.0,0.0,0.0
2021-08-09 00:00:00-04:00,368.5199890136719,369.2699890136719,367.3900146484375,368.7300109863281,357.8485412597656,25960200,0.0,0.0,0.0
2021-08-10 00:00:00-04:00,369.260009765625,369.55999755859375,365.6199951171875,366.8399963378906,356.0142517089844,35130800,0.0,0.0,0.0
2021-08-11 00:00:00-04:00,368.1400146484375,368.6499938964844,364.8399963378906,366.2099914550781,355.4029235839844,34249800,0.0,0.0,0.0
2021-08-12 00:00:00-04:00,365.69000244140625,367.8999938964844,364.29998779296875,367.5299987792969,356.68389892578125,25969200,0.0,0.0,0.0
2021-08-13 00:00:00-04:00,367.8900146484375,369.1600036621094,367.3800048828125,368.82000732421875,357.93585205078125,19336200,0.0,0.0,0.0
2021-08-16 00:00:00-04:00,367.6700134277344,369.0199890136719,363.70001220703125,368.9800109863281,358.0911560058594,34856900,0.0,0.0,0.0
2021-08-17 00:00:00-04:00,366.1499938964844,367.1499938964844,363.2300109863281,365.7300109863281,354.9371032714844,44793900,0.0,0.0,0.0
2021-08-18 00:00:00-04:00,365.17999267578125,366.6199951171875,361.8699951171875,362.2099914550781,351.52099609375,38541900,0.0,0.0,0.0
2021-08-19 00:00:00-04:00,360.2200012207031,365.67999267578125,359.9599914550781,363.9599914550781,353.2193298339844,48499400,0.0,0.0,0.0
2021-08-20 00:00:00-04:00,365.05999755859375,368.1400146484375,364.739990234375,367.7300109863281,356.8780212402344,39486000,0.0,0.0,0.0
2021-08-23 00:00:00-04:00,368.79998779296875,373.94000244140625,368.7900085449219,373.2300109863281,362.2157287597656,34034700,0.0,0.0,0.0
2021-08-24 00:00:00-04:00,373.8399963378906,374.989990234375,373.3599853515625,374.3699951171875,363.322021484375,21732900,0.0,0.0,0.0
2021-08-25 00:00:00-04:00,374.6300048828125,375.3900146484375,373.8599853515625,374.79998779296875,363.7394104003906,20441900,0.0,0.0,0.0
2021-08-26 00:00:00-04:00,373.9200134277344,374.6199951171875,371.9700012207031,372.4200134277344,361.4296569824219,29133300,0.0,0.0,0.0
2021-08-27 00:00:00-04:00,373.07000732421875,376.55999755859375,372.57000732421875,376.0400085449219,364.94281005859375,27104700,0.0,0.0,0.0
2021-08-30 00:00:00-04:00,376.8500061035156,380.760009765625,376.8299865722656,380.260009765625,369.0382385253906,27295700,0.0,0.0,0.0
2021-08-31 00:00:00-04:00,380.510009765625,380.5799865722656,378.3599853515625,379.95001220703125,368.7374572753906,29628200,0.0,0.0,0.0
2021-09-01 00:00:00-04:00,381.0400085449219,382.7099914550781,380.3699951171875,380.5799865722656,369.3487243652344,28138300,0.0,0.0,0.0
2021-09-02 00:00:00-04:00,381.9700012207031,382.30999755859375,379.1499938964844,380.3999938964844,369.174072265625,25453400,0.0,0.0,0.0
2021-09-03 00:00:00-04:00,379.2200012207031,381.9800109863281,379.20001220703125,381.57000732421875,370.3095703125,24605400,0.0,0.0,0.0
2021-09-07 00:00:00-04:00,381.67999267578125,382.7799987792969,380.489990234375,382.1099853515625,370.83367919921875,23970200,0.0,0.0,0.0
2021-09-08 00:00:00-04:00,381.92999267578125,381.92999267578125,378.45001220703125,380.7799987792969,369.5429382324219,32949200,0.0,0.0,0.0
2021-09-09 00:00:00-04:00,381.010009765625,382.1499938964844,379.2200012207031,379.4700012207031,368.2716369628906,29399000,0.0,0.0,0.0
2021-09-10 00:00:00-04:00,381.2300109863281,381.9700012207031,376.25,376.5899963378906,365.4765319824219,40249400,0.0,0.0,0.0
2021-09-13 00:00:00-04:00,378.989990234375,379.42999267578125,374.2200012207031,376.3299865722656,365.22430419921875,48741800,0.0,0.0,0.0
2021-09-14 00:00:00-04:00,377.8599853515625,378.6099853515625,374.2799987792969,375.260009765625,364.18585205078125,41826600,0.0,0.0,0.0
2021-09-15 00:00:00-04:00,375.7300109863281,378.4100036621094,373.3699951171875,378.04998779296875,366.8935546875,34097900,0.0,0.0,0.0
2021-09-16 00:00:00-04:00,376.67999267578125,378.8999938964844,374.70001220703125,378.30999755859375,367.1458740234375,35193100,0.0,0.0,0.0
2021-09-17 00:00:00-04:00,377.82000732421875,377.8699951171875,372.760009765625,373.8299865722656,362.7980651855469,60912300,0.0,0.0,0.0
2021-09-20 00:00:00-04:00,367.4599914550781,369.25,360.92999267578125,365.70001220703125,355.3014831542969,76203200,0.414,0.0,0.0
2021-09-21 00:00:00-04:00,367.5799865722656,368.80999755859375,364.989990234375,366.1499938964844,355.7386169433594,41927500,0.0,0.0,0.0
2021-09-22 00:00:00-04:00,367.0899963378906,371.07000732421875,365.9599914550781,369.57000732421875,359.0613708496094,46972900,0.0,0.0,0.0
2021-09-23 00:00:00-04:00,370.760009765625,374.0400085449219,370.1000061035156,372.9800109863281,362.3744812011719,44652000,0.0,0.0,0.0
2021-09-24 00:00:00-04:00,370.6499938964844,373.760009765625,370.2699890136719,373.3299865722656,362.7144470214844,36056800,0.0,0.0,0.0
2021-09-27 00:00:00-04:00,370.20001220703125,371.25,367.7300109863281,370.3500061035156,359.8192138671875,43338100,0.0,0.0,0.0
2021-09-28 00:00:00-04:00,365.6700134277344,370.29998779296875,359.3500061035156,359.8699951171875,349.63720703125,97701600,0.0,0.0,0.0
2021-09-29 00:00:00-04:00,361.1700134277344,363.3699951171875,358.6400146484375,359.2799987792969,349.0639953613281,58076600,0.0,0.0,0.0
2021-09-30 00:00:00-04:00,360.9700012207031,362.67999267578125,357.1000061035156,357.9599914550781,347.781494140625,61384600,0.0,0.0,0.0
2021-10-01 00:00:00-04:00,358.6000061035156,361.25,354.3800048828125,360.17999267578125,349.9383544921875,56375500,0.0,0.0,0.0
2021-10-04 00:00:00-04:00,358.5199890136719,358.8599853515625,350.32000732421875,352.6199951171875,342.5933532714844,76766000,0.0,0.0,0.0
2021-10-05 00:00:00-04:00,353.7099914550781,359.69000244140625,353.4800109863281,357.3800048828125,347.21795654296875,47232900,0.0,0.0,0.0
2021-10-06 00:00:00-04:00,354.0799865722656,359.95001220703125,353.1499938964844,359.6700134277344,349.44293212890625,56806500,0.0,0.0,0.0
2021-10-07 00:00:00-04:00,362.79998779296875,365.69000244140625,362.25,362.9700012207031,352.6490478515625,39411200,0.0,0.0,0.0
2021-10-08 00:00:00-04:00,364.0799865722656,364.32000732421875,360.6099853515625,361.1600036621094,350.8905029296875,41822300,0.0,0.0,0.0
2021-10-11 00:00:00-04:00,359.5799865722656,363.20001220703125,358.29998779296875,358.3900146484375,348.19927978515625,34847200,0.0,0.0,0.0
2021-10-12 00:00:00-04:00,359.8800048828125,360.3299865722656,356.4800109863281,357.1400146484375,346.98486328125,43905100,0.0,0.0,0.0
2021-10-13 00:00:00-04:00,359.510009765625,360.69000244140625,357.42999267578125,360.0,349.7635498046875,40120800,0.0,0.0,0.0
2021-10-14 00:00:00-04:00,363.69000244140625,366.8500061035156,363.010009765625,366.6300048828125,356.20501708984375,43433900,0.0,0.0,0.0
2021-10-15 00:00:00-04:00,367.8800048828125,369.05999755859375,366.82000732421875,368.94000244140625,358.44927978515625,40419900,0.0,0.0,0.0
2021-10-18 00:00:00-04:00,367.6099853515625,372.8699951171875,366.989990234375,372.6499938964844,362.0538024902344,34513500,0.0,0.0,0.0
2021-10-19 00:00:00-04:00,373.75,375.5199890136719,372.70001220703125,375.4700012207031,364.79364013671875,29091000,0.0,0.0,0.0
2021-10-20 00:00:00-04:00,375.94000244140625,376.57000732421875,373.4599914550781,374.9800109863281,364.31756591796875,31390300,0.0,0.0,0.0
2021-10-21 00:00:00-04:00,374.1600036621094,377.4700012207031,373.8500061035156,377.2699890136719,366.5424499511719,25469300,0.0,0.0,0.0
2021-10-22 00:00:00-04:00,375.9800109863281,376.9700012207031,372.3900146484375,374.1000061035156,363.462646484375,36275800,0.0,0.0,0.0
2021-10-25 00:00:00-04:00,375.55999755859375,378.8699951171875,373.55999755859375,377.92999267578125,367.1837158203125,32597800,0.0,0.0,0.0
2021-10-26 00:00:00-04:00,380.2300109863281,382.7099914550781,377.9100036621094,379.1199951171875,368.33978271484375,47191300,0.0,0.0,0.0
2021-10-27 00:00:00-04:00,379.5799865722656,383.1499938964844,379.30999755859375,380.0,369.19476318359375,45760500,0.0,0.0,0.0
2021-10-28 00:00:00-04:00,381.95001220703125,384.4800109863281,381.1600036621094,384.2200012207031,373.2948913574219,38007000,0.0,0.0,0.0
2021-10-29 00:00:00-04:00,381.05999755859375,386.2799987792969,380.70001220703125,386.1099853515625,375.13104248046875,37310100,0.0,0.0,0.0
2021-11-01 00:00:00-04:00,386.55999755859375,387.55999755859375,384.4200134277344,387.42999267578125,376.41351318359375,30765300,0.0,0.0,0.0
2021-11-02 00:00:00-04:00,386.79998779296875,389.5400085449219,386.75,389.04998779296875,377.9874267578125,25135300,0.0,0.0,0.0
2021-11-03 00:00:00-04:00,389.54998779296875,393.6099853515625,388.4800109863281,393.17999267578125,382.0001220703125,33748900,0.0,0.0,0.0
2021-11-04 00:00:00-04:00,394.4800109863281,399.20001220703125,393.9200134277344,398.2200012207031,386.8966979980469,40265300,0.0,0.0,0.0
2021-11-05 00:00:00-04:00,400.0400085449219,400.989990234375,397.1600036621094,398.6000061035156,387.265869140625,43383800,0.0,0.0,0.0
2021-11-08 00:00:00-05:00,398.57000732421875,399.6199951171875,397.3999938964844,398.05999755859375,386.7413024902344,29256300,0.0,0.0,0.0
2021-11-09 00:00:00-05:00,399.1600036621094,399.57000732421875,393.9200134277344,395.32000732421875,384.07916259765625,50490700,0.0,0.0,0.0
2021-11-10 00:00:00-05:00,392.4700012207031,395.3599853515625,387.5299987792969,389.510009765625,378.4344482421875,54937400,0.0,0.0,0.0
2021-11-11 00:00:00-05:00,392.57000732421875,392.75,390.239990234375,390.5899963378906,379.48370361328125,32243000,0.0,0.0,0.0
2021-11-12 00:00:00-05:00,391.7699890136719,395.25,390.1300048828125,394.70001220703125,383.4768371582031,34730600,0.0,0.0,0.0
2021-11-15 00:00:00-05:00,395.9100036621094,396.239990234375,392.1000061035156,394.6099853515625,383.389404296875,33716900,0.0,0.0,0.0
2021-11-16 00:00:00-05:00,393.8599853515625,397.92999267578125,393.6600036621094,397.4200134277344,386.1195373535156,27872900,0.0,0.0,0.0
2021-11-17 00:00:00-05:00,397.75,399.7200012207031,396.6400146484375,397.6300048828125,386.3234558105469,28703300,0.0,0.0,0.0
2021-11-18 00:00:00-05:00,399.7300109863281,402.2699890136719,397.45001220703125,401.75,390.3263244628906,45721500,0.0,0.0,0.0
2021-11-19 00:00:00-05:00,403.42999267578125,405.29998779296875,402.5799865722656,403.989990234375,392.50262451171875,45191700,0.0,0.0,0.0
2021-11-22 00:00:00-05:00,405.57000732421875,408.7099914550781,399.19000244140625,399.29998779296875,387.94598388671875,61715400,0.0,0.0,0.0
2021-11-23 00:00:00-05:00,398.1099853515625,400.2300109863281,392.9200134277344,397.4800109863281,386.1777648925781,70098700,0.0,0.0,0.0
2021-11-24 00:00:00-05:00,394.92999267578125,399.04998779296875,392.5400085449219,398.760009765625,387.4213562011719,46954400,0.0,0.0,0.0
2021-11-26 00:00:00-05:00,396.1099853515625,397.5400085449219,389.7699890136719,391.20001220703125,380.07635498046875,51533300,0.0,0.0,0.0
2021-11-29 00:00:00-05:00,395.8900146484375,400.7300109863281,395.1400146484375,399.69000244140625,388.32489013671875,54447100,0.0,0.0,0.0
2021-11-30 00:00:00-05:00,398.7799987792969,401.19000244140625,391.75,393.82000732421875,382.621826171875,81332700,0.0,0.0,0.0
2021-12-01 00:00:00-05:00,398.2799987792969,400.4800109863281,386.6400146484375,387.1199951171875,376.1123962402344,77766500,0.0,0.0,0.0
2021-12-02 00:00:00-05:00,385.79998779296875,391.739990234375,384.3399963378906,389.9100036621094,378.8230285644531,84416600,0.0,0.0,0.0
2021-12-03 00:00:00-05:00,391.30999755859375,392.3399963378906,378.8999938964844,383.1300048828125,372.2358093261719,105349100,0.0,0.0,0.0
2021-12-06 00:00:00-05:00,383.6300048828125,387.6000061035156,379.29998779296875,386.20001220703125,375.21856689453125,67588800,0.0,0.0,0.0
2021-12-07 00:00:00-05:00,393.0299987792969,398.4599914550781,392.989990234375,397.8299865722656,386.517822265625,56005300,0.0,0.0,0.0
2021-12-08 00:00:00-05:00,398.1700134277344,399.82000732421875,396.2200012207031,399.6099853515625,388.2471923828125,39204000,0.0,0.0,0.0
2021-12-09 00:00:00-05:00,398.3500061035156,400.20001220703125,393.5299987792969,393.7300109863281,382.53448486328125,49973700,0.0,0.0,0.0
2021-12-10 00:00:00-05:00,396.6199951171875,398.2799987792969,393.3599853515625,398.010009765625,386.69281005859375,52545800,0.0,0.0,0.0
2021-12-13 00:00:00-05:00,398.0,398.3299865722656,391.8800048828125,392.260009765625,381.106201171875,50166400,0.0,0.0,0.0
2021-12-14 00:00:00-05:00,387.29998779296875,390.0899963378906,383.6300048828125,388.20001220703125,377.1616516113281,75199200,0.0,0.0,0.0
2021-12-15 00:00:00-05:00,387.94000244140625,397.4200134277344,383.8800048828125,397.04998779296875,385.7600402832031,73858000,0.0,0.0,0.0
2021-12-16 00:00:00-05:00,398.0400085449219,398.4800109863281,385.2099914550781,386.8399963378906,375.8403625488281,82591400,0.0,0.0,0.0
2021-12-17 00:00:00-05:00,383.3299865722656,389.19000244140625,381.7699890136719,384.9100036621094,373.96514892578125,80492500,0.0,0.0,0.0
2021-12-20 00:00:00-05:00,379.57000732421875,381.5,377.4700012207031,380.69000244140625,370.33758544921875,65336800,0.491,0.0,0.0
2021-12-21 00:00:00-05:00,384.04998779296875,389.5299987792969,380.20001220703125,389.2099914550781,378.6258544921875,48899500,0.0,0.0,0.0
2021-12-22 00:00:00-05:00,388.9100036621094,394.1600036621094,388.2300109863281,393.95001220703125,383.23712158203125,37042200,0.0,0.0,0.0
2021-12-23 00:00:00-05:00,394.30999755859375,398.42999267578125,394.1400146484375,396.9200134277344,386.12628173828125,29595500,0.0,0.0,0.0
2021-12-27 00:00:00-05:00,398.25,403.4800109863281,398.2200012207031,403.4800109863281,392.5078125,32820700,0.0,0.0,0.0
2021-12-28 00:00:00-05:00,404.3999938964844,404.5799865722656,400.7099914550781,401.6099853515625,390.6886291503906,33113700,0.0,0.0,0.0
2021-12-29 00:00:00-05:00,401.75,403.04998779296875,399.1099853515625,401.54998779296875,390.6302795410156,32248500,0.0,0.0,0.0
2021-12-30 00:00:00-05:00,401.3299865722656,403.57000732421875,399.75,400.3500061035156,389.4629821777344,23850100,0.0,0.0,0.0
2021-12-31 00:00:00-05:00,399.6600036621094,401.05999755859375,397.3399963378906,397.8500061035156,387.0309753417969,34752900,0.0,0.0,0.0
2022-01-03 00:00:00-05:00,399.04998779296875,401.94000244140625,396.8800048828125,401.67999267578125,390.75677490234375,40575900,0.0,0.0,0.0
2022-01-04 00:00:00-05:00,402.239990234375,402.2799987792969,393.2900085449219,396.4700012207031,385.6885070800781,58027200,0.0,0.0,0.0
2022-01-05 00:00:00-05:00,394.739990234375,395.8900146484375,384.0299987792969,384.2900085449219,373.8397216796875,75739800,0.0,0.0,0.0
2022-01-06 00:00:00-05:00,382.4200134277344,387.3500061035156,380.1300048828125,384.0199890136719,373.5770568847656,70814300,0.0,0.0,0.0
2022-01-07 00:00:00-05:00,384.0299987792969,385.760009765625,378.0400085449219,379.8599853515625,369.5302429199219,72652300,0.0,0.0,0.0
2022-01-10 00:00:00-05:00,374.82000732421875,380.6400146484375,369.30999755859375,380.1099853515625,369.77337646484375,91770500,0.0,0.0,0.0
2022-01-11 00:00:00-05:00,379.3599853515625,385.989990234375,377.2200012207031,385.82000732421875,375.32806396484375,68295700,0.0,0.0,0.0
2022-01-12 00:00:00-05:00,388.4599914550781,390.20001220703125,385.010009765625,387.3500061035156,376.8164978027344,54576400,0.0,0.0,0.0
2022-01-13 00:00:00-05:00,388.7699890136719,389.4700012207031,376.70001220703125,377.6600036621094,367.3899841308594,77994000,0.0,0.0,0.0
2022-01-14 00:00:00-05:00,375.07000732421875,380.3500061035156,374.8599853515625,380.010009765625,369.6761474609375,80121200,0.0,0.0,0.0
2022-01-18 00:00:00-05:00,374.0400085449219,376.2200012207031,369.7699890136719,370.54998779296875,360.4733581542969,75450900,0.0,0.0,0.0
2022-01-19 00:00:00-05:00,372.1499938964844,374.69000244140625,366.2099914550781,366.4800109863281,356.5140686035156,81791500,0.0,0.0,0.0
2022-01-20 00:00:00-05:00,369.7900085449219,373.8699951171875,361.1700134277344,361.7200012207031,351.8834533691406,88610700,0.0,0.0,0.0
2022-01-21 00:00:00-05:00,359.4700012207031,362.17999267578125,351.3999938964844,351.69000244140625,342.1261901855469,143388900,0.0,0.0,0.0
2022-01-24 00:00:00-05:00,345.9100036621094,353.9800109863281,334.1499938964844,353.29998779296875,343.69244384765625,198685800,0.0,0.0,0.0
2022-01-25 00:00:00-05:00,346.6700134277344,351.0299987792969,341.67999267578125,345.1099853515625,335.72503662109375,124398400,0.0,0.0,0.0
2022-01-26 00:00:00-05:00,352.9100036621094,356.8800048828125,340.7799987792969,344.57000732421875,335.1998291015625,146559500,0.0,0.0,0.0
2022-01-27 00:00:00-05:00,349.3999938964844,351.2699890136719,340.04998779296875,341.1000061035156,331.82427978515625,95255700,0.0,0.0,0.0
2022-01-28 00:00:00-05:00,343.0299987792969,352.0199890136719,337.95001220703125,351.79998779296875,342.233154296875,108167900,0.0,0.0,0.0
2022-01-31 00:00:00-05:00,353.20001220703125,363.6499938964844,351.5199890136719,363.04998779296875,353.1773376464844,94326400,0.0,0.0,0.0
2022-02-01 00:00:00-05:00,364.42999267578125,366.19000244140625,359.1400146484375,365.5199890136719,355.5801696777344,74433000,0.0,0.0,0.0
2022-02-02 00:00:00-05:00,369.760009765625,370.1000061035156,364.2900085449219,368.489990234375,358.4693298339844,78777100,0.0,0.0,0.0
2022-02-03 00:00:00-05:00,358.5299987792969,361.92999267578125,352.4599914550781,353.54998779296875,343.9355773925781,95384800,0.0,0.0,0.0
2022-02-04 00:00:00-05:00,354.0799865722656,361.3999938964844,351.9700012207031,358.010009765625,348.2743835449219,86318300,0.0,0.0,0.0
2022-02-07 00:00:00-05:00,358.6199951171875,361.04998779296875,353.8399963378906,355.1300048828125,345.47271728515625,58198100,0.0,0.0,0.0
2022-02-08 00:00:00-05:00,353.9599914550781,360.239990234375,352.79998779296875,359.1199951171875,349.3541564941406,64720900,0.0,0.0,0.0
2022-02-09 00:00:00-05:00,363.760009765625,366.80999755859375,362.1199951171875,366.7300109863281,356.7572326660156,55766400,0.0,0.0,0.0
2022-02-10 00:00:00-05:00,359.5199890136719,366.489990234375,356.5400085449219,358.42999267578125,348.6829528808594,112468500,0.0,0.0,0.0
2022-02-11 00:00:00-05:00,358.42999267578125,360.07000732421875,345.79998779296875,347.05999755859375,337.6221008300781,101569100,0.0,0.0,0.0
2022-02-14 00:00:00-05:00,346.489990234375,350.9800109863281,343.8900146484375,347.489990234375,338.0404052734375,80254400,0.0,0.0,0.0
2022-02-15 00:00:00-05:00,352.9100036621094,356.3699951171875,351.82000732421875,356.1300048828125,346.44549560546875,55128800,0.0,0.0,0.0
2022-02-16 00:00:00-05:00,353.82000732421875,357.0899963378906,350.7099914550781,356.0400085449219,346.3579406738281,58947100,0.0,0.0,0.0
2022-02-17 00:00:00-05:00,352.739990234375,353.4599914550781,345.0199890136719,345.45001220703125,336.05584716796875,61801400,0.0,0.0,0.0
2022-02-18 00:00:00-05:00,346.4100036621094,346.80999755859375,339.1400146484375,341.510009765625,332.2230529785156,80001500,0.0,0.0,0.0
2022-02-22 00:00:00-05:00,338.489990234375,344.0400085449219,334.3500061035156,338.0799865722656,328.88629150390625,85967100,0.0,0.0,0.0
2022-02-23 00:00:00-05:00,341.32000732421875,342.17999267578125,329.1000061035156,329.4200134277344,320.46185302734375,86215400,0.0,0.0,0.0
2022-02-24 00:00:00-05:00,318.8399963378906,341.0400085449219,318.260009765625,340.489990234375,331.23077392578125,130614100,0.0,0.0,0.0
2022-02-25 00:00:00-05:00,341.30999755859375,345.9800109863281,337.3900146484375,345.7699890136719,336.3671875,78842100,0.0,0.0,0.0
2022-02-28 00:00:00-05:00,342.510009765625,348.5400085449219,341.32000732421875,346.79998779296875,337.36920166015625,77515500,0.0,0.0,0.0
2022-03-01 00:00:00-05:00,345.75,348.0799865722656,338.8999938964844,341.489990234375,332.20361328125,67407000,0.0,0.0,0.0
2022-03-02 00:00:00-05:00,343.0799865722656,348.5899963378906,340.239990234375,347.2200012207031,337.7777404785156,70609000,0.0,0.0,0.0
2022-03-03 00:00:00-05:00,349.92999267578125,350.0400085449219,340.3500061035156,342.260009765625,332.9526672363281,71089400,0.0,0.0,0.0
2022-03-04 00:00:00-05:00,339.8399963378906,341.30999755859375,334.9200134277344,337.29998779296875,328.1275939941406,76936300,0.0,0.0,0.0
2022-03-07 00:00:00-05:00,337.2900085449219,338.4800109863281,324.6499938964844,324.8599853515625,316.02581787109375,89933800,0.0,0.0,0.0
2022-03-08 00:00:00-05:00,324.04998779296875,333.2099914550781,319.94000244140625,323.3500061035156,314.556884765625,116153900,0.0,0.0,0.0
2022-03-09 00:00:00-05:00,331.75,336.3800048828125,329.0899963378906,334.989990234375,325.8803405761719,64723400,0.0,0.0,0.0
2022-03-10 00:00:00-05:00,330.82000732421875,332.510009765625,326.7099914550781,331.2699890136719,322.2615051269531,69362700,0.0,0.0,0.0
2022-03-11 00:00:00-05:00,334.32000732421875,334.6400146484375,323.8999938964844,324.3999938964844,315.57830810546875,66228400,0.0,0.0,0.0
2022-03-14 00:00:00-04:00,323.1300048828125,326.5899963378906,317.45001220703125,318.1700134277344,309.51776123046875,79802600,0.0,0.0,0.0
2022-03-15 00:00:00-04:00,320.8800048828125,328.95001220703125,319.2300109863281,328.1499938964844,319.2264404296875,76471000,0.0,0.0,0.0
2022-03-16 00:00:00-04:00,332.1700134277344,340.44000244140625,328.3999938964844,340.32000732421875,331.06549072265625,105243000,0.0,0.0,0.0
2022-03-17 00:00:00-04:00,338.3699951171875,344.5,337.0400085449219,344.44000244140625,335.073486328125,67810000,0.0,0.0,0.0
2022-03-18 00:00:00-04:00,342.739990234375,351.7900085449219,341.54998779296875,351.489990234375,341.931640625,85446300,0.0,0.0,0.0
2022-03-21 00:00:00-04:00,350.20001220703125,352.4800109863281,345.5799865722656,350.0799865722656,340.98101806640625,73799100,0.434,0.0,0.0
2022-03-22 00:00:00-04:00,350.5899963378906,357.8500061035156,350.20001220703125,356.9599914550781,347.68218994140625,63345900,0.0,0.0,0.0
2022-03-23 00:00:00-04:00,354.010009765625,357.6600036621094,351.7699890136719,351.8299865722656,342.685546875,70615500,0.0,0.0,0.0
2022-03-24 00:00:00-04:00,353.79998779296875,359.70001220703125,351.5899963378906,359.6499938964844,350.30230712890625,53555300,0.0,0.0,0.0
2022-03-25 00:00:00-04:00,359.5899963378906,360.6700134277344,354.94000244140625,359.3500061035156,350.0100402832031,57584200,0.0,0.0,0.0
2022-03-28 00:00:00-04:00,359.3399963378906,365.010009765625,358.07000732421875,364.9100036621094,355.4255676269531,56833900,0.0,0.0,0.0
2022-03-29 00:00:00-04:00,368.8999938964844,371.8299865722656,366.05999755859375,371.19000244140625,361.5423583984375,68073000,0.0,0.0,0.0
2022-03-30 00:00:00-04:00,369.2799987792969,370.9800109863281,365.57000732421875,367.0899963378906,357.5489196777344,68757700,0.0,0.0,0.0
2022-03-31 00:00:00-04:00,367.239990234375,367.6000061035156,361.67999267578125,362.5400085449219,353.1171875,67011400,0.0,0.0,0.0
2022-04-01 00:00:00-04:00,362.80999755859375,363.6099853515625,358.5899963378906,361.8500061035156,352.44512939453125,54527800,0.0,0.0,0.0
2022-04-04 00:00:00-04:00,362.7099914550781,369.30999755859375,362.44000244140625,369.29998779296875,359.7014465332031,45950200,0.0,0.0,0.0
2022-04-05 00:00:00-04:00,367.80999755859375,368.5400085449219,359.92999267578125,361.1000061035156,351.7145690917969,62738700,0.0,0.0,0.0
2022-04-06 00:00:00-04:00,355.6499938964844,356.7799987792969,350.55999755859375,353.260009765625,344.078369140625,90077100,0.0,0.0,0.0
2022-04-07 00:00:00-04:00,352.239990234375,356.3500061035156,348.69000244140625,354.1000061035156,344.8965148925781,63777400,0.0,0.0,0.0
2022-04-08 00:00:00-04:00,352.32000732421875,353.0899963378906,348.5,349.1499938964844,340.0752258300781,61956100,0.0,0.0,0.0
2022-04-11 00:00:00-04:00,344.80999755859375,345.75,340.5400085449219,340.8900146484375,332.0299072265625,66107400,0.0,0.0,0.0
2022-04-12 00:00:00-04:00,345.760009765625,347.69000244140625,338.0400085449219,339.45001220703125,330.62725830078125,72790200,0.0,0.0,0.0
2022-04-13 00:00:00-04:00,339.79998779296875,347.42999267578125,339.05999755859375,346.3500061035156,337.3479919433594,61367800,0.0,0.0,0.0
2022-04-14 00:00:00-04:00,346.44000244140625,346.9700012207031,338.2099914550781,338.42999267578125,329.6337890625,73519400,0.0,0.0,0.0
2022-04-18 00:00:00-04:00,337.3500061035156,341.0400085449219,335.7900085449219,338.69000244140625,329.8870544433594,58560600,0.0,0.0,0.0
2022-04-19 00:00:00-04:00,338.0299987792969,346.8500061035156,336.9800109863281,346.260009765625,337.2602844238281,56515700,0.0,0.0,0.0
2022-04-20 00:00:00-04:00,347.0899963378906,347.55999755859375,339.9599914550781,341.2099914550781,332.341552734375,65500000,0.0,0.0,0.0
2022-04-21 00:00:00-04:00,345.19000244140625,347.8699951171875,333.20001220703125,334.1499938964844,325.46502685546875,75801000,0.0,0.0,0.0
2022-04-22 00:00:00-04:00,334.30999755859375,335.55999755859375,324.9599914550781,325.3999938964844,316.9424743652344,82562100,0.0,0.0,0.0
2022-04-25 00:00:00-04:00,323.7300109863281,329.8999938964844,322.42999267578125,329.5799865722656,321.0138244628906,101755900,0.0,0.0,0.0
2022-04-26 00:00:00-04:00,327.4700012207031,327.6600036621094,316.8599853515625,317.1400146484375,308.8971862792969,105819600,0.0,0.0,0.0
2022-04-27 00:00:00-04:00,317.239990234375,322.8800048828125,315.0,316.760009765625,308.5269775390625,111204200,0.0,0.0,0.0
2022-04-28 00:00:00-04:00,321.8500061035156,329.8900146484375,317.5199890136719,328.010009765625,319.4846496582031,99450000,0.0,0.0,0.0
2022-04-29 00:00:00-04:00,323.70001220703125,327.2300109863281,312.6000061035156,313.25,305.1083068847656,91977900,0.0,0.0,0.0
2022-05-02 00:00:00-04:00,312.8299865722656,318.7200012207031,309.6499938964844,318.4800109863281,310.20233154296875,115511800,0.0,0.0,0.0
2022-05-03 00:00:00-04:00,318.5,321.1700134277344,315.9800109863281,318.82000732421875,310.533447265625,78185500,0.0,0.0,0.0
2022-05-04 00:00:00-04:00,319.30999755859375,330.2900085449219,313.8900146484375,329.6000061035156,321.0334167480469,116083400,0.0,0.0,0.0
2022-05-05 00:00:00-04:00,325.1700134277344,325.25,309.6199951171875,313.0,304.86480712890625,154607400,0.0,0.0,0.0
2022-05-06 00:00:00-04:00,310.95001220703125,315.0899963378906,305.1099853515625,309.25,301.2123107910156,139572800,0.0,0.0,0.0
2022-05-09 00:00:00-04:00,303.4800109863281,309.3500061035156,295.7200012207031,297.1499938964844,289.4267272949219,113387300,0.0,0.0,0.0
2022-05-10 00:00:00-04:00,304.510009765625,305.760009765625,296.57000732421875,300.760009765625,292.9429626464844,124124600,0.0,0.0,0.0
2022-05-11 00:00:00-04:00,298.44000244140625,304.0899963378906,290.95001220703125,291.8399963378906,284.2547607421875,140326100,0.0,0.0,0.0
2022-05-12 00:00:00-04:00,287.45001220703125,295.75,284.94000244140625,291.1499938964844,283.58270263671875,120910900,0.0,0.0,0.0
2022-05-13 00:00:00-04:00,295.7200012207031,303.0,294.0799865722656,301.94000244140625,294.0921936035156,83684900,0.0,0.0,0.0
2022-05-16 00:00:00-04:00,300.1499938964844,302.260009765625,297.1300048828125,298.44000244140625,290.6831970214844,59190400,0.0,0.0,0.0
2022-05-17 00:00:00-04:00,304.45001220703125,306.55999755859375,300.54998779296875,306.1700134277344,298.2123718261719,62715300,0.0,0.0,0.0
2022-05-18 00:00:00-04:00,301.5400085449219,302.25,289.8500061035156,291.1400146484375,283.5728759765625,79477100,0.0,0.0,0.0
2022-05-19 00:00:00-04:00,289.2900085449219,294.3900146484375,287.5799865722656,289.5799865722656,282.053466796875,79920700,0.0,0.0,0.0
2022-05-20 00:00:00-04:00,293.1300048828125,293.79998779296875,280.2099914550781,288.67999267578125,281.17681884765625,91764200,0.0,0.0,0.0
2022-05-23 00:00:00-04:00,289.75,293.8699951171875,287.2900085449219,293.4800109863281,285.85211181640625,63648400,0.0,0.0,0.0
2022-05-24 00:00:00-04:00,288.1300048828125,288.8599853515625,282.25,287.239990234375,279.7742919921875,73491100,0.0,0.0,0.0
2022-05-25 00:00:00-04:00,285.7099914550781,293.3900146484375,285.5,291.260009765625,283.6898498535156,67144500,0.0,0.0,0.0
2022-05-26 00:00:00-04:00,290.44000244140625,300.9200134277344,290.1499938964844,299.3299865722656,291.5500793457031,59462200,0.0,0.0,0.0
2022-05-27 00:00:00-04:00,302.5400085449219,309.25,302.4200134277344,309.1000061035156,301.06610107421875,66985600,0.0,0.0,0.0
2022-05-31 00:00:00-04:00,309.07000732421875,311.3299865722656,304.3299865722656,308.2799987792969,300.2674560546875,60968300,0.0,0.0,0.0
2022-06-01 00:00:00-04:00,310.4700012207031,312.6499938964844,303.7300109863281,306.0,298.04669189453125,65341700,0.0,0.0,0.0
2022-06-02 00:00:00-04:00,304.8500061035156,314.55999755859375,303.3999938964844,314.3800048828125,306.2088623046875,59291300,0.0,0.0,0.0
2022-06-03 00:00:00-04:00,309.0299987792969,310.4700012207031,304.9200134277344,306.20001220703125,298.24151611328125,60914700,0.0,0.0,0.0
2022-06-06 00:00:00-04:00,310.75,312.3500061035156,305.6199951171875,307.2200012207031,299.2349853515625,51785000,0.0,0.0,0.0
2022-06-07 00:00:00-04:00,303.80999755859375,310.6700134277344,302.69000244140625,309.8699951171875,301.816162109375,44900300,0.0,0.0,0.0
2022-06-08 00:00:00-04:00,309.04998779296875,311.7200012207031,306.7699890136719,307.6400146484375,299.6440124511719,38342100,0.0,0.0,0.0
2022-06-09 00:00:00-04:00,305.9100036621094,309.04998779296875,299.2300109863281,299.3999938964844,291.6181945800781,55900500,0.0,0.0,0.0
2022-06-10 00:00:00-04:00,293.6499938964844,294.8699951171875,288.3800048828125,288.8399963378906,281.3327331542969,85963500,0.0,0.0,0.0
2022-06-13 00:00:00-04:00,279.75,282.3399963378906,274.5299987792969,275.4100036621094,268.2518310546875,94442000,0.0,0.0,0.0
2022-06-14 00:00:00-04:00,277.6600036621094,278.6600036621094,273.3399963378906,275.9100036621094,268.7388000488281,64697500,0.0,0.0,0.0
2022-06-15 00:00:00-04:00,279.4200134277344,286.8299865722656,276.6099853515625,282.79998779296875,275.4496154785156,86051400,0.0,0.0,0.0
2022-06-16 00:00:00-04:00,275.5899963378906,276.05999755859375,269.2799987792969,271.3900146484375,264.3362731933594,81910300,0.0,0.0,0.0
2022-06-17 00:00:00-04:00,272.17999267578125,277.19000244140625,270.510009765625,274.69000244140625,267.55047607421875,82703400,0.0,0.0,0.0
2022-06-21 00:00:00-04:00,278.75,283.45001220703125,278.6400146484375,281.0799865722656,274.3006591796875,51633700,0.527,0.0,0.0
2022-06-22 00:00:00-04:00,278.5199890136719,285.17999267578125,277.9100036621094,280.6700134277344,273.9005432128906,67472900,0.0,0.0,0.0
2022-06-23 00:00:00-04:00,283.2099914550781,285.7200012207031,280.30999755859375,284.8500061035156,277.979736328125,57457800,0.0,0.0,0.0
2022-06-24 00:00:00-04:00,287.739990234375,295.0400085449219,287.5,294.6099853515625,287.5042724609375,58422300,0.0,0.0,0.0
2022-06-27 00:00:00-04:00,296.0,296.5799865722656,291.2900085449219,292.45001220703125,285.396484375,54151500,0.0,0.0,0.0
2022-06-28 00:00:00-04:00,293.0,295.6499938964844,283.3500061035156,283.5400085449219,276.70135498046875,61609800,0.0,0.0,0.0
2022-06-29 00:00:00-04:00,283.3999938964844,285.3399963378906,280.8399963378906,283.79998779296875,276.9551086425781,57302700,0.0,0.0,0.0
2022-06-30 00:00:00-04:00,280.75,283.94000244140625,275.7799987792969,280.2799987792969,273.5198974609375,79313600,0.0,0.0,0.0
2022-07-01 00:00:00-04:00,278.95001220703125,282.5299987792969,277.0299987792969,282.1300048828125,275.325439453125,56675100,0.0,0.0,0.0
2022-07-05 00:00:00-04:00,278.30999755859375,287.0799865722656,276.75,286.9599914550781,280.038818359375,61829300,0.0,0.0,0.0
2022-07-06 00:00:00-04:00,287.3500061035156,290.95001220703125,285.5899963378906,288.79998779296875,281.8344421386719,63194700,0.0,0.0,0.0
2022-07-07 00:00:00-04:00,289.6300048828125,295.70001220703125,289.6300048828125,294.9800109863281,287.86541748046875,56620100,0.0,0.0,0.0
2022-07-08 00:00:00-04:00,292.0799865722656,296.75,291.1199951171875,295.3500061035156,288.2265319824219,59895500,0.0,0.0,0.0
2022-07-11 00:00:00-04:00,292.8800048828125,293.1099853515625,288.1400146484375,289.0400085449219,282.06866455078125,55273900,0.0,0.0,0.0
2022-07-12 00:00:00-04:00,290.32000732421875,292.2799987792969,284.6099853515625,286.239990234375,279.33624267578125,55797100,0.0,0.0,0.0
2022-07-13 00:00:00-04:00,280.6000061035156,288.04998779296875,280.0199890136719,285.6499938964844,278.7604064941406,73939400,0.0,0.0,0.0
2022-07-14 00:00:00-04:00,282.989990234375,287.55999755859375,279.79998779296875,286.6700134277344,279.7558898925781,63741800,0.0,0.0,0.0
2022-07-15 00:00:00-04:00,289.7300109863281,291.9800109863281,288.0799865722656,291.8699951171875,284.8304138183594,63818100,0.0,0.0,0.0
2022-07-18 00:00:00-04:00,294.7200012207031,296.1600036621094,288.20001220703125,289.3999938964844,282.4199523925781,59519600,0.0,0.0,0.0
2022-07-19 00:00:00-04:00,293.1099853515625,298.6000061035156,291.4700012207031,298.29998779296875,291.1053161621094,55172600,0.0,0.0,0.0
2022-07-20 00:00:00-04:00,298.7300109863281,304.239990234375,297.92999267578125,303.0299987792969,295.72125244140625,67769400,0.0,0.0,0.0
2022-07-21 00:00:00-04:00,303.5,307.44000244140625,300.7799987792969,307.3800048828125,299.96630859375,55049400,0.0,0.0,0.0
2022-07-22 00:00:00-04:00,306.42999267578125,308.54998779296875,300.1199951171875,301.989990234375,294.70623779296875,57127700,0.0,0.0,0.0
2022-07-25 00:00:00-04:00,302.0199890136719,302.5,298.2200012207031,300.2699890136719,293.0278015136719,40582400,0.0,0.0,0.0
2022-07-26 00:00:00-04:00,298.5299987792969,298.7900085449219,293.5400085449219,294.3699951171875,287.2701110839844,50074100,0.0,0.0,0.0
2022-07-27 00:00:00-04:00,299.0400085449219,308.5400085449219,298.4599914550781,306.80999755859375,299.4100646972656,69304400,0.0,0.0,0.0
2022-07-28 00:00:00-04:00,306.5899963378906,310.3999938964844,302.75,309.80999755859375,302.3377380371094,55139900,0.0,0.0,0.0
2022-07-29 00:00:00-04:00,311.3900146484375,316.3900146484375,309.92999267578125,315.4599914550781,307.8514709472656,57501000,0.0,0.0,0.0
2022-08-01 00:00:00-04:00,313.6499938964844,318.80999755859375,312.5299987792969,315.2699890136719,307.66607666015625,46358800,0.0,0.0,0.0
2022-08-02 00:00:00-04:00,312.9200134277344,318.54998779296875,311.8399963378906,314.3299865722656,306.74871826171875,48676500,0.0,0.0,0.0
2022-08-03 00:00:00-04:00,316.04998779296875,323.7300109863281,315.989990234375,322.8900146484375,315.1022644042969,53735700,0.0,0.0,0.0
2022-08-04 00:00:00-04:00,322.9700012207031,324.7200012207031,320.7699890136719,324.3999938964844,316.5758056640625,38973700,0.0,0.0,0.0
2022-08-05 00:00:00-04:00,319.19000244140625,323.8299865722656,318.3900146484375,321.75,313.98974609375,53894000,0.0,0.0,0.0
2022-08-08 00:00:00-04:00,322.69000244140625,326.4700012207031,319.2099914550781,320.7099914550781,312.9748840332031,43878500,0.0,0.0,0.0
2022-08-09 00:00:00-04:00,318.7699890136719,319.0299987792969,315.4200134277344,317.0799865722656,309.432373046875,39764200,0.0,0.0,0.0
2022-08-10 00:00:00-04:00,324.5899963378906,326.2300109863281,322.05999755859375,325.92999267578125,318.0689392089844,51459600,0.0,0.0,0.0
2022-08-11 00:00:00-04:00,328.30999755859375,330.3599853515625,323.3599853515625,324.0799865722656,316.26361083984375,45897700,0.0,0.0,0.0
2022-08-12 00:00:00-04:00,326.17999267578125,330.5899963378906,325.1000061035156,330.3900146484375,322.42138671875,40928400,0.0,0.0,0.0
2022-08-15 00:00:00-04:00,329.4200134277344,333.57000732421875,329.3999938964844,333.05999755859375,325.0268859863281,38266600,0.0,0.0,0.0
2022-08-16 00:00:00-04:00,332.05999755859375,334.4200134277344,329.1600036621094,332.2799987792969,324.26580810546875,41186900,0.0,0.0,0.0
2022-08-17 00:00:00-04:00,329.07000732421875,331.42999267578125,326.3599853515625,328.489990234375,320.56719970703125,47842200,0.0,0.0,0.0
2022-08-18 00:00:00-04:00,328.44000244140625,330.489990234375,326.7900085449219,329.2799987792969,321.3381042480469,41937200,0.0,0.0,0.0
2022-08-19 00:00:00-04:00,326.1700134277344,326.8399963378906,322.0799865722656,322.8599853515625,315.072998046875,51770600,0.0,0.0,0.0
2022-08-22 00:00:00-04:00,318.5,318.739990234375,313.5299987792969,314.3599853515625,306.7779846191406,51098900,0.0,0.0,0.0
2022-08-23 00:00:00-04:00,314.1199951171875,317.0,313.3299865722656,314.1000061035156,306.5242614746094,39497100,0.0,0.0,0.0
2022-08-24 00:00:00-04:00,313.6099853515625,316.8699951171875,312.989990234375,315.010009765625,307.4123229980469,38057100,0.0,0.0,0.0
2022-08-25 00:00:00-04:00,316.8299865722656,320.6000061035156,315.760009765625,320.5799865722656,312.84796142578125,38098300,0.0,0.0,0.0
2022-08-26 00:00:00-04:00,320.2799987792969,321.510009765625,307.3500061035156,307.44000244140625,300.0249328613281,69047700,0.0,0.0,0.0
2022-08-29 00:00:00-04:00,304.6199951171875,307.2200012207031,303.2799987792969,304.4100036621094,297.0679626464844,48321900,0.0,0.0,0.0
2022-08-30 00:00:00-04:00,306.1000061035156,306.7300109863281,298.44000244140625,301.0199890136719,293.7597351074219,51184500,0.0,0.0,0.0
2022-08-31 00:00:00-04:00,303.989990234375,304.9100036621094,299.1600036621094,299.2699890136719,292.052001953125,50044000,0.0,0.0,0.0
2022-09-01 00:00:00-04:00,296.7200012207031,299.7799987792969,292.95001220703125,299.3999938964844,292.1787414550781,57990700,0.0,0.0,0.0
2022-09-02 00:00:00-04:00,302.3399963378906,303.75,293.5199890136719,295.1700134277344,288.0508117675781,64666800,0.0,0.0,0.0
2022-09-06 00:00:00-04:00,295.6600036621094,296.6000061035156,290.8699951171875,293.04998779296875,285.98199462890625,57005400,0.0,0.0,0.0
2022-09-07 00:00:00-04:00,293.5400085449219,299.989990234375,293.2699890136719,298.9700012207031,291.7591552734375,49260400,0.0,0.0,0.0
2022-09-08 00:00:00-04:00,296.8500061035156,301.8699951171875,295.45001220703125,300.5199890136719,293.2718200683594,55649800,0.0,0.0,0.0
2022-09-09 00:00:00-04:00,302.8299865722656,307.6000061035156,300.5199890136719,307.0899963378906,299.6833801269531,56125200,0.0,0.0,0.0
2022-09-12 00:00:00-04:00,308.5,311.0799865722656,308.17999267578125,310.739990234375,303.245361328125,45905700,0.0,0.0,0.0
2022-09-13 00:00:00-04:00,301.79998779296875,303.0199890136719,292.7900085449219,293.70001220703125,286.6163635253906,79562200,0.0,0.0,0.0
2022-09-14 00:00:00-04:00,294.8699951171875,296.92999267578125,293.05999755859375,296.0299987792969,288.89007568359375,54907200,0.0,0.0,0.0
2022-09-15 00:00:00-04:00,294.07000732421875,296.5299987792969,289.4599914550781,291.1000061035156,284.0790710449219,65299400,0.0,0.0,0.0
2022-09-16 00:00:00-04:00,287.7200012207031,289.7200012207031,285.6199951171875,289.32000732421875,282.3419494628906,79920400,0.0,0.0,0.0
2022-09-19 00:00:00-04:00,286.1000061035156,291.2099914550781,286.0400085449219,291.04998779296875,284.5406799316406,52613800,0.519,0.0,0.0
2022-09-20 00:00:00-04:00,288.489990234375,291.07000732421875,286.3800048828125,288.7300109863281,282.27252197265625,51271100,0.0,0.0,0.0
2022-09-21 00:00:00-04:00,289.5899963378906,293.95001220703125,283.4200134277344,283.55999755859375,277.21820068359375,82931000,0.0,0.0,0.0
2022-09-22 00:00:00-04:00,282.0,283.0299987792969,278.82000732421875,280.07000732421875,273.8062438964844,62757100,0.0,0.0,0.0
2022-09-23 00:00:00-04:00,277.54998779296875,277.8500061035156,272.0199890136719,275.510009765625,269.34814453125,74815200,0.0,0.0,0.0
2022-09-26 00:00:00-04:00,275.0299987792969,279.489990234375,273.55999755859375,274.3699951171875,268.23370361328125,71176700,0.0,0.0,0.0
2022-09-27 00:00:00-04:00,277.80999755859375,280.2099914550781,272.1099853515625,274.4800109863281,268.34124755859375,69780100,0.0,0.0,0.0
2022-09-28 00:00:00-04:00,274.4599914550781,281.25,272.95001220703125,279.94000244140625,273.6791076660156,79652100,0.0,0.0,0.0
2022-09-29 00:00:00-04:00,275.8599853515625,276.25,268.8399963378906,271.8699951171875,265.7895812988281,81216000,0.0,0.0,0.0
2022-09-30 00:00:00-04:00,271.0299987792969,275.19000244140625,267.1000061035156,267.260009765625,261.2827453613281,78482400,0.0,0.0,0.0
2022-10-03 00:00:00-04:00,269.07000732421875,275.1600036621094,267.5299987792969,273.5299987792969,267.4124450683594,61267400,0.0,0.0,0.0
2022-10-04 00:00:00-04:00,278.989990234375,282.8500061035156,278.989990234375,282.1300048828125,275.8200988769531,66696900,0.0,0.0,0.0
2022-10-05 00:00:00-04:00,278.2799987792969,283.80999755859375,275.4200134277344,281.9800109863281,275.6734924316406,55766300,0.0,0.0,0.0
2022-10-06 00:00:00-04:00,280.9599914550781,284.17999267578125,279.42999267578125,279.760009765625,273.50311279296875,53489400,0.0,0.0,0.0
2022-10-07 00:00:00-04:00,275.0199890136719,275.1499938964844,267.739990234375,269.1000061035156,263.0815734863281,71354700,0.0,0.0,0.0
2022-10-10 00:00:00-04:00,269.29998779296875,269.70001220703125,263.6400146484375,266.4100036621094,260.4517822265625,60393000,0.0,0.0,0.0
2022-10-11 00:00:00-04:00,264.70001220703125,267.6300048828125,261.0299987792969,262.75,256.8736267089844,66522500,0.0,0.0,0.0
2022-10-12 00:00:00-04:00,263.3999938964844,265.3599853515625,261.95001220703125,262.6600036621094,256.78558349609375,50580200,0.0,0.0,0.0
2022-10-13 00:00:00-04:00,255.16000366210938,270.1700134277344,254.25999450683594,268.82000732421875,262.8077697753906,112894100,0.0,0.0,0.0
2022-10-14 00:00:00-04:00,271.20001220703125,271.80999755859375,260.1400146484375,260.739990234375,254.90846252441406,77244300,0.0,0.0,0.0
2022-10-17 00:00:00-04:00,266.8399963378906,270.239990234375,266.739990234375,269.3500061035156,263.3259582519531,64576500,0.0,0.0,0.0
2022-10-18 00:00:00-04:00,276.5299987792969,277.2099914550781,268.739990234375,271.4800109863281,265.4082946777344,69781000,0.0,0.0,0.0
2022-10-19 00:00:00-04:00,269.92999267578125,273.67999267578125,268.07000732421875,270.489990234375,264.4405212402344,53115400,0.0,0.0,0.0
2022-10-20 00:00:00-04:00,269.5799865722656,274.8399963378906,267.9200134277344,269.1099853515625,263.0913391113281,60605500,0.0,0.0,0.0
2022-10-21 00:00:00-04:00,267.9800109863281,275.9700012207031,266.82000732421875,275.4200134277344,269.2602233886719,77897700,0.0,0.0,0.0
2022-10-24 00:00:00-04:00,275.69000244140625,279.3999938964844,271.9700012207031,278.45001220703125,272.22247314453125,63963600,0.0,0.0,0.0
2022-10-25 00:00:00-04:00,279.4100036621094,284.6000061035156,277.8999938964844,284.2099914550781,277.8536376953125,59014500,0.0,0.0,0.0
2022-10-26 00:00:00-04:00,278.4599914550781,283.9800109863281,277.42999267578125,277.92999267578125,271.71405029296875,63492400,0.0,0.0,0.0
2022-10-27 00:00:00-04:00,276.7900085449219,278.2799987792969,272.3399963378906,272.8699951171875,266.7671813964844,57760300,0.0,0.0,0.0
2022-10-28 00:00:00-04:00,272.2300109863281,281.70001220703125,272.05999755859375,281.2200012207031,274.9305114746094,62651300,0.0,0.0,0.0
2022-10-31 00:00:00-04:00,278.9200134277344,279.760009765625,275.989990234375,277.95001220703125,271.7336120605469,47742000,0.0,0.0,0.0
2022-11-01 00:00:00-04:00,281.5,282.07000732421875,274.739990234375,275.1099853515625,268.9571228027344,45895900,0.0,0.0,0.0
2022-11-02 00:00:00-04:00,275.0799865722656,278.2099914550781,265.6099853515625,265.67999267578125,259.7380676269531,79803100,0.0,0.0,0.0
2022-11-03 00:00:00-04:00,263.010009765625,264.5,260.1000061035156,260.489990234375,254.6641387939453,70038900,0.0,0.0,0.0
2022-11-04 00:00:00-04:00,265.5299987792969,266.6099853515625,259.0799865722656,264.67999267578125,258.7603454589844,78313200,0.0,0.0,0.0
2022-11-07 00:00:00-05:00,265.75,268.1400146484375,263.57000732421875,267.5899963378906,261.6053161621094,47333800,0.0,0.0,0.0
2022-11-08 00:00:00-05:00,269.1400146484375,272.8500061035156,265.5199890136719,269.5400085449219,263.5116882324219,63213800,0.0,0.0,0.0
2022-11-09 00:00:00-05:00,267.760009765625,268.55999755859375,263.0299987792969,263.32000732421875,257.4308166503906,64862100,0.0,0.0,0.0
2022-11-10 00:00:00-05:00,276.010009765625,283.04998779296875,273.8500061035156,282.75,276.4263000488281,99256700,0.0,0.0,0.0
2022-11-11 00:00:00-05:00,282.55999755859375,288.6400146484375,281.19000244140625,287.9599914550781,281.5197448730469,66961800,0.0,0.0,0.0
2022-11-14 00:00:00-05:00,285.8599853515625,289.2099914550781,284.44000244140625,285.44000244140625,279.05609130859375,55290700,0.0,0.0,0.0
2022-11-15 00:00:00-05:00,292.2099914550781,293.260009765625,285.9700012207031,289.3900146484375,282.91778564453125,73985400,0.0,0.0,0.0
2022-11-16 00:00:00-05:00,287.3900146484375,289.4800109863281,284.6000061035156,285.44000244140625,279.05609130859375,48859800,0.0,0.0,0.0
2022-11-17 00:00:00-05:00,280.8800048828125,286.32000732421875,280.7200012207031,284.80999755859375,278.4402160644531,55462100,0.0,0.0,0.0
2022-11-18 00:00:00-05:00,287.8900146484375,287.989990234375,282.32000732421875,284.82000732421875,278.4499206542969,53588600,0.0,0.0,0.0
2022-11-21 00:00:00-05:00,283.3999938964844,284.5799865722656,281.0400085449219,281.8900146484375,275.58551025390625,40083500,0.0,0.0,0.0
2022-11-22 00:00:00-05:00,282.6400146484375,286.1099853515625,280.4599914550781,285.95001220703125,279.5546875,41873400,0.0,0.0,0.0
2022-11-23 00:00:00-05:00,285.9700012207031,289.4599914550781,285.7900085449219,288.82000732421875,282.360595703125,46390000,0.0,0.0,0.0
2022-11-25 00:00:00-05:00,287.19000244140625,287.9100036621094,286.4200134277344,286.9200134277344,280.5030212402344,15498800,0.0,0.0,0.0
2022-11-28 00:00:00-05:00,284.8999938964844,286.9599914550781,281.760009765625,282.7099914550781,276.3871765136719,38714200,0.0,0.0,0.0
2022-11-29 00:00:00-05:00,282.94000244140625,283.3500061035156,279.1700134277344,280.57000732421875,274.2950134277344,35618900,0.0,0.0,0.0
2022-11-30 00:00:00-05:00,280.8399963378906,293.4700012207031,279.9700012207031,293.3599853515625,286.7989807128906,74718100,0.0,0.0,0.0
2022-12-01 00:00:00-05:00,293.69000244140625,295.75,290.8800048828125,293.7200012207031,287.1509094238281,51547300,0.0,0.0,0.0
2022-12-02 00:00:00-05:00,288.5400085449219,293.45001220703125,288.3599853515625,292.54998779296875,286.00714111328125,53583200,0.0,0.0,0.0
2022-12-05 00:00:00-05:00,290.3800048828125,291.67999267578125,286.1499938964844,287.6400146484375,281.2069396972656,41482100,0.0,0.0,0.0
2022-12-06 00:00:00-05:00,287.4800109863281,287.6199951171875,280.260009765625,281.67999267578125,275.3802185058594,53937600,0.0,0.0,0.0
2022-12-07 00:00:00-05:00,280.4700012207031,282.57000732421875,278.7799987792969,280.5299987792969,274.2558898925781,45614300,0.0,0.0,0.0
2022-12-08 00:00:00-05:00,281.9100036621094,284.8399963378906,279.7900085449219,283.8500061035156,277.5017395019531,42594900,0.0,0.0,0.0
2022-12-09 00:00:00-05:00,282.80999755859375,285.6400146484375,281.5899963378906,282.0400085449219,275.73211669921875,47860500,0.0,0.0,0.0
2022-12-12 00:00:00-05:00,282.2200012207031,285.6400146484375,281.1600036621094,285.5799865722656,279.1929626464844,35732500,0.0,0.0,0.0
2022-12-13 00:00:00-05:00,296.6499938964844,296.8800048828125,285.9100036621094,288.6499938964844,282.19427490234375,80667700,0.0,0.0,0.0
2022-12-14 00:00:00-05:00,288.04998779296875,291.4100036621094,283.19000244140625,286.510009765625,280.1021728515625,64984400,0.0,0.0,0.0
2022-12-15 00:00:00-05:00,282.3299865722656,283.010009765625,275.6700134277344,276.8900146484375,270.6973571777344,60554100,0.0,0.0,0.0
2022-12-16 00:00:00-05:00,276.20001220703125,277.7699890136719,272.6099853515625,274.25,268.1163635253906,68300400,0.0,0.0,0.0
2022-12-19 00:00:00-05:00,273.8699951171875,273.9599914550781,268.489990234375,269.75,264.3483581542969,44167900,0.655,0.0,0.0
2022-12-20 00:00:00-05:00,268.55999755859375,271.32000732421875,266.95001220703125,269.5400085449219,264.1424865722656,51064200,0.0,0.0,0.0
2022-12-21 00:00:00-05:00,270.6000061035156,274.7799987792969,269.739990234375,273.45001220703125,267.9742736816406,46394700,0.0,0.0,0.0
2022-12-22 00:00:00-05:00,270.3800048828125,270.510009765625,262.4599914550781,266.760009765625,261.4182434082031,60278400,0.0,0.0,0.0
2022-12-23 00:00:00-05:00,265.4700012207031,268.0400085449219,263.5299987792969,267.3599853515625,262.0062561035156,39373600,0.0,0.0,0.0
2022-12-27 00:00:00-05:00,266.739990234375,266.8500061035156,263.0299987792969,263.5799865722656,258.3019104003906,38009000,0.0,0.0,0.0
2022-12-28 00:00:00-05:00,263.1700134277344,265.4700012207031,259.7300109863281,260.1000061035156,254.89161682128906,47139000,0.0,0.0,0.0
2022-12-29 00:00:00-05:00,262.9599914550781,267.3999938964844,262.25,266.44000244140625,261.1047058105469,45893600,0.0,0.0,0.0
2022-12-30 00:00:00-05:00,263.6199951171875,266.4100036621094,262.2900085449219,266.2799987792969,260.9478759765625,37858300,0.0,0.0,0.0
2023-01-03 00:00:00-05:00,268.6499938964844,270.1499938964844,262.1300048828125,264.4800109863281,259.1839294433594,42335300,0.0,0.0,0.0
2023-01-04 00:00:00-05:00,266.6400146484375,267.45001220703125,262.5299987792969,265.739990234375,260.4186706542969,47754900,0.0,0.0,0.0
2023-01-05 00:00:00-05:00,264.0400085449219,264.2099914550781,261.260009765625,261.5799865722656,256.34197998046875,45396700,0.0,0.0,0.0
2023-01-06 00:00:00-05:00,263.3500061035156,269.94000244140625,260.3399963378906,268.79998779296875,263.4173278808594,54659700,0.0,0.0,0.0
2023-01-09 00:00:00-05:00,270.8299865722656,275.2900085449219,269.9200134277344,270.5400085449219,265.12255859375,45568700,0.0,0.0,0.0
2023-01-10 00:00:00-05:00,269.489990234375,272.94000244140625,268.9700012207031,272.8299865722656,267.36669921875,35247800,0.0,0.0,0.0
2023-01-11 00:00:00-05:00,273.9200134277344,277.6600036621094,273.1199951171875,277.54998779296875,271.9921875,44077000,0.0,0.0,0.0
2023-01-12 00:00:00-05:00,278.1199951171875,280.1000061035156,273.739990234375,279.04998779296875,273.462158203125,60600000,0.0,0.0,0.0
2023-01-13 00:00:00-05:00,276.5,281.2200012207031,276.1600036621094,280.9700012207031,275.3437194824219,44802900,0.0,0.0,0.0
2023-01-17 00:00:00-05:00,280.7699890136719,282.8500061035156,279.5799865722656,281.5400085449219,275.9022521972656,36269700,0.0,0.0,0.0
2023-01-18 00:00:00-05:00,283.1099853515625,284.69000244140625,277.6700134277344,277.8800048828125,272.3155212402344,47754500,0.0,0.0,0.0
2023-01-19 00:00:00-05:00,276.2200012207031,277.3800048828125,273.8900146484375,275.1499938964844,269.6402282714844,44150400,0.0,0.0,0.0
2023-01-20 00:00:00-05:00,276.7900085449219,283.0199890136719,275.7099914550781,282.67999267578125,277.0194091796875,60613600,0.0,0.0,0.0
2023-01-23 00:00:00-05:00,283.5400085449219,290.2099914550781,282.7300109863281,288.9599914550781,283.1736755371094,52799900,0.0,0.0,0.0
2023-01-24 00:00:00-05:00,287.30999755859375,289.54998779296875,286.7799987792969,288.3699951171875,282.5954895019531,44875100,0.0,0.0,0.0
2023-01-25 00:00:00-05:00,283.7699890136719,288.3599853515625,281.17999267578125,287.7300109863281,281.96832275390625,50872000,0.0,0.0,0.0
2023-01-26 00:00:00-05:00,291.2200012207031,293.5199890136719,288.5199890136719,293.3399963378906,287.4660339355469,51596300,0.0,0.0,0.0
2023-01-27 00:00:00-05:00,292.0,298.260009765625,291.8800048828125,296.260009765625,290.3275451660156,56441900,0.0,0.0,0.0
2023-01-30 00:00:00-05:00,292.92999267578125,294.3800048828125,289.8900146484375,290.2699890136719,284.45751953125,49405800,0.0,0.0,0.0
2023-01-31 00:00:00-05:00,290.30999755859375,294.7200012207031,290.20001220703125,294.6199951171875,288.72039794921875,46705100,0.0,0.0,0.0
2023-02-01 00:00:00-05:00,294.4100036621094,303.42999267578125,292.29998779296875,300.9200134277344,294.89422607421875,67562200,0.0,0.0,0.0
2023-02-02 00:00:00-05:00,307.57000732421875,313.67999267578125,306.7300109863281,311.7200012207031,305.47796630859375,83070600,0.0,0.0,0.0
2023-02-03 00:00:00-05:00,304.94000244140625,312.3900146484375,304.5400085449219,306.17999267578125,300.0488586425781,76170800,0.0,0.0,0.0
2023-02-06 00:00:00-05:00,303.510009765625,305.9100036621094,302.2200012207031,303.5899963378906,297.5106506347656,40802300,0.0,0.0,0.0
2023-02-07 00:00:00-05:00,303.4599914550781,311.0299987792969,302.32000732421875,309.8800048828125,303.6748046875,67584000,0.0,0.0,0.0
2023-02-08 00:00:00-05:00,308.5400085449219,309.5,303.6700134277344,304.3699951171875,298.2751159667969,56720900,0.0,0.0,0.0
2023-02-09 00:00:00-05:00,308.8399963378906,308.989990234375,300.20001220703125,301.67999267578125,295.63897705078125,49137800,0.0,0.0,0.0
2023-02-10 00:00:00-05:00,299.4800109863281,301.57000732421875,297.25,299.70001220703125,293.69866943359375,50050100,0.0,0.0,0.0
2023-02-13 00:00:00-05:00,301.1300048828125,305.1000061035156,299.92999267578125,304.5,298.4025573730469,39636700,0.0,0.0,0.0
2023-02-14 00:00:00-05:00,302.8900146484375,307.7200012207031,300.9100036621094,306.75,300.60748291015625,64079100,0.0,0.0,0.0
2023-02-15 00:00:00-05:00,304.8999938964844,309.2699890136719,304.20001220703125,309.1000061035156,302.9104309082031,43100600,0.0,0.0,0.0
2023-02-16 00:00:00-05:00,304.3800048828125,308.42999267578125,303.1499938964844,303.29998779296875,297.22650146484375,59498600,0.0,0.0,0.0
2023-02-17 00:00:00-05:00,301.07000732421875,301.92999267578125,298.1000061035156,301.1600036621094,295.1294860839844,58230700,0.0,0.0,0.0
2023-02-21 00:00:00-05:00,297.260009765625,298.7300109863281,293.8900146484375,294.0299987792969,288.1421813964844,46526700,0.0,0.0,0.0
2023-02-22 00:00:00-05:00,294.6199951171875,296.3599853515625,292.55999755859375,294.25,288.3577880859375,51389200,0.0,0.0,0.0
2023-02-23 00:00:00-05:00,297.9700012207031,298.1300048828125,292.54998779296875,296.82000732421875,290.8763427734375,69294400,0.0,0.0,0.0
2023-02-24 00:00:00-05:00,291.760009765625,292.9700012207031,290.04998779296875,291.8500061035156,286.005859375,74332000,0.0,0.0,0.0
2023-02-27 00:00:00-05:00,295.07000732421875,296.489990234375,293.3399963378906,293.94000244140625,288.053955078125,48995000,0.0,0.0,0.0
2023-02-28 00:00:00-05:00,293.29998779296875,296.1199951171875,292.9599914550781,293.55999755859375,287.68157958984375,48243100,0.0,0.0,0.0
2023-03-01 00:00:00-05:00,293.260009765625,293.92999267578125,290.20001220703125,291.20001220703125,285.3688659667969,58287000,0.0,0.0,0.0
2023-03-02 00:00:00-05:00,288.6600036621094,294.42999267578125,288.3699951171875,293.6099853515625,287.7305603027344,53565900,0.0,0.0,0.0
2023-03-03 00:00:00-05:00,295.3900146484375,299.9200134277344,294.8699951171875,299.67999267578125,293.6791076660156,60511500,0.0,0.0,0.0
2023-03-06 00:00:00-05:00,300.94000244140625,304.0,299.82000732421875,300.0199890136719,294.0122375488281,56736300,0.0,0.0,0.0
2023-03-07 00:00:00-05:00,300.07000732421875,301.010009765625,295.7200012207031,296.3399963378906,290.40594482421875,65955800,0.0,0.0,0.0
2023-03-08 00:00:00-05:00,296.7699890136719,298.42999267578125,294.8800048828125,297.82000732421875,291.85626220703125,50876300,0.0,0.0,0.0
2023-03-09 00:00:00-05:00,298.3299865722656,300.9800109863281,291.8299865722656,292.6600036621094,286.7996520996094,71456700,0.0,0.0,0.0
2023-03-10 00:00:00-05:00,292.8299865722656,294.3500061035156,287.3800048828125,288.54998779296875,282.77191162109375,98593600,0.0,0.0,0.0
2023-03-13 00:00:00-04:00,286.7300109863281,294.4700012207031,285.19000244140625,290.69000244140625,284.86907958984375,97123600,0.0,0.0,0.0
2023-03-14 00:00:00-04:00,294.30999755859375,297.92999267578125,293.45001220703125,297.3699951171875,291.415283203125,73602500,0.0,0.0,0.0
2023-03-15 00:00:00-04:00,294.7099914550781,299.2699890136719,293.239990234375,298.92999267578125,292.94403076171875,83631500,0.0,0.0,0.0
2023-03-16 00:00:00-04:00,298.0,307.17999267578125,297.19000244140625,306.80999755859375,300.666259765625,98198100,0.0,0.0,0.0
2023-03-17 00:00:00-04:00,306.7200012207031,309.1499938964844,303.3699951171875,305.3599853515625,299.24530029296875,89923700,0.0,0.0,0.0
2023-03-20 00:00:00-04:00,304.260009765625,306.29998779296875,302.010009765625,305.9700012207031,300.30731201171875,56359500,0.472,0.0,0.0
2023-03-21 00:00:00-04:00,307.94000244140625,310.79998779296875,306.3999938964844,310.3399963378906,304.59637451171875,49757000,0.0,0.0,0.0
2023-03-22 00:00:00-04:00,310.2699890136719,315.25,305.95001220703125,306.1199951171875,300.4544372558594,75791900,0.0,0.0,0.0
2023-03-23 00:00:00-04:00,309.9200134277344,314.1499938964844,307.010009765625,309.75,304.0173034667969,74576000,0.0,0.0,0.0
2023-03-24 00:00:00-04:00,309.32000732421875,310.989990234375,306.95001220703125,310.8900146484375,305.1361999511719,57195200,0.0,0.0,0.0
2023-03-27 00:00:00-04:00,311.6000061035156,312.70001220703125,307.8900146484375,308.760009765625,303.045654296875,50287400,0.0,0.0,0.0
2023-03-28 00:00:00-04:00,308.1700134277344,308.20001220703125,304.7699890136719,307.1199951171875,301.43597412109375,48585900,0.0,0.0,0.0
2023-03-29 00:00:00-04:00,310.8800048828125,313.3500061035156,310.04998779296875,312.7200012207031,306.9324035644531,53274300,0.0,0.0,0.0
2023-03-30 00:00:00-04:00,315.239990234375,316.32000732421875,312.80999755859375,315.67999267578125,309.83758544921875,58354800,0.0,0.0,0.0
2023-03-31 00:00:00-04:00,315.9100036621094,321.1700134277344,315.6000061035156,320.92999267578125,314.9903869628906,62138100,0.0,0.0,0.0
2023-04-03 00:00:00-04:00,318.7699890136719,320.4200134277344,317.4200134277344,320.1499938964844,314.224853515625,47126800,0.0,0.0,0.0
2023-04-04 00:00:00-04:00,320.6000061035156,321.6300048828125,317.8299865722656,319.07000732421875,313.16485595703125,45875400,0.0,0.0,0.0
2023-04-05 00:00:00-04:00,318.1000061035156,319.05999755859375,314.07000732421875,315.9200134277344,310.0731506347656,62795700,0.0,0.0,0.0
2023-04-06 00:00:00-04:00,314.239990234375,318.54998779296875,312.82000732421875,318.04998779296875,312.1637268066406,46916500,0.0,0.0,0.0
2023-04-10 00:00:00-04:00,315.07000732421875,317.9200134277344,313.25,317.8699951171875,311.98699951171875,45134700,0.0,0.0,0.0
2023-04-11 00:00:00-04:00,317.8299865722656,317.8900146484375,315.30999755859375,315.8299865722656,309.98480224609375,40113600,0.0,0.0,0.0
2023-04-12 00:00:00-04:00,317.82000732421875,318.4200134277344,312.57000732421875,313.0400085449219,307.2464294433594,62813300,0.0,0.0,0.0
2023-04-13 00:00:00-04:00,314.8299865722656,319.6499938964844,313.6300048828125,319.1700134277344,313.2630615234375,54613800,0.0,0.0,0.0
2023-04-14 00:00:00-04:00,317.5899963378906,320.3599853515625,315.6099853515625,318.57000732421875,312.67401123046875,56278300,0.0,0.0,0.0
2023-04-17 00:00:00-04:00,318.1499938964844,319.20001220703125,316.0400085449219,318.8399963378906,312.9390869140625,43007000,0.0,0.0,0.0
2023-04-18 00:00:00-04:00,320.989990234375,321.4200134277344,317.6400146484375,318.8599853515625,312.95867919921875,46746900,0.0,0.0,0.0
2023-04-19 00:00:00-04:00,316.4100036621094,319.7900085449219,316.2799987792969,318.7099914550781,312.8114929199219,38960100,0.0,0.0,0.0
2023-04-20 00:00:00-04:00,315.69000244140625,319.2699890136719,314.9700012207031,316.2799987792969,310.4264831542969,62462100,0.0,0.0,0.0
2023-04-21 00:00:00-04:00,315.9100036621094,317.3999938964844,314.1000061035156,316.6099853515625,310.7503662109375,59002300,0.0,0.0,0.0
2023-04-24 00:00:00-04:00,316.3800048828125,317.739990234375,313.739990234375,315.95001220703125,310.1025695800781,44043100,0.0,0.0,0.0
2023-04-25 00:00:00-04:00,314.2900085449219,314.9700012207031,309.8900146484375,309.989990234375,304.25286865234375,57121600,0.0,0.0,0.0
2023-04-26 00:00:00-04:00,313.44000244140625,314.94000244140625,311.3399963378906,311.8699951171875,306.09808349609375,55400500,0.0,0.0,0.0
2023-04-27 00:00:00-04:00,315.70001220703125,320.8599853515625,315.04998779296875,320.3500061035156,314.421142578125,65430400,0.0,0.0,0.0
2023-04-28 00:00:00-04:00,320.1099853515625,322.6499938964844,318.9599914550781,322.55999755859375,316.5902099609375,59712600,0.0,0.0,0.0
2023-05-01 00:00:00-04:00,322.0899963378906,323.6300048828125,321.0899963378906,322.19000244140625,316.2270202636719,41013400,0.0,0.0,0.0
2023-05-02 00:00:00-04:00,322.1199951171875,322.45001220703125,317.6099853515625,319.3800048828125,313.4691162109375,56519400,0.0,0.0,0.0
2023-05-03 00:00:00-04:00,319.75,322.4700012207031,317.17999267578125,317.2900085449219,311.4177551269531,59882100,0.0,0.0,0.0
2023-05-04 00:00:00-04:00,317.05999755859375,318.2300109863281,315.1199951171875,316.1700134277344,310.3184814453125,50224500,0.0,0.0,0.0
2023-05-05 00:00:00-04:00,318.4700012207031,323.760009765625,316.2099914550781,322.8900146484375,316.9140930175781,51806100,0.0,0.0,0.0
2023-05-08 00:00:00-04:00,322.4200134277344,324.0400085449219,321.32000732421875,323.69000244140625,317.69927978515625,36465800,0.0,0.0,0.0
2023-05-09 00:00:00-04:00,322.0,322.8800048828125,321.32000732421875,321.6400146484375,315.6872863769531,31768800,0.0,0.0,0.0
2023-05-10 00:00:00-04:00,324.1199951171875,326.010009765625,321.6000061035156,325.1400146484375,319.1225280761719,60446600,0.0,0.0,0.0
2023-05-11 00:00:00-04:00,325.70001220703125,326.75,324.1199951171875,326.20001220703125,320.16290283203125,44278500,0.0,0.0,0.0
2023-05-12 00:00:00-04:00,326.739990234375,327.1700134277344,322.94000244140625,325.0299987792969,319.0145263671875,48432800,0.0,0.0,0.0
2023-05-15 00:00:00-04:00,325.510009765625,327.0299987792969,323.9599914550781,326.7900085449219,320.741943359375,33375600,0.0,0.0,0.0
2023-05-16 00:00:00-04:00,326.05999755859375,328.8999938964844,326.0199890136719,327.1600036621094,321.1051025390625,40019200,0.0,0.0,0.0
2023-05-17 00:00:00-04:00,328.239990234375,331.7099914550781,327.0400085449219,331.1199951171875,324.9918212890625,47486100,0.0,0.0,0.0
2023-05-18 00:00:00-04:00,331.5199890136719,337.489990234375,331.5,337.2699890136719,331.02801513671875,64213500,0.0,0.0,0.0
2023-05-19 00:00:00-04:00,337.489990234375,338.2099914550781,335.42999267578125,336.510009765625,330.2820129394531,61554900,0.0,0.0,0.0
2023-05-22 00:00:00-04:00,336.25,338.6700134277344,336.239990234375,337.6400146484375,331.3912048339844,43015900,0.0,0.0,0.0
2023-05-23 00:00:00-04:00,335.8900146484375,337.05999755859375,333.0,333.3599853515625,327.19036865234375,48216700,0.0,0.0,0.0
2023-05-24 00:00:00-04:00,331.3699951171875,332.9100036621094,329.55999755859375,331.6499938964844,325.51202392578125,62891200,0.0,0.0,0.0
2023-05-25 00:00:00-04:00,339.1400146484375,341.010009765625,336.6700134277344,339.7200012207031,333.4326477050781,66862800,0.0,0.0,0.0
2023-05-26 00:00:00-04:00,340.760009765625,349.25,340.6600036621094,348.3999938964844,341.9519958496094,63007000,0.0,0.0,0.0
2023-05-30 00:00:00-04:00,352.7099914550781,353.92999267578125,348.5299987792969,349.9800109863281,343.5027770996094,72652200,0.0,0.0,0.0
2023-05-31 00:00:00-04:00,348.3699951171875,350.6000061035156,346.510009765625,347.989990234375,341.549560546875,65105400,0.0,0.0,0.0
2023-06-01 00:00:00-04:00,347.7300109863281,353.3599853515625,346.6600036621094,352.010009765625,345.49517822265625,50488600,0.0,0.0,0.0
2023-06-02 00:00:00-04:00,353.79998779296875,355.8299865722656,352.010009765625,354.6499938964844,348.0863342285156,53372100,0.0,0.0,0.0
2023-06-05 00:00:00-04:00,354.42999267578125,357.5,353.8500061035156,354.8999938964844,348.3316955566406,47266200,0.0,0.0,0.0
2023-06-06 00:00:00-04:00,354.2799987792969,355.82000732421875,352.92999267578125,354.8399963378906,348.2727966308594,41390400,0.0,0.0,0.0
2023-06-07 00:00:00-04:00,355.1300048828125,357.1199951171875,348.17999267578125,348.82000732421875,342.3641662597656,69225900,0.0,0.0,0.0
2023-06-08 00:00:00-04:00,349.1199951171875,353.6199951171875,348.8900146484375,353.1499938964844,346.614013671875,47153900,0.0,0.0,0.0
2023-06-09 00:00:00-04:00,354.6300048828125,357.6600036621094,353.0299987792969,354.5,347.9390869140625,53196900,0.0,0.0,0.0
2023-06-12 00:00:00-04:00,356.19000244140625,360.5899963378906,355.20001220703125,360.489990234375,353.8182067871094,44606500,0.0,0.0,0.0
2023-06-13 00:00:00-04:00,363.2900085449219,364.1099853515625,360.0299987792969,363.260009765625,356.5369567871094,57097800,0.0,0.0,0.0
2023-06-14 00:00:00-04:00,363.2699890136719,366.19000244140625,360.4200134277344,365.8999938964844,359.1281433105469,69525600,0.0,0.0,0.0
2023-06-15 00:00:00-04:00,364.6099853515625,371.7699890136719,363.9800109863281,370.260009765625,363.4074401855469,71138800,0.0,0.0,0.0
2023-06-16 00:00:00-04:00,372.7200012207031,372.8500061035156,367.4800109863281,367.92999267578125,361.12054443359375,80932000,0.0,0.0,0.0
2023-06-20 00:00:00-04:00,365.95001220703125,368.32000732421875,363.8900146484375,366.8999938964844,360.60357666015625,49204700,0.504,0.0,0.0
2023-06-21 00:00:00-04:00,365.739990234375,366.17999267578125,360.9599914550781,361.8999938964844,355.689453125,53378300,0.0,0.0,0.0
2023-06-22 00:00:00-04:00,360.6300048828125,366.3299865722656,360.2200012207031,366.1700134277344,359.8860778808594,47603000,0.0,0.0,0.0
2023-06-23 00:00:00-04:00,362.2099914550781,364.8800048828125,360.82000732421875,362.5400085449219,356.3184509277344,48922900,0.0,0.0,0.0
2023-06-26 00:00:00-04:00,362.0,364.8399963378906,357.5899963378906,357.67999267578125,351.5417785644531,52685500,0.0,0.0,0.0
2023-06-27 00:00:00-04:00,359.25,364.57000732421875,358.510009765625,363.8299865722656,357.5862731933594,49428100,0.0,0.0,0.0
2023-06-28 00:00:00-04:00,361.9800109863281,366.5199890136719,361.8999938964844,364.5400085449219,358.2840881347656,46498000,0.0,0.0,0.0
2023-06-29 00:00:00-04:00,364.239990234375,364.8900146484375,362.1400146484375,363.80999755859375,357.5666198730469,46151000,0.0,0.0,0.0
2023-06-30 00:00:00-04:00,367.54998779296875,370.489990234375,367.2300109863281,369.4200134277344,363.08026123046875,58712500,0.0,0.0,0.0
2023-07-03 00:00:00-04:00,370.07000732421875,370.92999267578125,368.9700012207031,370.2900085449219,363.9354553222656,19432900,0.0,0.0,0.0
2023-07-05 00:00:00-04:00,368.70001220703125,372.010009765625,368.6600036621094,370.2799987792969,363.9255676269531,34460900,0.0,0.0,0.0
2023-07-06 00:00:00-04:00,366.510009765625,367.9100036621094,364.5199890136719,367.4599914550781,361.1540222167969,49374700,0.0,0.0,0.0
2023-07-07 00:00:00-04:00,367.2300109863281,370.4800109863281,366.010009765625,366.239990234375,359.95489501953125,47133700,0.0,0.0,0.0
2023-07-10 00:00:00-04:00,365.9599914550781,367.04998779296875,363.4100036621094,366.3599853515625,360.07281494140625,48498800,0.0,0.0,0.0
2023-07-11 00:00:00-04:00,366.7900085449219,368.6300048828125,364.6199951171875,368.1700134277344,361.851806640625,38214100,0.0,0.0,0.0
2023-07-12 00:00:00-04:00,372.3399963378906,374.19000244140625,370.29998779296875,372.82000732421875,366.4219665527344,61975400,0.0,0.0,0.0
2023-07-13 00:00:00-04:00,376.04998779296875,379.989990234375,375.4599914550781,379.1499938964844,372.643310546875,46960000,0.0,0.0,0.0
2023-07-14 00:00:00-04:00,379.5899963378906,382.8599853515625,378.17999267578125,379.07000732421875,372.564697265625,55148500,0.0,0.0,0.0
2023-07-17 00:00:00-04:00,379.79998779296875,383.5,379.30999755859375,382.6099853515625,376.0439453125,40868900,0.0,0.0,0.0
2023-07-18 00:00:00-04:00,381.9599914550781,387.1300048828125,380.0,385.739990234375,379.1202392578125,55262000,0.0,0.0,0.0
2023-07-19 00:00:00-04:00,386.82000732421875,387.9800109863281,384.29998779296875,385.6499938964844,379.03173828125,54093000,0.0,0.0,0.0
2023-07-20 00:00:00-04:00,382.6099853515625,384.1000061035156,375.7200012207031,376.760009765625,370.29437255859375,71941700,0.0,0.0,0.0
2023-07-21 00:00:00-04:00,379.17999267578125,379.9200134277344,375.19000244140625,375.6300048828125,369.1837463378906,60499600,0.0,0.0,0.0
2023-07-24 00:00:00-04:00,376.6199951171875,377.5799865722656,374.3399963378906,376.2300109863281,369.7735290527344,40380100,0.0,0.0,0.0
2023-07-25 00:00:00-04:00,376.95001220703125,380.4700012207031,376.92999267578125,378.7799987792969,372.2797546386719,38894400,0.0,0.0,0.0
2023-07-26 00:00:00-04:00,377.7200012207031,379.239990234375,375.17999267578125,377.5199890136719,371.0413513183594,47075700,0.0,0.0,0.0
2023-07-27 00:00:00-04:00,383.07000732421875,384.7099914550781,375.30999755859375,376.6199951171875,370.15679931640625,63940200,0.0,0.0,0.0
2023-07-28 00:00:00-04:00,380.739990234375,384.5199890136719,380.2200012207031,383.4800109863281,376.8990478515625,56902900,0.0,0.0,0.0
2023-07-31 00:00:00-04:00,383.7900085449219,384.8800048828125,382.3399963378906,383.67999267578125,377.09564208984375,44019900,0.0,0.0,0.0
2023-08-01 00:00:00-04:00,382.30999755859375,383.55999755859375,380.69000244140625,382.7900085449219,376.2209167480469,41060600,0.0,0.0,0.0
2023-08-02 00:00:00-04:00,379.260009765625,379.260009765625,373.1300048828125,374.3900146484375,367.9650573730469,72687100,0.0,0.0,0.0
2023-08-03 00:00:00-04:00,371.94000244140625,375.95001220703125,371.7699890136719,373.7900085449219,367.3753356933594,47666400,0.0,0.0,0.0
2023-08-04 00:00:00-04:00,375.75,378.1000061035156,371.5299987792969,372.0400085449219,365.6553955078125,61702800,0.0,0.0,0.0
2023-08-07 00:00:00-04:00,373.8800048828125,375.2900085449219,371.510009765625,375.19000244140625,368.7513122558594,37230400,0.0,0.0,0.0
2023-08-08 00:00:00-04:00,372.6400146484375,372.6600036621094,368.82000732421875,372.0,365.61602783203125,44726500,0.0,0.0,0.0
2023-08-09 00:00:00-04:00,372.2900085449219,372.45001220703125,367.1400146484375,367.9100036621094,361.5962829589844,51150900,0.0,0.0,0.0
2023-08-10 00:00:00-04:00,370.9700012207031,374.3599853515625,367.0400085449219,368.5899963378906,362.2646179199219,72035300,0.0,0.0,0.0
2023-08-11 00:00:00-04:00,365.989990234375,368.0,364.69000244140625,366.239990234375,359.95489501953125,48707200,0.0,0.0,0.0
2023-08-14 00:00:00-04:00,365.42999267578125,370.4700012207031,364.70001220703125,370.3500061035156,363.9944152832031,42130800,0.0,0.0,0.0
2023-08-15 00:00:00-04:00,369.3599853515625,370.1700134277344,365.739990234375,366.4200134277344,360.1318054199219,45539900,0.0,0.0,0.0
2023-08-16 00:00:00-04:00,365.8699951171875,367.42999267578125,362.44000244140625,362.5400085449219,356.3184509277344,53190500,0.0,0.0,0.0
2023-08-17 00:00:00-04:00,363.9599914550781,364.30999755859375,358.1600036621094,358.5799865722656,352.42633056640625,62604300,0.0,0.0,0.0
2023-08-18 00:00:00-04:00,355.260009765625,359.4100036621094,354.7099914550781,358.1300048828125,351.9841003417969,61191400,0.0,0.0,0.0
2023-08-21 00:00:00-04:00,359.6199951171875,364.5899963378906,359.1499938964844,363.8999938964844,357.65509033203125,50696500,0.0,0.0,0.0
2023-08-22 00:00:00-04:00,366.54998779296875,366.55999755859375,362.67999267578125,363.3800048828125,357.14404296875,44530200,0.0,0.0,0.0
2023-08-23 00:00:00-04:00,364.5799865722656,370.2200012207031,364.3599853515625,369.1099853515625,362.7756652832031,51770600,0.0,0.0,0.0
2023-08-24 00:00:00-04:00,372.6400146484375,372.739990234375,361.010009765625,361.2200012207031,355.0210266113281,66842500,0.0,0.0,0.0
2023-08-25 00:00:00-04:00,362.07000732421875,365.739990234375,358.5799865722656,364.0199890136719,357.7730407714844,69960500,0.0,0.0,0.0
2023-08-28 00:00:00-04:00,366.989990234375,367.7099914550781,364.25,366.760009765625,360.46600341796875,40910000,0.0,0.0,0.0
2023-08-29 00:00:00-04:00,366.55999755859375,375.1300048828125,366.2300109863281,374.7699890136719,368.3385314941406,58492400,0.0,0.0,0.0
2023-08-30 00:00:00-04:00,374.8800048828125,377.45001220703125,373.8599853515625,376.8599853515625,370.39263916015625,41731500,0.0,0.0,0.0
2023-08-31 00:00:00-04:00,376.94000244140625,379.7200012207031,376.8699951171875,377.989990234375,371.5032653808594,35730700,0.0,0.0,0.0
2023-09-01 00:00:00-04:00,380.3999938964844,380.8299865722656,376.0799865722656,377.5899963378906,371.110107421875,39801200,0.0,0.0,0.0
2023-09-05 00:00:00-04:00,376.7699890136719,379.30999755859375,375.8299865722656,378.07000732421875,371.5818786621094,32344200,0.0,0.0,0.0
2023-09-06 00:00:00-04:00,377.2799987792969,377.6300048828125,372.70001220703125,374.739990234375,368.3089904785156,42998700,0.0,0.0,0.0
2023-09-07 00:00:00-04:00,370.2099914550781,372.8500061035156,369.1499938964844,372.05999755859375,365.6750183105469,52060700,0.0,0.0,0.0
2023-09-08 00:00:00-04:00,372.010009765625,374.8500061035156,371.6000061035156,372.5799865722656,366.18609619140625,35800100,0.0,0.0,0.0
2023-09-11 00:00:00-04:00,375.6600036621094,377.489990234375,373.6600036621094,376.9700012207031,370.50079345703125,39936600,0.0,0.0,0.0
2023-09-12 00:00:00-04:00,375.2699890136719,376.95001220703125,372.5,372.7900085449219,366.39251708984375,41391000,0.0,0.0,0.0
2023-09-13 00:00:00-04:00,373.0299987792969,375.8399963378906,371.8800048828125,374.2099914550781,367.78814697265625,46300700,0.0,0.0,0.0
2023-09-14 00:00:00-04:00,375.989990234375,378.2699890136719,373.8900146484375,377.2699890136719,370.7956237792969,48039400,0.0,0.0,0.0
2023-09-15 00:00:00-04:00,375.9100036621094,376.32000732421875,369.8599853515625,370.80999755859375,364.446533203125,69811200,0.0,0.0,0.0
2023-09-18 00:00:00-04:00,369.32000732421875,371.7900085449219,369.0299987792969,370.6600036621094,364.8264465332031,36903500,0.536,0.0,0.0
2023-09-19 00:00:00-04:00,369.32000732421875,370.67999267578125,366.79998779296875,369.8699951171875,364.0487976074219,37621700,0.0,0.0,0.0
2023-09-20 00:00:00-04:00,370.95001220703125,371.30999755859375,364.4599914550781,364.5400085449219,358.8027648925781,45514200,0.0,0.0,0.0
2023-09-21 00:00:00-04:00,360.79998779296875,361.6000061035156,357.69000244140625,357.8599853515625,352.2279052734375,69734800,0.0,0.0,0.0
2023-09-22 00:00:00-04:00,359.6300048828125,361.79998779296875,357.5899963378906,357.9100036621094,352.277099609375,51589700,0.0,0.0,0.0
2023-09-25 00:00:00-04:00,356.92999267578125,359.70001220703125,355.92999267578125,359.6099853515625,353.9503479003906,39168000,0.0,0.0,0.0
2023-09-26 00:00:00-04:00,356.989990234375,357.5400085449219,353.2099914550781,354.2099914550781,348.63525390625,53657700,0.0,0.0,0.0
2023-09-27 00:00:00-04:00,355.3800048828125,356.9800109863281,351.3599853515625,355.0400085449219,349.4522399902344,56066000,0.0,0.0,0.0
2023-09-28 00:00:00-04:00,354.1099853515625,360.1700134277344,353.239990234375,358.010009765625,352.37548828125,56453300,0.0,0.0,0.0
2023-09-29 00:00:00-04:00,361.5400085449219,362.95001220703125,357.0199890136719,358.2699890136719,352.6313781738281,64829600,0.0,0.0,0.0
2023-10-02 00:00:00-04:00,358.5400085449219,362.67999267578125,357.9200134277344,361.260009765625,355.5743713378906,51625100,0.0,0.0,0.0
2023-10-03 00:00:00-04:00,358.7799987792969,361.010009765625,353.2799987792969,354.9200134277344,349.3340759277344,60478500,0.0,0.0,0.0
2023-10-04 00:00:00-04:00,355.7699890136719,360.6099853515625,355.29998779296875,359.75,354.0881042480469,54786700,0.0,0.0,0.0
2023-10-05 00:00:00-04:00,359.739990234375,360.1499938964844,355.1400146484375,358.69000244140625,353.0447998046875,45897400,0.0,0.0,0.0
2023-10-06 00:00:00-04:00,355.6499938964844,365.9100036621094,354.8500061035156,364.70001220703125,358.960205078125,75049100,0.0,0.0,0.0
2023-10-09 00:00:00-04:00,362.29998779296875,367.1099853515625,360.7799987792969,366.55999755859375,360.7909240722656,45304800,0.0,0.0,0.0
2023-10-10 00:00:00-04:00,366.8999938964844,371.2799987792969,366.3900146484375,368.5899963378906,362.7889709472656,46968800,0.0,0.0,0.0
2023-10-11 00:00:00-04:00,369.94000244140625,371.4100036621094,368.19000244140625,371.2200012207031,365.3775939941406,38215100,0.0,0.0,0.0
2023-10-12 00:00:00-04:00,371.7300109863281,373.739990234375,367.5,369.92999267578125,364.1078796386719,49587900,0.0,0.0,0.0
2023-10-13 00:00:00-04:00,370.57000732421875,371.1600036621094,363.8599853515625,365.2799987792969,359.5311279296875,52469900,0.0,0.0,0.0
2023-10-16 00:00:00-04:00,366.6199951171875,370.4800109863281,366.4700012207031,369.4100036621094,363.5960388183594,44201100,0.0,0.0,0.0
2023-10-17 00:00:00-04:00,365.80999755859375,369.9200134277344,363.6600036621094,368.20001220703125,362.4051208496094,50999100,0.0,0.0,0.0
2023-10-18 00:00:00-04:00,365.6700134277344,367.9100036621094,362.0199890136719,363.3699951171875,357.651123046875,54280500,0.0,0.0,0.0
2023-10-19 00:00:00-04:00,364.80999755859375,366.0199890136719,359.1600036621094,359.9700012207031,354.3046569824219,72274200,0.0,0.0,0.0
2023-10-20 00:00:00-04:00,359.4599914550781,360.0400085449219,354.3699951171875,354.6000061035156,349.0191650390625,72559700,0.0,0.0,0.0
2023-10-23 00:00:00-04:00,353.260009765625,359.260009765625,351.1199951171875,355.6700134277344,350.07232666015625,60665200,0.0,0.0,0.0
2023-10-24 00:00:00-04:00,357.510009765625,359.9100036621094,355.7900085449219,359.1300048828125,353.4778747558594,47082100,0.0,0.0,0.0
2023-10-25 00:00:00-04:00,356.70001220703125,356.8800048828125,349.75,350.3399963378906,344.8262939453125,71190500,0.0,0.0,0.0
2023-10-26 00:00:00-04:00,349.1199951171875,350.07000732421875,342.3500061035156,343.6600036621094,338.25140380859375,78621400,0.0,0.0,0.0
2023-10-27 00:00:00-04:00,346.42999267578125,348.8399963378906,344.0799865722656,345.30999755859375,339.8753967285156,63476700,0.0,0.0,0.0
2023-10-30 00:00:00-04:00,347.8299865722656,350.5400085449219,346.45001220703125,349.20001220703125,343.7041320800781,55298500,0.0,0.0,0.0
2023-10-31 00:00:00-04:00,349.2300109863281,351.25,346.6199951171875,350.8699951171875,345.3478088378906,47671900,0.0,0.0,0.0
2023-11-01 00:00:00-04:00,351.7200012207031,357.5299987792969,351.6199951171875,356.9599914550781,351.3420104980469,58992700,0.0,0.0,0.0
2023-11-02 00:00:00-04:00,361.5400085449219,363.67999267578125,360.29998779296875,363.44000244140625,357.7200622558594,58162400,0.0,0.0,0.0
2023-11-03 00:00:00-04:00,364.75,369.0199890136719,364.5199890136719,367.7099914550781,361.92279052734375,53280500,0.0,0.0,0.0
2023-11-06 00:00:00-05:00,368.489990234375,369.7799987792969,366.9100036621094,369.2099914550781,363.3991394042969,38848700,0.0,0.0,0.0
2023-11-07 00:00:00-05:00,370.2699890136719,373.5799865722656,369.04998779296875,372.70001220703125,366.83428955078125,50777400,0.0,0.0,0.0
2023-11-08 00:00:00-05:00,373.0799865722656,373.7900085449219,370.6199951171875,372.94000244140625,367.07049560546875,35663400,0.0,0.0,0.0
2023-11-09 00:00:00-05:00,373.6400146484375,374.79998779296875,369.57000732421875,370.07000732421875,364.24566650390625,53859400,0.0,0.0,0.0
2023-11-10 00:00:00-05:00,371.82000732421875,378.5400085449219,371.2799987792969,378.3900146484375,372.43475341796875,58309800,0.0,0.0,0.0
2023-11-13 00:00:00-05:00,376.7900085449219,378.2799987792969,375.239990234375,377.2099914550781,371.2733459472656,40733500,0.0,0.0,0.0
2023-11-14 00:00:00-05:00,383.7099914550781,386.260009765625,383.17999267578125,385.3299865722656,379.2655944824219,67792600,0.0,0.0,0.0
2023-11-15 00:00:00-05:00,387.25,387.75,384.239990234375,385.6199951171875,379.55096435546875,54141400,0.0,0.0,0.0
2023-11-16 00:00:00-05:00,384.8399963378906,386.19000244140625,383.55999755859375,385.95001220703125,379.87579345703125,45343500,0.0,0.0,0.0
2023-11-17 00:00:00-05:00,385.2099914550781,387.07000732421875,384.2900085449219,386.0400085449219,379.96435546875,46571900,0.0,0.0,0.0
2023-11-20 00:00:00-05:00,386.04998779296875,391.4100036621094,386.04998779296875,390.739990234375,384.59039306640625,44429600,0.0,0.0,0.0
2023-11-21 00:00:00-05:00,389.010009765625,389.2300109863281,386.70001220703125,388.4700012207031,382.3560791015625,43337000,0.0,0.0,0.0
2023-11-22 00:00:00-05:00,390.57000732421875,393.07000732421875,389.0400085449219,390.05999755859375,383.9210510253906,44121000,0.0,0.0,0.0
2023-11-24 00:00:00-05:00,389.6499938964844,390.25,388.5,389.510009765625,383.3797302246094,15718800,0.0,0.0,0.0
2023-11-27 00:00:00-05:00,389.010009765625,391.1499938964844,388.2799987792969,389.1700134277344,383.04510498046875,34139700,0.0,0.0,0.0
2023-11-28 00:00:00-05:00,388.4100036621094,390.7799987792969,388.04998779296875,390.19000244140625,384.04901123046875,35491100,0.0,0.0,0.0
2023-11-29 00:00:00-05:00,392.69000244140625,394.1400146484375,389.4599914550781,389.80999755859375,383.6749572753906,38811700,0.0,0.0,0.0
2023-11-30 00:00:00-05:00,390.0799865722656,390.54998779296875,385.82000732421875,388.8299865722656,382.7103576660156,52834400,0.0,0.0,0.0
2023-12-01 00:00:00-05:00,387.75,390.5400085449219,386.07000732421875,389.94000244140625,383.802978515625,40490100,0.0,0.0,0.0
2023-12-04 00:00:00-05:00,386.0899963378906,386.6000061035156,382.6600036621094,386.32000732421875,380.2399597167969,51186900,0.0,0.0,0.0
2023-12-05 00:00:00-05:00,384.3900146484375,388.5,384.2099914550781,387.2900085449219,381.1947021484375,42933000,0.0,0.0,0.0
2023-12-06 00:00:00-05:00,390.2699890136719,390.3699951171875,384.70001220703125,385.04998779296875,378.98992919921875,41994100,0.0,0.0,0.0
2023-12-07 00:00:00-05:00,388.07000732421875,391.2699890136719,386.9599914550781,390.42999267578125,384.28521728515625,49593500,0.0,0.0,0.0
2023-12-08 00:00:00-05:00,388.6700134277344,392.6199951171875,388.4800109863281,392.1700134277344,385.9978942871094,46687500,0.0,0.0,0.0
2023-12-11 00:00:00-05:00,391.739990234375,395.7900085449219,391.5299987792969,395.5199890136719,389.2950744628906,41198000,0.0,0.0,0.0
2023-12-12 00:00:00-05:00,395.55999755859375,398.7900085449219,394.4100036621094,398.6700134277344,392.39556884765625,39221200,0.0,0.0,0.0
2023-12-13 00:00:00-05:00,399.6199951171875,404.3599853515625,398.8399963378906,403.739990234375,397.3857727050781,55408100,0.0,0.0,0.0
2023-12-14 00:00:00-05:00,404.9800109863281,406.29998779296875,400.3399963378906,403.3900146484375,397.0412902832031,55447800,0.0,0.0,0.0
2023-12-15 00:00:00-05:00,404.17999267578125,406.5400085449219,403.57000732421875,405.3399963378906,398.9605407714844,62896600,0.0,0.0,0.0
2023-12-18 00:00:00-05:00,404.92999267578125,407.989990234375,404.6000061035156,407.0799865722656,401.4734802246094,46610000,0.808,0.0,0.0
2023-12-19 00:00:00-05:00,407.5400085449219,409.2799987792969,407.3500061035156,409.1600036621094,403.5248718261719,35711900,0.0,0.0,0.0
2023-12-20 00:00:00-05:00,408.3500061035156,410.4700012207031,402.8999938964844,403.0799865722656,397.52862548828125,54042400,0.0,0.0,0.0
2023-12-21 00:00:00-05:00,407.05999755859375,408.1400146484375,404.4700012207031,407.7699890136719,402.154052734375,45568900,0.0,0.0,0.0
2023-12-22 00:00:00-05:00,409.0,409.9700012207031,406.4800109863281,408.3800048828125,402.7555847167969,34314000,0.0,0.0,0.0
2023-12-26 00:00:00-05:00,409.25,411.55999755859375,409.1499938964844,410.8800048828125,405.22125244140625,22722500,0.0,0.0,0.0
2023-12-27 00:00:00-05:00,410.95001220703125,411.7900085449219,410.0799865722656,411.5,406.04608154296875,31980500,0.216,0.0,0.0
2023-12-28 00:00:00-05:00,412.6700134277344,412.9200134277344,410.94000244140625,411.29998779296875,405.84869384765625,27029200,0.0,0.0,0.0
2023-12-29 00:00:00-05:00,411.2799987792969,411.6400146484375,407.5799865722656,409.5199890136719,404.09228515625,42662100,0.0,0.0,0.0
2024-01-02 00:00:00-05:00,405.8399963378906,406.0899963378906,400.239990234375,402.5899963378906,397.2541809082031,58026900,0.0,0.0,0.0
2024-01-03 00:00:00-05:00,399.92999267578125,401.0,397.8900146484375,398.3299865722656,393.0506286621094,47002800,0.0,0.0,0.0
2024-01-04 00:00:00-05:00,396.44000244140625,399.5899963378906,396.05999755859375,396.2799987792969,391.0278015136719,39432800,0.0,0.0,0.0
2024-01-05 00:00:00-05:00,396.45001220703125,399.55999755859375,395.3399963378906,396.75,391.4915466308594,44922800,0.0,0.0,0.0
2024-01-08 00:00:00-05:00,397.989990234375,405.239990234375,397.8399963378906,404.95001220703125,399.5829162597656,42473800,0.0,0.0,0.0
2024-01-09 00:00:00-05:00,401.9100036621094,406.69000244140625,401.7099914550781,405.75,400.372314453125,39132900,0.0,0.0,0.0
2024-01-10 00:00:00-05:00,406.07000732421875,409.5199890136719,405.1700134277344,408.5,403.08587646484375,33962800,0.0,0.0,0.0
2024-01-11 00:00:00-05:00,409.7900085449219,411.20001220703125,404.239990234375,409.3500061035156,403.9245910644531,54536200,0.0,0.0,0.0
2024-01-12 00:00:00-05:00,410.3999938964844,411.25,408.1499938964844,409.55999755859375,404.13177490234375,39595000,0.0,0.0,0.0
2024-01-16 00:00:00-05:00,408.30999755859375,411.1199951171875,406.8299865722656,409.5199890136719,404.09228515625,43903000,0.0,0.0,0.0
2024-01-17 00:00:00-05:00,406.1700134277344,407.5899963378906,402.9200134277344,407.2099914550781,401.8129577636719,54386000,0.0,0.0,0.0
2024-01-18 00:00:00-05:00,410.5199890136719,413.5799865722656,409.1600036621094,412.989990234375,407.516357421875,59562500,0.0,0.0,0.0
2024-01-19 00:00:00-05:00,415.2200012207031,421.3399963378906,414.6300048828125,421.17999267578125,415.5977783203125,70325100,0.0,0.0,0.0
2024-01-22 00:00:00-05:00,423.4100036621094,424.7300109863281,421.1199951171875,421.7300109863281,416.1405334472656,44880600,0.0,0.0,0.0
2024-01-23 00:00:00-05:00,422.42999267578125,423.70001220703125,420.57000732421875,423.4800109863281,417.8673400878906,33003800,0.0,0.0,0.0
2024-01-24 00:00:00-05:00,427.44000244140625,429.8500061035156,425.3299865722656,425.8299865722656,420.1861267089844,46948000,0.0,0.0,0.0
2024-01-25 00:00:00-05:00,428.3599853515625,429.0400085449219,423.9800109863281,426.3500061035156,420.6993713378906,44367200,0.0,0.0,0.0
2024-01-26 00:00:00-05:00,424.44000244140625,426.2099914550781,423.1499938964844,423.80999755859375,418.19293212890625,37137000,0.0,0.0,0.0
2024-01-29 00:00:00-05:00,424.2699890136719,428.3500061035156,423.6099853515625,428.1499938964844,422.4754333496094,38694700,0.0,0.0,0.0
2024-01-30 00:00:00-05:00,427.1000061035156,427.67999267578125,424.3800048828125,425.29998779296875,419.6631774902344,36739000,0.0,0.0,0.0
2024-01-31 00:00:00-05:00,420.8500061035156,422.8699951171875,416.7900085449219,416.9700012207031,411.443603515625,64010600,0.0,0.0,0.0
2024-02-01 00:00:00-05:00,418.7900085449219,422.3800048828125,417.80999755859375,421.8800048828125,416.28851318359375,51008600,0.0,0.0,0.0
2024-02-02 00:00:00-05:00,423.79998779296875,430.239990234375,422.7900085449219,429.010009765625,423.3240051269531,59602400,0.0,0.0,0.0
2024-02-05 00:00:00-05:00,429.07000732421875,429.6099853515625,425.0,428.45001220703125,422.7714538574219,39889200,0.0,0.0,0.0
2024-02-06 00:00:00-05:00,429.6099853515625,430.2200012207031,425.2200012207031,427.5899963378906,421.9228820800781,35846100,0.0,0.0,0.0
2024-02-07 00:00:00-05:00,430.4100036621094,432.8299865722656,429.0899963378906,431.989990234375,426.2645263671875,37712700,0.0,0.0,0.0
2024-02-08 00:00:00-05:00,432.1099853515625,433.55999755859375,431.4200134277344,432.7900085449219,427.0539245605469,29889900,0.0,0.0,0.0
2024-02-09 00:00:00-05:00,433.94000244140625,437.8500061035156,433.1400146484375,437.04998779296875,431.2574462890625,36943900,0.0,0.0,0.0
2024-02-12 00:00:00-05:00,436.94000244140625,439.1400146484375,434.6499938964844,435.3399963378906,429.570068359375,33203300,0.0,0.0,0.0
2024-02-13 00:00:00-05:00,427.2799987792969,431.2699890136719,425.3299865722656,428.54998779296875,422.8701171875,64491700,0.0,0.0,0.0
2024-02-14 00:00:00-05:00,431.260009765625,433.6499938964844,428.8800048828125,433.2200012207031,427.478271484375,45092700,0.0,0.0,0.0
2024-02-15 00:00:00-05:00,433.9200134277344,434.9800109863281,431.3299865722656,434.510009765625,428.75115966796875,38796100,0.0,0.0,0.0
2024-02-16 00:00:00-05:00,434.8900146484375,434.989990234375,429.8500061035156,430.57000732421875,424.86334228515625,53716500,0.0,0.0,0.0
2024-02-20 00:00:00-05:00,428.54998779296875,430.0799865722656,423.5,427.32000732421875,421.6564025878906,53999500,0.0,0.0,0.0
2024-02-21 00:00:00-05:00,424.54998779296875,425.70001220703125,421.6300048828125,425.6099853515625,419.9691467285156,49779000,0.0,0.0,0.0
2024-02-22 00:00:00-05:00,434.489990234375,439.1199951171875,433.7099914550781,438.07000732421875,432.26397705078125,53887800,0.0,0.0,0.0
2024-02-23 00:00:00-05:00,439.6499938964844,440.5899963378906,435.7900085449219,436.7799987792969,430.99102783203125,39853900,0.0,0.0,0.0
2024-02-26 00:00:00-05:00,437.6000061035156,438.6000061035156,436.3599853515625,436.54998779296875,430.7640686035156,33043200,0.0,0.0,0.0
2024-02-27 00:00:00-05:00,437.6700134277344,437.989990234375,435.0299987792969,437.6000061035156,431.8002014160156,33713200,0.0,0.0,0.0
2024-02-28 00:00:00-05:00,435.42999267578125,436.6700134277344,434.29998779296875,435.2699890136719,429.50103759765625,32938800,0.0,0.0,0.0
2024-02-29 00:00:00-05:00,438.2300109863281,440.0899963378906,435.0199890136719,439.0,433.1816711425781,42495200,0.0,0.0,0.0
2024-03-01 00:00:00-05:00,439.8999938964844,446.5799865722656,439.8399963378906,445.6099853515625,439.7039794921875,43853000,0.0,0.0,0.0
2024-03-04 00:00:00-05:00,445.6099853515625,446.0400085449219,443.7699890136719,444.0199890136719,438.1350402832031,34325700,0.0,0.0,0.0
2024-03-05 00:00:00-05:00,440.94000244140625,440.95001220703125,433.6499938964844,436.04998779296875,430.27069091796875,57917100,0.0,0.0,0.0
2024-03-06 00:00:00-05:00,440.32000732421875,441.989990234375,436.8900146484375,438.7900085449219,432.97442626953125,46234500,0.0,0.0,0.0
2024-03-07 00:00:00-05:00,442.4200134277344,446.7200012207031,440.8599853515625,445.45001220703125,439.54620361328125,44526700,0.0,0.0,0.0
2024-03-08 00:00:00-05:00,445.80999755859375,448.6400146484375,438.3399963378906,439.0199890136719,433.20135498046875,72096000,0.0,0.0,0.0
2024-03-11 00:00:00-04:00,437.510009765625,438.6600036621094,435.44000244140625,437.3900146484375,431.59295654296875,45860000,0.0,0.0,0.0
2024-03-12 00:00:00-04:00,439.7300109863281,444.0199890136719,436.4599914550781,443.6600036621094,437.7798767089844,55300900,0.0,0.0,0.0
2024-03-13 00:00:00-04:00,442.6499938964844,442.6700134277344,439.1199951171875,440.25,434.4150695800781,37928700,0.0,0.0,0.0
2024-03-14 00:00:00-04:00,441.5,442.0299987792969,436.3900146484375,439.1400146484375,433.31976318359375,52195200,0.0,0.0,0.0
2024-03-15 00:00:00-04:00,436.07000732421875,438.8699951171875,432.739990234375,433.9200134277344,428.1689453125,73069800,0.0,0.0,0.0
2024-03-18 00:00:00-04:00,438.7300109863281,441.0400085449219,437.239990234375,437.4800109863281,432.2525939941406,47323800,0.573,0.0,0.0
2024-03-19 00:00:00-04:00,435.45001220703125,438.9800109863281,433.3299865722656,438.57000732421875,433.3295593261719,43004100,0.0,0.0,0.0
2024-03-20 00:00:00-04:00,439.7799987792969,444.1099853515625,438.05999755859375,443.7699890136719,438.4674377441406,43653500,0.0,0.0,0.0
2024-03-21 00:00:00-04:00,448.8800048828125,449.3399963378906,445.6700134277344,445.8699951171875,440.5423583984375,39345700,0.0,0.0,0.0
2024-03-22 00:00:00-04:00,445.3500061035156,447.489990234375,444.489990234375,446.3800048828125,441.04620361328125,28253900,0.0,0.0,0.0
2024-03-25 00:00:00-04:00,443.54998779296875,446.260009765625,442.5400085449219,444.760009765625,439.4455871582031,27789200,0.0,0.0,0.0
2024-03-26 00:00:00-04:00,446.29998779296875,447.2300109863281,443.0899963378906,443.32000732421875,438.0227966308594,34142000,0.0,0.0,0.0
2024-03-27 00:00:00-04:00,446.44000244140625,446.5400085449219,441.92999267578125,444.8299865722656,439.51470947265625,41359200,0.0,0.0,0.0
2024-03-28 00:00:00-04:00,444.7799987792969,445.6400146484375,443.6499938964844,444.010009765625,438.70452880859375,36839600,0.0,0.0,0.0
2024-04-01 00:00:00-04:00,444.9700012207031,447.5299987792969,443.0199890136719,444.95001220703125,439.63336181640625,38729000,0.0,0.0,0.0
2024-04-02 00:00:00-04:00,440.0799865722656,441.42999267578125,438.0299987792969,441.1099853515625,435.8392028808594,44259700,0.0,0.0,0.0
2024-04-03 00:00:00-04:00,438.9599914550781,444.0,438.95001220703125,442.1000061035156,436.8174133300781,39949800,0.0,0.0,0.0
2024-04-04 00:00:00-04:00,446.3299865722656,446.95001220703125,435.1099853515625,435.3399963378906,430.13812255859375,57267700,0.0,0.0,0.0
2024-04-05 00:00:00-04:00,436.7799987792969,443.1700134277344,435.9599914550781,440.4700012207031,435.2068176269531,54744600,0.0,0.0,0.0
2024-04-08 00:00:00-04:00,441.4100036621094,442.5,439.20001220703125,440.6000061035156,435.33526611328125,28144900,0.0,0.0,0.0
2024-04-09 00:00:00-04:00,442.9599914550781,443.239990234375,437.44000244140625,442.2300109863281,436.94580078125,39443600,0.0,0.0,0.0
2024-04-10 00:00:00-04:00,437.0,439.239990234375,436.2799987792969,438.3699951171875,433.1319274902344,61502200,0.0,0.0,0.0
2024-04-11 00:00:00-04:00,440.260009765625,446.3299865722656,437.9599914550781,445.3699951171875,440.04827880859375,45474600,0.0,0.0,0.0
2024-04-12 00:00:00-04:00,441.1000061035156,442.239990234375,436.8800048828125,438.2699890136719,433.0331115722656,53665000,0.0,0.0,0.0
2024-04-15 00:00:00-04:00,442.05999755859375,442.1499938964844,430.2099914550781,431.05999755859375,425.90924072265625,63453600,0.0,0.0,0.0
2024-04-16 00:00:00-04:00,430.8999938964844,433.760009765625,429.70001220703125,431.1000061035156,425.94879150390625,47619000,0.0,0.0,0.0
2024-04-17 00:00:00-04:00,433.1000061035156,433.1199951171875,424.8999938964844,425.8399963378906,420.7516784667969,56880500,0.0,0.0,0.0
2024-04-18 00:00:00-04:00,426.489990234375,428.239990234375,422.8299865722656,423.4100036621094,418.3507385253906,46549400,0.0,0.0,0.0
2024-04-19 00:00:00-04:00,422.2200012207031,422.75,413.07000732421875,414.6499938964844,409.69537353515625,75231000,0.0,0.0,0.0
2024-04-22 00:00:00-04:00,417.30999755859375,421.17999267578125,413.94000244140625,418.82000732421875,413.8155517578125,47807700,0.0,0.0,0.0
2024-04-23 00:00:00-04:00,420.7699890136719,426.2799987792969,418.8699951171875,425.07000732421875,419.99090576171875,44384700,0.0,0.0,0.0
2024-04-24 00:00:00-04:00,428.20001220703125,429.7300109863281,424.20001220703125,426.510009765625,421.41363525390625,48440300,0.0,0.0,0.0
2024-04-25 00:00:00-04:00,419.239990234375,425.32000732421875,418.1400146484375,424.45001220703125,419.3782958984375,57392200,0.0,0.0,0.0
2024-04-26 00:00:00-04:00,427.6199951171875,432.54998779296875,426.9200134277344,431.0,425.8500061035156,41874900,0.0,0.0,0.0
2024-04-29 00:00:00-04:00,433.1300048828125,433.760009765625,429.9800109863281,432.75,427.5791015625,30022200,0.0,0.0,0.0
2024-04-30 00:00:00-04:00,431.1499938964844,432.55999755859375,424.510009765625,424.5899963378906,419.5165710449219,43665900,0.0,0.0,0.0
2024-05-01 00:00:00-04:00,423.1499938964844,430.1400146484375,420.6600036621094,421.5199890136719,416.4832763671875,52251700,0.0,0.0,0.0
2024-05-02 00:00:00-04:00,425.29998779296875,427.80999755859375,420.6300048828125,426.8999938964844,421.7989501953125,36559000,0.0,0.0,0.0
2024-05-03 00:00:00-04:00,434.44000244140625,436.4800109863281,432.6199951171875,435.4800109863281,430.2764892578125,48515300,0.0,0.0,0.0
2024-05-06 00:00:00-04:00,437.29998779296875,440.3399963378906,436.5199890136719,440.25,434.989501953125,30227200,0.0,0.0,0.0
2024-05-07 00:00:00-04:00,440.70001220703125,441.9700012207031,439.5799865722656,440.32000732421875,435.0586242675781,30996100,0.0,0.0,0.0
2024-05-08 00:00:00-04:00,437.6700134277344,441.4800109863281,437.54998779296875,440.05999755859375,434.8017883300781,24896700,0.0,0.0,0.0
2024-05-09 00:00:00-04:00,440.3299865722656,441.6000061035156,438.4599914550781,441.0199890136719,435.750244140625,24580100,0.0,0.0,0.0
2024-05-10 00:00:00-04:00,442.5400085449219,444.30999755859375,440.5,442.05999755859375,436.77783203125,27116600,0.0,0.0,0.0
2024-05-13 00:00:00-04:00,443.989990234375,444.0899963378906,441.6499938964844,443.0799865722656,437.7856750488281,22994200,0.0,0.0,0.0
2024-05-14 00:00:00-04:00,442.6499938964844,446.4700012207031,442.4599914550781,445.92999267578125,440.60162353515625,34478300,0.0,0.0,0.0
2024-05-15 00:00:00-04:00,448.42999267578125,453.1499938964844,446.8999938964844,452.8999938964844,447.4883117675781,41464700,0.0,0.0,0.0
2024-05-16 00:00:00-04:00,452.7099914550781,454.69000244140625,451.80999755859375,451.9800109863281,446.579345703125,34780400,0.0,0.0,0.0
2024-05-17 00:00:00-04:00,452.1099853515625,452.7200012207031,449.5400085449219,451.760009765625,446.3619384765625,35803700,0.0,0.0,0.0
2024-05-20 00:00:00-04:00,451.9800109863281,455.5799865722656,451.7900085449219,454.9100036621094,449.4743347167969,24474200,0.0,0.0,0.0
2024-05-21 00:00:00-04:00,453.0400085449219,455.989990234375,452.8399963378906,455.79998779296875,450.3536376953125,23167700,0.0,0.0,0.0
2024-05-22 00:00:00-04:00,456.05999755859375,456.82000732421875,453.0799865722656,455.7099914550781,450.2647399902344,25120000,0.0,0.0,0.0
2024-05-23 00:00:00-04:00,460.54998779296875,460.5799865722656,451.8500061035156,453.6600036621094,448.2392883300781,40899200,0.0,0.0,0.0
2024-05-24 00:00:00-04:00,455.2900085449219,459.2300109863281,453.57000732421875,457.95001220703125,452.4779968261719,29669500,0.0,0.0,0.0
2024-05-28 00:00:00-04:00,459.17999267578125,459.739990234375,456.69000244140625,459.67999267578125,454.18731689453125,26216800,0.0,0.0,0.0
2024-05-29 00:00:00-04:00,455.4800109863281,458.239990234375,455.3399963378906,456.44000244140625,450.98602294921875,29739200,0.0,0.0,0.0
2024-05-30 00:00:00-04:00,455.5,455.6400146484375,450.2099914550781,451.54998779296875,446.1544494628906,30536800,0.0,0.0,0.0
2024-05-31 00:00:00-04:00,451.7799987792969,452.4800109863281,443.05999755859375,450.7099914550781,445.3244934082031,55941300,0.0,0.0,0.0
2024-06-03 00:00:00-04:00,454.57000732421875,455.5799865722656,447.8999938964844,453.1300048828125,447.715576171875,32997500,0.0,0.0,0.0
2024-06-04 00:00:00-04:00,452.8699951171875,455.5799865722656,451.1300048828125,454.3699951171875,448.9407958984375,23767400,0.0,0.0,0.0
2024-06-05 00:00:00-04:00,457.9800109863281,463.6099853515625,454.4100036621094,463.5299987792969,457.9913330078125,33817400,0.0,0.0,0.0
2024-06-06 00:00:00-04:00,464.2200012207031,464.5400085449219,462.19000244140625,463.3699951171875,457.83319091796875,21966800,0.0,0.0,0.0
2024-06-07 00:00:00-04:00,463.0,465.739990234375,461.8399963378906,462.9599914550781,457.4281311035156,25829700,0.0,0.0,0.0
2024-06-10 00:00:00-04:00,461.82000732421875,465.19000244140625,461.5299987792969,464.8299865722656,459.2757873535156,20660800,0.0,0.0,0.0
2024-06-11 00:00:00-04:00,463.5400085449219,468.1400146484375,462.0299987792969,468.0199890136719,462.4276428222656,22053300,0.0,0.0,0.0
2024-06-12 00:00:00-04:00,471.989990234375,476.5,471.2900085449219,474.1499938964844,468.484375,34532600,0.0,0.0,0.0
2024-06-13 00:00:00-04:00,477.7200012207031,478.3900146484375,474.4200134277344,476.7200012207031,471.023681640625,25859000,0.0,0.0,0.0
2024-06-14 00:00:00-04:00,476.5199890136719,479.260009765625,476.04998779296875,479.19000244140625,473.4642028808594,23372600,0.0,0.0,0.0
2024-06-17 00:00:00-04:00,479.4599914550781,486.8599853515625,478.1400146484375,485.05999755859375,479.2640380859375,37054500,0.0,0.0,0.0
2024-06-18 00:00:00-04:00,485.010009765625,485.8999938964844,483.42999267578125,485.2099914550781,479.4122314453125,24438600,0.0,0.0,0.0
2024-06-20 00:00:00-04:00,486.4200134277344,486.8399963378906,479.6199951171875,481.4700012207031,475.7169189453125,33918700,0.0,0.0,0.0
2024-06-21 00:00:00-04:00,481.19000244140625,482.5400085449219,478.6700134277344,480.17999267578125,474.44232177734375,37456800,0.0,0.0,0.0
2024-06-24 00:00:00-04:00,478.17999267578125,479.92999267578125,473.82000732421875,473.9599914550781,469.0409851074219,37751000,0.762,0.0,0.0
2024-06-25 00:00:00-04:00,476.07000732421875,479.67999267578125,475.1199951171875,479.3800048828125,474.40478515625,29014700,0.0,0.0,0.0
2024-06-26 00:00:00-04:00,478.54998779296875,480.9200134277344,478.1300048828125,480.3699951171875,475.38446044921875,22737100,0.0,0.0,0.0
2024-06-27 00:00:00-04:00,480.1199951171875,483.1000061035156,479.29998779296875,481.6099853515625,476.6116027832031,26222100,0.0,0.0,0.0
2024-06-28 00:00:00-04:00,482.4100036621094,487.20001220703125,478.4599914550781,479.1099853515625,474.1375427246094,34881600,0.0,0.0,0.0
2024-07-01 00:00:00-04:00,480.0400085449219,482.489990234375,476.260009765625,481.9200134277344,476.91839599609375,24898300,0.0,0.0,0.0
2024-07-02 00:00:00-04:00,480.4100036621094,487.0400085449219,480.2799987792969,486.9800109863281,481.9259033203125,26723600,0.0,0.0,0.0
2024-07-03 00:00:00-04:00,486.2200012207031,491.1700134277344,486.2200012207031,491.0400085449219,485.9437255859375,18064900,0.0,0.0,0.0
2024-07-05 00:00:00-04:00,491.8900146484375,496.6000061035156,491.5899963378906,496.1600036621094,491.0106201171875,28495900,0.0,0.0,0.0
2024-07-08 00:00:00-04:00,496.5299987792969,497.8999938964844,495.5,497.3399963378906,492.1783447265625,22109400,0.0,0.0,0.0
2024-07-09 00:00:00-04:00,498.8699951171875,500.0,496.239990234375,497.7699890136719,492.6038513183594,25614500,0.0,0.0,0.0
2024-07-10 00:00:00-04:00,499.7099914550781,503.5199890136719,498.3900146484375,502.9599914550781,497.7400207519531,28046900,0.0,0.0,0.0
2024-07-11 00:00:00-04:00,503.07000732421875,503.2799987792969,490.7300109863281,491.92999267578125,486.82452392578125,49966600,0.0,0.0,0.0
2024-07-12 00:00:00-04:00,492.510009765625,499.6199951171875,492.0400085449219,494.82000732421875,489.68450927734375,37109400,0.0,0.0,0.0
2024-07-15 00:00:00-04:00,496.6099853515625,501.010009765625,494.0899963378906,496.1499938964844,491.00067138671875,31151400,0.0,0.0,0.0
2024-07-16 00:00:00-04:00,497.6199951171875,498.44000244140625,493.1499938964844,496.3399963378906,491.188720703125,25950600,0.0,0.0,0.0
2024-07-17 00:00:00-04:00,488.2799987792969,488.79998779296875,481.70001220703125,481.7699890136719,476.7699279785156,56268800,0.0,0.0,0.0
2024-07-18 00:00:00-04:00,485.5299987792969,485.7099914550781,476.2699890136719,479.489990234375,474.51361083984375,49347400,0.0,0.0,0.0
2024-07-19 00:00:00-04:00,479.1499938964844,481.69000244140625,473.94000244140625,475.239990234375,470.3077087402344,42042900,0.0,0.0,0.0
2024-07-22 00:00:00-04:00,481.1600036621094,483.3500061035156,477.7099914550781,482.32000732421875,477.3142395019531,40300000,0.0,0.0,0.0
2024-07-23 00:00:00-04:00,481.4100036621094,484.42999267578125,480.1400146484375,480.6199951171875,475.6318664550781,23282500,0.0,0.0,0.0
2024-07-24 00:00:00-04:00,473.82000732421875,474.19000244140625,462.510009765625,463.3800048828125,458.57080078125,58818600,0.0,0.0,0.0
2024-07-25 00:00:00-04:00,463.7200012207031,467.94000244140625,455.6300048828125,458.2699890136719,453.51385498046875,59256800,0.0,0.0,0.0
2024-07-26 00:00:00-04:00,462.6499938964844,465.92999267578125,459.7699890136719,462.9700012207031,458.1650695800781,39992100,0.0,0.0,0.0
2024-07-29 00:00:00-04:00,465.7099914550781,467.9100036621094,461.6199951171875,463.8999938964844,459.08544921875,28218500,0.0,0.0,0.0
2024-07-30 00:00:00-04:00,465.8500061035156,466.55999755859375,454.1499938964844,457.5299987792969,452.7815246582031,41317200,0.0,0.0,0.0
2024-07-31 00:00:00-04:00,467.8699951171875,472.7900085449219,466.4100036621094,471.07000732421875,466.1809997558594,44552100,0.0,0.0,0.0
2024-08-01 00:00:00-04:00,471.760009765625,475.54998779296875,455.9800109863281,459.6600036621094,454.8894348144531,56653900,0.0,0.0,0.0
2024-08-02 00:00:00-04:00,450.8900146484375,453.57000732421875,444.4700012207031,448.75,444.0926208496094,66323200,0.0,0.0,0.0
2024-08-05 00:00:00-04:00,424.7099914550781,442.2900085449219,423.45001220703125,435.3699951171875,430.85150146484375,87483500,0.0,0.0,0.0
2024-08-06 00:00:00-04:00,437.2300109863281,447.07000732421875,434.55999755859375,439.5299987792969,434.9683532714844,63164400,0.0,0.0,0.0
2024-08-07 00:00:00-04:00,446.489990234375,449.0,434.3699951171875,434.7699890136719,430.2577209472656,54929200,0.0,0.0,0.0
2024-08-08 00:00:00-04:00,441.05999755859375,448.989990234375,437.1499938964844,448.07000732421875,443.41973876953125,47890100,0.0,0.0,0.0
2024-08-09 00:00:00-04:00,446.739990234375,452.05999755859375,445.6099853515625,450.4100036621094,445.73541259765625,33574000,0.0,0.0,0.0
2024-08-12 00:00:00-04:00,451.3900146484375,454.3699951171875,448.54998779296875,451.3800048828125,446.69537353515625,27795000,0.0,0.0,0.0
2024-08-13 00:00:00-04:00,455.82000732421875,462.8500061035156,455.67999267578125,462.5799865722656,457.77911376953125,40084500,0.0,0.0,0.0
2024-08-14 00:00:00-04:00,463.510009765625,465.1099853515625,458.3999938964844,462.7300109863281,457.9275817871094,34733700,0.0,0.0,0.0
2024-08-15 00:00:00-04:00,468.760009765625,474.82000732421875,468.3800048828125,474.4200134277344,469.4963073730469,38280600,0.0,0.0,0.0
2024-08-16 00:00:00-04:00,472.6199951171875,476.4100036621094,471.6499938964844,475.0299987792969,470.09991455078125,38383600,0.0,0.0,0.0
2024-08-19 00:00:00-04:00,475.1700134277344,481.30999755859375,473.3699951171875,481.2699890136719,476.2751159667969,23737700,0.0,0.0,0.0
2024-08-20 00:00:00-04:00,480.3500061035156,482.94000244140625,478.54998779296875,480.260009765625,475.275634765625,29209300,0.0,0.0,0.0
2024-08-21 00:00:00-04:00,481.04998779296875,484.3699951171875,479.32000732421875,482.5,477.49237060546875,25658800,0.0,0.0,0.0
2024-08-22 00:00:00-04:00,484.8399963378906,485.5400085449219,473.80999755859375,474.8500061035156,469.92181396484375,37739600,0.0,0.0,0.0
2024-08-23 00:00:00-04:00,479.239990234375,482.739990234375,475.2799987792969,480.0,475.018310546875,36061500,0.0,0.0,0.0
2024-08-26 00:00:00-04:00,479.45001220703125,480.3800048828125,473.239990234375,475.3399963378906,470.40667724609375,27452600,0.0,0.0,0.0
2024-08-27 00:00:00-04:00,473.69000244140625,477.8399963378906,471.7099914550781,476.760009765625,471.81195068359375,27510000,0.0,0.0,0.0
2024-08-28 00:00:00-04:00,476.2900085449219,477.0199890136719,467.8900146484375,471.3500061035156,466.45806884765625,37372400,0.0,0.0,0.0
2024-08-29 00:00:00-04:00,473.2799987792969,477.92999267578125,469.3699951171875,470.6600036621094,465.7752685546875,41081500,0.0,0.0,0.0
2024-08-30 00:00:00-04:00,475.0400085449219,476.8999938964844,470.510009765625,476.2699890136719,471.3270263671875,33466500,0.0,0.0,0.0
2024-09-03 00:00:00-04:00,473.20001220703125,473.3299865722656,459.4100036621094,461.80999755859375,457.01708984375,44985200,0.0,0.0,0.0
2024-09-04 00:00:00-04:00,458.6700134277344,464.45001220703125,457.7300109863281,460.6099853515625,455.82952880859375,32505100,0.0,0.0,0.0
2024-09-05 00:00:00-04:00,458.9700012207031,465.3599853515625,457.94000244140625,461.0400085449219,456.2550964355469,34452400,0.0,0.0,0.0
2024-09-06 00:00:00-04:00,460.3299865722656,461.2200012207031,448.19000244140625,448.69000244140625,444.0332946777344,50624400,0.0,0.0,0.0
2024-09-09 00:00:00-04:00,453.05999755859375,455.4599914550781,449.82000732421875,454.4599914550781,449.743408203125,32981200,0.0,0.0,0.0
2024-09-10 00:00:00-04:00,456.239990234375,459.1700134277344,452.2300109863281,458.6600036621094,453.8997802734375,29680300,0.0,0.0,0.0
2024-09-11 00:00:00-04:00,459.9100036621094,469.3699951171875,451.2799987792969,468.6199951171875,463.7564697265625,57843000,0.0,0.0,0.0
2024-09-12 00:00:00-04:00,468.6499938964844,474.0400085449219,466.8500061035156,473.2200012207031,468.3087158203125,40067800,0.0,0.0,0.0
2024-09-13 00:00:00-04:00,472.4800109863281,476.5299987792969,472.25,475.3399963378906,470.40667724609375,29111800,0.0,0.0,0.0
2024-09-16 00:00:00-04:00,473.19000244140625,473.8599853515625,469.8900146484375,473.239990234375,468.3284912109375,22585600,0.0,0.0,0.0
2024-09-17 00:00:00-04:00,476.2900085449219,477.6000061035156,470.9700012207031,473.489990234375,468.5758972167969,30084400,0.0,0.0,0.0
2024-09-18 00:00:00-04:00,474.70001220703125,478.8299865722656,470.8299865722656,471.44000244140625,466.5471496582031,39909200,0.0,0.0,0.0
2024-09-19 00:00:00-04:00,482.6099853515625,486.2300109863281,480.489990234375,483.3599853515625,478.34344482421875,52782500,0.0,0.0,0.0
2024-09-20 00:00:00-04:00,482.489990234375,483.69000244140625,478.29998779296875,482.44000244140625,477.4330139160156,34577700,0.0,0.0,0.0
2024-09-23 00:00:00-04:00,482.95001220703125,484.1400146484375,481.6000061035156,483.0400085449219,478.6985168457031,24843000,0.677,0.0,0.0
2024-09-24 00:00:00-04:00,484.4599914550781,486.3299865722656,480.1700134277344,485.3699951171875,481.007568359375,25952600,0.0,0.0,0.0
2024-09-25 00:00:00-04:00,484.739990234375,487.7900085449219,484.55999755859375,485.82000732421875,481.4534912109375,26549900,0.0,0.0,0.0
2024-09-26 00:00:00-04:00,493.3699951171875,493.70001220703125,485.79998779296875,489.4700012207031,485.0707092285156,32020200,0.0,0.0,0.0
2024-09-27 00:00:00-04:00,490.5,490.6400146484375,485.55999755859375,486.75,482.37518310546875,22851100,0.0,0.0,0.0
2024-09-30 00:00:00-04:00,485.7799987792969,488.4100036621094,482.9200134277344,488.07000732421875,483.6833190917969,30281100,0.0,0.0,0.0
2024-10-01 00:00:00-04:00,487.70001220703125,488.0,477.3999938964844,481.2699890136719,476.94439697265625,42735400,0.0,0.0,0.0
2024-10-02 00:00:00-04:00,480.3599853515625,483.8800048828125,477.7200012207031,481.95001220703125,477.6183166503906,23744000,0.0,0.0,0.0
2024-10-03 00:00:00-04:00,479.739990234375,484.54998779296875,478.989990234375,481.5899963378906,477.2615661621094,25337200,0.0,0.0,0.0
2024-10-04 00:00:00-04:00,487.45001220703125,487.8800048828125,482.3900146484375,487.32000732421875,482.9400329589844,30686600,0.0,0.0,0.0
2024-10-07 00:00:00-04:00,485.3900146484375,486.57000732421875,480.8699951171875,482.1000061035156,477.7669372558594,24975100,0.0,0.0,0.0
2024-10-08 00:00:00-04:00,484.6600036621094,489.989990234375,483.8500061035156,489.29998779296875,484.9022521972656,28272000,0.0,0.0,0.0
2024-10-09 00:00:00-04:00,489.0,493.7300109863281,487.95001220703125,493.1499938964844,488.7176513671875,24995000,0.0,0.0,0.0
2024-10-10 00:00:00-04:00,490.8500061035156,494.4700012207031,489.5299987792969,492.5899963378906,488.1626281738281,25750400,0.0,0.0,0.0
2024-10-11 00:00:00-04:00,490.739990234375,494.3900146484375,490.1700134277344,493.3599853515625,488.9257507324219,20644500,0.0,0.0,0.0
2024-10-14 00:00:00-04:00,495.7699890136719,498.8299865722656,495.260009765625,497.5,493.02850341796875,26060100,0.0,0.0,0.0
2024-10-15 00:00:00-04:00,497.8299865722656,498.5,488.67999267578125,490.8500061035156,486.4383239746094,34784500,0.0,0.0,0.0
2024-10-16 00:00:00-04:00,491.17999267578125,491.69000244140625,487.57000732421875,490.9100036621094,486.497802734375,22996800,0.0,0.0,0.0
2024-10-17 00:00:00-04:00,496.44000244140625,496.489990234375,491.19000244140625,491.25,486.834716796875,27210700,0.0,0.0,0.0
2024-10-18 00:00:00-04:00,494.05999755859375,495.57000732421875,493.29998779296875,494.4700012207031,490.0257568359375,25335000,0.0,0.0,0.0
2024-10-21 00:00:00-04:00,493.25,496.2300109863281,491.30999755859375,495.4200134277344,490.96728515625,30336500,0.0,0.0,0.0
2024-10-22 00:00:00-04:00,492.7300109863281,497.45001220703125,491.9700012207031,495.9599914550781,491.5024108886719,26685800,0.0,0.0,0.0
2024-10-23 00:00:00-04:00,493.5899963378906,494.25,485.04998779296875,488.3599853515625,483.9706726074219,39346600,0.0,0.0,0.0
2024-10-24 00:00:00-04:00,492.1099853515625,493.0,489.44000244140625,492.32000732421875,487.8951416015625,22024900,0.0,0.0,0.0
2024-10-25 00:00:00-04:00,495.1400146484375,500.2799987792969,494.42999267578125,495.32000732421875,490.8681335449219,38762100,0.0,0.0,0.0
2024-10-28 00:00:00-04:00,498.4599914550781,498.5199890136719,495.1000061035156,495.3999938964844,490.9473876953125,20477800,0.0,0.0,0.0
2024-10-29 00:00:00-04:00,495.7200012207031,501.3500061035156,493.8500061035156,500.1600036621094,495.6646728515625,28014100,0.0,0.0,0.0
2024-10-30 00:00:00-04:00,499.3900146484375,500.3500061035156,495.8900146484375,496.3800048828125,491.9186096191406,29756000,0.0,0.0,0.0
2024-10-31 00:00:00-04:00,492.3800048828125,492.42999267578125,483.75,483.8500061035156,479.5012512207031,41245200,0.0,0.0,0.0
2024-11-01 00:00:00-04:00,485.5,490.75,485.20001220703125,487.42999267578125,483.049072265625,33655800,0.0,0.0,0.0
2024-11-04 00:00:00-05:00,486.82000732421875,489.3800048828125,484.25,486.010009765625,481.6418151855469,23291600,0.0,0.0,0.0
2024-11-05 00:00:00-05:00,487.6099853515625,492.8800048828125,487.5199890136719,492.2099914550781,487.7861022949219,24353600,0.0,0.0,0.0
2024-11-06 00:00:00-05:00,500.55999755859375,506.4100036621094,499.6000061035156,505.5799865722656,501.035888671875,43082200,0.0,0.0,0.0
2024-11-07 00:00:00-05:00,508.3999938964844,514.3300170898438,508.3399963378906,513.5399780273438,508.92431640625,32853100,0.0,0.0,0.0
2024-11-08 00:00:00-05:00,513.0399780273438,514.9199829101562,512.4099731445312,514.1400146484375,509.51898193359375,22924500,0.0,0.0,0.0
2024-11-11 00:00:00-05:00,515.3699951171875,515.5800170898438,510.9200134277344,513.8400268554688,509.2217102050781,24167500,0.0,0.0,0.0
2024-11-12 00:00:00-05:00,513.77001953125,514.6599731445312,509.8299865722656,512.9099731445312,508.3000183105469,25835300,0.0,0.0,0.0
2024-11-13 00:00:00-05:00,512.4000244140625,514.97998046875,509.95001220703125,512.25,507.6459655761719,24567400,0.0,0.0,0.0
2024-11-14 00:00:00-05:00,511.9100036621094,512.7899780273438,507.7699890136719,508.69000244140625,504.11798095703125,28679500,0.0,0.0,0.0
2024-11-15 00:00:00-05:00,502.94000244140625,503.3299865722656,494.489990234375,496.57000732421875,492.1069030761719,51461100,0.0,0.0,0.0
2024-11-18 00:00:00-05:00,498.1300048828125,502.1400146484375,496.7300109863281,500.0199890136719,495.52593994140625,27080800,0.0,0.0,0.0
2024-11-19 00:00:00-05:00,497.4200134277344,503.95001220703125,497.0799865722656,503.4599914550781,498.9349670410156,24523000,0.0,0.0,0.0
2024-11-20 00:00:00-05:00,503.1600036621094,503.4800109863281,496.55999755859375,503.1700134277344,498.6475830078125,29565500,0.0,0.0,0.0
2024-11-21 00:00:00-05:00,506.239990234375,506.9599914550781,497.55999755859375,504.9800109863281,500.44134521484375,34526700,0.0,0.0,0.0
2024-11-22 00:00:00-05:00,504.4200134277344,506.5299987792969,502.7799987792969,505.7900085449219,501.2440490722656,23826600,0.0,0.0,0.0
2024-11-25 00:00:00-05:00,509.8999938964844,511.45001220703125,504.260009765625,506.5899963378906,502.036865234375,26375200,0.0,0.0,0.0
2024-11-26 00:00:00-05:00,508.0799865722656,510.1400146484375,507.2300109863281,509.30999755859375,504.732421875,26557100,0.0,0.0,0.0
2024-11-27 00:00:00-05:00,508.1700134277344,508.239990234375,501.92999267578125,505.29998779296875,500.7584533691406,24957400,0.0,0.0,0.0
2024-11-29 00:00:00-05:00,505.92999267578125,510.3399963378906,505.30999755859375,509.739990234375,505.1585388183594,15334000,0.0,0.0,0.0
2024-12-02 00:00:00-05:00,511.010009765625,516.260009765625,510.6199951171875,515.2899780273438,510.65863037109375,25147200,0.0,0.0,0.0
2024-12-03 00:00:00-05:00,513.9500122070312,517.1500244140625,513.3699951171875,516.8699951171875,512.2244873046875,18597900,0.0,0.0,0.0
2024-12-04 00:00:00-05:00,520.3200073242188,523.52001953125,519.5999755859375,523.260009765625,518.5570678710938,26086200,0.0,0.0,0.0
2024-12-05 00:00:00-05:00,523.3099975585938,524.0399780273438,521.4199829101562,521.8099975585938,517.1201171875,18169600,0.0,0.0,0.0
2024-12-06 00:00:00-05:00,522.47998046875,526.719970703125,522.3499755859375,526.47998046875,521.7481079101562,23762600,0.0,0.0,0.0
2024-12-09 00:00:00-05:00,525.5499877929688,526.3499755859375,521.219970703125,522.3800048828125,517.6849975585938,20674400,0.0,0.0,0.0
2024-12-10 00:00:00-05:00,523.6199951171875,525.3800048828125,519.1599731445312,520.5999755859375,515.9208984375,24350000,0.0,0.0,0.0
2024-12-11 00:00:00-05:00,525.0,530.6099853515625,524.5900268554688,529.9199829101562,525.1571044921875,32168600,0.0,0.0,0.0
2024-12-12 00:00:00-05:00,527.6799926757812,528.9600219726562,526.02001953125,526.5,521.7678833007812,23577500,0.0,0.0,0.0
2024-12-13 00:00:00-05:00,530.4600219726562,533.1699829101562,527.2999877929688,530.530029296875,525.7616577148438,28780400,0.0,0.0,0.0
2024-12-16 00:00:00-05:00,533.0800170898438,539.1500244140625,533.0,538.1699829101562,533.3329467773438,31979900,0.0,0.0,0.0
2024-12-17 00:00:00-05:00,536.3599853515625,537.47998046875,534.1300048828125,535.7999877929688,530.9842529296875,28579100,0.0,0.0,0.0
2024-12-18 00:00:00-05:00,535.1500244140625,536.8800048828125,515.010009765625,516.469970703125,511.82806396484375,54703200,0.0,0.0,0.0
2024-12-19 00:00:00-05:00,521.1900024414062,521.760009765625,513.8300170898438,514.1699829101562,509.5487365722656,46441800,0.0,0.0,0.0
2024-12-20 00:00:00-05:00,510.44000244140625,524.8200073242188,509.2900085449219,518.6599731445312,513.9983520507812,60530000,0.0,0.0,0.0
2024-12-23 00:00:00-05:00,519.5499877929688,523.25,516.1300048828125,522.8699951171875,519.006103515625,29672800,0.835,0.0,0.0
2024-12-24 00:00:00-05:00,524.8300170898438,530.0499877929688,524.1900024414062,529.9600219726562,526.0438232421875,17558200,0.0,0.0,0.0
2024-12-26 00:00:00-05:00,528.3200073242188,531.239990234375,526.3099975585938,529.5999755859375,525.6863403320312,19090500,0.0,0.0,0.0
2024-12-27 00:00:00-05:00,526.010009765625,526.4500122070312,517.8599853515625,522.5599975585938,518.6983032226562,33839600,0.0,0.0,0.0
2024-12-30 00:00:00-05:00,515.510009765625,519.3599853515625,511.8299865722656,515.6099853515625,511.7998046875,34584000,0.0,0.0,0.0
2024-12-31 00:00:00-05:00,516.9000244140625,517.6599731445312,510.260009765625,511.2300109863281,507.4521179199219,29117000,0.0,0.0,0.0
2025-01-02 00:00:00-05:00,514.2999877929688,516.6400146484375,505.7099914550781,510.2300109863281,506.45947265625,36389800,0.0,0.0,0.0
2025-01-03 00:00:00-05:00,513.3499755859375,519.6500244140625,512.530029296875,518.5800170898438,514.7477416992188,29059500,0.0,0.0,0.0
2025-01-06 00:00:00-05:00,524.02001953125,527.9199829101562,522.030029296875,524.5399780273438,520.6636962890625,36109700,0.0,0.0,0.0
2025-01-07 00:00:00-05:00,525.5900268554688,525.989990234375,513.280029296875,515.1799926757812,511.3728942871094,36690300,0.0,0.0,0.0
2025-01-08 00:00:00-05:00,515.0800170898438,516.9199829101562,510.57000732421875,515.27001953125,511.4622802734375,30777800,0.0,0.0,0.0
2025-01-10 00:00:00-05:00,511.4800109863281,511.5799865722656,503.9200134277344,507.19000244140625,503.4419860839844,40532500,0.0,0.0,0.0
2025-01-13 00:00:00-05:00,501.20001220703125,506.0199890136719,499.70001220703125,505.55999755859375,501.8240051269531,31694200,0.0,0.0,0.0
2025-01-14 00:00:00-05:00,508.739990234375,510.1600036621094,501.5899963378906,505.0799865722656,501.3475341796875,33737200,0.0,0.0,0.0
2025-01-15 00:00:00-05:00,513.030029296875,517.8499755859375,511.4599914550781,516.7000122070312,512.8817138671875,34957600,0.0,0.0,0.0
2025-01-16 00:00:00-05:00,518.97998046875,519.0599975585938,512.9500122070312,513.0800170898438,509.2884826660156,28229000,0.0,0.0,0.0
2025-01-17 00:00:00-05:00,522.8499755859375,524.0700073242188,513.1099853515625,521.739990234375,517.8843383789062,51837900,0.0,0.0,0.0
2025-01-21 00:00:00-05:00,524.47998046875,525.969970703125,520.0599975585938,524.7999877929688,520.9217529296875,23628000,0.0,0.0,0.0
2025-01-22 00:00:00-05:00,529.5700073242188,533.8200073242188,529.260009765625,531.510009765625,527.5822143554688,33593000,0.0,0.0,0.0
2025-01-23 00:00:00-05:00,529.0399780273438,532.760009765625,528.4500122070312,532.6400146484375,528.7039184570312,23096600,0.0,0.0,0.0
2025-01-24 00:00:00-05:00,533.02001953125,533.7899780273438,528.1500244140625,529.6300048828125,525.7161865234375,19878300,0.0,0.0,0.0
2025-01-27 00:00:00-05:00,511.0,517.989990234375,510.1499938964844,514.2100219726562,510.4100646972656,60771700,0.0,0.0,0.0
2025-01-28 00:00:00-05:00,515.219970703125,523.0,511.7799987792969,521.8099975585938,517.9539794921875,33194200,0.0,0.0,0.0
2025-01-29 00:00:00-05:00,522.4600219726562,522.5900268554688,516.9000244140625,520.8300170898438,516.981201171875,26649000,0.0,0.0,0.0
2025-01-30 00:00:00-05:00,523.7100219726562,526.0999755859375,518.2100219726562,523.0499877929688,519.1847534179688,27431300,0.0,0.0,0.0
2025-01-31 00:00:00-05:00,526.9199829101562,531.52001953125,521.1900024414062,522.2899780273438,518.4303588867188,38755200,0.0,0.0,0.0
2025-02-03 00:00:00-05:00,513.469970703125,520.8499755859375,511.04998779296875,518.1099853515625,514.28125,40580800,0.0,0.0,0.0
2025-02-04 00:00:00-05:00,518.6300048828125,525.1099853515625,518.22998046875,524.469970703125,520.59423828125,26046800,0.0,0.0,0.0
2025-02-05 00:00:00-05:00,521.8200073242188,527.010009765625,520.6199951171875,526.8499755859375,522.9566650390625,21134100,0.0,0.0,0.0
2025-02-06 00:00:00-05:00,527.3599853515625,529.8099975585938,525.739990234375,529.5999755859375,525.6863403320312,19434500,0.0,0.0,0.0
2025-02-07 00:00:00-05:00,530.1400146484375,532.0999755859375,522.1900024414062,522.9199829101562,519.0557250976562,29605500,0.0,0.0,0.0
2025-02-10 00:00:00-05:00,527.219970703125,530.3599853515625,526.75,529.25,525.3389282226562,20852800,0.0,0.0,0.0
2025-02-11 00:00:00-05:00,525.9600219726562,529.9199829101562,525.8300170898438,527.989990234375,524.0882568359375,19325500,0.0,0.0,0.0
2025-02-12 00:00:00-05:00,522.2999877929688,529.1900024414062,521.9500122070312,528.2999877929688,524.3958740234375,25009400,0.0,0.0,0.0
2025-02-13 00:00:00-05:00,529.97998046875,536.219970703125,529.1900024414062,535.9000244140625,531.9398193359375,28714800,0.0,0.0,0.0
2025-02-14 00:00:00-05:00,536.010009765625,538.8400268554688,535.6699829101562,538.1500244140625,534.1732788085938,17862600,0.0,0.0,0.0
2025-02-18 00:00:00-05:00,539.72998046875,540.0,536.0399780273438,539.3699951171875,535.3841552734375,20565000,0.0,0.0,0.0
2025-02-19 00:00:00-05:00,538.5700073242188,540.8099975585938,536.4600219726562,539.52001953125,535.5331420898438,19666900,0.0,0.0,0.0
2025-02-20 00:00:00-05:00,538.72998046875,539.0999755859375,532.4600219726562,537.22998046875,533.2598876953125,26550800,0.0,0.0,0.0
2025-02-21 00:00:00-05:00,538.3800048828125,538.4000244140625,525.7100219726562,526.0800170898438,522.1923217773438,47093800,0.0,0.0,0.0
2025-02-24 00:00:00-05:00,527.8800048828125,529.0700073242188,519.530029296875,519.8699951171875,516.0282592773438,39268400,0.0,0.0,0.0
2025-02-25 00:00:00-05:00,519.239990234375,519.3200073242188,509.44000244140625,513.3200073242188,509.52667236328125,48940000,0.0,0.0,0.0
2025-02-26 00:00:00-05:00,515.530029296875,519.6599731445312,511.3699951171875,514.5599975585938,510.75750732421875,34457600,0.0,0.0,0.0
2025-02-27 00:00:00-05:00,518.1300048828125,519.0700073242188,500.04998779296875,500.2699890136719,496.5730895996094,52448000,0.0,0.0,0.0
2025-02-28 00:00:00-05:00,500.1300048828125,508.7799987792969,496.92999267578125,508.1700134277344,504.4147644042969,47654000,0.0,0.0,0.0
2025-03-03 00:00:00-05:00,511.5199890136719,513.0399780273438,493.5799865722656,497.04998779296875,493.3768615722656,44587200,0.0,0.0,0.0
2025-03-04 00:00:00-05:00,494.17999267578125,503.739990234375,487.739990234375,495.54998779296875,491.8879699707031,67875400,0.0,0.0,0.0
2025-03-05 00:00:00-05:00,496.20001220703125,503.6300048828125,491.260009765625,502.010009765625,498.3002014160156,46323700,0.0,0.0,0.0
2025-03-06 00:00:00-05:00,493.69000244140625,498.5799865722656,486.20001220703125,488.20001220703125,484.5923156738281,57574300,0.0,0.0,0.0
2025-03-07 00:00:00-05:00,487.1600036621094,493.2799987792969,480.5299987792969,491.7900085449219,488.15582275390625,54714700,0.0,0.0,0.0
2025-03-10 00:00:00-04:00,483.45001220703125,483.9700012207031,468.6600036621094,472.7300109863281,469.2366638183594,76668000,0.0,0.0,0.0
2025-03-11 00:00:00-04:00,472.3500061035156,478.80999755859375,467.010009765625,471.6000061035156,468.114990234375,68760800,0.0,0.0,0.0
2025-03-12 00:00:00-04:00,479.1600036621094,481.05999755859375,471.7900085449219,476.9200134277344,473.3956604003906,46971100,0.0,0.0,0.0
2025-03-13 00:00:00-04:00,476.25,476.2799987792969,466.42999267578125,468.3399963378906,464.8790283203125,46563300,0.0,0.0,0.0
2025-03-14 00:00:00-04:00,473.7300109863281,480.55999755859375,473.1199951171875,479.6600036621094,476.11541748046875,43563000,0.0,0.0,0.0
2025-03-17 00:00:00-04:00,479.6099853515625,485.8399963378906,477.79998779296875,482.7699890136719,479.2023620605469,41744400,0.0,0.0,0.0
2025-03-18 00:00:00-04:00,479.4100036621094,479.6099853515625,472.4100036621094,474.5400085449219,471.03326416015625,39072300,0.0,0.0,0.0
2025-03-19 00:00:00-04:00,476.80999755859375,485.3299865722656,474.8699951171875,480.8900146484375,477.33636474609375,40430300,0.0,0.0,0.0
2025-03-20 00:00:00-04:00,476.8800048828125,484.54998779296875,476.17999267578125,479.260009765625,475.71832275390625,36780500,0.0,0.0,0.0
2025-03-21 00:00:00-04:00,474.0799865722656,481.6099853515625,472.9100036621094,480.8399963378906,477.28668212890625,42234900,0.0,0.0,0.0
2025-03-24 00:00:00-04:00,487.739990234375,491.510009765625,484.3999938964844,490.6600036621094,487.76043701171875,34567200,0.716,0.0,0.0
2025-03-25 00:00:00-04:00,491.3900146484375,493.6199951171875,490.4200134277344,493.4599914550781,490.5438232421875,26035200,0.0,0.0,0.0
2025-03-26 00:00:00-04:00,492.29998779296875,493.1600036621094,482.82000732421875,484.3800048828125,481.51751708984375,34627100,0.0,0.0,0.0
2025-03-27 00:00:00-04:00,482.4100036621094,486.5799865722656,480.25,481.6199951171875,478.7738342285156,33469800,0.0,0.0,0.0
2025-03-28 00:00:00-04:00,479.80999755859375,480.5199890136719,468.04998779296875,468.94000244140625,466.16876220703125,46363800,0.0,0.0,0.0
2025-03-31 00:00:00-04:00,461.9200134277344,469.8599853515625,457.3299865722656,468.9200134277344,466.1488952636719,53000300,0.0,0.0,0.0
2025-04-01 00:00:00-04:00,467.29998779296875,473.6300048828125,464.4200134277344,472.70001220703125,469.90655517578125,41156200,0.0,0.0,0.0
2025-04-02 00:00:00-04:00,466.1199951171875,479.55999755859375,465.8599853515625,476.1499938964844,473.33612060546875,49894500,0.0,0.0,0.0
2025-04-03 00:00:00-04:00,456.44000244140625,460.07000732421875,450.1400146484375,450.6600036621094,447.99676513671875,70456300,0.0,0.0,0.0
2025-04-04 00:00:00-04:00,438.1400146484375,440.3699951171875,422.6700134277344,422.6700134277344,420.1722106933594,117088400,0.0,0.0,0.0
2025-04-07 00:00:00-04:00,408.6600036621094,443.1400146484375,402.3900146484375,423.69000244140625,421.1861877441406,161557000,0.0,0.0,0.0
2025-04-08 00:00:00-04:00,438.1600036621094,443.1400146484375,409.7900085449219,416.05999755859375,413.6012268066406,101248100,0.0,0.0,0.0
2025-04-09 00:00:00-04:00,415.57000732421875,467.8299865722656,415.42999267578125,466.0,463.24615478515625,142876900,0.0,0.0,0.0
2025-04-10 00:00:00-04:00,453.55999755859375,455.5899963378906,432.6300048828125,446.17999267578125,443.54327392578125,108384100,0.0,0.0,0.0
2025-04-11 00:00:00-04:00,444.6499938964844,455.7900085449219,441.3299865722656,454.3999938964844,451.7146911621094,52483800,0.0,0.0,0.0
2025-04-14 00:00:00-04:00,464.4599914550781,465.04998779296875,452.6300048828125,457.4800109863281,454.7765197753906,43941200,0.0,0.0,0.0
2025-04-15 00:00:00-04:00,458.5400085449219,462.3800048828125,456.1499938964844,457.989990234375,455.283447265625,35404200,0.0,0.0,0.0
2025-04-16 00:00:00-04:00,449.0299987792969,452.6199951171875,437.760009765625,444.17999267578125,441.5550842285156,48980600,0.0,0.0,0.0
2025-04-17 00:00:00-04:00,447.1700134277344,447.75,441.3599853515625,444.1000061035156,441.4755554199219,44837000,0.0,0.0,0.0
2025-04-21 00:00:00-04:00,438.2300109863281,439.0799865722656,427.92999267578125,433.1099853515625,430.5505065917969,44149300,0.0,0.0,0.0
2025-04-22 00:00:00-04:00,438.82000732421875,447.5799865722656,437.6199951171875,444.4800109863281,441.85333251953125,52304400,0.0,0.0,0.0
2025-04-23 00:00:00-04:00,458.1700134277344,463.3800048828125,452.8800048828125,454.55999755859375,451.8737487792969,55801100,0.0,0.0,0.0
2025-04-24 00:00:00-04:00,456.4800109863281,467.6600036621094,455.8299865722656,467.3500061035156,464.5881652832031,45956100,0.0,0.0,0.0
2025-04-25 00:00:00-04:00,466.9700012207031,473.0899963378906,465.3900146484375,472.55999755859375,469.767333984375,38697100,0.0,0.0,0.0
2025-04-28 00:00:00-04:00,473.0299987792969,474.80999755859375,466.0299987792969,472.4100036621094,469.61822509765625,33550800,0.0,0.0,0.0
2025-04-29 00:00:00-04:00,470.1700134277344,476.4200134277344,469.5899963378906,475.5299987792969,472.7198181152344,30613100,0.0,0.0,0.0
2025-04-30 00:00:00-04:00,467.1300048828125,477.20001220703125,462.42999267578125,475.4700012207031,472.6601867675781,46810600,0.0,0.0,0.0
2025-05-01 00:00:00-04:00,483.4100036621094,487.17999267578125,480.739990234375,481.67999267578125,478.8334655761719,43316500,0.0,0.0,0.0
2025-05-02 00:00:00-04:00,486.5400085449219,490.9100036621094,484.8299865722656,488.8299865722656,485.9411926269531,39218100,0.0,0.0,0.0
2025-05-05 00:00:00-04:00,484.6000061035156,489.0299987792969,484.1000061035156,485.92999267578125,483.058349609375,28309500,0.0,0.0,0.0
2025-05-06 00:00:00-04:00,479.55999755859375,485.04998779296875,478.19000244140625,481.4100036621094,478.5650634765625,32786300,0.0,0.0,0.0
2025-05-07 00:00:00-04:00,482.0799865722656,485.79998779296875,476.7799987792969,483.29998779296875,480.4438781738281,38006300,0.0,0.0,0.0
2025-05-08 00:00:00-04:00,488.5299987792969,492.70001220703125,484.1700134277344,488.2900085449219,485.4044189453125,39577600,0.0,0.0,0.0
2025-05-09 00:00:00-04:00,490.2099914550781,491.5400085449219,486.20001220703125,487.9700012207031,485.0863342285156,27767400,0.0,0.0,0.0
2025-05-12 00:00:00-04:00,506.989990234375,507.8900146484375,501.4800109863281,507.8500061035156,504.84881591796875,45090600,0.0,0.0,0.0
2025-05-13 00:00:00-04:00,509.1600036621094,517.3900146484375,508.4200134277344,515.5900268554688,512.5430908203125,53269600,0.0,0.0,0.0
2025-05-14 00:00:00-04:00,516.77001953125,519.22998046875,515.75,518.6799926757812,515.6148071289062,47014500,0.0,0.0,0.0
2025-05-15 00:00:00-04:00,516.52001953125,521.9299926757812,515.1699829101562,519.25,516.1814575195312,50153300,0.0,0.0,0.0
2025-05-16 00:00:00-04:00,520.6599731445312,521.7000122070312,517.0999755859375,521.510009765625,518.4281005859375,48394600,0.0,0.0,0.0
2025-05-19 00:00:00-04:00,514.239990234375,522.530029296875,514.239990234375,522.010009765625,518.9251708984375,52536200,0.0,0.0,0.0
2025-05-20 00:00:00-04:00,519.469970703125,520.9299926757812,516.6599731445312,520.27001953125,517.1954956054688,42517600,0.0,0.0,0.0
2025-05-21 00:00:00-04:00,516.27001953125,523.0,511.239990234375,513.0399780273438,510.0081481933594,71292800,0.0,0.0,0.0
2025-05-22 00:00:00-04:00,513.6599731445312,517.7100219726562,512.2999877929688,514.0,510.9624938964844,55607200,0.0,0.0,0.0
2025-05-23 00:00:00-04:00,506.17999267578125,511.8399963378906,505.5799865722656,509.239990234375,506.2306213378906,58368100,0.0,0.0,0.0
2025-05-27 00:00:00-04:00,516.1500244140625,521.7100219726562,514.5900268554688,521.219970703125,518.139892578125,47226300,0.0,0.0,0.0
2025-05-28 00:00:00-04:00,522.1799926757812,523.6799926757812,518.3900146484375,518.9099731445312,515.8433837890625,46637200,0.0,0.0,0.0
2025-05-29 00:00:00-04:00,526.3300170898438,526.47998046875,517.3200073242188,519.9299926757812,516.857421875,58513300,0.0,0.0,0.0
2025-05-30 00:00:00-04:00,519.4400024414062,520.6799926757812,511.92999267578125,519.1099853515625,516.042236328125,67662800,0.0,0.0,0.0
2025-06-02 00:00:00-04:00,517.239990234375,523.4500122070312,515.969970703125,523.2100219726562,520.1181030273438,44762800,0.0,0.0,0.0
2025-06-03 00:00:00-04:00,523.5599975585938,528.739990234375,522.6900024414062,527.2999877929688,524.183837890625,44070300,0.0,0.0,0.0
2025-06-04 00:00:00-04:00,528.010009765625,529.8400268554688,525.969970703125,528.77001953125,525.6452026367188,41359300,0.0,0.0,0.0
2025-06-05 00:00:00-04:00,530.1799926757812,533.0499877929688,522.6599731445312,524.7899780273438,521.688720703125,61031200,0.0,0.0,0.0
2025-06-06 00:00:00-04:00,530.0,531.7999877929688,528.2100219726562,529.9199829101562,526.7883911132812,42467000,0.0,0.0,0.0
2025-06-09 00:00:00-04:00,530.1400146484375,532.3499755859375,529.010009765625,530.7000122070312,527.5638427734375,33688700,0.0,0.0,0.0
2025-06-10 00:00:00-04:00,531.1699829101562,534.9000244140625,528.8900146484375,534.2100219726562,531.0530395507812,40664800,0.0,0.0,0.0
2025-06-11 00:00:00-04:00,535.6199951171875,536.780029296875,530.1099853515625,532.4099731445312,529.263671875,53701000,0.0,0.0,0.0
2025-06-12 00:00:00-04:00,531.0900268554688,534.6400146484375,530.8400268554688,533.6599731445312,530.5062866210938,34104900,0.0,0.0,0.0
2025-06-13 00:00:00-04:00,527.6799926757812,531.8699951171875,525.72998046875,526.9600219726562,523.8458862304688,55814400,0.0,0.0,0.0
2025-06-16 00:00:00-04:00,530.5,535.3699951171875,530.4500122070312,534.2899780273438,531.132568359375,37622100,0.0,0.0,0.0
2025-06-17 00:00:00-04:00,531.7100219726562,533.3300170898438,527.9099731445312,529.0800170898438,525.9533081054688,42180900,0.0,0.0,0.0
2025-06-18 00:00:00-04:00,530.0999755859375,532.5499877929688,527.4000244140625,528.989990234375,525.8638305664062,43983500,0.0,0.0,0.0
2025-06-20 00:00:00-04:00,532.260009765625,533.5599975585938,524.8800048828125,526.8300170898438,523.7167358398438,61643500,0.0,0.0,0.0
2025-06-23 00:00:00-04:00,526.8099975585938,532.1699829101562,523.6500244140625,531.6500244140625,529.1017456054688,50666100,0.591,0.0,0.0
2025-06-24 00:00:00-04:00,536.8900146484375,540.7000122070312,536.27001953125,539.780029296875,537.1927490234375,45442000,0.0,0.0,0.0
2025-06-25 00:00:00-04:00,542.0599975585938,543.3099975585938,539.3800048828125,541.1599731445312,538.5661010742188,44804200,0.0,0.0,0.0
2025-06-26 00:00:00-04:00,543.3499755859375,546.6699829101562,541.52001953125,546.219970703125,543.6018676757812,43811400,0.0,0.0,0.0
2025-06-27 00:00:00-04:00,547.260009765625,549.989990234375,544.5399780273438,548.0900268554688,545.4629516601562,57577100,0.0,0.0,0.0
2025-06-30 00:00:00-04:00,551.260009765625,552.7999877929688,549.010009765625,551.6400146484375,548.9959106445312,45548700,0.0,0.0,0.0
2025-07-01 00:00:00-04:00,549.72998046875,550.7100219726562,544.6599731445312,546.989990234375,544.3682250976562,56166700,0.0,0.0,0.0
2025-07-02 00:00:00-04:00,546.1599731445312,551.0,546.1199951171875,550.7999877929688,548.159912109375,36538300,0.0,0.0,0.0
2025-07-03 00:00:00-04:00,553.1799926757812,557.2000122070312,553.1799926757812,556.219970703125,553.553955078125,26443500,0.0,0.0,0.0
2025-07-07 00:00:00-04:00,553.52001953125,554.3400268554688,549.5800170898438,552.030029296875,549.384033203125,45349300,0.0,0.0,0.0
2025-07-08 00:00:00-04:00,553.3800048828125,554.010009765625,551.0999755859375,552.3400268554688,549.6925659179688,36153300,0.0,0.0,0.0
2025-07-09 00:00:00-04:00,554.47998046875,557.6300048828125,553.0999755859375,556.25,553.5838623046875,43045500,0.0,0.0,0.0
2025-07-10 00:00:00-04:00,556.8900146484375,557.2999877929688,552.75,555.4500122070312,552.7876586914062,34710900,0.0,0.0,0.0
2025-07-11 00:00:00-04:00,553.2999877929688,555.7899780273438,552.0499877929688,554.2000122070312,551.543701171875,39618600,0.0,0.0,0.0
2025-07-14 00:00:00-04:00,553.989990234375,556.9500122070312,551.6300048828125,556.2100219726562,553.5440063476562,36453300,0.0,0.0,0.0
2025-07-15 00:00:00-04:00,560.25,560.7999877929688,556.6599731445312,556.719970703125,554.0515747070312,43277700,0.0,0.0,0.0
2025-07-16 00:00:00-04:00,557.280029296875,560.2100219726562,551.5599975585938,557.2899780273438,554.6188354492188,52314700,0.0,0.0,0.0
2025-07-17 00:00:00-04:00,558.02001953125,562.3099975585938,557.2100219726562,561.7999877929688,559.1072387695312,40423800,0.0,0.0,0.0
2025-07-18 00:00:00-04:00,563.1199951171875,564.72998046875,559.97998046875,561.260009765625,558.56982421875,50484700,0.0,0.0,0.0
2025-07-21 00:00:00-04:00,562.0900268554688,566.0599975585938,562.0599975585938,564.1699829101562,561.4658813476562,39595200,0.0,0.0,0.0
2025-07-22 00:00:00-04:00,564.2999877929688,564.3499755859375,558.6099853515625,561.25,558.559814453125,43270600,0.0,0.0,0.0
2025-07-23 00:00:00-04:00,562.3400268554688,563.8499755859375,559.5800170898438,563.8099975585938,561.1076049804688,40215300,0.0,0.0,0.0
2025-07-24 00:00:00-04:00,565.1300048828125,566.239990234375,563.2899780273438,565.010009765625,562.3018798828125,42275500,0.0,0.0,0.0
2025-07-25 00:00:00-04:00,564.9299926757812,567.7000122070312,564.27001953125,566.3699951171875,563.6553344726562,30630800,0.0,0.0,0.0
2025-07-28 00:00:00-04:00,567.739990234375,569.0399780273438,566.8699951171875,568.1400146484375,565.4168090820312,31498700,0.0,0.0,0.0
2025-07-29 00:00:00-04:00,570.760009765625,572.1099853515625,566.530029296875,567.260009765625,564.541015625,45463300,0.0,0.0,0.0
2025-07-30 00:00:00-04:00,568.1799926757812,570.6199951171875,565.0499877929688,568.02001953125,565.2974853515625,43433800,0.0,0.0,0.0
2025-07-31 00:00:00-04:00,574.5399780273438,574.6300048828125,563.8699951171875,565.010009765625,562.3018798828125,64613600,0.0,0.0,0.0
2025-08-01 00:00:00-04:00,558.8300170898438,559.02001953125,551.6799926757812,553.8800048828125,551.2251586914062,69400800,0.0,0.0,0.0
2025-08-04 00:00:00-04:00,559.0499877929688,564.3200073242188,558.9500122070312,564.0999755859375,561.3961181640625,47669800,0.0,0.0,0.0
2025-08-05 00:00:00-04:00,565.3900146484375,566.5599975585938,559.72998046875,560.27001953125,557.5845947265625,48666600,0.0,0.0,0.0
2025-08-06 00:00:00-04:00,561.1099853515625,567.760009765625,560.6300048828125,567.3200073242188,564.6007690429688,41823700,0.0,0.0,0.0
2025-08-07 00:00:00-04:00,571.6699829101562,573.3200073242188,565.1099853515625,569.239990234375,566.5115966796875,44463000,0.0,0.0,0.0
2025-08-08 00:00:00-04:00,570.4500122070312,574.77001953125,570.1500244140625,574.5499877929688,571.7960815429688,35255500,0.0,0.0,0.0
2025-08-11 00:00:00-04:00,574.6900024414062,576.7999877929688,571.5700073242188,572.8499755859375,570.1041870117188,33112900,0.0,0.0,0.0
2025-08-12 00:00:00-04:00,575.1599731445312,580.3499755859375,572.489990234375,580.0499877929688,577.2697143554688,42143300,0.0,0.0,0.0
2025-08-13 00:00:00-04:00,582.760009765625,583.3200073242188,578.9400024414062,580.3400268554688,577.558349609375,41209300,0.0,0.0,0.0
2025-08-14 00:00:00-04:00,578.280029296875,581.8800048828125,577.9099731445312,579.8900146484375,577.110595703125,45425000,0.0,0.0,0.0
2025-08-15 00:00:00-04:00,579.7999877929688,579.8400268554688,575.5700073242188,577.3400268554688,574.57275390625,49480200,0.0,0.0,0.0
2025-08-18 00:00:00-04:00,576.4400024414062,577.77001953125,575.239990234375,577.1099853515625,574.3438110351562,29831000,0.0,0.0,0.0
2025-08-19 00:00:00-04:00,576.3900146484375,576.5599975585938,568.25,569.280029296875,566.5513916015625,53752600,0.0,0.0,0.0
2025-08-20 00:00:00-04:00,568.3300170898438,568.4500122070312,558.8400268554688,565.9000244140625,563.1876220703125,76781100,0.0,0.0,0.0
2025-08-21 00:00:00-04:00,564.3499755859375,566.489990234375,560.97998046875,563.280029296875,560.5802001953125,46436900,0.0,0.0,0.0
2025-08-22 00:00:00-04:00,564.6699829101562,573.989990234375,563.27001953125,571.969970703125,569.2284545898438,51502100,0.0,0.0,0.0
2025-08-25 00:00:00-04:00,570.4000244140625,573.2899780273438,569.1599731445312,570.3200073242188,567.5863647460938,34044700,0.0,0.0,0.0
2025-08-26 00:00:00-04:00,569.8300170898438,572.9199829101562,568.7999877929688,572.6099853515625,569.8653564453125,34103000,0.0,0.0,0.0
2025-08-27 00:00:00-04:00,571.5900268554688,574.4099731445312,570.3699951171875,573.489990234375,570.7412109375,36927100,0.0,0.0,0.0
2025-08-28 00:00:00-04:00,574.1099853515625,578.0,572.4600219726562,577.0800170898438,574.31396484375,46787900,0.0,0.0,0.0
2025-08-29 00:00:00-04:00,574.6599731445312,575.030029296875,568.5399780273438,570.4000244140625,567.6660766601562,56030400,0.0,0.0,0.0
2025-09-02 00:00:00-04:00,561.3099975585938,565.969970703125,559.5399780273438,565.6199951171875,562.9088745117188,65876800,0.0,0.0,0.0
2025-09-03 00:00:00-04:00,569.22998046875,571.7000122070312,566.72998046875,570.0700073242188,567.3375854492188,54230200,0.0,0.0,0.0
2025-09-04 00:00:00-04:00,570.739990234375,575.5999755859375,569.030029296875,575.22998046875,572.4727783203125,47526300,0.0,0.0,0.0
2025-09-05 00:00:00-04:00,580.489990234375,581.1199951171875,571.530029296875,576.0599975585938,573.298828125,68342500,0.0,0.0,0.0
2025-09-08 00:00:00-04:00,578.3699951171875,580.8400268554688,577.77001953125,578.8699951171875,576.095458984375,46371400,0.0,0.0,0.0
2025-09-09 00:00:00-04:00,579.6699829101562,580.9400024414062,577.0399780273438,580.510009765625,577.7275390625,44007600,0.0,0.0,0.0
2025-09-10 00:00:00-04:00,583.739990234375,583.77001953125,578.5499877929688,580.7000122070312,577.9166259765625,49308000,0.0,0.0,0.0
2025-09-11 00:00:00-04:00,583.239990234375,584.8800048828125,581.6199951171875,584.0800170898438,581.2803955078125,44745800,0.0,0.0,0.0
2025-09-12 00:00:00-04:00,585.0399780273438,587.8599853515625,584.0999755859375,586.6599731445312,583.8480224609375,50745900,0.0,0.0,0.0
2025-09-15 00:00:00-04:00,588.4400024414062,591.7899780273438,588.2899780273438,591.6799926757812,588.843994140625,44360300,0.0,0.0,0.0
2025-09-16 00:00:00-04:00,592.6099853515625,592.8599853515625,590.489990234375,591.1799926757812,588.3463745117188,36942100,0.0,0.0,0.0
2025-09-17 00:00:00-04:00,591.0999755859375,591.75,584.3699951171875,590.0,587.172119140625,69384800,0.0,0.0,0.0
2025-09-18 00:00:00-04:00,594.9099731445312,598.1400146484375,592.9600219726562,595.3200073242188,592.466552734375,61069300,0.0,0.0,0.0
2025-09-19 00:00:00-04:00,597.3300170898438,600.0499877929688,595.8499755859375,599.3499755859375,596.4771728515625,58196100,0.0,0.0,0.0
2025-09-22 00:00:00-04:00,597.739990234375,602.8699951171875,597.719970703125,602.2000122070312,600.0083618164062,57154800,0.694,0.0,0.0
2025-09-23 00:00:00-04:00,602.3699951171875,602.5700073242188,596.97998046875,598.2000122070312,596.02294921875,64635500,0.0,0.0,0.0
2025-09-24 00:00:00-04:00,599.5800170898438,599.9000244140625,593.3599853515625,596.0999755859375,593.9305419921875,49850300,0.0,0.0,0.0
2025-09-25 00:00:00-04:00,592.2000122070312,595.1199951171875,588.5,593.530029296875,591.3699340820312,70920200,0.0,0.0,0.0
2025-09-26 00:00:00-04:00,594.3499755859375,596.2999877929688,591.0599975585938,595.969970703125,593.801025390625,54337400,0.0,0.0,0.0
2025-09-29 00:00:00-04:00,599.1099853515625,602.0499877929688,597.4099731445312,598.72998046875,596.5509643554688,48332900,0.0,0.0,0.0
2025-09-30 00:00:00-04:00,598.4299926757812,600.7100219726562,596.0999755859375,600.3699951171875,598.1849975585938,46533800,0.0,0.0,0.0
2025-10-01 00:00:00-04:00,597.1699829101562,603.7899780273438,596.3400268554688,603.25,601.0545043945312,46899600,0.0,0.0,0.0
2025-10-02 00:00:00-04:00,607.0599975585938,607.1599731445312,602.9299926757812,605.72998046875,603.5255126953125,43765400,0.0,0.0,0.0
2025-10-03 00:00:00-04:00,606.510009765625,607.3300170898438,601.3900146484375,603.1799926757812,600.9848022460938,46482100,0.0,0.0,0.0
2025-10-06 00:00:00-04:00,608.4500122070312,609.3599853515625,605.969970703125,607.7100219726562,605.498291015625,41962100,0.0,0.0,0.0
2025-10-07 00:00:00-04:00,609.02001953125,609.7100219726562,603.030029296875,604.510009765625,602.3099975585938,58209500,0.0,0.0,0.0
2025-10-08 00:00:00-04:00,605.4099731445312,611.75,605.260009765625,611.4400024414062,609.2147216796875,50629800,0.0,0.0,0.0
2025-10-09 00:00:00-04:00,611.47998046875,611.6099853515625,607.47998046875,610.7000122070312,608.4774169921875,45551000,0.0,0.0,0.0
2025-10-10 00:00:00-04:00,611.4000244140625,613.1799926757812,589.0499877929688,589.5,587.3546142578125,97614800,0.0,0.0,0.0
2025-10-13 00:00:00-04:00,599.6799926757812,602.9500122070312,597.22998046875,602.010009765625,599.8190307617188,65872600,0.0,0.0,0.0
2025-10-14 00:00:00-04:00,595.3099975585938,602.6900024414062,590.1300048828125,598.0,595.8236694335938,69203200,0.0,0.0,0.0
2025-10-15 00:00:00-04:00,604.010009765625,606.7000122070312,595.9299926757812,602.219970703125,600.0282592773438,62805500,0.0,0.0,0.0
2025-10-16 00:00:00-04:00,605.1099853515625,608.3099975585938,595.5,599.989990234375,597.806396484375,70982000,0.0,0.0,0.0
2025-10-17 00:00:00-04:00,597.9500122070312,605.510009765625,596.3699951171875,603.9299926757812,601.7320556640625,72024900,0.0,0.0,0.0
2025-10-20 00:00:00-04:00,607.1400146484375,612.7999877929688,607.0700073242188,611.5399780273438,609.3143310546875,45761700,0.0,0.0,0.0
2025-10-21 00:00:00-04:00,611.6400146484375,612.719970703125,609.3200073242188,611.3800048828125,609.1549682617188,44538200,0.0,0.0,0.0
2025-10-22 00:00:00-04:00,610.8200073242188,611.4099731445312,599.739990234375,605.489990234375,603.286376953125,61478800,0.0,0.0,0.0
2025-10-23 00:00:00-04:00,604.9099731445312,611.3699951171875,604.52001953125,610.5800170898438,608.35791015625,42844300,0.0,0.0,0.0
2025-10-24 00:00:00-04:00,615.989990234375,618.4199829101562,615.1300048828125,617.0999755859375,614.8541259765625,47632500,0.0,0.0,0.0
2025-10-27 00:00:00-04:00,624.52001953125,628.5499877929688,624.030029296875,628.0900268554688,625.80419921875,54098600,0.0,0.0,0.0
2025-10-28 00:00:00-04:00,630.3599853515625,634.6799926757812,629.25,632.9199829101562,630.6165161132812,61195700,0.0,0.0,0.0
2025-10-29 00:00:00-04:00,635.5900268554688,637.010009765625,630.25,635.77001953125,633.4561767578125,67422800,0.0,0.0,0.0
2025-10-30 00:00:00-04:00,632.1699829101562,633.5,625.9400024414062,626.0499877929688,623.7715454101562,61628600,0.0,0.0,0.0
2025-10-31 00:00:00-04:00,634.1699829101562,634.2000122070312,626.6900024414062,629.0700073242188,626.780517578125,66305100,0.0,0.0,0.0
2025-11-03 00:00:00-05:00,635.1099853515625,635.8200073242188,629.8499755859375,632.0800170898438,629.7796020507812,37154300,0.0,0.0,0.0
2025-11-04 00:00:00-05:00,623.280029296875,626.9500122070312,618.4600219726562,619.25,616.996337890625,63830800,0.0,0.0,0.0
2025-11-05 00:00:00-05:00,618.489990234375,626.5999755859375,617.2100219726562,623.280029296875,621.0116577148438,48688500,0.0,0.0,0.0
2025-11-06 00:00:00-05:00,621.7899780273438,622.0399780273438,610.2999877929688,611.6699829101562,609.4439086914062,72115100,0.0,0.0,0.0
2025-11-07 00:00:00-05:00,608.3099975585938,609.9500122070312,598.6699829101562,609.739990234375,607.5209350585938,81835400,0.0,0.0,0.0
2025-11-10 00:00:00-05:00,618.9199829101562,624.3099975585938,616.8900146484375,623.22998046875,620.9617919921875,55919900,0.0,0.0,0.0
2025-11-11 00:00:00-05:00,620.5700073242188,622.719970703125,617.52001953125,621.5700073242188,619.307861328125,44868800,0.0,0.0,0.0
2025-11-12 00:00:00-05:00,624.8400268554688,624.8599853515625,617.8099975585938,621.0800170898438,618.8197021484375,47444400,0.0,0.0,0.0
2025-11-13 00:00:00-05:00,617.5399780273438,618.1199951171875,606.0800170898438,608.4000244140625,606.1858520507812,71333600,0.0,0.0,0.0
2025-11-14 00:00:00-05:00,599.5499877929688,613.3499755859375,597.1699829101562,608.8599853515625,606.64404296875,80087300,0.0,0.0,0.0
2025-11-17 00:00:00-05:00,606.2999877929688,612.47998046875,599.8699951171875,603.6599731445312,601.4630126953125,63850400,0.0,0.0,0.0
2025-11-18 00:00:00-05:00,599.6199951171875,602.3099975585938,591.3400268554688,596.3099975585938,594.1397705078125,83327300,0.0,0.0,0.0
2025-11-19 00:00:00-05:00,597.0700073242188,606.1599731445312,594.5900268554688,599.8699951171875,597.686767578125,73111500,0.0,0.0,0.0
2025-11-20 00:00:00-05:00,611.6199951171875,614.030029296875,584.75,585.6699829101562,583.5385131835938,117743200,0.0,0.0,0.0
2025-11-21 00:00:00-05:00,587.469970703125,596.97998046875,580.739990234375,590.0700073242188,587.9224853515625,103344200,0.0,0.0,0.0
2025-11-24 00:00:00-05:00,595.280029296875,606.6799926757812,595.1599731445312,605.1599731445312,602.9575805664062,60168100,0.0,0.0,0.0
2025-11-25 00:00:00-05:00,603.510009765625,610.260009765625,597.3200073242188,608.8900146484375,606.6740112304688,57560900,0.0,0.0,0.0
2025-11-26 00:00:00-05:00,612.510009765625,616.1900024414062,610.3900146484375,614.27001953125,612.034423828125,42393600,0.0,0.0,0.0
2025-11-28 00:00:00-05:00,616.1099853515625,619.3200073242188,615.4199829101562,619.25,616.996337890625,23034400,0.0,0.0,0.0
2025-12-01 00:00:00-05:00,613.6300048828125,619.4400024414062,612.52001953125,617.1699829101562,614.923828125,40957600,0.0,0.0,0.0
2025-12-02 00:00:00-05:00,619.4600219726562,623.75,617.5900268554688,622.0,619.7362670898438,54541800,0.0,0.0,0.0
2025-12-03 00:00:00-05:00,619.6199951171875,624.219970703125,618.030029296875,623.52001953125,621.2507934570312,47841600,0.0,0.0,0.0
2025-12-04 00:00:00-05:00,624.9299926757812,624.9400024414062,619.5399780273438,622.9400024414062,620.6729125976562,47067800,0.0,0.0,0.0
2025-12-05 00:00:00-05:00,624.3800048828125,628.9199829101562,623.7100219726562,625.47998046875,623.20361328125,53614200,0.0,0.0,0.0
2025-12-08 00:00:00-05:00,627.2100219726562,628.8400268554688,621.6900024414062,624.280029296875,622.0079956054688,43462400,0.0,0.0,0.0
2025-12-09 00:00:00-05:00,623.010009765625,625.8699951171875,621.0,625.0499877929688,622.775146484375,37156000,0.0,0.0,0.0
2025-12-10 00:00:00-05:00,623.8499755859375,629.2100219726562,620.989990234375,627.6099853515625,625.3258666992188,55031400,0.0,0.0,0.0
2025-12-11 00:00:00-05:00,623.8200073242188,625.780029296875,617.719970703125,625.5800170898438,623.3032836914062,58272800,0.0,0.0,0.0
2025-12-12 00:00:00-05:00,622.0800170898438,623.5399780273438,611.3599853515625,613.6199951171875,611.3867797851562,75158700,0.0,0.0,0.0
2025-12-15 00:00:00-05:00,618.3699951171875,618.4199829101562,609.3200073242188,610.5399780273438,608.3179931640625,49538200,0.0,0.0,0.0
2025-12-16 00:00:00-05:00,608.260009765625,613.510009765625,606.9099731445312,611.75,609.5235595703125,55152800,0.0,0.0,0.0
2025-12-17 00:00:00-05:00,613.0599975585938,613.6500244140625,600.280029296875,600.4099731445312,598.2247924804688,70654300,0.0,0.0,0.0
2025-12-18 00:00:00-05:00,609.7999877929688,612.9299926757812,606.9199829101562,609.1099853515625,606.8931884765625,78875800,0.0,0.0,0.0
2025-12-19 00:00:00-05:00,611.9500122070312,617.6199951171875,611.8699951171875,617.0499877929688,614.8043212890625,60369800,0.0,0.0,0.0
2025-12-22 00:00:00-05:00,621.3499755859375,621.6500244140625,617.77001953125,619.2100219726562,617.7513427734375,43703100,0.794,0.0,0.0
2025-12-23 00:00:00-05:00,618.2000122070312,622.4099731445312,617.780029296875,622.1099853515625,620.6444702148438,41120400,0.0,0.0,0.0
2025-12-24 00:00:00-05:00,621.989990234375,624.280029296875,621.719970703125,623.9299926757812,622.460205078125,18468700,0.0,0.0,0.0
2025-12-26 00:00:00-05:00,624.6599731445312,625.52001953125,623.1400146484375,623.8900146484375,622.4203491210938,28959800,0.0,0.0,0.0
2025-12-29 00:00:00-05:00,620.0999755859375,622.780029296875,618.72998046875,620.8699951171875,619.4074096679688,32458300,0.0,0.0,0.0
2025-12-30 00:00:00-05:00,619.8400268554688,622.1799926757812,619.219970703125,619.4299926757812,617.9707641601562,31226800,0.0,0.0,0.0
2025-12-31 00:00:00-05:00,619.6500244140625,619.9600219726562,614.0499877929688,614.3099975585938,612.8628540039062,40746500,0.0,0.0,0.0
2026-01-02 00:00:00-05:00,620.0599975585938,622.8499755859375,610.1500244140625,613.1199951171875,611.6756591796875,61859200,0.0,0.0,0.0
2026-01-05 00:00:00-05:00,619.3200073242188,620.8099975585938,616.719970703125,617.989990234375,616.5341796875,46828400,0.0,0.0,0.0
2026-01-06 00:00:00-05:00,619.22998046875,624.02001953125,618.5399780273438,623.4199829101562,621.951416015625,43137500,0.0,0.0,0.0
2026-01-07 00:00:00-05:00,623.0399780273438,627.9400024414062,622.5599975585938,624.02001953125,622.550048828125,44880300,0.0,0.0,0.0
2026-01-08 00:00:00-05:00,623.030029296875,623.4199829101562,617.7999877929688,620.469970703125,619.0083618164062,50435900,0.0,0.0,0.0
2026-01-09 00:00:00-05:00,621.4099731445312,627.8900146484375,619.0599975585938,626.6500244140625,625.173828125,49688700,0.0,0.0,0.0
2026-01-12 00:00:00-05:00,622.3099975585938,628.8499755859375,622.260009765625,627.1699829101562,625.6925659179688,37388700,0.0,0.0,0.0
2026-01-13 00:00:00-05:00,627.27001953125,629.469970703125,623.7000122070312,626.239990234375,624.7647705078125,44481400,0.0,0.0,0.0
2026-01-14 00:00:00-05:00,622.239990234375,623.4500122070312,614.5599975585938,619.5499877929688,618.0905151367188,72598700,0.0,0.0,0.0
2026-01-15 00:00:00-05:00,626.5999755859375,630.0,620.75,621.780029296875,620.3153076171875,53934900,0.0,0.0,0.0
2026-01-16 00:00:00-05:00,625.5,626.0800170898438,618.8800048828125,621.260009765625,619.7965087890625,61058100,0.0,0.0,0.0
2026-01-20 00:00:00-05:00,610.530029296875,615.0599975585938,607.0499877929688,608.0599975585938,606.6276245117188,81988900,0.0,0.0,0.0
2026-01-21 00:00:00-05:00,609.469970703125,620.4199829101562,607.8599853515625,616.280029296875,614.8282470703125,79837900,0.0,0.0,0.0
2026-01-22 00:00:00-05:00,622.3499755859375,622.4600219726562,617.780029296875,620.760009765625,619.2976684570312,42254800,0.0,0.0,0.0
2026-01-23 00:00:00-05:00,619.72998046875,625.4000244140625,618.6500244140625,622.719970703125,621.2530517578125,43645800,0.0,0.0,0.0
2026-01-26 00:00:00-05:00,623.2100219726562,627.6099853515625,622.1199951171875,625.4600219726562,623.9866333007812,35983000,0.0,0.0,0.0
2026-01-27 00:00:00-05:00,628.9099731445312,632.0399780273438,627.3400268554688,631.1300048828125,629.6432495117188,38997200,0.0,0.0,0.0
2026-01-28 00:00:00-05:00,635.4600219726562,636.5999755859375,631.8099975585938,633.219970703125,631.728271484375,50691700,0.0,0.0,0.0
2026-01-29 00:00:00-05:00,632.6500244140625,633.6699829101562,618.27001953125,629.4299926757812,627.9472045898438,79944000,0.0,0.0,0.0
2026-01-30 00:00:00-05:00,625.7100219726562,628.260009765625,619.2999877929688,621.8699951171875,620.405029296875,65650700,0.0,0.0,0.0
2026-02-02 00:00:00-05:00,618.7000122070312,628.489990234375,618.6599731445312,626.1400146484375,624.6650390625,49020300,0.0,0.0,0.0
2026-02-03 00:00:00-05:00,628.2999877929688,629.97998046875,610.9600219726562,616.52001953125,615.0676879882812,81234000,0.0,0.0,0.0
2026-02-04 00:00:00-05:00,615.02001953125,615.0999755859375,600.469970703125,605.75,604.322998046875,81850700,0.0,0.0,0.0
2026-02-05 00:00:00-05:00,600.2100219726562,604.8099975585938,594.760009765625,597.030029296875,595.6235961914062,89354500,0.0,0.0,0.0
2026-02-06 00:00:00-05:00,600.1900024414062,611.4099731445312,598.77001953125,609.6500244140625,608.2138671875,78019300,0.0,0.0,0.0
2026-02-09 00:00:00-05:00,607.5399780273438,616.4600219726562,605.0700073242188,614.3200073242188,612.8728637695312,56797600,0.0,0.0,0.0
2026-02-10 00:00:00-05:00,615.3099975585938,617.02001953125,611.010009765625,611.469970703125,610.029541015625,53938900,0.0,0.0,0.0
2026-02-11 00:00:00-05:00,616.3800048828125,617.52001953125,607.6900024414062,613.1099853515625,611.6657104492188,58575100,0.0,0.0,0.0
2026-02-12 00:00:00-05:00,614.7100219726562,615.8099975585938,599.5700073242188,600.6400146484375,599.22509765625,81378900,0.0,0.0,0.0
2026-02-13 00:00:00-05:00,600.4299926757812,606.47998046875,596.4199829101562,601.9199829101562,600.5020141601562,69237500,0.0,0.0,0.0
2026-02-17 00:00:00-05:00,598.3800048828125,603.9500122070312,593.3400268554688,601.2999877929688,599.8834838867188,69013800,0.0,0.0,0.0
2026-02-18 00:00:00-05:00,602.1099853515625,609.77001953125,600.719970703125,605.7899780273438,604.3629760742188,64250700,0.0,0.0,0.0
2026-02-19 00:00:00-05:00,602.8099975585938,605.8200073242188,600.75,603.469970703125,602.04833984375,60960800,0.0,0.0,0.0
2026-02-20 00:00:00-05:00,600.1199951171875,610.3499755859375,599.22998046875,608.8099975585938,607.3757934570312,74127300,0.0,0.0,0.0
2026-02-23 00:00:00-05:00,606.6099853515625,608.010009765625,599.0499877929688,601.4099731445312,599.9932250976562,63859100,0.0,0.0,0.0
2026-02-24 00:00:00-05:00,602.4000244140625,608.989990234375,599.72998046875,607.8699951171875,606.4380493164062,55023700,0.0,0.0,0.0
2026-02-25 00:00:00-05:00,611.0700073242188,616.8300170898438,611.0,616.6799926757812,615.227294921875,55710700,0.0,0.0,0.0
2026-02-26 00:00:00-05:00,615.5900268554688,615.5900268554688,603.97998046875,609.239990234375,607.8048095703125,96178900,0.0,0.0,0.0
2026-02-27 00:00:00-05:00,602.97998046875,608.3200073242188,602.1900024414062,607.2899780273438,605.8594360351562,68125200,0.0,0.0,0.0
2026-03-02 00:00:00-05:00,598.8599853515625,609.9199829101562,597.989990234375,608.0900268554688,606.6575317382812,75264600,0.0,0.0,0.0
2026-03-03 00:00:00-05:00,596.3300170898438,603.9600219726562,591.8699951171875,601.5800170898438,600.162841796875,97015500,0.0,0.0,0.0
2026-03-04 00:00:00-05:00,604.1599731445312,612.8800048828125,603.4299926757812,610.75,609.3112182617188,70943900,0.0,0.0,0.0
2026-03-05 00:00:00-05:00,607.4000244140625,612.760009765625,602.260009765625,608.9099731445312,607.4755859375,89602400,0.0,0.0,0.0
2026-03-06 00:00:00-05:00,600.3099975585938,606.0,598.3300170898438,599.75,598.337158203125,86302300,0.0,0.0,0.0
2026-03-09 00:00:00-04:00,594.22998046875,609.27001953125,591.3300170898438,607.760009765625,606.3283081054688,93068200,0.0,0.0,0.0
2026-03-10 00:00:00-04:00,607.780029296875,613.2899780273438,605.4199829101562,607.77001953125,606.3383178710938,64078900,0.0,0.0,0.0
2026-03-11 00:00:00-04:00,608.9500122070312,612.4299926757812,605.030029296875,607.6900024414062,606.2584228515625,60114800,0.0,0.0,0.0
2026-03-12 00:00:00-04:00,602.760009765625,604.1400146484375,597.0499877929688,597.260009765625,595.85302734375,71836600,0.0,0.0,0.0
2026-03-13 00:00:00-04:00,599.72998046875,603.5999755859375,592.5700073242188,593.719970703125,592.3213500976562,63145500,0.0,0.0,0.0
2026-03-16 00:00:00-04:00,600.0399780273438,603.8599853515625,599.1099853515625,600.3800048828125,598.9656982421875,49077200,0.0,0.0,0.0
2026-03-17 00:00:00-04:00,603.1400146484375,605.9000244140625,601.8699951171875,603.3099975585938,601.8887939453125,47106600,0.0,0.0,0.0
2026-03-18 00:00:00-04:00,601.489990234375,603.1599731445312,594.5599975585938,594.9000244140625,593.4986572265625,56128000,0.0,0.0,0.0
2026-03-19 00:00:00-04:00,589.510009765625,595.7999877929688,587.0800170898438,593.02001953125,591.623046875,75597600,0.0,0.0,0.0
2026-03-20 00:00:00-04:00,591.0599975585938,591.1699829101562,578.5399780273438,582.0599975585938,580.6888427734375,91964700,0.0,0.0,0.0
2026-03-23 00:00:00-04:00,590.52001953125,595.0800170898438,585.9600219726562,588.0,587.3545532226562,89936100,0.733,0.0,0.0
2026-03-24 00:00:00-04:00,584.8099975585938,587.9299926757812,581.9299926757812,583.97998046875,583.3389282226562,57750900,0.0,0.0,0.0
2026-03-25 00:00:00-04:00,589.1400146484375,591.3699951171875,585.6900024414062,587.8200073242188,587.1747436523438,60475500,0.0,0.0,0.0
2026-03-26 00:00:00-04:00,582.5999755859375,584.6300048828125,573.4299926757812,573.7899780273438,573.1600952148438,81492100,0.0,0.0,0.0
2026-03-27 00:00:00-04:00,570.8099975585938,571.02001953125,561.5700073242188,562.5800170898438,561.9624633789062,82702200,0.0,0.0,0.0
2026-03-30 00:00:00-04:00,567.3800048828125,568.0499877929688,555.5999755859375,558.280029296875,557.6671752929688,70602600,0.0,0.0,0.0
2026-03-31 00:00:00-04:00,564.2899780273438,578.6400146484375,564.2100219726562,577.1799926757812,576.54638671875,95878000,0.0,0.0,0.0
2026-04-01 00:00:00-04:00,581.47998046875,587.739990234375,580.4199829101562,584.3099975585938,583.6685791015625,79435100,0.0,0.0,0.0
2026-04-02 00:00:00-04:00,573.969970703125,586.0499877929688,571.9199829101562,584.97998046875,584.3378295898438,50941700,0.0,0.0,0.0
2026-04-06 00:00:00-04:00,586.22998046875,590.6099853515625,584.6900024414062,588.5,587.85400390625,35108500,0.0,0.0,0.0
2026-04-07 00:00:00-04:00,585.6400146484375,588.97998046875,578.4000244140625,588.5900268554688,587.9439086914062,49948200,0.0,0.0,0.0
2026-04-08 00:00:00-04:00,608.7100219726562,609.9000244140625,602.1199951171875,606.0900268554688,605.4246826171875,63086000,0.0,0.0,0.0
2026-04-09 00:00:00-04:00,605.9299926757812,610.5,603.030029296875,610.1900024414062,609.5202026367188,37837500,0.0,0.0,0.0
2026-04-10 00:00:00-04:00,611.8400268554688,613.6699829101562,609.5800170898438,611.0700073242188,610.3992309570312,34038500,0.0,0.0,0.0
2026-04-13 00:00:00-04:00,609.47998046875,626.739990234375,608.1099853515625,617.3900146484375,616.7122802734375,32972100,0.0,0.0,0.0
2026-04-14 00:00:00-04:00,620.219970703125,628.5999755859375,620.0999755859375,628.5999755859375,627.909912109375,49921100,0.0,0.0,0.0
2026-04-15 00:00:00-04:00,629.0800170898438,637.8300170898438,628.2000122070312,637.4000244140625,636.7003173828125,50102400,0.0,0.0,0.0
2026-04-16 00:00:00-04:00,639.2100219726562,642.1799926757812,635.260009765625,640.469970703125,639.7669067382812,42320600,0.0,0.0,0.0
2026-04-17 00:00:00-04:00,645.5900268554688,650.0,644.0700073242188,648.8499755859375,648.1376953125,53488900,0.0,0.0,0.0
2026-04-20 00:00:00-04:00,648.0399780273438,648.760009765625,642.52001953125,646.7899780273438,646.0799560546875,37138500,0.0,0.0,0.0
2026-04-21 00:00:00-04:00,648.4099731445312,650.2000122070312,642.2100219726562,644.3300170898438,643.6226806640625,39580500,0.0,0.0,0.0
2026-04-22 00:00:00-04:00,650.1500244140625,655.3300170898438,648.52001953125,655.1099853515625,654.390869140625,37368400,0.0,0.0,0.0
2026-04-23 00:00:00-04:00,653.5499877929688,656.9199829101562,645.52001953125,651.4199829101562,650.7048950195312,40099800,0.0,0.0,0.0
2026-04-24 00:00:00-04:00,658.510009765625,664.510009765625,656.530029296875,663.8800048828125,663.1512451171875,45563100,0.0,0.0,0.0
2026-04-27 00:00:00-04:00,663.4000244140625,664.4299926757812,660.6900024414062,664.22998046875,663.5008544921875,32717000,0.0,0.0,0.0
2026-04-28 00:00:00-04:00,657.4099731445312,659.6400146484375,653.8099975585938,657.5499877929688,656.8281860351562,34147900,0.0,0.0,0.0
2026-04-29 00:00:00-04:00,658.6300048828125,661.719970703125,656.5900268554688,661.5700073242188,660.84375,31724900,0.0,0.0,0.0
2026-04-30 00:00:00-04:00,665.3499755859375,668.9000244140625,657.5599975585938,667.739990234375,667.0069580078125,40622200,0.0,0.0,0.0
2026-05-01 00:00:00-04:00,669.1599731445312,675.969970703125,668.7999877929688,674.1500244140625,673.4099731445312,39172600,0.0,0.0,0.0
2026-05-04 00:00:00-04:00,674.6599731445312,676.72998046875,668.9000244140625,672.8800048828125,672.141357421875,34542000,0.0,0.0,0.0
2026-05-05 00:00:00-04:00,677.9600219726562,682.77001953125,677.510009765625,681.6099853515625,680.8617553710938,37101100,0.0,0.0,0.0
2026-05-06 00:00:00-04:00,687.780029296875,695.9299926757812,686.47998046875,695.77001953125,695.0062255859375,38778500,0.0,0.0,0.0
2026-05-07 00:00:00-04:00,696.5800170898438,701.239990234375,691.77001953125,694.9400024414062,694.1771240234375,43779100,0.0,0.0,0.0
2026-05-08 00:00:00-04:00,699.9199829101562,711.22998046875,699.5,711.22998046875,710.44921875,44320400,0.0,0.0,0.0
2026-05-11 00:00:00-04:00,710.3599853515625,714.5900268554688,708.9099731445312,713.2899780273438,712.5069580078125,36019100,0.0,0.0,0.0
2026-05-12 00:00:00-04:00,708.219970703125,710.1799926757812,696.6400146484375,707.239990234375,706.463623046875,45873000,0.0,0.0,0.0
2026-05-13 00:00:00-04:00,709.9600219726562,716.6500244140625,704.8300170898438,714.7100219726562,713.9254760742188,40012500,0.0,0.0,0.0
2026-05-14 00:00:00-04:00,714.6199951171875,722.030029296875,714.219970703125,719.7899780273438,718.9998168945312,33327500,0.0,0.0,0.0
2026-05-15 00:00:00-04:00,710.1400146484375,715.1300048828125,705.5499877929688,708.9299926757812,708.1517944335938,51792700,0.0,0.0,0.0
2026-05-18 00:00:00-04:00,711.5399780273438,712.0700073242188,698.8499755859375,705.8800048828125,705.1051025390625,49834500,0.0,0.0,0.0
2026-05-19 00:00:00-04:00,699.8099975585938,706.489990234375,695.25,701.530029296875,700.7599487304688,46827500,0.0,0.0,0.0
2026-05-20 00:00:00-04:00,705.2899780273438,713.1500244140625,703.7899780273438,713.1500244140625,712.3671875,36779200,0.0,0.0,0.0
2026-05-21 00:00:00-04:00,708.989990234375,717.1199951171875,706.77001953125,714.510009765625,713.7256469726562,36415400,0.0,0.0,0.0
2026-05-22 00:00:00-04:00,718.0700073242188,722.1199951171875,715.9500122070312,717.5399780273438,716.7523193359375,33118600,0.0,0.0,0.0
2026-05-26 00:00:00-04:00,725.9600219726562,731.1699829101562,724.1599731445312,730.280029296875,729.4783935546875,34254700,0.0,0.0,0.0
2026-05-27 00:00:00-04:00,732.9600219726562,733.3200073242188,725.4400024414062,729.4500122070312,728.6492919921875,35148700,0.0,0.0,0.0
2026-05-28 00:00:00-04:00,729.72998046875,736.5999755859375,726.4099731445312,735.5999755859375,734.79248046875,32840000,0.0,0.0,0.0
2026-05-29 00:00:00-04:00,737.8400268554688,741.6300048828125,735.25,738.3099975585938,737.49951171875,37541700,0.0,0.0,0.0
2026-06-01 00:00:00-04:00,737.0399780273438,745.6500244140625,735.989990234375,742.739990234375,741.9246826171875,33890600,0.0,0.0,0.0
2026-06-02 00:00:00-04:00,742.4000244140625,746.4400024414062,739.22998046875,746.1599731445312,745.3408813476562,30085200,0.0,0.0,0.0
2026-06-03 00:00:00-04:00,747.3099975585938,748.6500244140625,741.010009765625,744.2100219726562,743.39306640625,40270200,0.0,0.0,0.0
2026-06-04 00:00:00-04:00,735.47998046875,743.5,732.6199951171875,740.6099853515625,739.7969970703125,40782600,0.0,0.0,0.0
2026-06-05 00:00:00-04:00,730.0599975585938,731.6900024414062,704.3200073242188,705.0599975585938,704.2860107421875,99606600,0.0,0.0,0.0
2026-06-08 00:00:00-04:00,717.8099975585938,723.030029296875,713.0700073242188,716.0700073242188,715.283935546875,47401500,0.0,0.0,0.0
2026-06-09 00:00:00-04:00,722.97998046875,725.6599731445312,686.3699951171875,707.8300170898438,707.052978515625,91932200,0.0,0.0,0.0
2026-06-10 00:00:00-04:00,701.6599731445312,711.280029296875,692.9299926757812,693.6900024414062,692.9285278320312,65334300,0.0,0.0,0.0
2026-06-11 00:00:00-04:00,699.2899780273438,718.3699951171875,695.0,717.1199951171875,716.332763671875,71798900,0.0,0.0,0.0
2026-06-12 00:00:00-04:00,717.6099853515625,724.010009765625,711.280029296875,721.3400268554688,720.5481567382812,51168400,0.0,0.0,0.0
2026-06-15 00:00:00-04:00,738.0999755859375,744.760009765625,737.3800048828125,744.0,743.1832885742188,46710200,0.0,0.0,0.0
2026-06-16 00:00:00-04:00,742.25,744.219970703125,729.6400146484375,729.8599853515625,729.0587768554688,45348700,0.0,0.0,0.0
2026-06-17 00:00:00-04:00,735.1900024414062,735.6799926757812,720.8499755859375,722.510009765625,721.7168579101562,51669300,0.0,0.0,0.0
2026-06-18 00:00:00-04:00,737.2000122070312,741.8200073242188,732.510009765625,740.6199951171875,739.8070068359375,50154600,0.0,0.0,0.0
2026-06-22 00:00:00-04:00,742.02001953125,745.4500122070312,734.3900146484375,737.9500122070312,737.9500122070312,43518600,0.813,0.0,0.0
2026-06-23 00:00:00-04:00,715.739990234375,723.6099853515625,712.1099853515625,713.6500244140625,713.6500244140625,53354200,0.0,0.0,0.0
2026-06-24 00:00:00-04:00,715.3699951171875,719.9299926757812,704.4500122070312,710.6199951171875,710.6199951171875,52480400,0.0,0.0,0.0
2026-06-25 00:00:00-04:00,725.9000244140625,726.8300170898438,705.2999877929688,716.3800048828125,716.3800048828125,49668000,0.0,0.0,0.0
2026-06-26 00:00:00-04:00,707.1300048828125,715.5599975585938,702.8099975585938,706.52001953125,706.52001953125,47081800,0.0,0.0,0.0
2026-06-29 00:00:00-04:00,713.989990234375,724.5800170898438,705.1699829101562,724.0800170898438,724.0800170898438,44939100,0.0,0.0,0.0
2026-06-30 00:00:00-04:00,724.1799926757812,737.6199951171875,723.9099731445312,736.4000244140625,736.4000244140625,42121800,0.0,0.0,0.0
2026-07-01 00:00:00-04:00,729.1900024414062,731.9199829101562,724.5999755859375,725.1699829101562,725.1699829101562,40803800,0.0,0.0,0.0
2026-07-02 00:00:00-04:00,725.5800170898438,730.8300170898438,707.5599975585938,712.5999755859375,712.5999755859375,50959800,0.0,0.0,0.0
2026-07-06 00:00:00-04:00,719.9299926757812,726.0800170898438,718.4500122070312,722.8200073242188,722.8200073242188,30220400,0.0,0.0,0.0
2026-07-07 00:00:00-04:00,714.1699829101562,716.3499755859375,704.9000244140625,709.4299926757812,709.4299926757812,42483100,0.0,0.0,0.0
2026-07-08 00:00:00-04:00,704.9500122070312,712.260009765625,700.9099731445312,711.4400024414062,711.4400024414062,35603200,0.0,0.0,0.0
2026-07-09 00:00:00-04:00,718.3300170898438,724.22998046875,715.1300048828125,723.280029296875,723.280029296875,33654700,0.0,0.0,0.0
2026-07-10 00:00:00-04:00,720.7000122070312,726.3900146484375,717.0,725.510009765625,725.510009765625,26415900,0.0,0.0,0.0
2026-07-13 00:00:00-04:00,717.719970703125,718.739990234375,710.0800170898438,711.739990234375,711.739990234375,36552400,0.0,0.0,0.0
2026-07-14 00:00:00-04:00,720.219970703125,722.2899780273438,714.3400268554688,719.6900024414062,719.6900024414062,29448100,0.0,0.0,0.0
2026-07-15 00:00:00-04:00,723.8499755859375,724.3599853515625,710.22998046875,717.739990234375,717.739990234375,32627600,0.0,0.0,0.0
2026-07-16 00:00:00-04:00,712.010009765625,713.5999755859375,702.6099853515625,705.9400024414062,705.9400024414062,39402000,0.0,0.0,0.0
2026-07-17 00:00:00-04:00,691.6500244140625,702.2999877929688,686.760009765625,695.3300170898438,695.3300170898438,54109300,0.0,0.0,0.0
2026-07-20 00:00:00-04:00,702.1599731445312,705.7999877929688,695.510009765625,696.0599975585938,696.0599975585938,29687600,0.0,0.0,0.0
2026-07-21 00:00:00-04:00,706.5700073242188,710.0499877929688,702.7999877929688,708.969970703125,708.969970703125,33728300,0.0,0.0,0.0
2026-07-22 00:00:00-04:00,703.6199951171875,709.6500244140625,703.6199951171875,705.3499755859375,705.3499755859375,23692200,0.0,0.0,0.0
2026-07-23 00:00:00-04:00,694.6699829101562,698.6599731445312,687.7899780273438,691.9600219726562,691.9600219726562,44028600,0.0,0.0,0.0
2026-07-24 00:00:00-04:00,690.4099731445312,692.6300048828125,682.47998046875,684.22998046875,684.22998046875,42876700,0.0,0.0,0.0
2026-07-27 00:00:00-04:00,691.6799926757812,692.2999877929688,675.9500122070312,682.1199951171875,682.1199951171875,42681500,0.0,0.0,0.0
2026-07-28 00:00:00-04:00,676.22998046875,679.4000244140625,667.8800048828125,675.489990234375,675.489990234375,51398700,0.0,0.0,0.0
2026-07-29 00:00:00-04:00,675.510009765625,680.0499877929688,661.1400146484375,661.72998046875,661.72998046875,57233300,0.0,0.0,0.0
2026-07-30 00:00:00-04:00,674.760009765625,685.1199951171875,673.2999877929688,683.5499877929688,683.5499877929688,66753700,0.0,0.0,0.0
2026-07-31 00:00:00-04:00,692.1099853515625,695.77001953125,680.0499877929688,687.989990234375,687.989990234375,50540500,0.0,0.0,0.0
2026-08-03 00:00:00-04:00,688.2999877929688,701.5900268554688,685.8200073242188,700.0700073242188,700.0700073242188,44965100,0.0,0.0,0.0
2026-08-04 00:00:00-04:00,708.1599731445312,725.6599731445312,707.530029296875,723.8499755859375,723.8499755859375,59778600,0.0,0.0,0.0
2026-08-05 00:00:00-04:00,726.25,728.5399780273438,716.9199829101562,717.2999877929688,717.2999877929688,33540200,0.0,0.0,0.0
2026-08-06 00:00:00-04:00,710.8200073242188,719.3200073242188,708.5,714.6500244140625,714.6500244140625,33035900,0.0,0.0,0.0
2026-08-07 00:00:00-04:00,720.1500244140625,723.6300048828125,716.510009765625,723.030029296875,723.030029296875,31070400,0.0,0.0,0.0
2026-08-10 00:00:00-04:00,722.3900146484375,724.6699829101562,720.3300170898438,720.8699951171875,720.8699951171875,26243200,0.0,0.0,0.0
2026-08-11 00:00:00-04:00,723.2899780273438,723.3499755859375,715.5,718.4500122070312,718.4500122070312,29286100,0.0,0.0,0.0
2026-08-12 00:00:00-04:00,727.0800170898438,727.25,722.9199829101562,723.7000122070312,723.7000122070312,29066000,0.0,0.0,0.0
2026-08-13 00:00:00-04:00,725.1500244140625,733.9600219726562,724.030029296875,732.0700073242188,732.0700073242188,31599700,0.0,0.0,0.0
2026-08-14 00:00:00-04:00,733.4099731445312,734.3900146484375,728.3200073242188,731.0700073242188,731.0700073242188,23748000,0.0,0.0,0.0
